Title: On the Secular Evolution of Inclinations Among the Classical Belt TNOs
Authors: Spencer, D., Ragozzine, D., Volk, K., Malhotra, R.
Table: 2026 TNO Synthetic Proper Elements Produced with SBDynT for TNOs with Observational Arcs Less Than 1 Year
================================================================================
Byte-by-byte Description of file: AllTNOs_500myr_non_multiopp.txt
--------------------------------------------------------------------------------
   Bytes Format Units      Label          Explanations
--------------------------------------------------------------------------------
    1- 12 A12    ---        Objname        Object designation
   14- 29 F16.12 AU         OscSMA         Osculating semimajor axis
   31- 46 F16.12 ---        OscEcc         Osculating eccentricity
   48- 63 F16.12 rad        OscInc         Osculating inclination
   65- 80 F16.12 rad        OscAOP         Osculating argument of perihelion
   82- 97 F16.12 rad        OscLAN         Osculating longitude of ascending node
   99-114 F16.12 AU         MeanSMA        Mean (averaged) semimajor axis
  116-131 F16.12 ---        MeanEcc        Mean eccentricity
  133-148 F16.12 ---        MeanSinI       Mean sine of inclination
  150-165 F16.12 AU         PropSMA        Proper semimajor axis
  167-182 F16.12 ---        PropEcc        Proper eccentricity
  184-199 F16.12 ---        PropSinI       Proper sine of inclination
  201-216 F16.12 rad        PropAOP        Proper argument of perihelion
  218-233 F16.12 rad        PropLAN        Proper longitude of ascending node
  235-252 E18.12 AU         PropSMA_err    1-sigma uncertainty on PropSMA
  254-271 E18.12 ---        PropEcc_err    1-sigma uncertainty on PropEcc
  273-290 E18.12 ---        PropSinI_err   1-sigma uncertainty on PropSinI
  292-307 F16.12 arcsec/yr  g              Secular perihelion precession frequency
  309-324 F16.12 arcsec/yr  s              Secular nodal precession frequency
  326-343 E18.12 arcsec/yr  g_err          1-sigma uncertainty on g
  345-362 E18.12 arcsec/yr  s_err          1-sigma uncertainty on s
  364-372 F9.1   d          data_arc       Observational data-arc span
  374-379 F6.2   mag        H              Absolute magnitude
  381-389 I9     ---        spkid          JPL SBDB SPK-ID
--------------------------------------------------------------------------------
1994 TG       42.307952855167   0.002391461440   0.122073247608   1.125275389868  -1.834038095239  42.269222483237   0.044387649205   0.099365882086  42.269222483237   0.035590958264   0.098438100846   3.631030204625  -1.776095417115 4.977019612472e-03 1.485616132242e-03 8.281379241129e-03  -1.020891375682  -0.487315766803 9.335210236859e-01 5.667612928889e-03       3.0   7.17  50031980
1994 TG2      43.095446711163   0.017624351167   0.056044782969   0.498956317190  -2.459760385878  43.092114155588   0.021088342509   0.049964878325  43.092114155588   0.019808739658   0.049070063420   1.041418183903  -2.564564871237 4.266714479320e-06 2.032843260640e-04 1.176182564552e-04   0.446120368034  -0.449722430877 1.098877730093e-04 1.070723320579e-03      32.0   7.19  50031982
1994 TH       40.985558567729   0.002287742501   0.284134128806   1.117305682182  -1.760880025681  40.986312729153   0.005864287522   0.271801083988  40.986312729153   0.004650315304   0.268504148379   1.414254718861  -1.750652897325 1.195446349722e-04 9.402500974354e-04 1.354018187529e-04   0.340477102211  -0.446112947929 4.480290169435e-04 2.994434510010e-05       3.0   7.31  50031981
1995 FB21     42.148279172230   0.006522451815   0.027900620946   1.993032522951  -2.714817291523  42.148427327803   0.045106345555   0.038137036329  42.148427327803   0.038721355374   0.029189417228   0.561858513753  -3.100831659621 9.959180685948e-04 8.351822777135e-04 1.026626386451e-03   0.821337290850  -0.528353090478 2.993690345591e-02 7.007674070021e-03       9.0   7.50  50031983
1995 GA7      39.321933573877   0.120221165441   0.066182849173   2.144566534362  -1.940937948063  39.406997528834   0.120926862966   0.056911468146  39.406997528834   0.120791818003   0.056496581646   2.167283400773  -1.970241492466 9.473258494438e-06 2.865978242791e-05 7.039032920393e-05  -2.256517043092  -0.446004513237 1.751787889048e-03 1.160630967016e-04       2.0   7.63  50031985
1995 GJ       42.895877355158   0.090592392108   0.417710215525   3.172194793351  -2.295126451856  42.906759238996   0.095808719601   0.413747947647  42.906759238996   0.095848757486   0.402481388612   3.185182768147  -2.288054562248 2.606565097025e-04 4.702574041873e-04 7.193796176006e-04   0.147907024495  -0.288995225527 1.771306460387e-03 1.934818554590e-03       1.0   6.90  50031984
1995 GY7      41.078206646960   0.006461487306   0.027686523675   1.822054263084  -2.545768050675  41.159071537855   0.066194478481   0.073339519021  41.159071537855   0.053547577431   0.057157100691  -2.085734334533   2.371988996413 2.134546366439e-02 3.847042501501e-03 2.432562350940e-03   0.673890890422  -0.603465557622 5.079238772437e-02 1.261143321632e-03       1.0   7.63  50031986
1995 KJ1      43.218115915904   0.005921214125   0.041495951962   0.908375006072  -1.655907533276  43.215025390383   0.020050026042   0.031240233565  43.215025390383   0.018739345956   0.029684548531   1.366663830509  -1.516310449165 6.222047881630e-07 5.126289248851e-06 1.336890522523e-05   0.445925063704  -0.444582065989 1.900442156175e-04 1.480398356575e-03      26.0   6.47  50031987
1995 KK1      38.216062795061   0.180812222800   0.162307512099   5.546803132728   2.247624705949 -32625.316077982319   0.949401120706   0.193850004349 -32625.316077982319   0.948942989518   0.012792912140   1.480165560710   0.207187125818 2.075340837930e+03 8.491416812454e-01 1.218041145685e-02  -0.700303829899  -1.602787652099 7.399903959860e-01 1.368572313729e+00       1.0   8.28  50031988
1995 YY3      38.906216826593   0.209495123358   0.018418345721   2.184117771830  -2.991857510228 -24358.361472811699   0.999333560768   0.667448608350 -24358.361472811721   0.002974141817   0.001094326329   3.419144761026  -1.334415366907 1.497466249806e+02 2.988025836419e-03 1.003250955673e-03  -0.600261830457 -20.224515913895 5.090473414611e-01 1.805558763465e+01      31.0   8.50  50009196
1996 AS20     35.929509971476   0.622098575632   0.180825886346   4.488831560717   1.472269081793 -4952.926236374492   0.851474317248   0.492261655182 -4952.926236374493   0.779606107010   0.384024072725  -2.247762818925   1.957481751128 4.476181645859e+03 8.346602274538e-02 5.140372927422e-01  -0.002531787857  -0.026000324034 2.261340570454e-03 1.299475112633e-02      13.0   9.30  50054399
1996 KX1      39.425955037092   0.094424053926   0.037617678970   5.745144417864   2.390150756346  39.408616117247   0.099700434214   0.048378852234  39.408616117247   0.099622887568   0.047675857141  -0.234161119746   2.137449086437 1.283872976031e-06 1.419281652558e-05 2.002458142335e-05  -3.238047346182  -0.460231074857 1.883495098755e-03 2.098918975941e-06       2.0   8.70  50031992
1996 KY1      39.271450590220   0.090797309581   0.561648882184   0.054658846850   2.488575448337  42.798849028101   0.245488469912   0.522090807590  42.798849028101   0.214518372152   0.401632027236  -1.843546294735   2.776320088564 1.127610164014e+00 2.385545297268e-02 4.631998908337e-02  -0.078989056974  -0.251045826157 1.918088818909e-03 1.865577466989e-02       8.0   8.13  50031993
1997 CW29     39.549881315051   0.074288992109   0.302858701395   3.275462252928   0.057645613470  42.285477450478   0.161957176061   0.325521296866  42.285477450478   0.142519772983   0.261329278801  -3.157936347520   0.117724353396 1.109573811340e+00 2.498392417556e-02 5.014198105355e-02   0.344056973435  -0.357741339792 1.491192372791e-02 4.198918334968e-02      27.0   6.50  50031995
1997 RL13     44.200819290237   0.007190729232   0.125988923933   3.876887460048  -2.796639327454  44.199748458081   0.019834886776   0.125693662296  44.199748458081   0.019412864375   0.125377086247   3.618297358532  -2.803891492723 5.614904459558e-07 7.598885609118e-04 3.592753604952e-05   0.349848377114  -0.368657456021 1.143793933366e-03 1.365959711442e-03       1.0   9.67  50031998
1997 RY6      41.054700280632   0.007364287488   0.241860679352   3.718764203547  -2.658772634732  41.056940990446   0.009986514649   0.235300831415  41.056940990446   0.007596519649   0.233084507321   3.391972529629  -2.669605648206 3.204268832902e-06 7.259114795280e-05 4.824742503483e-05   0.411277727691  -0.471975419687 9.805659492149e-03 1.417699716451e-03      53.0   7.50  50031997
1997 TX8      42.823784938157   0.261373196729   0.174112616574   1.898993550002   2.461988920328 -218.865538395182   0.730692039788   0.060783723101 -218.865538395182   0.696637028047   0.052382756371  -5.374585193628   2.486239889430 1.184035614808e+02 2.505515114182e-01 3.669277877700e-02  -0.002454496582  -0.460688808953 4.395345713878e-03 2.921700224311e-01      24.0   8.34  50031999
1997 UG25     43.259542744487   0.003354818859   0.022219367014   3.982239132978  -2.812988412416  43.258058627067   0.012517403659   0.025434430984  43.258058627067   0.009914127696   0.023499482850  -2.519601610152   3.099604019540 1.627318919084e-06 4.587970085438e-05 3.887139565577e-05   0.443688215258  -0.441447105970 2.102255597662e-03 1.093678985664e-06       1.0   8.45  50032001
1998 HR151    45.545628593268   0.122066959257   0.117608701494   6.029923768243   1.754679275181  45.549912254264   0.105936102615   0.109685751358  45.549912254264   0.105996965794   0.109620561114  -0.260251564611   1.726956699219 7.361403251878e-06 2.059600055459e-03 1.949152711411e-03   0.326028414032  -0.344008102157 1.670202007267e-03 1.840544532706e-03      63.0   8.58  50032002
1998 KD66     43.266088894167   0.054448889140   0.094282281091   5.906913385704   1.918552041066  43.264707210425   0.056138718521   0.109996912682  43.264707210425   0.055373564587   0.109703958716  -0.435758287187   1.840341676908 1.846924410248e-05 1.303570840508e-03 6.238924954985e-04   0.413269615913  -0.431552897705 4.096207922805e-05 7.046246239211e-04      10.0   8.86  50032004
1998 KE66     42.273134006119   0.005030601110   0.055828917189   3.329755437243  -2.057235138514  42.274363035866   0.038940917344   0.091908239874  42.274363035866   0.029585623054   0.090759573731   0.048989175990  -1.992811927134 2.412309444163e-04 3.511279984324e-03 1.344184062436e-02  -1.453151571944  -0.496778510399 5.031633769940e-01 7.154523065139e-03      10.0   9.01  50032005
1998 KF66     39.668349505900   0.214812505818   0.112804323956   3.421570095796  -1.840628337336  39.405324737643   0.208832808373   0.091677183030  39.405324737643   0.152741963329   0.090896816567   3.092310781931  -1.700478277917 4.356446657614e-05 1.826814663216e-02 1.711470985176e-03  -0.592918139235  -0.489245113724 6.545590973041e-02 2.654230757959e-03      10.0   9.83  50032006
1998 KG66     45.431044381342   0.005155056996   0.067829473479   5.511327811199   2.023590513435  45.418429453086   0.006631215028   0.074377869463  45.418429453086   0.005693195055   0.074196255147  -1.084345482749   1.969166069685 8.502660507076e-04 8.438045200243e-04 1.136934022025e-04   0.324486813910  -0.328736335463 1.141202312921e-03 1.631232127987e-06      10.0   8.88  50032007
1998 WZ24     38.396606038149   0.154304346216   0.057047117282   0.172986913399  -0.701630535676 -208.793272179463   0.997174646611   0.114635482057 -208.793272179463   0.109630413722   0.003348758719  -0.617015011539   1.139517852929 8.108125422552e+00 5.671195591394e-01 7.342726627561e-02   0.008244069809  -0.147156268722 3.128748005899e-02 1.025269168770e+00      65.0   8.12  50031843
1999 CA119    45.365765831238   0.004918991873   0.027374336228   4.440996286055  -2.961555889347  45.366172765797   0.006636579258   0.028261850730  45.366172765797   0.005576840870   0.027853387518   4.119253323680  -3.085377718164 2.024941190449e-06 1.055125027397e-03 4.098414815949e-04   0.338730346971  -0.335780855604 5.815561444044e-04 4.653776282619e-04      86.0   7.73  50031850
1999 CA132    43.636862547535   0.089728389996   0.194138797596   6.209588802632   0.927526881208  43.668931298254   0.147217500711   0.172541351374  43.668931298254   0.131834069272   0.163260857917  -0.146494258298   1.187926832446 3.855801202446e-05 1.498102309481e-02 1.532049935575e-02  -0.351980395323  -0.355282577497 3.812804124931e-03 2.434837312960e-03      56.0   7.43  50031860
1999 CD119    44.233228806500   0.021206307800   0.036113634143   2.438223117658   1.735267171549  44.234758582243   0.022321247031   0.045891838804  44.234758582243   0.021866650883   0.045470052731  -3.535705932960   1.609829547618 1.787878342804e-04 5.911536626293e-05 4.100580981593e-04   0.385763218441  -0.387316517977 6.458627454641e-04 1.945732636866e-03      62.0   7.35  50031853
1999 CK119    42.162076287190   0.003449002302   0.175615593668   1.032661180051   0.310915644348  42.255142670979   0.082497898952   0.152312326698  42.255142670979   0.058087344677   0.150517765556   2.002037031801   0.091423027764 1.534980106097e-02 1.200632897465e-02 1.133698965661e-02   1.055132346378  -0.501475230340 1.411380398033e+00 2.009631875270e-02       8.0   7.91  50031855
1999 CR133    42.316612654319   0.003362349714   0.013922834730   6.038569852908   1.634578229957  42.277983862376   0.045540692891   0.043321766504  42.277983862376   0.037173551289   0.040342518101  -2.771871620230   1.161015519448 3.698327668315e-03 8.621451414307e-03 2.302643384214e-03   1.146108657613  -0.511519324428 1.467297989666e+00 7.620001945958e-03       6.0   8.08  50031861
1999 CR153    43.361006817327   0.056453770893   0.049991518327   3.875559098995  -2.835423632248  43.365083730916   0.063819911594   0.056406004220  43.365083730916   0.063219356511   0.055622296572   3.909561410367  -2.961946264440 3.942307882692e-05 1.166447869297e-05 9.671100662029e-05   0.446239881884  -0.447258079535 9.287205471799e-05 1.011674303300e-03      31.0   8.15  50031866
1999 CW118    43.683765475019   0.005291743264   0.020610651439   4.996977050669   2.613579683681  43.684522805569   0.010207678639   0.030039225278  43.684522805569   0.007784581185   0.028953896597  -1.306044714079   2.164936580621 2.699036269613e-06 2.493687175232e-05 4.554128863773e-06   0.420775962231  -0.415617842643 1.740927954452e-03 1.153253350644e-03      86.0   7.80  50031848
1999 CX118    43.870767933690   0.022654797304   0.032922508230   2.128764922759   2.077328494746  43.871064214994   0.023516079156   0.043010890719  43.871064214994   0.022985095497   0.042413392328  -3.728937795423   1.868923751363 8.492520436772e-06 3.956109670001e-05 1.368909078153e-05   0.405524899402  -0.406224383406 1.546130971182e-03 3.499495541833e-04      62.0   7.08  50031849
1999 CY131    44.106265289412   0.138394094692   0.417898649453   6.256922206057   0.749155678475  44.118467749562   0.145984257327   0.417923217479  44.118467749562   0.125154558684   0.406357312599  -0.082086815583   0.749556402079 1.267913373698e-02 1.077702662212e-01 6.036963412580e-04   0.142816995175  -0.265445553235 1.968985858243e-02 1.558885527383e-03       8.0   8.12  50031858
1999 DA8      39.392732635309   0.329064804200   0.673480144809   5.891464899302   0.529248105861 -111.597285592121   1.010381616179   0.341383122909 -111.597285592121   0.997769228680   0.073497339443  -0.606139098227   0.398079488999 1.782278693939e+01 8.928157377883e-01 1.570462224279e-01   0.000000120991  -0.281225269855 1.202004367923e-02 2.419828198078e-01       1.0  12.12  50031874
1999 DB8      42.778995660405   0.107497215816   0.362921360638   0.108525160149   0.487571385160  42.774097443891   0.113494572138   0.363495210120  42.774097443891   0.113581477804   0.355807292272   0.082056134761   0.483869393169 7.583442250658e-06 1.819407224518e-04 3.780284964875e-04   0.195043195133  -0.326333006221 1.939992247870e-03 1.885501568333e-03      35.0  10.06  50031875
1999 DC8      46.044557273569   0.004293974548   0.055556178796   1.214519786202   0.027084807980  46.046043142404   0.005268369991   0.055440238326  46.046043142404   0.004318838849   0.055273502569   0.809650054666   0.074612247726 8.567158888869e-08 9.496655870666e-04 3.107070259787e-05   0.309591197032  -0.307603433115 2.797338086894e-04 1.100951821660e-04       1.0   9.95  50031876
1999 DD8      39.479522990296   0.228128651172   0.112303922261   1.265971984819  -2.323194432677 -3096.556951669138   0.641610422189   0.152023001912 -3096.556951669138   0.591268071334   0.055205128746   0.994194132561  -2.597608763026 1.976946972485e+03 3.314977676351e-01 6.795575810868e-02  -0.337293172804  -0.512256295441 3.021236128179e-01 3.941048435174e-01       1.0  11.07  50031877
1999 DE8      45.762822866219   0.004267842697   0.035074864805   1.613075435665  -0.369334105982  45.764222121941   0.005967994960   0.032910926988  45.764222121941   0.005015336909   0.032638726008   1.104281584670  -0.236031071090 2.808192508508e-07 9.658902120092e-04 2.579548626924e-04   0.323967221515  -0.319372527160 6.023565073451e-05 2.565051465833e-05       1.0   9.65  50031878
1999 DF8      44.312630251389   0.004180404615   0.045961655132   3.192219604153  -1.947361316943  44.313708844469   0.009889953792   0.038882510920  44.313708844469   0.008653676133   0.038358378639   2.702567686407  -1.897902577659 2.889316315947e-06 5.051222114435e-05 5.362112281014e-04   0.382759880801  -0.382736451597 1.653384921626e-03 1.538232248676e-03       1.0   9.84  50031879
1999 DG8      81.996625381664   0.595488467002   0.718840721367   1.296697262756  -2.543127610583  82.301215684521   0.572622375245   0.733419511990  82.301215684521   0.573192139423   0.662332206289   1.228928136850  -2.558281974640 3.441436671382e-01 1.384654871637e-02 1.925539740547e-02  -0.037800589519  -0.028180078199 1.731478702294e-04 5.148689034714e-06       1.0   8.20  50031880
1999 DL8      42.606164421687   0.003486551135   0.073289430944   1.438104328849   0.164291281751  42.606681880406   0.036444993177   0.085770248626  42.606681880406   0.035385694498   0.085266376527   0.578509505064   0.213087698949 4.922813351038e-04 2.286876411688e-03 9.251572286931e-04   0.460542806338  -0.476612336268 5.603434596684e-03 1.492216883038e-03      35.0   8.19  50031211
1999 DM8      43.027318367325   0.004126413131   0.041008424156   1.486737179245  -0.243953338285  43.028700038556   0.013177170323   0.039930164255  43.028700038556   0.009864556714   0.038603155820   0.768592187148  -0.071949756236 2.008485716999e-06 3.137837781231e-04 4.605129733744e-05   0.450919312456  -0.453710843253 7.485467322138e-04 1.709703605003e-03       1.0   9.70  50031212
1999 DN8      44.491306636068   0.004211741174   0.029859237013   2.215409982651  -0.974503452859  44.493754067043   0.009517118365   0.023592436971  44.493754067043   0.008291107382   0.022771365257   1.468702233979  -0.733736625169 1.156864059773e-03 6.054421979112e-04 8.274909934595e-04   0.378049379762  -0.375534912332 1.244808175997e-03 1.578433572492e-04       1.0   9.73  50031213
1999 DO8      41.929895895760   0.004045855262   0.068919436331   3.353035848792  -2.107057158114 -47684.011820561020   0.821465276961   0.331853488617 -47684.011820561042   0.760263610599   0.171565802354  -3.384811588878   2.698321495366 2.146071060692e+04 4.989805514034e-01 1.390989915720e-01  -0.002428979743  -0.002362160422 3.204308388209e-01 3.213279445885e-01       1.0  10.03  50031214
1999 DP8     115.374369027157   0.697720700892   0.645099623547   4.929379361142   0.528909523631 113.656709215202   0.690490646863   0.647129321951 113.656709215202   0.633195986098   0.587074424011  -1.008273672693   0.414590570740 1.221628780507e+00 3.931101860305e-02 5.598107123022e-01   0.004453860001  -0.023551524594 2.639165223904e-03 2.389620407866e-04       1.0   8.63  50031215
1999 DQ8      45.473336440405   0.004215388210   0.221977961125   0.813505245402   0.442664372728  45.474355532577   0.005927946451   0.223585491545  45.474355532577   0.005621883820   0.221724615333   0.483948940186   0.450027477465 5.502731463945e-06 2.832361911980e-04 9.990384086337e-06   0.237377098154  -0.286470377921 1.918952342120e-03 1.292610782389e-06       1.0   9.09  50031216
1999 DR8      45.664684682205   0.109210473443   0.160988853313   6.057963395233  -2.376754798059  45.656002662236   0.112344062700   0.159100953661  45.656002662236   0.112420321219   0.158444824892  -0.233638609000  -2.387662997131 1.126131147120e-04 3.813753634656e-04 2.450096993284e-04   0.291915090503  -0.326391163930 7.162476781575e-04 1.347020362147e-03       1.0   9.27  50031217
1999 DZ7      39.510450492002   0.264369487844   0.270155622170   6.141190546408  -2.457321141928  39.402785420533   0.253448375739   0.276507870058  39.402785420533   0.178781918472   0.273308108271  -0.221100385712  -2.541871895496 5.400360982460e-05 8.954462173028e-03 7.860147967334e-03  -0.330586566007  -0.322944342132 1.142979505686e-01 3.192959827936e-03       1.0   8.81  50031873
1999 HA12     42.746419141243   0.048745700769   0.034700638543   1.688049081995  -0.028159868594  42.745010849227   0.040460575258   0.036634769088  42.745010849227   0.039090594647   0.034369545656   1.272202036073   0.166505176583 4.131358268058e-06 6.331228796663e-05 6.417551165976e-05   0.479276841964  -0.481067585322 2.514633416997e-04 1.796279975184e-03      50.0   7.75  50031892
1999 HY11     42.419222549066   0.065242065579   0.101011507340   2.912765977285  -1.505479979721  42.436517566381   0.089494070865   0.076865373484  42.436517566381   0.070006003328   0.071941424976   2.655914965671  -1.321362681796 1.806493265398e-04 5.905426583835e-03 4.502176719826e-03   0.807280528842  -0.527985429560 8.012606198630e-02 1.435046002692e-03      20.0   8.27  50031890
1999 HZ11     42.679237384412   0.085229250165   0.165090560904   0.202919897934   1.237702586719  42.691517008685   0.086049599112   0.177543684850  42.691517008685   0.085327918780   0.176626346439   0.151860673540   1.209917788789 5.628352906358e-04 1.875388636058e-04 2.368861474744e-04   0.396816783763  -0.443812516692 1.651130739588e-03 1.717691054896e-03      20.0   8.45  50031891
1999 JA132    44.898061072686   0.008120682592   0.132798243514   3.448080460546  -2.062401233842  44.898373024952   0.024109574664   0.129829893827  44.898373024952   0.023923853336   0.129505805307   3.139245517541  -2.062143284489 1.720163996418e-06 5.674133073516e-03 1.109892471984e-03   0.319292688201  -0.338132905837 1.415423581963e-03 3.008451355162e-05      59.0   7.70  50031898
1999 JB132    39.718427965530   0.274366351021   0.235732715990   1.535028375020   1.931683423345 179.889500102916   0.760111848712   0.223708024288 179.889500102916   0.679021190094   0.165937967203  -4.925557148526   2.142883354012 5.313765691146e+01 1.129054909829e-01 2.807704667476e-01   0.011628968499  -0.110117238494 1.897734819530e-02 5.674243567208e-02       8.0   7.62  50031899
1999 JC132    39.720123468974   0.242156660876   0.094699812971   5.151341418261  -1.532115004867 -1294.252890907454   0.976916088464   0.325582353971 -1294.252890907454   0.117265409849   0.008409639371   3.006102270115  -1.265427928251 4.790449636421e+01 8.753204212814e-01 2.830046749840e-01   0.000001693034  -7.549351126967 5.181486349289e-03 6.787379373196e+00       1.0   8.76  50031900
1999 JE132    39.652118145836   0.196085464670   0.444255850897   4.665246482783   1.898078006989 -720.749571701370   0.443790268687   0.365142060505 -720.749571701369   0.401259811271   0.258770042218  -2.387858086481   2.462936482154 1.533237694194e+03 1.904867839457e-01 6.728837480031e-02   0.001315825948  -0.425924420852 2.099228636035e-01 1.884961391534e-01       9.0   8.67  50031902
1999 JF132    44.721575247825   0.005678961655   0.038106084174   3.821165663336  -2.140074389304  44.719293802077   0.007320970317   0.032773896393  44.719293802077   0.005789428792   0.032272416575   3.242465261071  -2.131030775571 3.831132460719e-06 1.540134627962e-03 5.042447022529e-04   0.366268140261  -0.363951847907 1.830913131724e-05 1.533697538682e-03       9.0   7.89  50031903
1999 JH132    42.245433497091   0.005510594427   0.032101845526   5.217675133803   2.743978086650  42.272816644065   0.059126561793   0.066505992422  42.272816644065   0.047381160960   0.064874070313  -0.677501573611   2.118028156257 2.574742637686e-04 4.584194963719e-03 9.239758109737e-03  -0.789644681438  -0.490517221867 9.013716665582e-02 7.138827239007e-03       9.0   9.09  50031904
1999 JJ132    46.040188352414   0.096078868097   0.069975439755   2.793751231246   2.188552430289  46.043576430788   0.097167181976   0.072244322597  46.043576430788   0.097189061249   0.072171641917  -3.405717798476   2.139815254410 1.092921515459e-05 7.603087354440e-05 1.580384956875e-04   0.321752417048  -0.328654556054 1.894635696834e-03 8.040523693348e-05       9.0   8.88  50031905
1999 JK132    39.554282490309   0.166281215682   0.272854218052   1.596581345157  -1.404337926564  39.404528632682   0.166198591132   0.264577934728  39.404528632682   0.165778500792   0.261615242722   1.676762874384  -1.378718015396 3.414884955580e-05 1.294885024790e-03 1.050518558100e-03  -0.993569498751  -0.370710843183 2.131692612600e-02 2.505360128246e-03       9.0   8.67  50031906
1999 KK17     45.808561300176   0.005714026910   0.079860616400   5.807480913884   2.137407529081  45.806737671757   0.006540537934   0.085418506820  45.806737671757   0.005840134148   0.085238220059  -0.801314103036   2.096453642062 1.011854620410e-07 6.970665398691e-04 2.205983157518e-05   0.307550588535  -0.312299621663 1.406079545892e-03 6.842210508975e-04       9.0   8.23  50031910
1999 KL17     46.071318740150   0.033232118232   0.076865447298   3.365887929463  -2.920060089491  46.076589357832   0.037201291087   0.077238338438  46.076589357832   0.037148610625   0.077156287191   3.409671327143  -2.959738473959 6.247946117480e-06 6.679144767753e-05 1.402435877118e-04   0.304227932991  -0.307338425276 9.826792907047e-04 1.894518186951e-03      90.0   8.72  50031911
1999 KT16     46.689278215531   0.005749078823   0.161184930248   5.933038259281   2.019006411560  46.689249561346   0.029131141536   0.168184281314  46.689249561346   0.029108218392   0.167513695472  -0.562109213084   2.003187855185 1.413031633235e-06 6.383230632611e-03 9.585284888237e-04   0.248863677796  -0.267711986809 2.570952784847e-05 2.004800369056e-05       1.0   9.01  50031909
1999 LB37     39.585261565547   0.190567300481   0.232817587160   3.776739010771   0.235552521718  27.391755217607   0.316096873150   0.234365284716  27.391755217607   0.207375850885   0.205023499815  -2.817392376558   0.726328654486 1.301605439559e+01 6.638394200640e-02 2.339251045919e-02  -0.763918320319  -0.391203915019 3.393370929377e-01 5.723245302704e-03       1.0   9.56  50268536
1999 RC216    44.097636241158   0.088011197522   0.028199542133   4.708444811967   2.769388416620  44.101959438041   0.091080710837   0.044329101080  44.101959438041   0.090789781520   0.043453818637  -1.314879788286   2.450477157695 2.548621232257e-05 1.572728415405e-04 3.060089087064e-04   0.419847132503  -0.422668244346 1.754010451779e-03 3.027156814324e-05      62.0   7.30  50031948
1999 RF215    43.746114948298   0.005723145484   0.087165178065   3.901466355567  -2.648648540809  43.748167540429   0.021320198403   0.086390928345  43.748167540429   0.020742532997   0.086069004725   3.515365163581  -2.702150274307 8.393426772025e-07 1.433339349599e-03 2.713599476220e-04   0.391890130115  -0.403868363304 2.994841245344e-03 9.621689951188e-06      65.0   7.40  50031941
1999 RK257    42.503920992287   0.045069565028   0.260069074714   2.212288776366   1.714188351311  42.508573307635   0.043668249317   0.268822386191  42.508573307635   0.043534910149   0.265785310764  -4.013714929719   1.707270291441 1.679708671468e-06 1.138295101348e-05 1.841264273831e-04   0.270030169604  -0.375810904619 1.400049241371e-03 1.054257148571e-04       2.0   8.40  50078296
1999 RS214    44.076927122641   0.032524270631   0.033982687463   2.314171257788   0.999065864982  44.082412331261   0.030766136197   0.044646078274  44.082412331261   0.030371551878   0.044138736355  -3.886513590442   0.945959192092 3.872706976405e-07 4.355673859850e-05 2.840706174575e-05   0.394548154256  -0.396770569090 6.087419013650e-05 1.897133537772e-03      33.0   7.89  50031928
1999 RT215    42.816068631070   0.007496284448   0.381828066599   0.562254458576   1.556605021242  42.808882115240   0.007215631935   0.386425236550  42.808882115240   0.007197094929   0.377306690796   0.362896379593   1.553744498256 5.547593643392e-06 1.166054562140e-05 6.491626751995e-04   0.155422887030  -0.297936586967 4.287288537852e-04 1.888505190151e-03      63.0   7.09  50031220
1999 SA28     38.932250289724   0.178806235613   0.219170168113   1.225001820068   2.757290991529  41.787723984112   0.298845052073   0.170032695153  41.787723984112   0.242958525623   0.139377828097  -2.660684674616   2.542353856025 4.258737648330e+00 3.737143798414e-01 1.068747816583e-02   0.816228864210  -0.964618864254 6.563719100680e-01 9.120488665764e-01       1.0   7.25  50080656
2000 AB229    52.161350428784   0.956055201217   1.224008672184   3.009646607477  -2.683488095576 -8113.087348169113   1.000216928894   1.200911588846 -8113.087348169110   0.003764310734   0.001083633083  -1.805485322339   2.499651270473 1.762401878835e+02 4.456597546517e-01 4.164934519971e-01  -1.149116806990  -0.998778122573 1.036651176298e+00 9.018845004645e-01      64.0  14.00  50029679
2000 AB255    42.753486412196   0.093028097821   0.339300132254   4.825774745118   0.959512511365  42.757098623288   0.091409511557   0.344673170068  42.757098623288   0.091441641363   0.338040741986  -1.406857731791   0.952644929413 6.504362595517e-04 2.563369304896e-04 3.138393139046e-04   0.204389018489  -0.331094765731 1.936011674729e-03 1.617421578987e-03       1.0   8.91  50050528
2000 AC255    46.536554762157   0.166422386402   0.579575198085   2.452946583885   0.061551651259  46.533948334174   0.166394646847   0.579209598944  46.533948334174   0.166977620775   0.547949986883   2.446310338709   0.059939642200 5.092678258829e-03 1.796015705494e-03 5.854824570168e-04   0.044612759166  -0.169050021590 1.575583265298e-03 1.413235642298e-05       1.0   8.92  50050529
2000 AD255    41.867146533905   0.035640616898   0.548453515604   5.642866028098   0.110455110568  41.859876673630   0.036299245576   0.548308235166  41.859876673630   0.036485210628   0.522030328802  -0.575353116825   0.107060864386 2.053935254867e-04 1.849193123773e-04 1.066634518595e-03   0.070428218331  -0.246809191281 3.021753238723e-05 1.899764010052e-03       1.0   8.90  50050530
2000 AE255    43.870053997007   0.058686720489   0.616399287048   1.070181568177  -1.146744841332  43.875719347444   0.057347559295   0.614757485660  43.875719347444   0.057636702383   0.577654905591   1.051028420536  -1.147595646525 3.565408504582e-04 3.334860936851e-04 9.225320127570e-04   0.039888372499  -0.187780243281 2.386797775874e-03 6.688886125561e-05       1.0   8.32  50050531
2000 CN104    42.974802286451   0.003244160828   0.529492717512   1.224676516596   0.780928873700  42.972754320967   0.002624364198   0.531090494603  42.972754320967   0.002593163907   0.506496797541   1.292980837592   0.780880338413 6.070383418267e-07 2.612170564062e-06 2.530648978630e-05   0.070436523625  -0.230115540058 6.977415753704e-06 1.047212407274e-06      25.0   6.90  50031952
2000 CO114    46.158785464581   0.061065079070   0.586326686346   6.124514027997  -2.375376084332  46.155603368788   0.063694093543   0.585135282446  46.155603368788   0.063767881853   0.553846727585  -0.143380537083  -2.375112572074 2.519227107536e-05 7.374320989324e-05 2.071965404884e-03   0.042231306112  -0.162871865575 3.581852545163e-05 1.419195804144e-03      54.0   6.94  50035272
2000 CP105    82.873830418363   0.583964988910   0.314310467708   0.000095978449   0.481763956719 125.581188645780   0.709957337490   0.235013505072 125.581188645780   0.617689894550   0.188114347193   0.273308835813   0.201760581931 1.904490861010e+01 4.496829409370e-02 1.413401137243e-02   0.046755573052  -0.077348860376 1.890613690919e-02 2.307660588548e-02      21.0   7.66  50031965
2000 CP114    39.400941392815   0.162714891507   0.515184195728   4.510125460122   0.354966191077  39.403756653097   0.128775109068   0.518999567590  39.403756653097   0.096069723860   0.441332837579  -1.125460054693   0.371995519801 2.130153520239e-04 9.582364933749e-03 4.962300189637e-02  -1.048927130878  -0.278579719611 2.179882448377e-01 1.161785001664e-02      53.0   7.99  50035273
2000 CY105    45.485426048966   0.092553795519   0.150324996720   2.952358471970   0.517237930474  45.475568910296   0.085145670657   0.148870298996  45.475568910296   0.085182984382   0.148458553602  -3.306551290808   0.517185473853 9.528973876350e-07 2.453037000624e-04 2.327874041223e-04   0.296091697053  -0.324858976175 2.175893587331e-04 7.792034038770e-04      21.0   6.60  50031969
2000 FU53     41.226229528319   0.043847183595   0.093367237678   3.472956271793  -1.612047760301 -233.401740662081   0.259717572727   0.250745696513 -233.401740662081   0.243698263425   0.191032704034  -2.579025228532   2.502600266902 2.633429126221e+02 1.571781184636e-01 9.520616283985e-02  -0.004728924140  -0.593129009110 5.836262746875e-01 2.630591829824e-01      37.0   8.53  50035256
2000 FW53     47.450237222178   0.140780294187   0.103591992871   6.099996496886  -1.224235675992 -18.232306349940   0.358435138786   0.113874245036 -18.232306349940   0.296164552047   0.090962712238   3.207335798201  -0.966298519478 6.290963681126e+01 1.241195630408e-01 6.999379746634e-03   0.001273206652  -0.344899713164 4.417547370043e-01 3.628981656685e-02       6.0   7.18  50035258
2000 FY53     67.152578873216   0.739958165119   0.371527474604   5.026475523751  -1.452178630853 -22505.693236055144   0.898815146286   0.352695959028 -22505.693236055133   0.866763511146   0.121789615377  -1.753371451712  -0.478626047794 2.279082237664e+04 1.082506589199e-01 1.829097701845e-01   0.000020630021  -0.624200491714 5.107700383685e-03 5.740624839797e-01      35.0   8.80  50035260
2000 GF147   102.886818051635   0.628778267541   0.062489745641   3.667187477041  -1.853279338959 105.177748780457   0.638518842831   0.049197042415 105.177748780457   0.525160049526   0.040824528586   3.737792344819  -1.834467097385 1.315401219478e+00 6.329964956701e-02 9.714419324023e-03   0.053528975963  -0.058926742603 2.808392631071e-02 3.250857623979e-03      29.0   8.46  50035262
2000 GK147    59.109892148171   0.477687736877   0.116023356800   2.707906561140  -2.079978336395  68.271579457090   0.502051741534   0.250451260229  68.271579457090   0.468962100186   0.230411273288   2.091629894155  -1.344664294876 3.161233746948e+00 6.711579917663e-02 3.838516121914e-02   0.096543345337  -0.104691249103 3.215861313193e-02 3.834578897928e-02      35.0   9.22  50035263
2000 GL147    35.796165879726   0.098491330511   0.238445449823   5.307023438163  -1.547414614498 -716.657154177141   0.901038512982   0.065995407016 -716.657154177141   0.855987521967   0.025430138790   1.620956456831  -1.321102614572 1.761165607410e+02 4.002690475543e-01 1.802693798301e-02   0.155872372373  -1.474905066560 1.354216775537e-01 1.220012861312e+00      32.0   7.81  50035264
2000 GM147    39.766531978933   0.192481258795   0.288534075209   3.029219470876  -0.217252588737 61430.538115412957   0.829932515545   0.106654414826 61430.538115412928   0.790490031805   0.058018736511   1.706260087480   0.126752501916 3.152133391120e+04 3.809206829363e-01 3.619215317071e-02   0.000064724445  -0.742896293754 4.072551666745e-02 4.882899413243e-01      33.0   7.86  50035265
2000 GW146    41.373193122104   0.004276525121   0.509205540555   3.626282621296  -1.771790108821  41.367362727605   0.004155145676   0.505636421174  41.367362727605   0.004131912960   0.485013183256   3.631357153891  -1.769088464949 2.613039455222e-06 1.948122132632e-05 6.512229954335e-04   0.110463282770  -0.277377931142 1.941937182300e-03 2.865513856276e-04       1.0   8.06  50032014
2000 GZ146    93.196974921129   0.565749488915   0.045304068983   6.037520062644   2.510138073437  93.351335046693   0.566310438744   0.044950080359  93.351335046693   0.529922880829   0.044892589961  -0.543351862565   2.498769096735 4.351531181452e-02 2.247255182760e-02 3.513930325277e-04   0.069605363864  -0.061065849902 2.151644512681e-03 2.768242527396e-04      32.0   7.96  50032017
2000 JH81     46.510847956241   0.005882688624   0.201893421102   6.177962131050   2.137815312727  46.506574235792   0.003496827543   0.205609289180  46.506574235792   0.002969255024   0.204403790463  -0.295427766796   2.131771643033 5.096834456408e-06 4.805991437737e-04 2.404996862831e-04   0.242518622743  -0.262806019692 2.106302254061e-03 1.765287111727e-04       2.0   8.81  50038490
2000 KP65     90.960514185569   0.963868708932   0.808398855331   5.588240142110   2.049230230862 -858.678858379480   1.003233280049   0.288521990489 -858.678858379481   0.002330428303   0.001822266522  -2.394294672870   2.824457342313 2.575039910025e+00 4.477589394494e-01 1.260461518855e-01 -25.116284275346 -14.337420498167 2.244741142124e+01 1.349988522197e+01      58.0  10.50  50157810
2000 PB30     42.465464435158   0.003331252113   0.113650392606   1.349729104265   0.504440475852  42.473779071536   0.013965817141   0.121024587128  42.473779071536   0.012228913737   0.120682081724   0.384735710253   0.505046464298 1.246746682050e-07 4.883858429169e-05 1.134918922910e-04   0.416113205444  -0.462428374085 5.334434440199e-03 1.940269245432e-03       1.0   8.14  50046159
2000 PR30     41.924906881299   0.074419589500   0.038092115982   0.091546976054  -2.993457427208 -1657.635742254874   0.948729534386   0.395939543485 -1657.635742254874   0.948138121882   0.072650448294   1.893069945103  -0.731456681144 1.178068260585e+02 4.268420341413e-01 2.879658503290e-01   0.693267506130  -0.003394212393 6.493148045135e-01 1.110681507049e-01       1.0   8.14  50050534
2000 PS30     64.307440686217   0.456059968962   0.030143156533   4.791833972186  -1.154931250750  66.503975647062   0.464830948911   0.048038392363  66.503975647062   0.394056136565   0.041143351022  -1.563222157926  -1.262747993210 8.120804205741e-01 1.749444386561e-02 7.940325709867e-03   0.191791882773  -0.204896569976 3.376812017770e-03 9.821692972522e-03       1.0   8.75  50050535
2000 PZ29     44.857665798722   0.003483868436   0.263951534973   4.483118300451  -2.645810391073  44.861439901516   0.002281486436   0.262092212996  44.861439901516   0.001553294593   0.259121777543   4.459742025213  -2.646484827628 2.401092969393e-07 5.409954614144e-04 1.405304238151e-05   0.223071363517  -0.291166709253 7.982243406470e-04 1.223809754925e-06       1.0   7.54  50046157
2000 QB226    94.218156917707   0.545516802814   0.050823276816   0.131727326996  -2.107700033479  94.217284703039   0.545625442090   0.048783055115  94.217284703039   0.546023686277   0.048755026801   0.114464042290  -2.096242912812 4.141959577632e-04 4.551130343870e-03 3.785861821826e-04   0.044614186973  -0.044614240282 6.786468915309e-04 2.401157724752e-03       6.0   6.55  50046175
2000 QD226    41.039747622707   0.004395776744   0.061435200240   4.326700738345  -2.655084175980  41.091337707227   0.078543375591   0.096054786745  41.091337707227   0.062792922899   0.093701263587   0.236018756835  -2.831757583865 4.382155097998e-02 3.602287848579e-03 1.677668883580e-02   0.773467667705  -0.617752018800 2.286698617853e-02 6.972212719194e-03       1.0   7.29  50046177
2000 QF226    46.350291697575   0.004579564163   0.038104149101   3.583675586374  -1.891339896172  46.352038096189   0.005121368936   0.033483833485  46.352038096189   0.004227474630   0.033288577244   3.115950890046  -1.862140230777 7.785316958890e-08 8.848709804333e-04 1.643366352174e-05   0.303118709681  -0.298224198603 1.906498129603e-03 1.661238490837e-03       1.0   8.25  50046179
2000 QG226    64.464148274141   0.410955681554   0.011552396096   2.665876698262   1.450485080699  64.415510943158   0.410735792172   0.027039294743  64.415510943158   0.366146832017   0.026979650307  -3.675396745047   1.222304103515 8.645259770558e-02 2.244484811132e-02 2.833017923678e-03   0.141498560344  -0.154018479982 6.882961118371e-03 3.644013760300e-03      10.0   7.73  50046180
2000 QJ226    39.106199068790   0.113931361019   0.145525950472   1.690077061746   0.934736413620 -443.818843108777   0.728958588791   0.136014543469 -443.818843108777   0.699780431570   0.087862030375   0.461872653064   0.324314400878 1.945102613951e+02 3.721502516428e-01 5.408146025940e-02  -0.763297121740  -0.568820593699 7.531519573844e-01 3.126612888797e-01       1.0   8.15  50046182
2000 QJ252    43.084786588351   0.120269417668   0.220988722263   6.218059523834  -2.256115982452  43.069731438137   0.118337560497   0.189031208387  43.069731438137   0.090061105144   0.187931113874  -0.478424953468  -2.198609013143 1.290219803165e-03 6.888407111779e-03 7.043233283253e-03   0.384573321744  -0.433691767436 1.228297087724e-01 1.053527292306e-02      24.0   7.64  50147592
2000 QK226    77.185147044632   0.522242576396   0.400567197691   3.184524453985   0.931836639178  77.086344369847   0.521747591684   0.399454491761  77.086344369847   0.514239466979   0.390850456482  -3.134787747527   0.900128742356 6.669539766565e-02 1.073611946602e-02 1.533859011340e-02   0.039904298427  -0.069408652219 2.466434972092e-03 3.168551382078e-03      10.0   7.84  50046183
2000 QK252    45.170459688727   0.196121173098   0.112400716888   5.941458205207   0.727359983558 -327.320987369689   0.873354254469   0.117798163870 -327.320987369689   0.848224677792   0.025919398420  -0.959558008801   0.912824383945 7.480930907554e+01 5.467792330427e-01 2.219534307452e-02   0.489411968695  -0.610539497571 5.180583904778e-01 5.006774244221e-01      27.0   6.26  50147593
2000 QN252    36.473652052317   0.003138787956   0.053559913435   5.126286765745   2.944135464131  36.500863665004   0.015082727118   0.052534667785  36.500863665004   0.012402041712   0.050618764176  -0.777370836490   3.095290834920 4.638977636622e-06 5.037213415700e-07 1.927714734952e-05 -68.484088515551  -1.373648918685 4.385586377065e-03 2.407643681100e-04      28.0   7.65  50147596
2000 QO252    45.372762503444   0.143017666367   0.251129656673   0.207534089230  -2.513774826889  45.363698205184   0.147048438718   0.246707464843  45.363698205184   0.146938041308   0.244458188916   0.204200373902  -2.521169725681 3.844721294590e-06 1.171275710079e-04 2.765702979389e-04   0.246552370470  -0.316618345843 3.366948862483e-04 1.819675223661e-03      29.0   6.98  50147597
2000 SB331    45.978920960634   0.008558404465   0.085457041536   2.854669266116  -0.586433302680  45.977498707268   0.004935229824   0.081927737229  45.977498707268   0.003783896154   0.081837990471   2.531090882955  -0.532872193577 5.212953445440e-05 9.539442661431e-04 1.093386095425e-04   0.302821703975  -0.306810985688 1.758082209519e-03 1.471475879830e-03       1.0   7.70  50054374
2000 SC331    46.082367234373   0.008483602414   0.168342460335   0.112369523398   2.163736700506  46.081256757820   0.005448175301   0.172595461377  46.081256757820   0.005119666905   0.171895554287  -0.060131746604   2.153876758984 1.194101617047e-07 9.922380999221e-05 2.794444690792e-04   0.265193497607  -0.284013574103 2.000804223173e-03 1.937538519913e-03       1.0   7.92  50054375
2000 SD331    43.318833561334   0.008379727566   0.021035493647   1.576329853385   0.695824150110  43.317653350213   0.009458504565   0.032016943281  43.317653350213   0.193464291508   0.030629221990   1.109404890180   0.691904789572 1.491559691680e-06 3.273999720470e-02 1.766019043302e-05   0.669792716530  -0.436750415628 2.193818080846e-03 1.503946482672e-06       1.0   7.46  50054376
2000 SE331    43.159128044580   0.008328565681   0.103498276651   0.119469397683   2.156237020952  43.158374499663   0.022021331331   0.116832123298  43.158374499663   0.020926264169   0.116512364934  -0.454674513370   2.087651058052 1.249331529755e-06 1.287013974038e-03 1.686353056016e-04   0.405466782961  -0.425011441034 2.752384003475e-03 1.311020711524e-03       1.0   7.89  50054377
2000 SF331    43.645712979125   0.008426262812   0.045580408987   2.742200254206  -0.446357729007  43.644397982497   0.008328183650   0.041448100778  43.644397982497   0.168909601607   0.040704644271   1.845673986488  -0.264933512067 3.925055890923e-05 3.409551524738e-02 3.848602386993e-05   0.669836951207  -0.416161407907 2.147702992029e-03 1.690614983426e-03      65.0   7.40  50054378
2000 SG331    43.783293639792   0.008402432362   0.017374721877   1.445177064197   0.841397290310  43.782114059078   0.008000755417   0.027501781940  43.782114059078   0.167011828173   0.026344974914   0.988370435210   0.834195780027 1.309387959450e-05 4.301117778204e-02 7.710363730177e-06   0.669770859036  -0.410920616832 2.200388501629e-03 2.159311637311e-04       1.0   7.83  50054379
2000 SH331    44.374127162364   0.008465587112   0.024874682188   1.721508070274   0.541369759231  44.378932942099   0.006694628178   0.030740276826  44.378932942099   0.132257258213   0.030114359356   1.049493693022   0.576152366951 9.765756083709e-04 3.084374545193e-02 6.359615105947e-04   0.669957025635  -0.380302965691 2.032344980645e-03 8.937438297515e-05       1.0   6.80  50054380
2000 SJ331    41.078064049408   0.008211823402   0.016753075645   1.990302786978   0.274722278348  41.151090463611   0.083552443924   0.097787203329  41.151090463611   0.055703697639   0.086837275140   0.307771568478   1.765292724443 8.141256270605e-03 5.150458401896e-03 1.421048148015e-02   0.833272683044  -0.595296270097 5.364090448102e-01 4.391826388072e-03       1.0   9.12  50054381
2000 SL331    41.482546597526   0.008235868400   0.030016369057   0.990278832875   1.285615822017  41.481461998041   0.035552392508   0.071786960074  41.481461998041   0.034736148884   0.067945734102  -0.151584522669   1.110378310841 7.980485591141e-05 2.382731843304e-03 2.002715268714e-04   0.673844842719  -0.565834621955 6.932770955736e-02 1.906349065762e-03       1.0   7.22  50054383
2000 SM331    56.418728281453   0.427610704458   0.188193475108   6.129820933123  -0.700503299164 114.607543664276   0.687486731261   0.165796976720 114.607543664276   0.552805174334   0.132091932052   0.550768588913  -0.785404856257 7.412228627339e+00 7.385218359746e-02 1.168112427681e-02   0.032529427043  -0.069208346693 8.930317341086e-03 2.613358183903e-02       1.0   7.48  50054384
2000 SO331    42.766859672175   0.062507243710   0.037659649980   3.597943422964   1.865563863384  42.767918678970   0.071943237463   0.049904865564  42.767918678970   0.070152707158   0.047875988451  -2.250866973817   1.638459007935 4.882798822430e-06 2.226527744353e-04 2.958155576662e-04   0.500189470588  -0.495435905416 1.835945485246e-03 1.635034995452e-03       1.0   7.24  50054386
2000 SP331    42.602919178609   0.094900249246   0.026618612625   4.801284503125   0.642956784362  32.278653168508   0.406057189364   0.192269173633  32.278653168508   0.312284418756   0.146318318179  -2.872566022866   1.579241178433 2.076067015290e+01 5.499615370578e-02 1.363447863432e-02   0.241167652012  -0.435645040166 9.301626848446e-02 1.017429440202e-01       1.0   8.03  50054387
2000 SQ331    67.711766440487   0.697754656499   0.070122312482   5.950072917320  -0.523066578767 -678.556034562052   1.009581949908   0.097116801484 -678.556034562052   0.060549869590   0.002556687486   0.309177763796  -1.329446886258 3.243612146394e+01 5.908242189720e-02 4.226617713175e-02  -0.073952739924  -1.278276264058 1.818089017398e-01 1.168863009328e+00       1.0  10.68  50054388
2000 SS331    62.433724763837   0.511885547276   0.035288175763   4.245391245251   1.198143719083 190.102942532421   0.723674780894   0.071331605225 190.102942532421   0.577951259271   0.060265234121  -1.709162114391   0.388638847570 6.774717709434e+01 1.457880704232e-01 4.249727192452e-02   0.013420793732  -0.115233413012 6.600722796364e-03 1.738647494498e-01       1.0   7.74  50054390
2000 SU331    58.792350355183   0.464060627013   0.034240849060   5.712870927029  -0.298612240842 4734.995089818051   0.922100389999   0.108115057628 4734.995089818050   0.905386156010   0.024298942383  -1.290004412159  -0.040199284071 1.821222235192e+04 7.943335481285e-02 7.204860963979e-02   0.000062160706  -0.524913333757 5.123439065478e-03 5.195020832055e-01       1.0   9.04  50054392
2000 SW370    43.774740526184   0.084889183217   0.074782687384   3.001308399082   0.625228655035  43.789073117549   0.087148768723   0.085439079035  43.789073117549   0.085932373172   0.085065049644  -3.063918207891   0.600307630278 1.028846485443e-05 6.182767735365e-05 1.065350682939e-05   0.443788042891  -0.429320310894 1.522199748767e-03 1.812374171633e-03       1.0   8.53  50114072
2000 SX370    45.089991127721   0.003286555314   0.347154487497   5.096818337553  -2.929094668297  45.094511456545   0.002330709852   0.346754588898  45.094511456545   0.002216963344   0.340279918242   5.009214078227  -2.932236465705 1.038451534858e-07 2.196213316437e-06 5.684026762425e-04   0.162027402302  -0.253313234334 1.547142996514e-03 2.728851361655e-04       1.0   8.15  50114073
2000 WX12     43.244972412068   0.126997049040   0.185787264324   6.124784649765  -0.737861711441  43.255169781263   0.129149339551   0.167186612405  43.255169781263   0.127989323593   0.166231170319  -0.055543145099  -0.742072719242 6.349850794150e-04 1.353847256703e-04 6.981335286872e-05   0.408546665394  -0.453188528331 3.183675530659e-05 7.232049842282e-04      24.0   7.56  50057567
2000 YB29     39.253000336328   0.307817613981   0.161795902964   6.211989049075   3.079552119532 -177.136710412162   0.912290122620   0.148566572690 -177.136710412162   0.865527977452   0.036799740909  -5.523759940631   2.890199122209 4.899825653545e+01 6.751766033676e-01 3.141828900224e-02   0.121189551509  -0.423594561543 1.074072575268e-01 3.682187920940e-01      11.0   7.91  50065209
2000 YD2      42.548271302350   0.095274953322   0.356730713071   6.153516235420  -0.788678033519  42.558057965656   0.102672191552   0.350254728057  42.558057965656   0.102504765975   0.343187768360  -0.064425253341  -0.782451278394 9.591417825759e-06 2.022134103736e-05 7.626378615194e-05   0.230115545379  -0.338129797251 1.042387128514e-06 7.464853010485e-07       1.0   7.90  50063159
2000 YG2      42.454969189593   0.077457212187   0.450127864613   3.119142400566   2.283326255907  42.472709057018   0.088668088647   0.451919794936  42.472709057018   0.088495258741   0.437213789170  -3.115543485644   2.281264347253 3.185260882970e-06 4.590021819756e-05 5.910053257501e-04   0.150277971590  -0.281432822952 2.157253902401e-06 3.285858570214e-04       1.0   7.66  50063162
2000 YQ142    39.158930758230   0.279740960697   0.408868894813   1.670858436464  -1.352814310664 -31.488735817107   0.767490077487   0.325571923933 -31.488735817107   0.668108384581   0.175127432003   3.316626493926  -1.485562664047 7.554659285830e+01 1.586616998840e-01 3.014793425038e-02  -0.002832271505  -0.382850335022 2.143085136508e-03 2.758773223562e-02       2.0   7.60  50074802
2000 YW1      42.559093841819   0.008328016448   0.011166735105   4.735150552915  -2.461229947683  42.558255360743   0.013251367713   0.022827747013  42.558255360743   0.216254004054   0.016965465433   0.659727993854   1.316357998905 2.522689888517e-07 1.664863634635e-02 6.183146660719e-05   0.669785182730  -0.488400246025 2.203774411454e-03 1.122680588804e-05       2.0   7.00  50063152
2000 YY1      63.270901387121   0.528413929006   0.145569578089   4.922209838872   1.966293887212 -5483.586209062257   0.783458555005   0.363991078476 -5483.586209062256   0.737624775453   0.169231101023  -0.772352473305   1.521522454879 3.057516105675e+03 3.634580058216e-01 1.063209721900e-01  -0.002360008712  -0.260966557305 1.264297643858e-02 1.087328560734e-01     361.0   7.10  50063154
2000 YY142    44.725089638417   0.095613686613   0.016525065620   6.130854695472   0.677403598267  44.724196310606   0.098710030591   0.022990072935  44.724196310606   0.098580584018   0.021663751052  -0.236654875010   0.712835884673 2.960192803493e-04 4.087251942361e-04 1.324415320176e-03   0.392146689123  -0.396846335801 1.280439164256e-03 1.179172211913e-03       1.0   7.32  50080662
2000 YZ1      44.435467275950   0.126023626723   0.069851875575   0.651419764582  -0.288570433507 196.672112788846   0.461479691282   0.084395750129 196.672112788846   0.398014903414   0.059239918722  -0.251132387996  -0.258103189770 1.273067200774e+02 2.125961862642e-01 1.050221684165e-02   0.006710841586  -0.464488661780 3.462835155030e-01 6.688028485426e-02     327.0   7.90  50063155
2001 DM108    45.354019899021   0.003826815710   0.036254026773   1.562835420730   1.311824510557  45.354787077434   0.004816449878   0.043038083503  45.354787077434   0.088740076426   0.042814606123  -2.838855141712   1.250045239908 1.616405652819e-07 1.398244067299e-02 2.163268803051e-04   0.669747092934  -0.335716389281 2.236634517690e-03 1.898961112335e-03       3.0   7.34  50092494
2001 DN108    45.381831602269   0.003825009194   0.164067215460   5.278336035357  -2.405001605174  45.382100569149   0.008403621778   0.161013461512  45.382100569149   0.007938293637   0.160315292069   4.806510769591  -2.407873958800 1.192473748497e-07 9.613896215227e-05 1.424737563435e-05   0.282521750029  -0.309951218362 2.201982518146e-03 1.716265204100e-06       3.0   7.84  50092495
2001 DO108    42.874477363228   0.003711314957   0.030092609038   1.517136920466   1.360610316536  42.875565953073   0.012073024444   0.046941876867  42.875565953073   0.007892528144   0.045706553101  -0.434802242436   1.227631817412 1.019794116721e-07 1.820786502251e-04 3.803066402593e-05   0.443800487712  -0.462579208628 7.844555727008e-04 5.395357442035e-05       3.0   8.39  50092532
2001 DP108    39.453654038230   0.308907094628   0.005178312088   5.835891451395   2.672689015116  39.402924075406   0.311101752975   0.007215816205  39.402924075406   0.291956086686   0.006614274781   0.528507111886   2.003632044510 5.435791993328e-05 2.395282515456e-02 8.497005023520e-05   0.021059358372  -0.396889537179 2.312707056825e-03 2.130812495952e-03       3.0   9.99  50092533
2001 DQ108    45.344077890144   0.003825896141   0.067621249049   5.538217868287  -2.660876433136  45.344853474246   0.004809211421   0.065626498494  45.344853474246   0.086626360342   0.065477028926   4.778077761529  -2.705978938908 4.471343270111e-06 1.872451172988e-02 1.044010982866e-04   0.669829256045  -0.333371216492 2.156457177629e-03 6.009291127503e-05       3.0   8.64  50102698
2001 DR106    44.381037227971   0.003824411958   0.020248943748   0.889480918040   2.002179528224  44.382290370778   0.006471497228   0.029709768213  44.382290370778   0.118577513683   0.029073198017   0.208952431172   1.746595079147 4.098259729811e-05 1.601981343131e-02 6.422432686349e-04   0.669845868707  -0.380247589605 2.139407894279e-03 1.426831392611e-04       3.0   8.35  50078259
2001 DS108    45.785770150167   0.003842284041   0.045054655774   1.300850215047   1.575314670244  45.787091843303   0.004297678304   0.051372432275  45.787091843303   0.085347884411   0.051203171975   0.356506378051   1.501158190070 4.433203321366e-08 1.903724434817e-02 1.489635054407e-04   0.669797778747  -0.317000463510 2.185066562321e-03 1.457739671399e-03       3.0   8.00  50114124
2001 DT108    39.406379277427   0.186327156548   0.033857096268   5.050014551210   2.053514440902  39.406150012543   0.185057014283   0.055445709039  39.406150012543   0.183638800648   0.052686422052  -0.988265200483   1.725512493676 1.108574206227e-05 2.076029434780e-04 7.046960911276e-04  -0.762730737455  -0.551564062605 2.168684836952e-03 1.682554252407e-03       3.0   9.53  50114125
2001 DU108    45.310175537882   0.054480299624   0.037865615586   3.373928743659  -0.951393704724  45.304604631203   0.048634527913   0.030686455122  45.304604631203   0.048533599604   0.030265718585   3.168247309502  -0.802156778858 3.639327766144e-06 9.360989286421e-05 4.154493906004e-04   0.346119271209  -0.345145182832 1.333502678601e-03 1.789949982834e-03       3.0   8.55  50117479
2001 FB185    43.075881025989   0.084951835289   0.050800961613   0.306202307022   0.542295674775  -4.372675075606   0.531756103902   0.246169073169  -4.372675075606   0.514921884525   0.077081240404  -1.911305260185   1.324505835555 3.590527253323e+01 2.926082321018e-01 1.598854353650e-01  -0.002348475095  -0.510355367961 3.315451486314e-01 3.966022793429e-01       1.0  10.36  50078272
2001 FC185    42.848725278144   0.100044561907   0.329466369792   0.056222515910   0.795073531346  42.831052436921   0.106819533465   0.331512313018  42.831052436921   0.101572193460   0.325817305464  -0.209607544471   0.783975329489 5.287212632718e-04 2.989648757740e-03 5.877638499287e-04   0.213364076310  -0.341657290668 6.356019983901e-03 9.686194431641e-04       1.0   8.05  50078254
2001 FC193    46.574916867912   0.003478099529   0.035917005275   1.067741442433   1.369929797084  46.577711301900   0.003669603448   0.041041663477  46.577711301900   0.071769372746   0.040907816637   0.510919348045   1.324932246545 3.754204990565e-06 8.688661287191e-03 3.271935204536e-05   0.669760072984  -0.291155243389 2.226153675580e-03 1.208047770534e-05       1.0   8.57  50092443
2001 FD193    44.858515089950   0.003383106286   0.209975746469   1.139618680169   1.314328046701  44.859055433166   0.002893140422   0.215270572655  44.859055433166   0.001896463467   0.213714995126   0.623422675954   1.302831929732 1.550798078066e-07 1.472753125480e-05 9.645586089805e-05   0.291136079592  -0.309938920226 7.106673824201e-03 1.336863915537e-05       1.0   8.13  50092444
2001 FF193    44.802532625889   0.003391197534   0.032250795636   0.497639926954   1.946764401795  44.802690009603   0.005557864563   0.040417476736  44.802690009603   0.106646236458   0.040045960166  -0.157606204506   1.808205089440 2.140100163877e-08 2.090796406676e-02 3.600434317694e-04   0.669752710087  -0.359260122054 2.231604730251e-03 1.289251339818e-03       1.0   7.73  50092446
2001 FJ193    39.404267987427   0.081798386867   0.011627586159   5.115671072998   2.525669985972  39.410083928151   0.086113588949   0.034766491018  39.410083928151   0.086022475850   0.029971349986  -0.259006404912   1.651792881810 5.664423452643e-06 2.321370021411e-05 1.533106421701e-03  -3.742423280303  -0.537030642513 1.768515765003e-02 1.918786662970e-03       1.0   9.29  50092449
2001 FK194    76.429613551709   0.633468587240   0.148780994360   6.080891336166   1.486376439837 -95.580337780496   0.936487523853   0.116151892962 -95.580337780494   0.912020880692   0.046730020717  -0.861497493287   2.122540140687 1.192640137006e+04 7.078199701813e-01 4.538803516388e-02   0.000002123712  -0.002715117714 4.753846780472e-02 1.027200133959e+00       8.0   8.94  50120902
2001 FN194    67.075326991203   0.478307564583   0.140203969833   3.369848213266  -2.064417035338  74.781024192021   0.526311811086   0.126633584007  74.781024192021   0.421140922684   0.101476323417  -1.329910983185   2.211143880982 5.961732995540e+00 2.234518614841e-02 1.472953245218e-02   0.157834210646  -0.192409607324 3.532250488303e-02 2.630689188675e-02       9.0   8.04  50120905
2001 FS185    43.412841359787   0.045663382110   0.053333017714   2.053309173471  -0.268072463927  43.410331540713   0.036594151041   0.048412359077  43.410331540713   0.035952152917   0.047582158089   1.765368835103  -0.119093073961 1.939087774267e-05 4.509945271666e-05 6.466174270824e-06   0.434359279163  -0.434401849726 1.857905238700e-03 6.342114536490e-05      57.0   7.66  50078914
2001 KM76     45.142831180466   0.080445095695   0.009322049865   0.432096863129   2.031495225413  45.136400818887   0.075496699915   0.021312825340  45.136400818887   0.075427492781   0.020535039090   0.851257490854   1.560745958111 2.163530827728e-06 6.766876410434e-05 8.242788699907e-04   0.362714575128  -0.361887506305 1.055250731329e-03 2.364796503025e-04      19.0   7.06  50078925
2001 KS76     43.827601352527   0.096173208247   0.037961934772   0.446374894212   1.487436375399  43.836055223322   0.092005946991   0.056636131214  43.836055223322   0.090958649652   0.055919216205   0.491597658521   1.319359981122 1.925149191965e-05 8.542787879403e-05 7.053189863097e-05   0.448485489766  -0.437573302935 1.489466381846e-03 7.823794721337e-04      17.0   7.53  50078931
2001 KZ76     79.405476048082   0.517915987575   0.437210828947   2.459886174793  -1.199800595011  79.282517672180   0.527353793356   0.421892088421  79.282517672180   0.502197742093   0.407953039207   2.677040863103  -1.288420432666 6.565445848644e-02 1.758309440986e-02 2.180325172801e-03   0.036906534967  -0.061221479877 5.952867962972e-04 9.499584074672e-04      17.0   7.84  50078938
2001 OJ108    45.076761354432   0.094591433104   0.131470062032   3.176795748341   0.228589182591  45.093371454663   0.075865346286   0.120455485796  45.093371454663   0.075662539840   0.120233174001  -3.091842332498   0.230744859116 8.064945275640e-06 5.570005192141e-03 3.630465024536e-03   0.326384519359  -0.345524108690 1.541638840348e-03 1.964197204378e-03       1.0   7.82  50080663
2001 OL108    45.746838390007   0.111108968969   0.019901647867   3.114382235008   0.317565225529  45.757643403294   0.109076577610   0.027913320848  45.757643403294   0.109080254194   0.027394726473  -3.256631212360   0.423335807380 2.422871881492e-06 9.438923465504e-06 4.706844789531e-04   0.350465931515  -0.352259630824 1.646445556674e-03 2.818216417891e-05     114.0   8.40  50080665
2001 OM108    46.218500014458   0.033489499057   0.187025871544   6.251423317661   0.380572459237  46.223005468804   0.038171426673   0.188774326883  46.223005468804   0.038232109530   0.187660911333  -0.010818265028   0.383320177423 5.797044440482e-07 1.961168803920e-04 2.880227417865e-05   0.245630876403  -0.277077900946 1.350966079245e-03 1.255653071555e-06     112.0   8.00  50080666
2001 OR108    45.765886401016   0.099807083378   0.020333228306   4.322414207589  -0.677359229314  45.769505950372   0.097940323966   0.019232814865  45.769505950372   0.097902031890   0.018475241283  -2.177904025828  -0.424750893094 5.911930928246e-04 4.782056365647e-05 7.295324940684e-04   0.345220653093  -0.345385520842 1.860582108061e-03 1.971280043021e-03       1.0   7.92  50080670
2001 OS108    46.613476817680   0.004163366638   0.053109535521   6.105894513336   3.029727522524  46.617485193438   0.003581467746   0.054535978136  46.617485193438   0.070798096486   0.054441717226  -0.912646921323   2.968808396944 1.663266603663e-07 1.336078701159e-02 6.222206841835e-05   0.669779300675  -0.288795094386 2.202348304694e-03 1.766222192646e-03      17.0   6.81  50080671
2001 OT108    67.346132816579   0.518435961483   0.010264226259   1.396011102822   2.072116087028 155.079214635035   0.759525532103   0.148174843984 155.079214635035   0.615120118219   0.120907230455   5.628958918579  -2.821772201768 2.616678421841e+01 1.238581252139e-01 2.078716701444e-02   0.024754333103  -0.026638388611 2.155992274428e-02 3.609201179626e-02       1.0   9.17  50080672
2001 OU108    46.832505267256   0.003340341238   0.502448370358   5.246414798317  -2.602573773426  46.829679088928   0.002948867880   0.501669958850  46.829679088928   0.002932164716   0.481712668886   5.334041361376  -2.603374644582 4.230002638957e-05 4.959068866142e-06 8.644734249659e-04   0.072791449348  -0.173649635960 8.425960044625e-04 1.069513994436e-04      16.0   6.53  50080673
2001 OY108    46.287436528528   0.093219823214   0.102462114041   0.286151273063  -1.067594236044  46.289715681961   0.102898227810   0.102249101576  46.289715681961   0.103038040764   0.102180937174   0.292728831998  -1.044749029770 2.554673470706e-06 5.282799438587e-04 5.690000374987e-04   0.305087608697  -0.314794994838 1.583994812974e-04 1.342253570366e-04       1.0   7.43  50082942
2001 QS297    43.877827969873   0.003358276241   0.116983734945   5.616360131744  -2.843964920689  43.882199654330   0.025929155610   0.118999217048  43.882199654330   0.025273663357   0.118658641698   3.874111934461  -2.870472596521 1.710388970227e-06 1.517533572063e-03 1.360564219314e-04   0.365416642464  -0.387438979798 5.610079054314e-04 1.058997661315e-03      23.0   6.29  50092458
2001 QU297    43.776719327807   0.003292290812   0.031909076415   2.484907913832   0.247639806852  43.780975722754   0.008561649156   0.036088839829  43.780975722754   0.137699649423   0.035309196955  -1.989897747396   0.328453858505 1.648181294998e-06 2.159956165671e-02 1.750471442374e-05   0.669766441820  -0.410714370394 2.194580170482e-03 1.921415779868e-03      23.0   6.00  50092460
2001 QV297    44.044729735643   0.003292566856   0.017285457000   3.462121588929  -0.739646460881  44.048845686635   0.007901857885   0.014168994026  44.048845686635   0.130531217607   0.011884701832   2.253238055048  -0.351593121046 8.030884366468e-08 2.141016627155e-02 4.861103723291e-05   0.669718265230  -0.396905375397 2.262561550033e-03 1.922238409511e-03       1.0   6.29  50092461
2001 RL155    44.018124009041   0.120077266675   0.043991683416   1.473757458041   3.088696701026  43.997451801971   0.122445809237   0.037963030424  43.997451801971   0.121406078726   0.035721742526  -4.331120764494   2.734751087687 4.899324276236e-03 3.368353843734e-04 6.748890337480e-04   0.467022544728  -0.462621879308 1.921363773550e-03 1.924537949304e-03      37.0   7.78  50147585
2001 SD291    45.900672308245   0.094085140700   0.045356658200   3.038589572024   1.467069376493  45.896361579796   0.095688391633   0.051834200777  45.896361579797   0.095618231555   0.051645569414  -3.120840141459   1.387369427018 9.392089743390e-07 1.422582899193e-04 2.716892084148e-04   0.333432735862  -0.335801010913 1.496231441960e-06 1.757320695297e-03      85.0   8.20  50092485
2001 UA17     43.036473696741   0.099013447814   0.084177265909   5.719150719109  -1.576268904968 544.597188542043   0.625622290690   0.104646873109 544.597188542043   0.577833081021   0.057288827750   2.592602911066  -1.376116411003 3.473005649787e+02 2.378596497810e-01 4.101162210765e-01   0.004226792836  -0.525129401612 5.787904292984e-03 3.263197996949e-01       4.0   7.07  50092487
2001 UB17     39.439135840404   0.063049009150   0.080419368879   0.006458485294  -1.501212485139  39.417073363349   0.054746377424   0.051754309278  39.417073363349   0.054531065970   0.046844532865  -0.414550296046  -1.132032791367 1.424422605206e-04 4.138808611737e-04 1.777989725432e-04  -7.959009581614  -0.563656863669 1.074077088383e-01 1.032483293246e-03       1.0   7.96  50092488
2001 UC17     39.382756587958   0.140826700271   0.033638943550   3.666010870757   1.135532011991  39.405868599689   0.137206969045   0.039060568936  39.405868599689   0.137171103438   0.038739316644  -2.639762378585   1.119177271056 3.569050894644e-05 7.859394116198e-04 1.975886552929e-03  -1.810261432411  -0.413261033871 2.131274364131e-02 1.487163766673e-05       1.0   7.60  50092489
2001 XB255    73.393804861572   0.436034399687   0.024682314738   1.867306342944  -1.728809082298  73.418800036704   0.436517141403   0.025352021737  73.418800036704   0.438325078324   0.025372253904   1.832155440076  -1.686991834955 1.633058663405e-03 2.635705939824e-03 5.537491818925e-05   0.079658721289  -0.084523405244 1.697787952748e-04 9.768534527941e-06      36.0   6.70  50102826
2001 XC255    43.525425000398   0.042992856831   0.013238558503   6.000365839997   0.262213870689  43.526948481061   0.051569903992   0.020058276232  43.526948481061   0.050747686878   0.017370926583  -0.381772323280   0.451694803258 6.861828498461e-04 3.191076199804e-05 5.465474978017e-05   0.448490760289  -0.436751746006 9.523176839641e-04 1.266355400119e-05      56.0   7.41  50102827
2001 XE255    43.158672761601   0.007764526500   0.151883747619   3.020348287112  -0.016175612097  43.157880192715   0.007267201687   0.150781196190  43.157880192715   0.005590205133   0.150168585720   2.689911787342   0.029413437493 2.754280794861e-06 1.966675117297e-05 2.349956102250e-05   0.389737271366  -0.408573410971 5.200393369192e-04 9.862110059691e-07      36.0   7.86  50102829
2001 XF255    43.639235794048   0.007872846035   0.003272670841   0.197905841909   2.807615454737  43.639033322595   0.008934598453   0.016202142499  43.639033322595   0.158060087352   0.013576981137   0.861231371746   1.216698736352 1.504653348588e-05 3.695042279234e-02 1.889848996259e-05   0.669874706658  -0.420258045944 2.108316461559e-03 1.881892114530e-03      36.0   7.71  50102830
2001 XG255    43.540627323336   0.059224292680   0.068066935428   3.300443701373   2.956688772109  43.543961269222   0.069252883235   0.073118939064  43.543961269222   0.068166450331   0.072647901278  -2.849489821210   2.865197801611 4.459184376149e-06 7.626421864374e-05 8.037009572336e-05   0.450869434119  -0.435516176269 2.718338013181e-05 1.178218775334e-03      36.0   8.27  50102831
2001 XJ255    37.517225271511   0.116797248216   0.219054782849   6.237029089395   3.031317423813 31287.293667875601   0.911469265001   0.155127833504 31287.293667875605   0.895458424095   0.031018651101   5.760614753721  -2.913099844135 2.716167238241e+04 1.002538699468e-01 1.159960407322e-01   0.000000270385  -0.860286354535 5.116404062878e-03 8.572240801379e-01      35.0   7.54  50102833
2001 XV254    45.291428263985   0.008005969720   0.075403471776   2.857839682084   0.150044951315  45.291047420666   0.007886978677   0.076301302999  45.291047420666   0.007186234157   0.076101299973   2.634167286981   0.183740201849 7.039824692540e-08 7.523735826569e-04 1.334716562659e-04   0.328718161480  -0.333432727731 2.927992229178e-04 1.511425511873e-06      59.0   7.00  50102822
2001 XW254    41.998182582105   0.007826449867   0.077377014467   3.324006145447  -0.360942152537  42.000425077732   0.112799932308   0.102530804327  42.000425077732   0.088198821829   0.085539344520  -0.972919469231  -0.152790822542 2.290156252312e-03 4.889998255600e-03 6.769083238129e-03   0.753316791089  -0.590342811185 4.290327532494e-02 4.182550804353e-03      29.0   7.73  50102823
2002 CA225    41.539114870501   0.128325907410   0.109520603499   1.642700194829  -2.491390918118 -1761.761862931141   0.668225287962   0.163350894008 -1761.761862931141   0.652899836135   0.128992758890  -0.296967276784  -2.652472499329 1.387786478872e+03 3.570924100426e-01 8.872517968679e-02   0.000706684083  -0.474282939068 4.576668281344e-02 2.139165562600e-01      34.0   7.18  50114118
2002 CC251    39.306306439868   0.145544622647   0.109047324939   2.990927611247  -2.145703752799  60.300412253249   0.399527749264   0.173988899905  60.300412253249   0.356243376083   0.136100870030   2.632842478995  -2.321883137200 1.273232387909e+01 8.154180160268e-01 1.809491461614e-02   0.100549764134  -0.204821311894 4.542518851093e-01 2.466441786587e-01      42.0   7.98  50120894
2002 CO154    42.452501318648   0.006627763281   0.032696057692   2.565933067986   0.759420376843  42.453865595748   0.019234484358   0.051030641812  42.453865595748   0.015627315141   0.049332788857  -0.588275029909   0.743293610635 5.434509871756e-04 5.229808289048e-04 1.195443250129e-04   0.469165721640  -0.490756999772 1.446396584677e-02 9.805259923627e-04      37.0   6.54  50114102
2002 CR154    42.447069719168   0.005031935181   0.052890178306   3.427517435999  -0.017311625623  42.452082156423   0.020740370217   0.057632917893  42.452082156423   0.017247481280   0.056319663041   0.624948037195   0.088647509614 3.538701514548e-04 1.254370132459e-04 1.120483056190e-04   0.484190780577  -0.489731388595 1.021384060305e-03 1.242582249489e-03      31.0   7.02  50114105
2002 CV154    45.494224964974   0.076307976347   0.247582464560   3.217744544420   0.797888073546  45.494148991302   0.076934394092   0.249797059649  45.494148991302   0.077029597622   0.247528204241  -3.049339560418   0.798022008564 4.890962866008e-06 1.114081864894e-04 3.874018629725e-04   0.223381346108  -0.285567321048 1.867715462610e-03 8.661588757055e-04      31.0   6.12  50114109
2002 CW154    46.085738976102   0.075205691241   0.485090018817   6.219347300878  -2.160218751199  46.086013979637   0.077273187353   0.483282714829  46.086013979637   0.077601217628   0.464901908369  -0.062190269209  -2.158284710199 9.111284884483e-07 9.473113517362e-04 2.091285516235e-04   0.082397794763  -0.192544363606 1.906184031248e-03 2.096321561144e-06       1.0   6.39  50114110
2002 FP7      39.370026752379   0.190765376930   0.160660225199   3.379315903166  -2.020600266747  39.404077050825   0.186839448840   0.164320410523  39.404077050825   0.186593904753   0.163626952370   3.409617923177  -2.046628484172 2.726195457304e-05 1.226583778856e-04 2.135837610954e-04  -0.864385129141  -0.365989303679 2.190764057357e-03 1.587766338824e-03      15.0   8.54  50120922
2002 FX6      45.051368517247   0.069722292991   0.429301942522   0.013666474573  -1.870986184118  45.042519207860   0.096553068496   0.423196610071  45.042519207860   0.074585819921   0.410891723760   0.328039168788  -1.864225788198 6.981605403128e-05 1.958333886678e-02 1.235922818151e-03   0.055865483683  -0.235474298126 1.597103007799e-02 1.662757917900e-03      19.0   6.90  50120900
2002 GA33     42.806372289135   0.005564042186   0.040578110608   6.241048233758  -2.757158607109  42.807447010321   0.013651557105   0.041130211160  42.807447010321   0.009383107435   0.039620312823   3.132378176405  -2.947082890549 1.531575861996e-06 3.097785933780e-04 9.597317026762e-05   0.460490151061  -0.467909388868 5.259394210239e-03 1.611694588980e-03       1.0   8.55  50126243
2002 GB33     45.315258506705   0.005696970695   0.047392430459   2.395212166411   1.083422265576  45.316074571738   0.006433122950   0.053543397010  45.316074571738   0.005314998241   0.053315533246  -3.882015262416   1.060330891808 2.523762654413e-07 1.126355744115e-03 2.058513469878e-04   0.335768920697  -0.335780761936 8.287427050175e-04 7.545592531595e-04       1.0   7.81  50126244
2002 GC32     43.414653806474   0.049793029343   0.018081826144   2.921020578191  -1.167130822102  43.411375610478   0.043602576130   0.013976124389  43.411375610478   0.042873517610   0.004221379559   2.150818962766  -0.596860255594 1.814555434898e-04 7.024977137031e-05 8.602447262050e-05   0.446142906121  -0.457458309299 1.518116141108e-06 2.522741372227e-03       4.0   7.29  50126220
2002 GJ166    39.172084864653   0.204789564332   0.067792737626   0.432730054281   1.030599933948  39.405173585289   0.206580650473   0.083856330695  39.405173585289   0.205362055807   0.083480150191   0.312339934808   1.029817622469 1.330463206014e-05 1.367032068793e-03 6.181727025175e-04  -0.586813702435  -0.481418784243 6.113093608132e-04 2.147399618903e-03      29.0   7.91  50127421
2002 GK32     43.905664143793   0.018951805035   0.017899534049   1.957637266706   0.168158811843  43.902691186465   0.013392992675   0.022856417009  43.902691186465   0.012195998391   0.021574912015   1.460166118431   0.336387852921 2.722899511050e-07 4.000675569810e-05 3.772362907361e-05   0.407543562442  -0.405689780443 9.803430509196e-04 1.695516912005e-03       1.0   6.40  50126227
2002 GM32     39.379071905629   0.342640149634   0.507203598542   6.030877360449   1.912354879204  61.152653357448   0.464398411450   0.498306603290  61.152653357448   0.403893838103   0.393951709232   0.389696174128   1.633488839648 1.803286705085e+01 3.442965314714e-01 4.590001149034e-02  -0.011833817446  -0.274936438880 1.606356939501e-02 3.655415763485e-02       4.0   9.03  50126229
2002 GN32     39.007920619061   0.177513915964   0.173468876599   3.369564854799  -1.494084910299 -6891.982207830612   0.941597984110   0.288325529439 -6891.982207830612   0.936350385828   0.024883271238  -3.499295749088   0.436191296179 6.162938211093e+02 7.265495644008e-01 1.193893784188e-01   0.583094998131  -0.838908138488 5.739607910325e-01 7.586947091682e-01      66.0   6.30  50126230
2002 GO32     39.376963050835   0.087136867036   0.230795367363   0.006316698430   2.019111030840  39.408520591661   0.086907845743   0.241620277176  39.408520591661   0.086695937306   0.239421007721   0.116797373362   2.008598643936 2.332655187913e-06 1.786587392100e-05 2.125153957356e-04  -3.508317911420  -0.410724501229 8.287705350195e-04 1.928505517984e-03       1.0   7.57  50126231
2002 GQ32     39.450582697988   0.178967408051   0.100782428842   3.379102528410  -1.683220408774  39.404272271651   0.178198343528   0.102070722641  39.404272271651   0.178176117458   0.101795459293   3.332287773519  -1.620107733671 2.678947406190e-05 8.724239369996e-05 2.857935978638e-05  -1.004790516624  -0.373349732259 2.680787717040e-04 1.205239732778e-03       4.0   7.72  50126233
2002 GT32     39.467345882326   0.185675273284   0.011796341955   1.940170851426   0.027742991178  39.404045327322   0.189151001093   0.012384914914  39.404045327322   0.189130754385   0.011789065220   1.852537756116   0.135997890724 1.270489373907e-06 3.193960590055e-06 5.789768333582e-04  -0.878195978301  -0.375699084446 4.054248396488e-06 1.483992182058e-06       1.0   8.07  50126236
2002 GU32     39.616419818359   0.084472091319   0.364041783086   2.992332181592  -0.941635821472 -539.461357935222   0.701557791148   0.444542766761 -539.461357935222   0.682950884342   0.120340018927   3.239258771908  -0.557074494116 2.830173839443e+02 3.694689580646e-01 2.419659018874e-01   0.000019251051  -0.498041956349 3.488115940862e-01 2.492615122297e+00      70.0   6.91  50126237
2002 GX31     43.389451547308   0.072789238100   0.025037904086   3.444814423426  -1.511843550914  43.390077017377   0.062675167112   0.015735713522  43.390077017377   0.061963942061   0.007184918169   2.860544493364  -1.021936475976 7.473194144400e-04 2.113806795431e-03 3.411132015469e-04   0.456706738373  -0.460552607554 2.469258441973e-03 2.143437175163e-03       4.0   7.01  50126215
2002 GY31     43.586893310872   0.022025362182   0.028145249148   4.871719928372  -2.814649198399  43.583378613279   0.017503832493   0.030140916514  43.583378613279   0.016306288944   0.028942746332   4.756925946599  -3.017061966191 1.887533113043e-07 3.009924633784e-05 4.516229923180e-06   0.427348284757  -0.422661209723 6.858597960179e-06 1.950816393678e-06       4.0   6.51  50126216
2002 PA153    45.777434403364   0.069517564876   0.022546937872   2.262270500510   1.251623319843  45.785414071131   0.067653262262   0.030682871123  45.785414071131   0.067631688746   0.030322733508  -3.927042080834   1.183449021219 6.979726434540e-07 3.240336715110e-05 3.522808501331e-04   0.332540668118  -0.331082429136 8.558779080782e-04 1.315199018176e-03       2.0   8.80  50137779
2002 PB153    44.092525083831   0.004788513007   0.040864902389   2.447456180764   0.859050647602  44.100819105041   0.008061262516   0.048728889159  44.100819105041   0.005625270662   0.048303399822   0.722139735111   0.831561649387 8.358663783454e-08 2.045286983485e-05 2.838846849091e-05   0.389862280636  -0.392102949716 8.889719844483e-04 1.815839663764e-03       2.0   9.10  50137780
2002 PC153    45.309651358610   0.059387406072   0.065921203705   0.262963360848  -3.031737030443  45.319007602891   0.055163909276   0.064721376934  45.319007602891   0.055082151401   0.064574981677   0.321517759975  -3.095470256165 2.134927375656e-07 1.941748824348e-04 1.754741281884e-04   0.338129011827  -0.342411791097 1.380712039403e-06 3.986350081725e-04       2.0   7.28  50137781
2002 PD153    46.811098518329   0.004937360730   0.022490918242   0.314135077888   2.991233622825  46.815880707811   0.004205824144   0.024443465228  46.815880707811   0.002871792593   0.024200714723  -5.961336936685   2.848691483933 1.100204800845e-07 1.990586921099e-05 1.470836024696e-05   0.293512074123  -0.284122206693 1.325337677014e-03 6.839578242306e-04       2.0   8.66  50137782
2002 PE149    43.247775340783   0.004692085424   0.105051488217   4.957489092776  -1.665954763317  43.256570934441   0.050867742046   0.108510512906  43.256570934441   0.050005659235   0.108219469634   2.975683449201  -1.625443436599 1.547215825495e-06 3.421238521892e-03 1.440980649490e-03   0.413248089982  -0.433575006214 3.026736208608e-04 1.383181254751e-03       1.0   6.65  50137725
2002 PE153    44.257501902642   0.068214260752   0.042538767637   0.282553954018  -3.050095110490  44.266960013366   0.062396874687   0.042664335042  44.266960013366   0.062181544395   0.042107363689  -5.871463362433   3.107479821305 4.386493519355e-04 6.184764767721e-05 5.370800264544e-04   0.394485490160  -0.396834315322 2.243407412403e-07 1.371695057208e-03       2.0   6.50  50137783
2002 PE155    43.245120301219   0.004579996749   0.177016261859   2.582308621961   0.711409592091  43.254398763812   0.005502102419   0.182425806974  43.254398763812   0.003890539654   0.181567921008  -3.532412457257   0.710839025622 1.293449694260e-07 1.589463407997e-03 1.581041753335e-04   0.333402275530  -0.388985976393 1.406085314632e-02 7.700490302791e-04       3.0   6.11  50147587
2002 PF149    43.071562632117   0.004352278572   0.050121329881   3.508941930485  -0.178431313276  43.079184642073   0.015026262621   0.050174718615  43.079184642073   0.012794694252   0.049239438449   0.336870630224  -0.047732048886 2.069196621589e-07 1.017380683034e-04 7.809897124364e-06   0.445193794165  -0.448968775095 5.378848316476e-04 1.746604276440e-03       1.0   6.60  50137726
2002 PF153    45.928793121269   0.099273166343   0.053258489938   0.311547317630  -3.072034632384  45.935723634932   0.095589843397   0.051723824490  45.935723634932   0.095622336544   0.051551188248  -5.880302399298   3.136041827591 4.091761073577e-04 8.731506013836e-05 2.682159161662e-04   0.332029552109  -0.334887398698 1.334221295437e-03 1.375361060762e-03       2.0   9.01  50137784
2002 PG153    45.265480843621   0.087887846582   0.045408505882   0.421681173843   3.093874679393  45.277495856605   0.084072718740   0.045424921566  45.277495856605   0.084026535018   0.045211375332  -5.744475421207   2.994180256220 3.152754462461e-05 1.024759241352e-04 4.461364265998e-04   0.354569241237  -0.357568208436 1.383245377706e-03 6.236464050228e-04       2.0   8.51  50137785
2002 PH149    43.087403463100   0.060472324218   0.127144043153   3.682041520522   0.017482474634  43.097438710498   0.043426393943   0.119931567149  43.097438710498   0.043063017696   0.119637000191  -2.507426307491   0.039949584598 3.876960430599e-06 4.929676880000e-04 1.463968309814e-04   0.405889833083  -0.432356730556 8.631513160437e-04 2.718421832262e-04       1.0   6.61  50137728
2002 PJ149    45.509140428733   0.072784695027   0.192662597887   3.474201319655  -2.708484582949  45.511973667074   0.072065278255   0.189733378841  45.511973667074   0.072012378136   0.188668549769   3.472098913978  -2.713796263314 2.411094887075e-06 1.577279399894e-04 9.259156273073e-05   0.265337301559  -0.305262812506 5.185520335862e-04 5.705386668362e-06       1.0   5.36  50137729
2002 PJ153    46.646312678426   0.005017948684   0.019858142114   1.942857216236   1.360046698811  46.650783787519   0.004456268727   0.025050656439  46.650783787519   0.003337093203   0.024803073213  -4.294479894648   1.271636038547 2.581906008771e-07 3.336551177619e-05 1.699729280675e-05   0.296022344752  -0.288821320901 1.522794162016e-04 1.361042578453e-03       2.0   8.93  50137880
2002 PK149    37.227030915353   0.003511852171   0.109749965939   6.222416477021  -2.889372577138  37.233951750187   0.018744409840   0.116086060642  37.233951750187   0.015834707971   0.113860658120  -0.196037490420  -2.812555452233 1.414225070892e-04 2.514411534260e-05 2.448508152795e-05   1.324084239070  -1.148229604220 2.217676476529e-04 3.790347618162e-04       1.0   7.01  50137730
2002 PK153    44.073696517517   0.057771275237   0.048386868458   3.031034379010   0.470948966956  44.087968534821   0.059665400683   0.058523726476  44.087968534821   0.059410937928   0.058106906615  -3.206206856460   0.473993506500 3.245115957781e-07 1.458681830275e-04 1.703345788166e-04   0.396843247751  -0.403268108512 1.614618214542e-03 5.899180037094e-04       2.0   7.67  50137881
2002 PL153    43.787287687099   0.004750819942   0.031982425353   6.207818895869  -2.905852152195  43.796021400021   0.008339049273   0.033165584298  43.796021400021   0.137034309992   0.032314782164   2.299960705481  -3.096161919012 4.585145534160e-07 2.517308914587e-02 3.739024508701e-05   0.669759367703  -0.409110881550 2.203223144147e-03 5.145075672283e-04       2.0   8.06  50137882
2002 PM153    44.162311062748   0.125799165051   0.293289825647   3.081383900395   0.425513576873  44.183683645477   0.129246459569   0.292455839717  44.183683645477   0.129144748198   0.288340329189  -3.190123684079   0.432619579619 2.135072988729e-05 2.522210023013e-04 5.207255699380e-05   0.227767427692  -0.324040573334 2.074619917736e-04 1.170057522135e-06       2.0   8.92  50137883
2002 PN147    44.657721275193   0.004831233771   0.038750118553   5.668705859329  -2.383679045436  44.665244004241   0.006327501457   0.034762855081  44.665244004241   0.105644503664   0.034288574860   1.124553917934  -2.434835359092 4.015217659802e-07 2.082942295029e-02 4.716137280512e-04   0.669752763549  -0.366286202827 2.231678262402e-03 2.079224331247e-05       1.0   6.32  50137732
2002 PN149    42.401825311367   0.003913462820   0.024792125419   0.749881674071   2.613752219136  42.405630544314   0.015962787850   0.043432930149  42.405630544314   0.012677181349   0.041188320735  -1.783618462686   2.028849470434 1.218045043734e-06 1.146462090572e-04 6.298549456151e-05   0.476686853595  -0.495452714606 1.287542041295e-03 8.409991596291e-04      29.0   6.38  50137733
2002 PN153    45.106640554363   0.004854170966   0.008159296431   1.569878016726   1.727550086178  45.113728545715   0.005746239758   0.016446500197  45.113728545715   0.096879429602   0.015588716724  -2.983478200231   1.381550051571 8.650202837440e-08 2.336126502738e-02 8.593058516424e-04   0.669844182305  -0.347509257041 2.139424773397e-03 1.311418633388e-05       2.0   7.03  50137884
2002 PO153    44.308575794214   0.004771447848   0.076274379401   2.814300397323   0.483155566658  44.316466197897   0.010689221140   0.080640448738  44.316466197897   0.009581135399   0.080414639859   2.445801748449   0.487217054552 6.262971181410e-08 1.153534815890e-03 1.359103576135e-04   0.366332441636  -0.375682902223 1.830429978369e-03 1.681129863717e-05       2.0   7.79  50137885
2002 PP153    45.380067827356   0.004845674950   0.040380815620   6.200423380211  -2.897951024926  45.386924469959   0.005025196199   0.040206830288  45.386924469959   0.088656677244   0.039955250162   4.235458251074  -2.968357480819 1.503137287505e-06 1.806480318739e-02 2.531550982720e-04   0.669765073621  -0.333476013045 2.235309339605e-03 3.960972610354e-05       2.0   6.68  50137886
2002 PQ149    44.428458002074   0.175491225365   0.484480387645   3.070848642159   0.941030450180  44.493940673364   0.145520830770   0.494166602176  44.493940673364   0.120707285723   0.475178419373  -3.171846850935   0.939833110701 4.022038185499e-04 1.300959795561e-02 1.381793091660e-03   0.052699501388  -0.224625770352 2.159242633320e-02 1.594094126159e-03      87.0   7.10  50137737
2002 PR152    43.368003599964   0.004734035400   0.069135185152   0.044213408666  -3.026439336132  43.377980507441   0.012356866100   0.071041372135  43.377980507441   0.010300193450   0.070624710657  -3.080048659751   3.138488183481 2.882599710409e-05 5.037212715220e-04 8.720513964654e-05   0.409189322405  -0.427185236597 1.615932897231e-03 1.667533896527e-04       3.0   8.70  50137770
2002 PS152    43.589792263919   0.114655304799   0.025904958024   4.121437290701   2.552985807409  43.668802213587   0.117903920334   0.035569336308  43.668802213587   0.106794111060   0.034262049962  -2.025428933665   2.071960308250 1.576205685918e-05 7.551210279268e-03 1.436851247960e-03  -0.044640022021  -0.441457795029 5.732384358196e-03 8.017618301306e-06       3.0   8.90  50137771
2002 PT152    45.882566177707   0.004888901328   0.074299624601   2.629589894557   0.670750540676  45.888734843577   0.006004996657   0.077768152435  45.888734843577   0.005213360354   0.077625346136  -3.706751088939   0.670005969686 2.899717072648e-08 7.428072330290e-04 6.267737913723e-05   0.307574201507  -0.309955390231 1.479048963808e-03 2.229671678042e-06       3.0   8.29  50137772
2002 PU152    44.751123198605   0.048401144699   0.021864751010   1.228115581540   2.268874193217  44.761664420929   0.045688403952   0.030262208817  44.761664420928   0.045533432464   0.029738927516  -4.776257729884   2.022711917686 3.360845407768e-07 1.874364331915e-04 5.531255037486e-04   0.368670255965  -0.368613351707 1.675005138331e-03 1.812855640390e-03       3.0   8.59  50137773
2002 PV152    44.407510682312   0.065557838140   0.018036859084   0.797620604962   2.705668426866  44.419755893040   0.062174003512   0.025651246614  44.419755893040   0.061941515881   0.024722206206  -5.026112457318   2.291065772648 2.973739207972e-06 4.009459983001e-05 1.600193258004e-04   0.394371489084  -0.391532115529 1.090789791448e-04 1.618201140531e-03       3.0   9.51  50137774
2002 PW152    45.623425776738   0.004865425222   0.104254919586   2.786155060408   0.515510304875  45.629684032195   0.009416268960   0.107158491574  45.629684032195   0.008997823941   0.106893198819  -3.438155981820   0.524977030214 1.254540739716e-06 5.152952822269e-04 7.313789139818e-05   0.303469232746  -0.314647786393 6.768716387196e-04 1.425281547420e-06       3.0   9.01  50137775
2002 PX152    44.695646776629   0.043086346374   0.016172030751   1.001808816712   2.489916969344  44.705708788435   0.040243731280   0.023880560581  44.705708788435   0.040034654525   0.023139492934  -4.870104161747   2.106179397759 2.101088847941e-05 2.087221304290e-04 7.613465694574e-04   0.371059249547  -0.369214868695 5.223486365366e-05 1.678133638919e-03       2.0   8.67  50137776
2002 PY152    43.823980466853   0.011075399033   0.066319325574   2.856171992054   0.575162744341  43.833231513189   0.016841249378   0.073324362080  43.833231513189   0.016052951330   0.072929058628  -3.217441311507   0.606204774249 3.579151696663e-07 4.697007218827e-04 8.940064347442e-05   0.394212185634  -0.401528146134 5.900417926366e-05 1.433303387663e-04       2.0   9.41  50137777
2002 PZ152    43.966361198475   0.126043465976   0.554177208311   3.111677969930   0.404200163086  43.988642546541   0.137065428310   0.552101792820  43.988642546541   0.137546726498   0.525509013804  -3.204756203541   0.402413522230 1.920132542406e-03 2.011264720390e-03 1.725126409748e-03   0.060693227603  -0.213171978958 1.004646763198e-03 1.674259656024e-03       2.0   9.01  50137778
2002 RN109   669.896762047510   0.995979720506   1.000180069188   3.678740598120   1.112070481061 -3889.421440000312   1.000676194826   0.987999621486 -3889.421440000313   0.000096269103   0.000353833931  -2.875583912492  -0.203305315760 4.572123988164e+00 7.750490750458e-01 6.464430563638e-01   2.041164302987   0.000685818501 1.832787415683e+00 9.464076702717e-01      80.0  15.30  50221172
2002 TA301    44.065439441932   0.003830608279   0.029941678126   4.081451320634  -1.389178012305  44.063515935238   0.007756561733   0.021279837431  44.063515935238   0.143619372228   0.020017845393   2.823476047795  -1.148926747392 1.743358446424e-07 2.272015573113e-02 4.524109177979e-05   0.669763223132  -0.396823464038 2.227538764215e-03 1.584173972169e-03       1.0  10.21  50141529
2002 TB301    43.103279410998   0.003807988510   0.010007185989   4.171484249166  -1.487433832416  43.101087808064   0.011317733316   0.014885181370  43.101087808064   0.174586771534   0.004379281830   1.312450934253  -0.233102062844 2.987216672528e-07 2.619528308881e-02 7.178981457153e-05   0.669788914438  -0.452824381569 2.202989511979e-03 1.774649875355e-03       1.0   9.11  50141530
2002 TC301    45.667729177595   0.003888251850   0.010751925985   0.159760684971   2.534543461398  45.666280511630   0.004435060270   0.016388529863  45.666280511630   0.088785799809   0.015758021609  -0.509627463671   2.107612130638 1.428600056448e-07 8.982744528176e-03 6.355569570375e-04   0.669764698596  -0.324046350414 2.224686759657e-03 4.300412215785e-06       1.0   9.46  50141531
2002 TD301    43.267461780470   0.003795610513   0.003966085056   5.477854161863  -2.790804052964  43.265332593731   0.010313607485   0.016914246109  43.265332593731   0.189251536403   0.013021705851   0.532171926781   1.017600228732 1.381552241734e-06 5.115133868848e-02 2.833589760191e-05   0.669814840898  -0.441446717931 2.174389389108e-03 1.512005986861e-06       1.0  10.59  50141532
2002 TE301    45.129692084415   0.003866819424   0.150108256562   0.880405237921   1.812664596426  45.128097082596   0.007873136386   0.156449596556  45.128097082596   0.007269654574   0.155947818325   0.405832974315   1.794350825841 4.433953390470e-07 7.272052310161e-05 1.205311280457e-04   0.299798026193  -0.319541102276 2.993428916361e-03 1.873558741192e-04       1.0  10.91  50141533
2002 TF301    44.611034015712   0.003848435834   0.044575070240   4.051793545517  -1.359928803887  44.609205503095   0.006354413777   0.036742856270  44.609205503095   0.106726976729   0.036270991618   2.110285267381  -1.213501681486 1.549760324818e-06 2.387099000482e-02 4.700318878712e-04   0.669742748348  -0.368643324414 2.244815150460e-03 1.638850066364e-03       1.0  10.86  50141534
2002 TG301    45.448939875404   0.003872543549   0.021092226163   4.129157463263  -1.429610290559  45.447892746947   0.004756039849   0.015112226399  45.447892746947   0.090963310278   0.014319598296   2.975429354649  -1.230735034337 3.267335240407e-06 9.609363415192e-03 7.970816854697e-04   0.669752718199  -0.333432296340 2.239406209357e-03 1.907298752493e-06       1.0   9.68  50141535
2002 TJ301    43.557929742347   0.031039307271   0.001287341469   3.099670642140   1.737484289960  43.553815831113   0.037837326448   0.016068295074  43.553815831113   0.037073773226   0.012496397712  -2.057368877680   0.849553045554 2.421010454380e-06 1.184384573834e-05 3.914362707472e-05   0.439107964378  -0.429732067302 1.608441244475e-03 1.836380351099e-03       1.0  10.91  50141537
2002 TL301    43.190994964690   0.043072345229   0.004079009707   3.222776229525   1.641282567010  43.186005418895   0.050706115167   0.020480785069  43.186005418895   0.049945117884   0.016371611263  -2.279387968106   1.030415134396 2.358035930198e-05 8.050089056354e-05 2.098647999190e-04   0.460340631499  -0.457893882924 1.027464090457e-04 5.137696980305e-04       1.0  11.10  50141539
2002 TM301    39.353146317657   0.305616673966   0.105094907709   4.581870855587  -1.418771731721  39.402398817469   0.305599150320   0.112487760058  39.402398817469   0.306876316965   0.112064550257  -1.640056110574  -1.444204740722 2.108501808965e-05 1.579870311833e-03 3.695787233484e-05  -0.056863906885  -0.356913009743 2.005446168151e-03 6.193333351709e-06       1.0   9.67  50141540
2002 VA95     44.541466228045   0.088476663771   0.033820521029   3.429222138126   1.960553077917  44.492402655094   0.105024227196   0.042579779827  44.492402655094   0.087813656909   0.041635651275  -2.926258535890   1.787969430143 2.138951641263e-03 5.229550890494e-03 6.689855084110e-04   0.499709828321  -0.416384308621 4.440288176500e-03 3.719947923483e-03       1.0   8.28  50147025
2002 VB95     39.168766843607   0.100580532433   0.193928191585   6.191039043198  -0.798203522679 155.778373266852   0.600168839234   0.264740530086 155.778373266852   0.538501298878   0.202672438046   0.221718141484  -0.654612729075 7.344115135379e+01 1.645538798023e-01 3.273681775128e-02   0.000998623156  -0.146026501410 4.187410527150e-03 1.868205315700e-01      18.0   8.89  50147026
2002 VC131    46.086155466311   0.006606474957   0.023410122357   3.362912661973  -1.262136623237  46.085246317219   0.004790422696   0.018167561446  46.085246317219   0.003437341172   0.017715251809   2.794399136746  -1.086549095433 7.677687415159e-07 1.345252848505e-03 4.485404063182e-04   0.314566071465  -0.308912139517 7.722991135549e-05 9.958083455627e-04      24.0   6.40  50144156
2002 VC95     46.617902579858   0.005718021589   0.041970259654   0.883564332933   1.867065034174  46.616960216740   0.004307424806   0.047176815136  46.616960216740   0.003129656654   0.047030750378   0.634518969481   1.797371315234 1.630139601522e-05 3.435104819834e-05 1.687174849379e-06   0.293586260980  -0.288818494277 1.809686325286e-03 4.116373422864e-04      18.0   7.95  50147027
2002 VD95     43.089916650711   0.082257426425   0.338482408372   6.217906031813  -0.828999695118  43.078659039952   0.087707629062   0.332148693578  43.078659039952   0.085557799136   0.326115830220  -0.242336970153  -0.821402723114 6.186269603607e-03 4.629547135423e-03 3.573676665311e-04   0.225917593772  -0.326390807314 1.822474190537e-03 1.643606208660e-03       1.0   8.08  50147028
2002 VE131    45.530240081316   0.188112540597   0.346689313295   0.125435719808   2.363167930509  45.511798856396   0.195062900518   0.344563561586  45.511798856396   0.194890540974   0.338194636516   0.120090060262   2.366151837760 1.406295957677e-03 2.096504558434e-04 6.265821721088e-04   0.187847369906  -0.283751743850 3.370897903123e-06 1.804418760304e-03      25.0   6.50  50144158
2002 VW130    46.228503376341   0.089945864937   0.046781563148   0.884941305910  -2.415305311116  46.225621470709   0.092219829564   0.042863345370  46.225621470709   0.092241636658   0.042665829757   0.947375741644  -2.450776120847 2.599821502259e-07 5.837513094010e-05 1.437112220564e-04   0.323838204992  -0.321882451841 1.952878987458e-04 1.928842262311e-03      25.0   6.92  50144163
2002 VY130    39.144240875987   0.206031641907   0.504707935977   3.098462934597   2.228942365373 -5151.495950239072   0.598442655841   0.383450288616 -5151.495950239072   0.575769292403   0.247222934520  -2.687318995613   2.465482370395 4.004432021896e+03 2.645196401379e-01 1.046964862744e-01   0.000801508810  -0.339552977662 4.497866709206e-02 1.576413007400e-01      24.0   8.36  50144152
2002 VZ130    45.751477057549   0.090702167409   0.159479374571   0.644930120779  -2.152292144375  45.748960175003   0.093380546451   0.155016826408  45.748960175003   0.093345492818   0.154509142745   0.651768618504  -2.163477883792 1.881734098018e-06 5.075437062786e-04 4.379966908963e-04   0.286472320905  -0.316725383912 5.591404367897e-07 1.891992350972e-03      23.0   7.27  50144153
2002 VZ94     45.541066267780   0.087497261240   0.029534052640   2.817426673271  -0.538221869164  45.543688553195   0.082540427274   0.024579884138  45.543688553195   0.082427029609   0.023992423679   2.594889540936  -0.355888417513 1.739959899529e-06 9.061073270084e-05 5.574267326331e-04   0.347521437275  -0.347521837051 1.570831075384e-06 5.967774583681e-06      18.0   7.03  50147024
2002 XD91     39.206273957643   0.214241346232   0.149802426604   1.636727269786   2.959512467911 -43.334761085623   0.488818072103   0.200660933962 -43.334761085623   0.459042251037   0.097506632232   0.105769319908   2.497257755617 6.673863753060e+01 2.530007318328e-01 7.067918945414e-02  -0.002349478201  -0.461054755064 3.778161220341e-01 2.894188796840e-01       1.0   7.63  50146520
2002 XF91     44.239233084035   0.105429604889   0.050047107174   5.797753616789   0.193268643569  44.251237965156   0.113964814039   0.044340015766  44.251237965156   0.113672016342   0.043294100125  -0.449176831541   0.301191252327 2.879891394908e-03 9.613190189533e-04 2.068457722041e-03   0.431891801508  -0.434580289462 3.620761436627e-04 2.213503308139e-03      57.0   6.85  50145545
2002 XG91     39.243549524784   0.225022417062   0.234993042100   4.633470907068  -0.269131631040 -31.538230092604   0.965023829738   0.129860049439 -31.538230092604   0.931467286434   0.042646374193  -0.047553552389  -0.036401764424 1.886062406224e+01 4.348057230696e-01 2.710489574424e-02  -0.226801828106  -0.484994142919 2.285225527414e-01 7.991524969310e-01       1.0   7.61  50145546
2002 XJ91     39.386165542567   0.268479529488   0.140865260601   6.037616417337  -1.439540875064  39.402904184201   0.234951463753   0.181630013895  39.402904184201   0.170996390915   0.179811550084  -0.478585157824  -1.308893873888 4.475936294067e-05 1.175422657559e-02 3.412573675528e-03  -0.581006541516  -0.329748037313 1.032137312028e-01 2.722393477769e-03       1.0   8.29  50145548
2002 XP114    39.181621803080   0.218678937832   0.259959119797   0.112151150723  -0.538276821089 -21.497431745602   0.820893778309   0.281943492295 -21.497431745602   0.780993315507   0.084785912897  -0.463840811249   0.316874054639 2.768126983584e+01 5.150016085412e-01 1.156109715940e-01  -0.002501501602  -0.521128025512 9.917040125037e-03 4.753553531990e-01       1.0   8.11  50250632
2003 BF91     42.681337964987   0.038364954893   0.001947667703   0.541487476833   2.555188739722  42.681489922684   0.033121312654   0.027793130791  42.681489922684   0.031466968372   0.024150517239   2.138401697890   0.977385548642 3.018668045933e-06 2.538313796314e-05 3.664857978861e-05   0.483544169324  -0.483714084822 1.582414951897e-04 3.890232898872e-05      12.0  11.72  50157794
2003 BG91     43.380317653540   0.100391460285   0.041381222818   0.818822014429   1.858522669269  43.390311071604   0.116427183691   0.095745641118  43.390311071604   0.115071682474   0.095032770095   1.032516006276   1.487028719610 2.130088587619e-04 1.516525887071e-03 5.143818171890e-04   0.473466320488  -0.478923362187 6.557191578252e-03 3.336695829874e-03      92.0  10.71  50157795
2003 BH91     43.908265532784   0.030947584671   0.015859780557   3.311678404434  -1.386274736290  43.906373383139   0.025431762541   0.011228830371  43.906373383139   0.024823532264   0.004035023842   2.659005219182  -0.923575642702 6.081662916645e-07 1.700471415875e-05 1.049067175011e-04   0.410851737171  -0.407789285957 1.914876476915e-03 1.018302514300e-03      12.0  11.91  50157796
2003 FB130    42.805612040855   0.108191642360   0.423184328991   0.018365317495   1.487847166349  42.824913838774   0.113814088586   0.426203196858  42.824913838774   0.102257649946   0.413493148692   0.102026562746   1.488269071115 5.723221900833e-03 1.444618734509e-02 5.447632033109e-04   0.149329422686  -0.288818715029 2.478679219450e-03 1.031299594945e-03       3.0   7.54  50330612
2003 GM53     44.202328331240   0.045638044922   0.123878948298   3.754484902585  -2.040285862575  44.202360153064   0.030102296644   0.113984080342  44.202360153064   0.029573476782   0.113845532620   3.627584620549  -2.034234877434 8.417958258083e-06 9.111574539067e-03 2.622922675183e-03   0.354823050742  -0.375607576797 5.730537244839e-04 2.506212706696e-04      30.0   6.87  50154520
2003 HJ57     39.482960542673   0.246671247079   0.389536861748   1.779968277605  -1.677904976009  39.402111583166   0.253769073277   0.374128249199  39.402111583166   0.241918337563   0.365619315042   1.698375374545  -1.680819286560 2.772422846022e-05 1.383562077037e-03 9.164375692603e-04  -0.307486484708  -0.307487326895 1.756611766839e-03 1.755942802429e-03       1.0   8.29  50330613
2003 HK57     43.236891662982   0.071256402575   0.108717005941   3.178697908988  -1.591332314353  43.232840782638   0.067116126154   0.096445935437  43.232840782638   0.066537393720   0.096195507239   2.958550615124  -1.560797939062 2.581929284842e-03 1.506499353973e-02 1.072378379725e-02   0.427732451409  -0.443024149185 4.385079502385e-03 7.905213089653e-03       1.0   7.36  50330614
2003 HL57     79.057159162299   0.646583381130   0.119680479692   5.406876198727  -2.007863103531 51198.542733098962   0.994169979786   0.100666199315 51198.542733098970   0.076511371182   0.008975597587  -0.140986467168  -2.075355996938 3.289552330624e+04 9.217225658657e-01 8.271219545083e-02   0.000027049837  -0.057084086161 5.107033159984e-03 7.787658845862e-02      34.0   5.84  50330615
2003 HN57     44.155082662685   0.060947644983   0.036698841281   3.654983146775  -2.031747807776  44.155337044738   0.058013349703   0.030428638740  44.155337044738   0.057754534395   0.029528036013   3.510768749825  -2.013085938654 1.074174769148e-04 4.547731352846e-05 3.933723783479e-05   0.401891242685  -0.402840160330 1.831168747663e-03 9.999426078618e-04      34.0   5.87  50330617
2003 HP57     46.549532020926   0.189492867128   0.662306276018   0.051340704730  -1.581096433895  46.564641370323   0.198489642243   0.658668054067  46.564641370323   0.198163016328   0.613183901046   0.096018929919  -1.582937140775 2.957504820944e-04 2.525146286055e-04 2.251653209597e-03   0.018695626887  -0.152564883902 8.411352393171e-05 1.894239697656e-03       1.0   6.52  50330619
2003 KP20     44.951905410585   0.121417312942   0.050187764492   0.091220671155   2.464108244380  44.937465386925   0.121879514236   0.071118626980  44.937465386925   0.121734380141   0.070803281420   0.184360609512   2.328715101261 8.073447058194e-04 1.343007921179e-04 2.295339243316e-04   0.387347271392  -0.396802300976 1.931177063199e-03 1.482749398097e-03      39.0   7.25  50157367
2003 LC7      45.210291757935   0.115186530406   0.060790885591   0.012740438711  -0.696149332124  45.211957301872   0.143481486638   0.091845918341  45.211957301872   0.143093405625   0.091481474559  -0.143865012672  -0.527195846317 1.368590897299e-05 1.626420068713e-03 2.810042923354e-03   0.375700244207  -0.396338208667 9.797129258294e-06 3.274231269359e-03      37.0   6.24  50157372
2003 LD7      42.990193336203   0.042894937614   0.015248547250   1.770802238716   0.748796311103  42.981943251346   0.035920526667   0.034369596995  42.981943251346   0.034854628377   0.032507304406   1.647746227117   0.684231917846 1.303884548422e-06 8.813126398376e-05 5.492776967053e-05   0.462579066311  -0.462645486358 5.289854849065e-05 1.973278583572e-03      36.0   6.92  50157373
2003 LE7      39.314668669887   0.205693771043   0.353795132866   6.246748253108   2.220981777328  39.403009813750   0.193727804907   0.367615624878  39.403009813750   0.190284575809   0.359486212273   0.123601039232   2.241544153087 1.684821747314e-05 1.009094274665e-03 3.343995452259e-04  -0.723058326445  -0.291169687281 6.982686504477e-03 4.525015761095e-06       1.0   7.61  50157374
2003 LF7      38.869203377621   0.111441451137   0.060464616774   4.307691610703  -1.973648023936 -305.715681533661   0.820755045197   0.260588502022 -305.715681533661   0.801739489029   0.106836773647  -0.776285852157  -0.990960426403 9.903265163914e+01 6.275314797337e-01 1.139765926389e-01  -0.003155744519  -0.002563692821 1.304371554015e-01 4.963354952361e-01      37.0   7.90  50157375
2003 LZ6      43.475024438191   0.002849483967   0.104571708823   4.897450367805  -1.128144626484  43.471788428626   0.053656887880   0.111478592444  43.471788428626   0.053448645891   0.111275564682   0.698902305341  -1.068955387512 8.260420101859e-05 1.610391417142e-02 8.126551249784e-03   0.404349138544  -0.420401378349 8.777455808143e-03 7.288340693208e-03       1.0   6.47  50157369
2003 MM13     35.933604062993   0.446897413123   0.065552084635   2.943260869246  -2.728529244741  27.724224859035   0.310523669425   0.101748852459  27.724224859035   0.285014481226   0.245993713787   2.562216138702  -1.978014409269 2.173995784223e+00 1.438397349371e-01 2.076708984637e-01  -2.013491093354  -5.519189270934 8.330020898149e+00 4.439948013374e+00      66.0   6.33  54260726
2003 QC91     43.666504652435   0.004860387878   0.067396947894   0.135006966229  -2.597896762268  43.668228547286   0.040303247706   0.077001887193  43.668228547286   0.030682713364   0.076644894012   0.122859695267  -2.786972285807 3.381152809644e-04 5.215150934571e-03 5.347305901634e-03   0.430834142256  -0.418010334618 6.383857053153e-02 4.366346220243e-04      59.0   7.01  50160804
2003 QM112    84.670302585068   0.844409858372   0.265874804831   3.055355964099   0.776283946117 -41051.706549094051   0.996210749546   0.329874948120 -41051.706549094029   0.092783004273   0.022332450871  -2.708501119315  -0.295712077759 1.244902582992e+04 8.956622177203e-02 2.030895901973e-02   0.000006392582  -0.003427156614 1.876616537092e-01 2.448510804501e-01      54.0  14.06  50166105
2003 QO112    33.496200718838   0.504980889667   0.142189675172   4.975843060527  -2.467448968477 -7260.528998486090   0.979668341162   0.189568053319 -7260.528998486092   0.102821152220   0.009309114314   0.606874618545  -2.942408600681 3.209740340875e+02 5.595860215826e-01 1.142271869343e-01  -0.005814711110  -0.987403596792 7.864446845149e-03 1.178893008478e+00      54.0  11.94  50166106
2003 QU90     43.726765385368   0.016286080809   0.051837328011   1.277786393697   2.593482608034  43.730714170040   0.014264711076   0.059012840041  43.730714170040   0.013162116613   0.058595378417  -4.652627403224   2.499207753546 3.262195767673e-07 5.233063233570e-05 4.901451344728e-05   0.406070821417  -0.409651940309 2.342397619862e-03 1.029438001249e-03      62.0   7.23  50160796
2003 QU91     42.903546448890   0.122232521969   0.465578508880   0.105574681206  -2.081924918370  42.893199500413   0.129039461319   0.460780421931  42.893199500413   0.128981811186   0.444961278507   0.076136639617  -2.077582247836 1.209216069535e-04 5.722073204245e-05 3.122313435210e-04   0.122102328017  -0.272399634412 3.635402707074e-07 1.582792860285e-05      58.0   7.24  50160787
2003 QV91     39.573726870916   0.348857162817   0.588097309200   1.768143243294  -2.139438931311 101.845200474678   0.644376376159   0.523584871317 101.845200474678   0.534746504614   0.417677212328   1.540362161248  -1.921167396183 2.802001739712e+01 7.563158327123e-02 6.259140193154e-02   0.025416657705  -0.081654108381 2.077210308302e-02 7.186727850452e-03      61.0   7.53  50160788
2003 QW91     39.642247529533   0.275713133267   0.102818005443   0.012124611059  -2.148150438037 -81.012581970674   1.003415819322   0.598589919450 -81.012581970674   1.002075182475   0.099768154703  -2.981499546235   1.274271431676 7.246520914855e+00 7.761876657686e-01 4.251346382842e-01   0.872986144966  -0.003222231612 8.701966892679e-01 7.934196396804e-03       1.0   9.09  50160789
2003 QY113    45.555111529236   0.036645587438   0.050964139195   1.992676075712   1.851350639423  45.559221772636   0.035755910211   0.057777033249  45.559221772636   0.035656320897   0.057597778093  -4.159241117835   1.784310367705 8.912382625826e-08 1.264967311573e-04 1.696159979478e-04   0.328273943725  -0.328736304915 4.455844103396e-04 1.675036485290e-06       4.0   6.19  50330620
2003 QY91     83.003869079906   0.614986009686   0.443185994458   3.254643275574   1.122070547909 176775.892368827219   0.884058996992   0.233630202654 176775.892368827248   0.871411749649   0.131467875601  -3.219337014309   1.060006482190 1.741288689577e+05 3.811172757560e-01 5.260780823855e-01   0.000001446924  -0.002697800919 2.022663988859e-02 7.682218537560e-02       1.0   7.29  50160791
2003 QZ90     43.787437974677   0.004709164672   0.092647791185   2.656754879438   0.961783973830  43.796024431135   0.041957465259   0.111697460482  43.796024431135   0.041577964200   0.111402183898  -1.995337626453   0.949666309539 6.575118558273e-05 1.400260974759e-02 5.920529409952e-03   0.379383293768  -0.397234172600 1.063807340311e-02 5.747985881722e-03       1.0   6.67  50160801
2003 UA292    46.696983904095   0.151177568535   0.212274213878   0.009828968347   2.279704794706  46.709304433780   0.150068095209   0.212835276806  46.709304433780   0.150130141462   0.211464090205  -0.015932107710   2.280085300979 2.706342456543e-06 2.118616146706e-04 3.543940021625e-04   0.246573915421  -0.289102680817 1.750195926285e-03 1.883940303588e-03      29.0   4.96  50170280
2003 UC292    45.142296597549   0.087454856881   0.061617295506   0.243913634628  -1.550098678132  45.138645645164   0.094750379501   0.058086614315  45.138645645164   0.094644592245   0.057740107036   0.198885728876  -1.465381368145 3.189981327780e-05 2.451719144114e-04 4.853486334894e-04   0.361621627983  -0.368654433608 9.577470415415e-06 9.850625702400e-04      28.0   6.93  50170282
2003 UD292    45.929811745978   0.108889052023   0.139292273954   3.397327768364   1.856158419028  45.930346026924   0.117659860894   0.148918414541  45.930346026924   0.117647199670   0.148509878061  -2.838937351366   1.832286423152 6.083843100582e-06 2.192507419214e-04 1.919309374868e-04   0.293514747733  -0.322889239192 5.674298898061e-04 1.102713194503e-03      29.0   6.74  50170283
2003 UE292    43.396907611746   0.133429784127   0.343192610223   2.884118307068   2.406500216778  43.390710266764   0.133777197193   0.349107818870  43.390710266764   0.133596592682   0.342516345953  -3.390995361081   2.397012697223 1.795918724306e-03 1.181209961793e-03 8.483381882626e-04   0.202265556774  -0.319886447522 1.522701331014e-03 4.731029403860e-04      29.0   6.08  50170284
2003 UF292    44.705031942341   0.125339080829   0.521620411529   6.198499462453  -0.891698568072  44.703183490184   0.130570925734   0.518648410300  44.703183490184   0.130692969597   0.496511577737  -0.100445121409  -0.894140378772 3.967172459450e-04 3.096504635488e-04 9.671500098487e-04   0.075143211895  -0.211146624046 2.912936118773e-06 1.770667500281e-04      28.0   7.32  50170285
2003 UG292    43.332804371759   0.096838036877   0.097957803319   5.767293604774  -0.429419471519 -124.431940716175   0.559883127389   0.204584768770 -124.431940716175   0.508268776093   0.129355340508   0.567134112136   0.114672052998 1.287290451374e+02 2.412196778110e-01 6.586455469373e-02  -0.002348790345  -0.368572375271 1.530734939871e-01 2.461024724683e-02      59.0   6.99  50170286
2003 UH292    44.041553692995   0.070143182764   0.119903371759   3.246678576628   1.364442907372  44.034852562577   0.074713682448   0.129982090518  44.034852562577   0.074704545994   0.129774907973  -2.938631064230   1.321767423294 1.302134744916e-05 8.186182189913e-04 3.805848323615e-04   0.361526034807  -0.390061516701 8.661783818872e-05 2.555919616730e-04      27.0   7.65  50170287
2003 UK292    43.179372519241   0.110275852463   0.208366356079   3.009735532760  -0.871940519215  43.188687588369   0.113313370691   0.198653489713  43.188687588369   0.112887235654   0.197397110540   3.021974560709  -0.852594191634 1.854330142281e-04 3.929951324670e-05 2.008261278890e-04   0.354560987420  -0.420227191346 1.451594484123e-03 1.920032498567e-03      28.0   7.17  50170289
2003 UL292    44.847370289864   0.073854804351   0.042439676818   4.852267204856   0.371987025321  44.845041224497   0.079618005642   0.046452550630  44.845041224497   0.079584675364   0.046070150890  -1.413740826739   0.444009579498 3.688817615922e-05 1.307848285005e-04 5.902544364202e-04   0.372676829693  -0.375698870018 1.576875268516e-03 3.063854833380e-06      28.0   7.34  50170290
2003 UM292    45.982523331204   0.186101511517   0.333910640889   3.205812434403   2.093017676857  45.946249863411   0.191359822907   0.335209283796  45.946249863411   0.182126663891   0.329231352247  -3.066791441351   2.089276524568 3.393680476629e-03 1.251481255575e-02 2.724768365831e-04   0.185231907793  -0.274582635652 1.518428959416e-03 1.875021501141e-03      28.0   6.99  50170291
2003 UO292    39.327880546062   0.186778076893   0.069648728884   0.006598552694  -1.052376432184  39.404239553684   0.180969644225   0.069538853817  39.404239553684   0.180979947177   0.069368715501  -0.092088021903  -0.984544349609 2.536243977990e-06 6.820519558861e-05 6.108604654143e-05  -0.975596304486  -0.378014321190 1.052939491196e-03 1.827380311738e-03      30.0   7.37  50170293
2003 UQ292    39.527007626270   0.124099900071   0.027718694166   5.345947155429  -0.380256491241  39.407528602988   0.114474909973   0.025989258149  39.407528602988   0.114413680474   0.024205411501  -1.209491001217  -0.140016621982 1.707866343488e-06 3.037958481656e-06 2.148091581290e-05  -2.456130941458  -0.472949539734 1.116888391852e-05 1.303381162124e-03      32.0   6.98  50170295
2003 US291    44.901640739281   0.002904685281   0.423736658837   1.346461670083   2.077501876762  44.901073070252   0.002455412589   0.426421115432  44.901073070252   0.002421080865   0.414248914365  -4.966369803274   2.078617340178 2.456398593739e-07 1.023916398309e-06 7.037697637133e-04   0.117395699700  -0.227904989737 1.013518924484e-05 1.940988831220e-03      33.0   7.03  50170272
2003 UU292    39.388151643769   0.130331160428   0.300514332761   3.255506145460   2.025799361802  39.405939844714   0.109956954072   0.311291651990  39.405939844714   0.109128907545   0.306511863452  -3.014270682649   2.028971879530 1.421674422184e-05 2.501560816835e-04 3.947146064652e-04  -2.268043861015  -0.347581211909 9.742722842893e-03 5.431940569298e-05      28.0   8.19  50170299
2003 UW291    44.638854149627   0.002777047500   0.192712975840   4.813252310932  -1.195659620886  44.637211557105   0.004031512580   0.186633978508  44.637211557104   0.002981328261   0.185647412249  -0.944163050349  -1.169551161798 3.372535463801e-06 1.028507096079e-03 8.342567428360e-05   0.309923355829  -0.328707070338 3.552741339262e-03 2.942583492378e-05      28.0   6.35  50170276
2003 UX291    46.425209991606   0.003346747208   0.192999388110   1.314668892869   1.967175534184  46.423657663187   0.004668513342   0.197172993408  46.423657663187   0.004279912661   0.196161646259  -5.004478244693   1.960165762914 5.329889192334e-07 4.562520701254e-04 2.696833151456e-04   0.235197068835  -0.267206280860 2.585951261267e-03 4.610951192216e-04      28.0   7.04  50170277
2003 UX292    44.083803034696   0.124578980427   0.170941350504   6.181232669646  -1.212987294606  44.079649841511   0.125096277792   0.154373374400  44.079649841511   0.124743378157   0.153767445620  -0.042590062546  -1.200527575507 1.856128711799e-05 1.285951571293e-04 1.489505894548e-04   0.368630748692  -0.408665964640 1.759087275523e-03 8.590239917273e-05      28.0   5.87  50170302
2003 UY283    33.077611503643   0.893971392733   0.319535297926   5.515750530379  -1.255974363461 -241.737000730082   1.019591242824   0.517424733637 -241.737000730082   0.001706277182   0.000813455421  -0.176017331408  -2.093792497490 3.059817279763e-01 2.591423505966e-02 3.405912227077e-02  -1.944930419324  -3.041266275024 1.725344035422e+00 2.751451084270e+00      32.0  15.15  50167362
2003 UZ292    43.089779827722   0.135854424933   0.368539614419   6.094484958860  -0.854734820582  43.071943828462   0.153268293322   0.356822137993  43.071943828462   0.115908381762   0.349497660416   0.370019639797  -0.857323092998 1.940067115480e-03 1.152383503892e-02 9.635798349430e-04   0.250791883076  -0.333627133125 5.400974681706e-03 1.650305502242e-04      28.0   7.66  50170304
2003 WN193    39.529002945844   0.256383776700   0.353910728144   4.523316441419   0.570703982494  39.402339656924   0.250868855544   0.349139494620  39.402339656924   0.236666529084   0.342355607765  -1.739382293943   0.558044797260 1.721820814539e-05 2.130156293076e-03 5.933575614180e-04  -0.318476228965  -0.318466877185 7.397985295680e-04 7.480156540447e-04      42.0   8.48  50380339
2003 WQ188    46.088588707684   0.005815032098   0.094084109742   4.713330596487  -1.397970427177  46.087331849497   0.005696684849   0.088721083819  46.087331849497   0.004947644032   0.088645627250  -1.577338373023  -1.366764862760 9.391550522306e-07 1.896735047887e-05 1.192530177348e-04   0.297869084608  -0.301378491398 2.865677939906e-03 7.843329840926e-04      99.0   5.92  50170306
2003 WS184    43.898215875835   0.048136623995   0.018479884785   5.006458411512   0.456480042554  43.896353968447   0.055739321150   0.024707036385  43.896353968447   0.055390796252   0.023312899512  -1.260268213419   0.507365570788 1.041405320878e-07 4.705560641365e-06 1.546587977698e-05   0.417922752507  -0.416033127873 4.165246894928e-05 1.815661146336e-03       4.0   7.40  50178598
2003 WS188    39.128501843480   0.232809677846   0.119331892592   1.975659499215  -2.402219179728 -349.057366313900   0.910947005997   0.059710873494 -349.057366313900   0.876035154441   0.032170215268   2.761396967214  -2.459236043982 1.100869533714e+02 5.614988894993e-01 2.660093468023e-02  -0.002947564239  -0.569834320928 8.814144909816e-02 6.150549263211e-01       1.0   8.75  50170307
2003 WV188    45.880876786327   0.003343263618   0.118884970654   3.990067521514  -0.727159092169  45.879475258466   0.009076512136   0.115219437121  45.879475258466   0.008661207967   0.115055022979   3.539641083183  -0.684440610325 3.749449440128e-08 6.989176541607e-04 1.565829349398e-04   0.291671529812  -0.303775286086 1.494960646255e-03 1.404551766628e-03       4.0   7.05  50175367
2003 WW188    44.052255416276   0.071912867792   0.102814370969   1.825023841298  -2.209736715003  44.052489331572   0.090197376159   0.105866289086  44.052489331572   0.089767907363   0.105670161417   1.938391698061  -2.239569747777 1.146177157797e-05 1.979123555956e-03 1.782999504606e-03   0.387751062966  -0.407515420469 1.869900078484e-03 1.500100987400e-03       3.0   7.50  50175368
2003 YY179    39.404500867913   0.152988516009   0.214685534086   3.022363326294   2.646976924536  39.405082208503   0.145413566971   0.220616635890  39.405082208503   0.142273989663   0.219031902516  -3.001931850041   2.662457548716 3.061425898516e-05 7.807610479822e-04 1.661017863841e-03  -1.371359362672  -0.377645026217 4.575608194844e-02 1.959503087443e-03      74.0   8.55  50330622
2003 YZ179    42.892126074508   0.108892304978   0.206950126713   0.017196117174   0.036602979662  42.884771840978   0.117487634563   0.206062420634  42.884771840978   0.116903487226   0.204603096670   0.039113762073   0.018076883729 4.993195459701e-04 9.401135428144e-05 1.468592971020e-04   0.364116342006  -0.434395644139 1.903900956815e-03 1.543501977145e-03     113.0   7.39  50330623
2004 CM111    30.547977706888   0.837718209564   0.078491697304   1.814201899359  -1.638289663565 -2273.983155712619   1.002511031390   0.095706389265 -2273.983155712620   0.000313179300   0.000191575045   0.238866883810  -1.654693303997 1.332953796726e+00 6.338784021174e-01 7.386546891467e-02   2.242844952778  -2.193659406124 2.031981454624e+00 1.882526410217e+00       9.0  14.17  50176207
2004 DF77     43.148753686352   0.005494477653   0.777831307611   6.050551338691  -2.000810468647  43.148489870697   0.005518032489   0.776814726728  43.148489870697   0.005491662224   0.702476248790  -0.311342609276  -2.001108994444 1.045645025016e-04 6.914497098880e-03 1.962140938926e-03  -0.023500258418  -0.150409194039 1.594199224219e-05 1.231941147453e-04      17.0   7.67  50184504
2004 DK64     43.322479456974   0.093895087106   0.311362619241   0.065129775606   1.025040855934  43.331267695622   0.098190523051   0.315122640971  43.331267695622   0.098103234436   0.310050560090   0.043073328070   1.012221659023 4.477240598872e-05 7.674680596176e-06 2.443723448838e-04   0.220723074596  -0.331078210821 9.992506008837e-07 1.528712810728e-03      19.0   7.40  50177207
2004 DK71     43.971530934423   0.082151606156   0.076673452410   0.879957053374   0.221951545593  43.971585693511   0.074498057749   0.072188756373  43.971585693511   0.074230762304   0.071708970058   0.726107063630   0.306522717101 8.242362538775e-05 3.619450190932e-05 3.514475697864e-05   0.403876807789  -0.413269323626 5.065545922607e-06 3.340821107735e-05      17.0   7.33  50180197
2004 DL64     45.010920714276   0.052201966799   0.044022400586   4.105240794392  -3.004264535603  45.013623435721   0.053979351308   0.046896883681  45.013623435721   0.053847726986   0.046568214270   4.133727536499  -3.076119363834 3.312816916661e-06 1.092247877742e-04 3.103395121239e-04   0.356903163675  -0.356914879478 1.158946665236e-05 9.431958771726e-07      18.0   7.04  50177208
2004 DN64     43.613937524284   0.034095194260   0.022548841194   2.927009612833  -1.574113701897  43.617945836244   0.033901896391   0.014711509816  43.617945836244   0.032653726442   0.010713830029   2.351773740010  -1.197287383204 6.509306925749e-05 3.377850029589e-05 3.344982198452e-05   0.448857559576  -0.425033576747 1.826246292862e-03 1.776739750381e-03      18.0   7.57  50177210
2004 EO95     43.444247078857   0.033976147507   0.050451566749   2.930941320030  -1.618507836012  43.446296610174   0.033994863460   0.039390462978  43.446296610174   0.033337926221   0.038433959039   2.642433633188  -1.512881211916 2.487950711376e-06 6.585470262383e-05 2.498529349995e-05   0.434401749716  -0.432464038789 4.710087104446e-05 3.877209597048e-04       1.0   6.07  50180182
2004 EP95     43.539078984301   0.034288911033   0.168214037613   1.900848482719   1.268766485951  43.538620905164   0.027329618138   0.176182285490  43.538620905164   0.027130441010   0.175283428337  -4.355816773768   1.257397510322 1.246646571439e-06 1.786040590447e-04 5.819880170073e-06   0.334984861049  -0.380394447582 1.443204904201e-03 2.322902039127e-06     361.0   7.10  50180183
2004 ER95     44.243614609442   0.165190983446   0.023187881256   3.695657001153   0.827369789565 -801.375089274472   0.896713979549   0.293515739739 -801.375089274472   0.868729831006   0.103490436936   3.524322973186  -2.630203467326 1.762138246883e+02 4.034163467682e-01 1.582042334211e-01   0.130469686586  -0.002766775849 1.239401285417e-01 8.131507016679e-02      72.0   6.25  50180185
2004 ET95     43.511964058500   0.032484878808   0.011935008767   3.098639270263  -1.568491291925  43.513050424412   0.029896847687   0.012922358311  43.513050424412   0.029077526719   0.003785566689   2.016035495284  -0.674492612185 7.543087543327e-06 1.043315646348e-05 8.861271297850e-05   0.436744918001  -0.431141608356 6.687324752167e-06 4.617113152369e-03       1.0   7.32  50180187
2004 LA33     37.927638014088   0.021712151986   0.085501584444   2.993486527718  -0.036667378596  37.916277566467   0.037597332838   0.095397691199  37.916277566467   0.036270488538   0.092396445647   3.305454509637  -0.364381384222 1.462241573827e-04 1.593999382127e-04 3.996596872546e-05   1.091850193234  -1.069034116222 1.805030454494e-03 1.550464091137e-03      64.0   8.25  54028221
2004 LB33     33.099133190879   0.222160184593   0.100414411284   3.367547503833   2.560087685236 -394.958338223217   0.998525397567   0.128818536225 -394.958338223217   0.072255432823   0.005545194950  -1.500297702219   2.620873784738 9.507244502318e+00 7.309557010723e-01 5.312490891499e-03   0.003541407676  -1.703000735262 7.490159832655e-02 1.530704567466e+00       2.0   8.47  54028222
2004 LC33     43.208225921722   0.089846653430   0.628795696174   6.202976010911  -0.299114092329  43.197241023653   0.094577846469   0.627326553730  43.197241023653   0.094541087349   0.588073659504  -0.065881564882  -0.303642368966 1.614821483742e-04 5.648067544054e-04 1.425163079414e-03   0.030497254283  -0.196689349542 2.345498460124e-03 5.311032219196e-04       2.0   7.92  54028223
2004 LD33     39.269218492315   0.199857667204   0.292470341272   3.200291197531   2.754654331708  39.403938214162   0.195359587607   0.296563527968  39.403938214162   0.193554034322   0.292336385183  -3.008406417871   2.739696497708 1.483412603197e-05 3.258580110586e-04 3.011784798159e-04  -0.633974264739  -0.362886360273 6.867260353699e-05 1.086366225590e-03       2.0   8.53  54028224
2004 LE33     32.439476314201   0.200655854294   0.122789785458   3.320126021940   2.600023807786 -9899.712540185108   0.977251879164   0.187204101921 -9899.712540185112   0.120289827186   0.010281813118  -4.809572170244   1.789769785519 3.915478657362e+02 3.864406910574e-01 9.682096007123e-03  -0.003481081034  -4.824333154916 1.578361882805e-02 4.693784184675e+00       2.0   8.77  54028225
2004 LV32     38.793148213083   0.051994509170   0.300967704935   1.602320705520  -0.251348780466 -21.739967798038   0.919731476846   0.372966494027 -21.739967798038   0.897886912536   0.072829029536   0.564811371943   0.686802088286 2.068934718956e+01 3.769533551250e-01 2.511919452758e-01  -0.002885157224  -0.624013959873 2.159049167314e-02 5.600688308945e-01      37.0   8.94  54017710
2004 LW32     54.767386462679   0.410287309233   0.072341908753   1.665568626096   2.548234969724  83.925247406588   0.566139116169   0.087998786885  83.925247406588   0.648530715945   0.066633279451  -3.320567446444   2.183304932079 8.291446897702e+00 3.517412456215e-01 1.404566440009e-02   0.098024361882  -0.336588379750 1.196629164547e-02 1.360942110909e-01      37.0   8.11  54028226
2004 LX32     65.844927508834   0.779402437418   0.056782632546   0.717726451435  -0.032927767241 -9886.663837616274   0.970944567685   0.159259297899 -9886.663837616275   0.968946886871   0.019478735549  -0.751476945883   1.363082309376 1.100646893911e+03 8.668711403299e-01 1.889382334930e-02  -0.008183999994  -1.208959319072 2.616222536883e-02 1.085571631622e+00      37.0   8.23  54028227
2004 LY32     57.603043577639   0.305892301775   0.252905196641   0.051644131434   2.765059374944  57.631535833869   0.311044668939   0.246522374772  57.631535833869   0.311984001545   0.244436261569   0.021925521629   2.772817653664 2.328554809329e-03 1.037844738567e-03 1.460933800796e-03   0.146539154544  -0.147997077951 7.836137752774e-04 1.882484615074e-03      36.0   6.46  54028228
2004 LZ32     40.796433004070   0.200338896039   0.129336634951   3.502039171067  -0.300975011798  51.233214590026   0.328621022522   0.497509173687  51.233214590026   0.287182935671   0.456030318608   3.438130795803  -0.592649436224 4.564683480477e+00 2.470192709781e-02 6.281391645621e-02   0.062669563007  -0.188936231690 3.803390104124e-03 3.015603302988e-03      62.0   7.91  54028229
2004 MK10    107.993788100692   0.762142940432   0.127403827280   1.521538149011  -0.094821685102 -744.166922320692   1.019429230665   0.021757484864 -744.166922320692   1.020669482866   0.006759806482   1.564506193377  -0.137756619314 7.069375309211e+01 7.906518404028e-01 7.857648249389e-03   0.003806782930  -0.235210302957 7.767848728178e-02 2.312365444953e-01      51.0   8.01  54017628
2004 MM10     42.001103850257   0.373219539473   0.036909263543   1.553404318187   2.700752430010 -267.122773279829   1.017074492092   0.148242532271 -267.122773279829   0.019595461370   0.000761805133  -0.956983931651   2.917717228922 2.144430606803e+00 6.332389790086e-01 9.319451977305e-02  -0.158413132558 -31.001581836151 1.989503574325e-01 2.825451333027e+01      22.0   7.21  54028230
2004 MN10     40.081804756211   0.104405180635   0.083420768567   1.914978341172  -0.091194446735   7.005405078134   0.879054527957   0.133979183254   7.005405078134   0.879934333591   0.067924947674   0.579885749778  -0.229911594674 1.959377820522e+01 5.228524774875e-01 3.738916088429e-02   0.000473312702  -0.614789955543 5.059362988137e-03 2.830706436579e-01      55.0   8.02  54028231
2004 MO10     43.070756317841   0.435590202727   0.148076196410   4.710792597507   2.590063256137 -79.128207072559   1.026957448672   0.121833068464 -79.128207072559   0.156364163816   0.018263463738  -4.227980679171   2.172157077661 5.250624925640e+00 7.958948136932e-01 5.979263907439e-02   0.003529245736  -2.065363776916 9.674239115036e-03 1.852474047125e+00      51.0   8.12  54028232
2004 MP10     39.425889736353   0.206547013534   0.019350637371   6.173403062481  -0.589845224406  39.403783512275   0.200328648272   0.020202391738  39.403783512275   0.200190999175   0.019853450587  -0.183878914611  -0.489248144059 1.365955035967e-06 6.288843934306e-05 3.409253887028e-04  -0.749073221436  -0.371002613810 1.764194395548e-03 1.680658487754e-06      47.0   7.96  54028233
2004 NN8      88.847572220146   0.973602675436   2.870369579701   4.499618460735   0.917765373061 -737.520700872499   1.002793665707   2.960451146842 -737.520700872499   0.003115649626   0.000817897171  -3.575149500845   0.756203067783 1.514583508481e+00 4.470849540667e-01 8.023138068392e-02   1.355258173336   0.797199256719 1.253040703508e+00 7.009725684398e-01     292.0  15.30  50248721
2004 OL12     44.061457814028   0.010865707614   0.047090531019   4.952786501229  -1.774688790509  44.062884000028   0.008203641576   0.038158790696  44.062884000028   0.005650825333   0.037538661534   4.657415669252  -1.699059874997 8.407857984510e-08 2.021398216227e-05 1.888182221063e-05   0.395581236711  -0.394486849082 1.864763481960e-03 1.122178821839e-06      64.0   6.12  50250903
2004 PC112    44.551936902836   0.046095326916   0.025618077618   5.548870710631  -1.375106404625  44.550872813748   0.047247506692   0.018572249225  44.550872813748   0.047053976917   0.017377311569  -0.890020901259  -1.134995254840 1.456141328770e-06 4.772426673072e-05 1.214932272821e-03   0.382016939552  -0.379876941873 1.530632165663e-03 5.069813167055e-04      29.0    nan  50255373
2004 PE112    46.112750154584   0.004463741093   0.051989630032   5.548484564690  -1.391719046060  46.114180138201   0.007165588098   0.046570674524  46.114180138201   0.006600711483   0.046442681432  -0.127382347469  -1.332877954471 2.670534698139e-07 5.753921887283e-04 5.182854376827e-05   0.309189109849  -0.305435412006 7.188554303257e-04 1.710808175492e-04      31.0   6.72  50255375
2004 PF112    45.035397858146   0.084110298338   0.040915302437   2.078936766180  -1.941709204409  45.042626331404   0.103171144683   0.061123362974  45.042626331404   0.095265595374   0.060889755976   2.542254973467  -1.960260641479 1.832698536234e-04 6.421253971760e-03 9.926212803301e-03   0.365173204521  -0.377960881250 2.192183704226e-02 2.044192728494e-03      30.0   6.69  50255376
2004 PU107    45.159172510170   0.029448375368   0.088447478338   2.215374858380  -1.783178297014  45.164763350464   0.035617643213   0.083337133089  45.164763350464   0.035484149452   0.083139972239   2.166357232137  -1.744985983888 4.571641225294e-06 2.998261379974e-04 1.092862262776e-04   0.333432712243  -0.340477038211 7.104877852763e-07 6.867862501258e-04      29.0   6.74  50254553
2004 PV107    44.888184092377   0.124253961790   0.572649615863   3.256121920334  -2.224396729632  44.880081261039   0.146318808993   0.564181189088  44.880081261039   0.140517534249   0.535027024763   3.323046593091  -2.216889640276 4.169661819207e-04 5.336072361674e-03 8.550874258238e-04   0.054015674322  -0.194879859280 2.274804968398e-03 1.432634632974e-03       1.0   5.91  50259248
2004 PY111    44.490793492304   0.087035422188   0.152679585183   3.312787980636   0.351109574221  44.495507134938   0.093175761885   0.147724341896  44.495507134938   0.067786204304   0.147203773913  -3.044797932340   0.348177248082 1.292651533864e-04 8.972100358915e-03 3.874562545852e-03   0.315508914714  -0.373271876506 1.100756652596e-01 4.170197554395e-03      32.0   6.58  50255369
2004 PZ111    43.785673242987   0.127249053179   0.075785989513   4.878004039689  -1.209760560833 -208.649890996055   0.566634031934   0.166267533617 -208.649890996055   0.544935137934   0.072487305946  -1.915762331245  -0.194869315453 1.807905859309e+02 2.827337724640e-01 3.726257676047e-02   0.000130605562  -0.491923066921 2.724377640654e-01 1.033723859895e+00      32.0   7.09  50255370
2004 TB358    43.912464522602   0.076558338481   0.053649718035   1.515355065563  -2.722762732238  43.909608538290   0.082686825255   0.050183142331  43.909608538290   0.082302053450   0.049359804950   1.667857735246  -2.806786429084 4.094082776109e-06 7.377669943805e-05 1.180814132124e-04   0.425205791074  -0.427357929596 1.919621314004e-03 1.041387121469e-05      34.0   7.13  50272020
2004 TU357    48.781299259275   0.471084624161   0.126838059507   6.216523851777  -1.846164289730 -4979.554833321090   0.914353904303   0.702142585889 -4979.554833321091   0.890826740231   0.191382545474  -0.593460055622  -0.813396267670 8.090956124093e+02 6.666109213746e-01 2.226235079959e-01  -0.003455130661  -0.003037295180 2.339917695405e-02 3.124101793844e-01      50.0   8.14  50272018
2004 TW357    39.539922064259   0.189971201747   0.544822108265   0.184592278413  -1.167743914160  39.399019575190   0.128077657560   0.558933879926  39.399019575190   0.097876127541   0.495749615618  -0.129140625302  -0.730270381171 3.863670156119e-03 8.450286629542e-03 5.247485629756e-02  -1.192231590759  -0.263600186212 1.855249127347e-01 6.712789570483e-03      25.0   7.76  50272019
2004 UE10     39.494334629998   0.115312502245   0.313444147483   0.083221598404  -1.136640856946  39.407147668572   0.093225235175   0.311575833274  39.407147668572   0.092260501364   0.306605277482   0.070837097057  -1.137717604668 1.063923833101e-05 1.080462785454e-04 6.080446687914e-05  -2.780073006886  -0.375697786947 6.825538776318e-03 2.694244102404e-06      23.0   7.71  50272045
2004 UF10     39.486179107685   0.130422484006   0.116044835869   1.598524199850  -2.623374947114  39.406436056663   0.125420760013   0.109384936274  39.406436056663   0.125123625898   0.109070372672   1.606808999959  -2.669776755204 3.782159733816e-06 3.290015568627e-05 2.726858447486e-05  -2.078583962505  -0.422660475624 1.544306049813e-03 4.573222276893e-06      23.0   7.81  50272046
2004 UT10     48.010936202803   0.273677279904   0.263779958690   6.280245769150   1.446540361060  47.733677490221   0.254664064122   0.233672696136  47.733677490221   0.207791190905   0.210531736661  -0.345841422653   1.703453199730 2.722152672289e-04 1.646664765437e-02 3.428722755296e-02  -0.326909745898  -0.202844118426 2.237840686339e-01 6.046528219462e-03      58.0   7.04  50285427
2004 UU10     46.108829511240   0.003917538328   0.030830128982   2.341526963307   1.656184256248  46.108133345203   0.005492727886   0.036754750743  46.108133345203   0.004616334389   0.036566109000  -3.034605941076   1.580675495515 9.225516029093e-07 8.893457113099e-04 4.044690608508e-05   0.310322723490  -0.307578887494 3.636310936976e-04 1.772313845666e-03      58.0   8.76  50285428
2004 UW10     40.052196898474   0.261395203020   0.076264213822   0.029866227648  -1.610156602556 -178.378872809553   1.029577436612   0.261857140104 -178.378872809553   0.007071190186   0.001318470758  -2.697558082880  -0.183649107423 6.870433531597e-01 4.582365211331e-01 1.996914699781e-01  -0.315575421801  -4.844708717061 4.076726280805e-01 4.321118011796e+00      58.0  10.51  50300603
2004 VA76     43.915968975248   0.002779764311   0.009965888770   1.263892010531   2.581594820820  43.914442676566   0.008977031487   0.019838709810  43.914442676566   0.006477419240   0.018313941833  -1.818316386980   1.788091953200 1.870139696009e-05 2.419641169561e-05 1.854490020651e-05   0.406405031401  -0.403892836738 1.892571909923e-03 1.381883956825e-05       2.0   6.78  50272212
2004 VL78     39.348927850698   0.233757675807   0.349385458008   3.114955076684   2.123568938416  39.402245586064   0.257875374343   0.337060412829  39.402245586064   0.182631447666   0.329435825890  -3.131579613725   2.170534595859 4.394138103213e-05 8.907622625570e-03 4.679738113692e-03  -0.310949539326  -0.290723544157 1.659886564180e-01 1.442878831805e-03       7.0   8.39  50272217
2004 VM78     44.400190304853   0.002599456199   0.581234474246   1.736735475202   2.317781930890  44.402593304597   0.002419788065   0.582790543420  44.402593304597   0.002391749140   0.551177586424  -4.779396500435   2.316949977792 1.519825003735e-06 1.251974660260e-05 8.442272555094e-04   0.044614237298  -0.187789422926 2.620158429884e-04 5.808112944841e-05       7.0   6.46  50272218
2004 VN78     38.940859348281   0.170332174419   0.078977953298   1.881680850951  -2.760802516988 183953.397004102910   0.835646763193   0.070983413503 183953.397004102851   0.820999374283   0.044354699144   0.443955195636  -2.306384079343 1.068176487315e+05 3.923389901836e-01 2.810995804477e-02   0.000036473310  -0.613680332148 5.465592461331e-03 4.752978293111e-01      30.0   7.84  50263714
2004 VV75     39.802894132872   0.288562959424   0.172965619416   0.413916686416  -1.669206902497 -279796.848443869909   0.920763324128   0.140718442313 -279796.848443869792   0.874182269793   0.036448419441   0.885472512676  -1.985900708520 1.393639497404e+05 5.581828635782e-01 5.715041148163e-02   0.000014161623  -0.594606947231 5.622737689250e+01 1.554274497363e+00       9.0   8.57  50263251
2004 VW75     39.386185660617   0.229401120306   0.398362186084   0.205618669298  -1.325854522412  39.402597093536   0.197527419484   0.409880370357  39.402597093536   0.191842983786   0.398807751180   0.196619084779  -1.302973439015 5.374463803024e-06 4.336916412266e-04 4.254115338510e-04  -0.715848997857  -0.267615059055 9.196282387355e-03 6.787679750440e-05       1.0   8.09  50272208
2004 VX75     43.914404444926   0.122827809565   0.359523350587   0.211479988215  -1.279958407802  43.925719366894   0.128577261003   0.353166239205  43.925719366894   0.128721213080   0.346275961940   0.236628389536  -1.281981006733 1.622602961444e-04 2.710102363203e-04 5.771859851528e-04   0.187735588128  -0.298601739328 1.083361295001e-04 1.806957160879e-03       1.0   7.00  50272209
2004 VY75     45.606125707483   0.076352162892   0.240500302541   6.241238925264   2.175144737104  45.608332387078   0.075543875618   0.243699092546  45.608332387078   0.075551861546   0.241313617824  -0.062036054338   2.172753796701 1.871656170672e-05 3.292980657426e-05 2.816986106785e-04   0.225424341955  -0.284122160952 3.719231539495e-06 7.747205080239e-04       1.0   6.96  50272210
2004 XW186    45.946865398291   0.051186206967   0.019265639421   1.011310940833  -2.835072246460  45.944056656456   0.052262418820   0.018543225546  45.944056656456   0.052167947704   0.018034328440   1.221689983800  -2.997500754069 1.470791488336e-06 9.640141982592e-05 5.200900952297e-04   0.324040327297  -0.320395967883 1.401603434000e-06 1.003472755144e-03       2.0   8.70  50285429
2004 XX186    47.101298896614   0.004193437563   0.007607266508   5.746950465712  -1.340653665458  47.102246757628   0.006548908172   0.005165770644  47.102246757628   0.005932981701   0.003100495884  -0.390486419149  -0.925713605735 1.030844331561e-06 7.858634844574e-06 5.833520560837e-06   0.291569148700  -0.275306599047 3.848746023594e-04 1.658168495079e-03       2.0   8.64  50285430
2004 XY186    39.661921800988   0.140532313513   0.368338677929   0.001330151948  -1.582650545526 -402.212071508671   0.884094048038   0.211739818571 -402.212071508671   0.859615440375   0.047018721609  -1.091393646162  -0.909460951633 9.242633869746e+01 5.528424100709e-01 1.041086730715e-01  -0.003171783539  -0.415916216918 8.196633458812e-02 3.748533835447e-01       2.0   9.05  50285431
2004 XZ186    39.702421805283   0.343935662817   0.205583403053   4.698421012428   2.124297831085 -2276.467803078792   0.987374502062   0.037914530774 -2276.467803078792   0.971162665352   0.011701761875  -1.407211956525   2.228745374586 6.011036205794e+02 4.356305895790e-01 1.591044779401e-02   0.000000790083  -0.472916454404 6.439246800334e-03 4.160705750012e-01       2.0  10.03  50285432
2005 ED300    43.656332106304   0.087841585097   0.054589311998   0.582360125080  -2.753173167960  43.667358887101   0.088709624937   0.047092815317  43.667358887101   0.064090842633   0.046192927565   0.833081426920  -2.820909423607 9.378921764708e-04 1.501168639581e-03 3.021074960094e-03   0.300844574313  -0.440038130522 1.175215170981e-01 3.088408579376e-03       1.0   7.23  50282085
2005 EH305    43.782487318309   0.096018776688   0.130124748770   2.875651474564   1.653189231565  43.796167725766   0.093544180076   0.135311068881  43.796167725766   0.092817804061   0.134900560070  -3.270996662014   1.585668628319 3.766150835380e-04 2.131183539898e-04 1.731032590656e-04   0.406228755611  -0.410970143456 1.622081149794e-03 1.872304735856e-03       1.0   6.35  50282090
2005 EJ300    42.845017349965   0.006397202186   0.365257617757   3.111596310535   1.086752214623  42.843349518539   0.006721602231   0.369328967343  42.843349518539   0.006684389775   0.361062540854  -3.070029853424   1.081756964688 1.894046863643e-04 6.751237442050e-06 8.092097203075e-05   0.169064482326  -0.305254600357 7.656877751863e-07 2.055751518494e-06      32.0   8.05  50277462
2005 EK298    39.360579386723   0.131956402283   0.682547004052   4.741603483342   0.748617769651  40.014801336139   0.167536023601   0.671021714464  40.014801336139   0.135998550291   0.617118386791  -1.685809534128   0.915077742535 3.140948770233e-01 1.491075348115e-02 1.201661744701e-02   0.056239596551  -0.246742815111 3.526256918441e-01 3.328629759106e-03       1.0   7.49  50282084
2005 EO296    44.856041163531   0.093556802003   0.035148183990   0.474278082023  -2.917177486827  44.846437733902   0.090262231571   0.031215798348  44.846437733902   0.090162107396   0.030525585896   0.685343348221  -3.086614334043 1.021433045421e-03 5.548894611583e-05 8.932416341200e-04   0.380981411136  -0.383358150801 5.574547788057e-04 1.696870914452e-03       1.0   6.54  50282082
2005 EP296    46.527737243714   0.006572829544   0.037290913972   3.251902378722   0.934546908612  46.535705621122   0.010861678001   0.041372033635  46.535705621122   0.010495180640   0.041250050287  -2.675586269126   0.907564559730 1.016391412318e-03 1.667488710263e-03 8.265236688188e-05   0.295886883198  -0.291337245622 7.428764975320e-05 1.596513927045e-04      92.0   7.20  50282083
2005 GW186    42.888392158994   0.139784965341   0.041446316190   5.554780705572   1.410499412316 -342.499351020308   0.821166509472   0.108679448392 -342.499351020308   0.786143271221   0.054046626215  -0.741786294543   2.613208631773 1.209313282316e+02 6.025032265014e-01 4.502615103716e-02   0.798552704628  -0.536353243980 7.004171819228e-01 5.442881795680e-01       3.0   5.56  50277514
2005 GW210    39.401204932079   0.268002844854   0.423467226463   1.592941537876  -1.278298923484  39.401633723394   0.259423568903   0.423728435198  39.401633723394   0.255603089757   0.411106113681   1.490945374710  -1.288416609062 1.627011039170e-06 6.336629821069e-05 4.890704517554e-04  -0.284122255016  -0.284122255016 4.605878797012e-05 5.265128772490e-05      58.0   7.46  50286297
2005 GY206    39.412075740728   0.117518372206   0.323848075788   0.350739223605   0.897010000619  39.407248615913   0.098820997400   0.342117266649  39.407248615913   0.076781767870   0.274405582676   1.770085497792  -0.307500173294 9.760074674063e-04 8.034552087957e-03 4.362338523007e-02  -1.601863174632  -0.402263496775 1.746377463296e-01 2.653341853091e-02       1.0   7.72  50282411
2005 GZ186    43.478261101002   0.121902007972   0.126045074329   2.901240259208  -1.458419829833 -3062.449818703173   0.538135990248   0.152393661187 -3062.449818703172   0.504219366051   0.086510385413   0.017923535386  -0.951569719074 2.361007256521e+03 2.643637962134e-01 3.639899453997e-02  -0.002350376584  -0.479430707270 3.048697459460e-01 3.801640942039e-02       1.0   6.97  50277517
2005 GZ206    44.423856864509   0.105360402204   0.458701679267   2.841875678786  -1.212952022496  44.436272286914   0.112238200931   0.454219348275  44.436272286914   0.112249504480   0.439222671114   2.904504522605  -1.211899449842 9.732791273876e-04 4.930661806572e-04 7.404676335522e-04   0.140567885500  -0.237115428269 1.596838003967e-03 1.858311763567e-03       1.0   7.17  50282412
2005 JA186    48.061500825935   0.090806220079   0.074823070469   3.785068253704  -1.810714422741  48.042069021307   0.085661732511   0.070260020559  48.042069021307   0.085473501237   0.070164412840   3.672135146912  -1.787400823006 3.914225336225e-04 1.453462294076e-04 6.881468072784e-05   0.302912868171  -0.258294410318 1.463761849405e-03 1.941398568735e-07      18.0   6.61  50485918
2005 JO179    43.330393564447   0.041936380251   0.020341747681   0.468780779273   1.263327043279  43.330144755373   0.038145434388   0.036481880964  43.330144755373   0.037424685273   0.035192971459   0.513324921364   1.056530741651 1.675654063537e-04 5.361644475089e-05 7.114250119347e-05   0.442811228147  -0.441446437288 1.305133963720e-03 2.831764918898e-06      30.0   6.72  50286359
2005 JQ179    42.368899383388   0.037449551317   0.025693978232   5.918716641914  -1.016192488378  42.371400894878   0.057249801576   0.028401653964  42.371400894878   0.036347670796   0.019323467484  -1.998624772756  -0.263715807661 6.115876055217e-06 2.270998515371e-04 2.817305331911e-04   0.866364804249  -0.500500463920 2.475653977279e-03 3.522400248153e-04      29.0   6.33  50286360
2005 PD23     44.220260996423   0.009213380558   0.033401080605   3.458005728773  -2.700768670113  44.223262180215   0.014784408547   0.032732646937  44.223262180215   0.013981345879   0.032058205306   3.397445688881  -2.802490564401 1.444642449092e-06 3.819708258637e-05 1.730217957013e-04   0.389785900480  -0.387443002279 2.448189824142e-06 1.401215893300e-03       1.0   8.53  50328352
2005 PE23     43.936135352865   0.044600412667   0.381639852990   0.064059362677  -2.274742463190  43.935226727096   0.046395194071   0.378692773856  43.935226727096   0.046470781526   0.370179029427   0.060728973980  -2.274237071005 3.112283211024e-05 1.080786163250e-04 4.659252966755e-04   0.159319177612  -0.272127461928 3.389027203209e-04 2.448581994056e-04       1.0  10.49  50328353
2005 PF23     45.061629037958   0.087364298238   0.011996547108   1.488696317982   2.565885468340  45.037249793224   0.086499778690   0.019139287349  45.037249793224   0.086054828264   0.018056827254  -4.127872745692   1.991012568582 4.049082267766e-03 5.395841720722e-04 1.107356564276e-03   0.393872869744  -0.373352464920 2.231152816243e-03 1.281082020181e-03       1.0   9.68  50328354
2005 PG23     45.991028982446   0.177847334225   0.020325626604   5.649787902810   1.513569396601  51.058765606298   0.264627816780   0.071492981475  51.058765606298   0.208121111133   0.056817937740   2.310794496066  -1.909203857209 4.658146775942e+00 3.941795768682e-01 2.608355686076e-02   0.440164563626  -0.446234583724 1.534077944200e-01 1.340678196817e-01       1.0   9.30  50328355
2005 PH23     44.222510324952   0.060317232598   0.054225232184   3.016992706395   1.044530624918  44.224490919472   0.064476959003   0.066700775569  44.224490919472   0.064331322620   0.066371854423  -3.143967339879   0.994044109727 4.524560116540e-05 5.189769160610e-04 4.718484815592e-04   0.389193652452  -0.396746225713 5.647527984140e-04 1.910542285374e-03       1.0   9.14  50328356
2005 PM21     43.810523816243   0.137545606135   0.509093115846   6.162989153912  -2.083297758278  43.799753652099   0.148822799511   0.503869204434  43.799753652099   0.148927503004   0.482879357742  -0.089305175601  -2.084232733013 3.282395016704e-03 1.445345093050e-03 4.602572712404e-04   0.117874612753  -0.237159744404 2.833228039421e-03 8.616184172038e-04       1.0   6.56  50296560
2005 PN21     45.906828755156   0.003804111332   0.048698492740   0.077724687709  -1.904189821232  45.909085155332   0.007518943150   0.043631111069  45.909085155332   0.006920849199   0.043464963753   0.872810590401  -1.882400438880 8.121246834210e-07 6.100863653707e-04 1.515936854224e-04   0.316941320119  -0.314341064130 1.894671222103e-03 2.954235582885e-04       1.0   6.33  50296561
2005 PO21     43.446099656567   0.003687973903   0.035651224524   6.011135927368  -1.553838119535  43.448222298997   0.014304449851   0.025577211392  43.448222298997   0.012672077578   0.023955713025   1.197620511323  -1.358511671350 1.682573302296e-07 7.723665674922e-05 3.470911081618e-05   0.432311864744  -0.430017122324 2.578628198381e-04 1.871627333518e-03       1.0   6.86  50296562
2005 PP21     45.682597876259   0.092294931758   0.012038881243   2.383697862313   1.764633017472  45.679140066746   0.092418977388   0.020347882199  45.679140066746   0.092391661327   0.019662257048  -3.571497644570   1.477195576065 2.598938950546e-06 1.741822419465e-05 6.867509353224e-04   0.347430406004  -0.347427476597 8.841089991109e-05 1.059774350283e-04       1.0   6.55  50296563
2005 VX3     1023.108806411184   0.995974111428   1.985201080984   3.411141035439   2.569524061598 -3935.085413313541   1.000468217844   2.091267987486 -3935.085413313541   0.056743349841   0.018909948422   1.390558599564  -2.635832676681 3.383922092188e+02 5.983389078156e-01 5.362041706211e-01   0.052682129330   0.000022007743 6.329140766188e-02 2.102998590695e-02      81.0  14.10  50299834
2005 YL292    44.807736111647   0.151810141746   0.076263924629   0.511422358256  -1.171869343778 -3209.150327802425   0.475741391101   0.158140580649 -3209.150327802426   0.443960459449   0.087786771791  -1.714410519617  -0.200787903603 3.071006411170e+03 2.278966463107e-01 3.286365465286e-02   0.001036624651  -0.446685608014 2.674751039495e-01 1.894886941443e-02       1.0   8.43  50485920
2005 YM292    46.049332244506   0.023824013405   0.469284444949   6.248003733114  -0.611351003441  46.049325478274   0.024376457479   0.467813693271  46.049325478274   0.024406246431   0.451331890921  -0.052771923739  -0.610315416921 6.048228365572e-07 4.765479023054e-02 4.427727090571e-04   0.089233638256  -0.194885046962 4.395675912426e-06 1.586834590507e-03       1.0   7.40  50485921
2006 AO101    47.481492474485   0.364882559136   0.006584576108   0.199531921322  -2.974810657012 271.468794547962   0.812875438383   0.258582752563 271.468794547962   0.705052202898   0.227013590984  -0.743272907613  -2.082044147835 9.667559388326e+01 7.686095308223e-02 2.578103119974e-02   0.014085813790  -0.030618517367 5.449438777259e-04 9.012365406085e-03      51.0   6.53  50371176
2006 EX52     42.671923914464   0.939510809395   2.643082948231   2.813630744474   2.416193074082 -10902.138749195061   1.000097380431   2.568465774828 -10902.138749195065   0.008343473479   0.005192766080   2.986992526799  -2.917659258939 1.417457159517e+02 4.436432486588e-01 2.402226253240e-01   0.364597307550   0.364640706990 3.253185105711e-01 3.233248986891e-01     310.0  14.60  50327182
2006 HG123    34.409507574144   0.104789976074   0.477853404616   2.572951210027   1.796305742656 -5053.287596545130   0.873123994905   0.141694467547 -5053.287596545131   0.844449202473   0.090530057261   0.891652848515   1.935833899781 1.563079605083e+03 6.581071801369e-01 7.454423111002e-02   0.000004705206  -0.454641434059 1.182869060408e-02 3.619299195551e-01      55.0   7.58  50335776
2006 HO122    68.987894163535   0.496342472443   0.304331958300   0.688028543966   1.683725291854  69.316835152140   0.499972751914   0.302428027682  69.316835152140   0.454239501660   0.265715531605   0.397284985678   1.921407540245 1.997828691271e-04 1.313516259724e-01 2.244778134714e-02  -0.002348395478  -0.083273707060 2.926771884614e-02 1.214012281290e-02      57.0   7.97  50335714
2006 HS122    44.681836829982   0.371848839744   0.079741874758   5.581660949035  -1.913721536754  71.104032593335   1.002105058692   0.034350299408  71.104032593335   0.978325942312   0.026393567608  -0.932062838533  -2.144672317981 2.821463888537e+02 7.574432211008e-01 2.363330843691e-02  -0.003235877735  -0.528975479084 6.621499758506e-02 4.049647311382e-01     119.0   7.35  50335718
2006 JW81     44.637554338540   0.020962681692   0.039144343782   1.140773384644  -2.536625786252  44.637024493061   0.025418978589   0.036055422680  44.637024493061   0.025103451644   0.035558776356   1.346533809244  -2.581596582438 2.250392028454e-06 3.015209093749e-04 4.837932879501e-04   0.370808518082  -0.368654545422 1.884060092153e-04 6.615834434101e-04       1.0   6.98  50485925
2006 LM1      31.501249885825   0.882593117056   2.977345112061   3.497094005146   0.190951215592 -6157.583707820954   1.000754494168   2.839201348952 -6157.583707820954   0.001960399571   0.000568406501   3.112460017009  -1.512122213502 7.215017384611e+00 7.737364931252e-01 2.302482310982e-01   5.330028658731   6.882761926353 4.775166933319e+00 6.214903232006e+00       2.0  14.85  50335703
2006 OC22     45.164310740225   0.062769437380   0.017021046614   0.670841730379   2.707949955697  45.165500717872   0.059235335128   0.022890277414  45.165500717872   0.059146872109   0.022246436021  -5.235183343524   2.354924876210 7.068509740417e-06 1.015258691170e-04 6.649797645890e-04   0.356390424810  -0.354565838000 5.031872991486e-04 4.454615136790e-04       1.0   6.23  50485926
2006 QC181    43.939903275363   0.124663267894   0.385571112454   0.011922737230   1.287913580954  43.978279507214   0.132620321595   0.387043420564  43.978279507214   0.132625643398   0.377598491526   0.069875918057   1.285423976062 5.411933902475e-03 4.456053529358e-04 1.290276839615e-04   0.159059492268  -0.281765286465 5.467440868992e-04 9.397624531658e-06      60.0   6.64  50361601
2006 QD181    38.772255795929   0.026001679096   0.026022519651   5.893860082568  -1.383998393797  38.768994393140   0.028546160007   0.064932482076  38.768994393140   0.026076560100   0.058621780540  -0.201359042770  -1.953880498758 3.079804849600e-06 2.637749431102e-05 1.618790318242e-04   1.174058860066  -0.938322078781 1.522463126052e-05 8.898929287590e-04       1.0   6.93  50378805
2006 QK181    42.946267307831   0.124907934115   0.331341766977   2.921141420555   1.208482186437  42.950149326198   0.130419132024   0.334966659721  42.950149326198   0.130470984010   0.328798532858  -3.335804855424   1.203735634553 1.526582714881e-04 2.746683242994e-04 9.261026331201e-05   0.222097039854  -0.342826817172 1.305524003195e-03 3.177631960499e-08      59.0   7.33  50361605
2006 QL181    43.200248317841   0.099857138937   0.014195025250   5.597037093915  -1.447681425651  43.199832744938   0.107253139873   0.029559499253  43.199832744938   0.104470859701   0.020613727760  -1.707810382641  -0.357128025684 8.871402720924e-06 5.158218331516e-04 3.198460673363e-04   0.515613226350  -0.515357710494 1.041170073326e-03 8.667475345386e-03       1.0   7.27  50378808
2006 QM181    45.105791193874   0.054798730119   0.037476800030   5.808047674494  -1.641204634873  45.106470042724   0.055351774553   0.030312353782  45.106470042724   0.055244761606   0.029836277598  -0.494035450723  -1.555217543178 1.959560369142e-07 7.621756657959e-05 4.462695547084e-04   0.356872056797  -0.354615844648 4.160994356661e-05 1.870381246078e-03      59.0   6.68  50361606
2006 QN181    44.711393222283   0.132034313865   0.340966680925   3.217741590136   0.926334171523  44.721634067613   0.139760308207   0.341061863680  44.721634067613   0.139836525602   0.334898813007  -3.095161794567   0.923745750767 2.893274146557e-03 1.950933452646e-03 9.287490999073e-04   0.178515111080  -0.286123085265 4.779771353542e-05 9.212495410414e-04       1.0   7.48  50378809
2006 QO181    43.935579423589   0.031253469452   0.024462929181   4.591646395601  -0.378206000741  43.937466688199   0.034713673412   0.024866710064  43.937466688199   0.034261842884   0.023623011767  -1.763520315204  -0.102112481911 1.950602741373e-05 4.213092641524e-05 5.076451190198e-05   0.408572399128  -0.406350540761 1.896007093655e-06 1.947060552537e-03      59.0   6.84  50361607
2006 QP181    38.528499709029   0.043170718125   0.448486103568   3.225099125614   0.954432327182  38.522238841907   0.044201268880   0.454659166750  38.522238841907   0.044016700325   0.439431683771  -3.004251535826   0.968063834052 3.042534058787e-03 6.954456983942e-04 3.898389472161e-04   0.192545824160  -0.409715700580 1.385662102157e-05 1.070783891056e-03       1.0   7.00  50378810
2006 QQ181    45.091620027796   0.089230818733   0.016754344406   0.306800918368  -2.427201702028  45.087744623623   0.089154287499   0.012580077050  45.087744623623   0.089033566861   0.010410216192   0.508079849061  -2.589157116852 1.340498831856e-06 9.666675123088e-05 2.168064921009e-03   0.373510823805  -0.373153085429 1.936796115137e-03 1.439814606929e-03       1.0   7.13  50378811
2006 QS181    56.479352996095   0.421637634650   0.274459964367   1.414443632719   2.230665636314 173.750839641908   0.709282298351   0.213667579056 173.750839641908   0.530258386974   0.143972936615  -5.626796257219   2.836554462250 6.659151958257e+01 2.187412830198e-01 4.485499889902e-01   0.025789205032  -0.219302961358 4.673597459761e-02 1.471348160825e-01     121.0   7.98  50361609
2006 QU180    43.208690295109   0.005021379463   0.352891972321   0.299697499060  -2.428333770574  43.217077379453   0.005921368108   0.350028260255  43.217077379453   0.005869433336   0.342979706724   0.442514550479  -2.432796531089 3.131842878963e-05 1.672433658960e-05 1.439170091498e-04   0.183146702960  -0.302907704043 6.941141207303e-06 1.036526977114e-03       1.0   7.01  50378800
2006 QV180    44.755629827977   0.013185714551   0.220183965096   0.129257195223   0.225056342603  44.761293941327   0.016054033455   0.220905722754  44.761293941327   0.015945035275   0.219391876623   0.082871527365   0.227317039914 1.363422087682e-06 2.830967600206e-05 2.708911798166e-04   0.255947362951  -0.310999732344 1.304184523350e-03 1.001669169176e-03       1.0   6.52  50378801
2006 QW180    38.133918152779   0.195738172584   0.197729219766   3.054629586149   0.960536401293 -49072.809674585857   0.867787788769   0.037432210117 -49072.809674585857   0.846831044752   0.035607680437  -1.116178898214   1.029301691715 3.928510907186e+04 3.969254463514e-01 2.665883125247e-02   0.000000856905  -0.489824168838 3.139722928387e-01 3.528036128220e-01       1.0   7.53  50378802
2006 QX180    44.602429546779   0.064723458705   0.066512766370   0.354966195998  -2.592849918648  44.605769706830   0.061594965995   0.060043347648  44.605769706830   0.061481538057   0.059779742266   0.466285151762  -2.647656938484 1.177217689810e-05 9.189646808683e-05 2.200162081359e-04   0.372731542881  -0.377265541595 1.628317630642e-03 1.475965529567e-03       1.0   7.00  50378803
2006 QY180    42.136214484631   0.151945679747   0.052510303560   6.121417150708  -2.067308913896  43.281511884619   0.172189190133   0.134583860106  43.281511884619   0.133089131971   0.116654843843   0.209632784096  -2.014941828119 9.829580629706e-01 1.454266381967e-01 7.469329225400e-03   0.653419588677  -0.550526943343 4.085861056369e-01 1.112475144222e-02      60.0   7.20  50361598
2006 SL371    48.121130831174   0.271372883815   0.382286266029   3.504828086388   1.251930232578  89.380378288181   0.576393764271   0.288553188417  89.380378288181   0.502048183623   0.225550490804  -3.086429680074   1.280122641048 1.893059189039e+01 2.765714342440e-01 2.198325689242e-02   0.025516286635  -0.037641168775 4.969295981643e-02 1.589261147164e-01      36.0   7.67  50358702
2006 TM130    43.695304034755   0.198565921727   0.119427188252   2.875020457398   1.646824827538  43.668945378548   0.206545282629   0.109321791643  43.668945378548   0.204341695678   0.108565580437  -3.690701025505   1.877572086386 2.491870686814e-05 4.436374558021e-03 2.214089852528e-03  -0.463121419528  -0.351142256289 3.948686784937e-03 9.009649736647e-04       1.0   7.87  50485927
2006 UK321    44.161993982897   0.034740949936   0.036162908858   2.788986546547   1.277428296302  44.166780836262   0.036163137707   0.046557595007  44.166780836262   0.035896451646   0.046130768723  -3.225200360525   1.161823345629 1.462572074035e-04 6.982384709766e-05 2.031938270416e-05   0.392026280073  -0.392188114999 1.906948158581e-03 1.855088708652e-03       1.0   6.56  50378812
2006 UM321    44.836723469591   0.013044454296   0.055869345100   3.316241883693   1.018358887072  44.838572445905   0.015906520699   0.062556028005  44.838572445905   0.015480507904   0.062337641742  -2.659239874427   0.977976650263 5.343821135291e-07 4.424143009662e-04 1.797376878804e-04   0.352223248326  -0.354582023193 9.668835561171e-06 1.702820695619e-03       1.0   7.77  50378814
2006 UP321    39.653513963142   0.142241571673   0.214718356967   1.981568621039   2.596046363072 -1236.098419903281   0.818273879876   0.282190810730 -1236.098419903281   0.743646444186   0.087113740083   0.886249118297  -2.992453711178 5.765119710228e+02 3.717831427913e-01 1.186326889050e-01  -0.002478436357  -0.807147981204 6.767824503593e-03 6.342971831644e-01      59.0   7.05  50378817
2006 UQ321    43.577817399325   0.145863056011   0.058414628119   2.900437860151   1.890226248910  43.669704385355   0.135511151807   0.085246732014  43.669704385355   0.103979491357   0.081427078659  -4.089552783372   2.235608222639 7.177596474705e-03 1.015418948274e-02 2.737403850647e-03   0.673364020660  -0.483109437738 3.236799296756e-02 3.664870320617e-03       1.0   7.71  50378818
2006 UR321    39.479051300560   0.221391737420   0.030379181587   4.419958240304   1.075617989137  39.403677043054   0.214146483439   0.034645431910  39.403677043054   0.213754395426   0.034183160781  -1.931441965088   1.139502602484 2.349253692933e-06 1.656635430250e-04 2.485903620748e-04  -0.609918976369  -0.371003007996 1.309117387375e-03 1.474315059590e-06       1.0   8.51  50378819
2006 US321    45.200166678173   0.108830195898   0.022378441732   3.737386115207   1.887305598088  45.200144754339   0.113761377513   0.026056624588  45.200144754339   0.113690334864   0.025091644701  -2.227631342499   1.612473913051 4.423299875954e-06 1.375194759796e-04 7.733626886810e-04   0.378578920398  -0.382752165535 1.698823441516e-03 1.782928383215e-03       1.0   8.53  50378820
2006 UT321    38.826284910687   0.265343940559   0.068611557868   6.089408588240  -0.454075114350 -59419.758008426768   0.972955933736   0.169505509559 -59419.758008426783   0.315315023789   0.061195793069   1.641723534735   0.425628240863 2.493334288691e+04 3.856003228359e-01 6.515556079961e-02   0.000112992330  -0.003025733981 3.095457168579e-01 3.069213639369e-01       1.0   9.41  50378821
2006 UY184    44.599712148102   0.114869142224   0.005155014500   6.189140459592  -1.278504713725  44.599508551063   0.123162720402   0.014339095250  44.599508551063   0.121487687815   0.007421584639  -1.479979094860   0.201121038417 2.320947548392e-05 4.268718192911e-05 1.618345417727e-04   0.450840145972  -0.461205671241 6.035375047745e-07 2.750516714983e-03      83.0   7.07  50366028
2007 CK66     45.217186798452   0.180009199352   0.058782389484   3.288877776189  -2.738461104937 -482.481153150146   0.921099510962   0.279068242567 -482.481153150146   0.905733936358   0.075115070702   0.479116442292  -0.188284752830 6.936531948968e+01 4.156882983095e-01 1.902250369745e-01   0.450163264324  -0.003286738647 4.418722979404e-01 2.051326455090e-02       1.0   7.71  50432685
2007 CT79     43.222399466739   0.144208659756   0.417508309605   0.055253882732   0.434902166251  43.229536425224   0.154084138265   0.415766880262  43.229536425224   0.154299289053   0.403885667685   0.130640149437   0.427656581454 1.510105840057e-03 1.024604734205e-03 4.229656863037e-04   0.153921930513  -0.293514897896 9.801126788770e-04 1.527157101455e-03       1.0   8.23  50485931
2007 CU79     43.188595125197   0.026045485889   0.024492975386   1.256883028610  -0.844628109726  43.190550376502   0.033685816969   0.018832383704  43.190550376502   0.032718158380   0.014820680766   0.851100863620  -0.425808793195 8.137121361167e-07 7.353613668904e-05 8.673250304496e-05   0.453186746574  -0.450842562347 5.943473324074e-04 1.523743171715e-05       1.0   8.19  50485932
2007 CV79     45.326653596561   0.028332914978   0.043176948479   3.306497124064  -2.815277835196  45.328683453298   0.032373943273   0.043228858595  45.328683453298   0.032207210387   0.042982298944   3.367760612520  -2.879644874548 2.652200350884e-05 1.428713823333e-04 2.343904135333e-04   0.340459771812  -0.338227873728 1.712792634497e-03 9.309893342014e-05       1.0   7.74  50485933
2007 CW79     42.953385438021   0.017132669192   0.014542262191   1.959604086892   1.901479235599  42.953152460842   0.018567516210   0.031632477169  42.953152460842   0.016757109427   0.029725733947  -3.362322384201   1.365682409037 3.168828718845e-07 1.336134506442e-04 6.106621273062e-05   0.460142686815  -0.460478724164 4.982660261982e-05 2.341453769333e-04       1.0   8.20  50485934
2007 CX79     44.570567052677   0.078729504078   0.432065531274   6.221620551830   0.613994778595  44.560311912170   0.082787021777   0.432779085443  44.560311912170   0.082739430880   0.420108818848  -0.063688465284   0.614993311214 2.378692112828e-06 2.034306797914e-05 8.626968054851e-04   0.131494660566  -0.237829107938 5.357042146582e-07 1.582352985683e-03       1.0   8.07  50485935
2007 RN314    44.557233618702   0.043730882046   0.393661384313   5.541217083600   1.656318787796  44.562686172366   0.044615664465   0.396945286034  44.562686172366   0.044600214516   0.387010654671  -0.729353264889   1.652685242498 3.679801854493e-06 1.178715443589e-05 4.004221285237e-04   0.140887006734  -0.248850467475 6.964722050440e-07 4.874017329995e-05       2.0   6.49  50485938
2007 RO314    45.046194995663   0.097619162264   0.260096491299   2.040279537234   2.088714017193  45.043134221417   0.103180016259   0.262804988312  45.043134221417   0.081846637323   0.259824043884  -3.991207717736   2.111977860970 1.046759464446e-04 8.012217225984e-03 1.072184451540e-03   0.217295541700  -0.301766441354 4.645674349441e-02 2.417071424417e-03       2.0   7.72  50485939
2007 RP314    44.626048095852   0.122633334580   0.239500030686   1.380726771181   2.764856899306  44.624820584473   0.120694101034   0.244417034975  44.624820584473   0.120712599934   0.241984719764  -4.932489796772   2.764347868321 7.009811874828e-05 1.705373596069e-04 7.592273708237e-05   0.260750336588  -0.331084601047 1.933684261748e-03 5.165817167170e-04       2.0   8.22  50485940
2007 TC418    46.982355794594   0.192267518244   0.173806687361   5.698498841477  -1.005690336101  46.988926628124   0.200429012145   0.171492473739  46.988926628124   0.200018764649   0.170700302104  -0.612462304993  -0.982946205996 1.486541709966e-04 7.700826019591e-04 9.735601404152e-04   0.324048918219  -0.342824050036 7.207373468323e-06 4.308124633332e-05      42.0   7.59  50398626
2007 TQ436    39.191497252784   0.240708207183   0.160307228520   0.152912799472  -1.765961451957  39.404187300428   0.237370591482   0.152788457751  39.404187300429   0.215219371426   0.151880653843   0.292739122303  -1.734074855137 9.266293066738e-05 1.602238604698e-02 9.061934021333e-03  -0.273532248194  -0.419122021154 1.418619170775e-02 2.918788740637e-03      54.0  11.18  50427775
2007 TR436    62.956664437654   0.594987169572   0.552785394488   3.084519122565   1.581490585019 -2098.144002016478   0.904736642627   0.473934871016 -2098.144002016478   0.861903535892   0.162559744982  -3.726502384950   2.305058572060 5.175120339146e+02 4.001566196720e-01 1.950580199097e-01   0.000003661275  -0.109645925630 6.002218253310e-03 1.052781578170e-01      31.0  10.66  50427776
2007 TU431   192.793098348653   0.891961872290   0.118189991066   3.706480711665   1.772045587593 -32829.958535014805   0.993197446819   0.068872753113 -32829.958535014790   0.995426352976   0.028173777323  -2.431585750248   1.642793037364 9.282590322507e+03 8.877455822228e-01 3.259707770074e-02   0.003632472380  -0.002960081209 1.871223585132e-01 2.064994428918e-01      54.0  10.39  50423322
2007 TW431    45.964855672861   0.169054221719   0.453109456592   0.017645324594  -1.651243329276  45.956587714235   0.173568040619   0.449081123542  45.956587714235   0.170699745638   0.434900072854   0.135764723338  -1.658076092406 4.135971789059e-03 2.374161598899e-03 1.186800821518e-03   0.106993834154  -0.219906594580 2.363761100785e-03 6.939252873300e-04      20.0   6.58  50424235
2007 TX431    47.893630340267   0.442082045386   0.298022726907   3.741984091297   1.909349694739 -3682.722622033022   0.943745379707   0.069414451321 -3682.722622033024   0.939580371767   0.040446503734  -2.537915627685   1.980081541234 1.839489518543e+03 5.966308609142e-01 3.173328812517e-02   0.008249587695  -0.154255850410 8.333911872655e-03 1.151124258641e-01      53.0   8.81  50424236
2008 BN18     30.814501984486   0.915177472026   0.488857604822   4.881958460708   1.115117515896 -2767.972954513658   1.000922708398   0.857840914458 -2767.972954513660   0.008751042951   0.006433687968  -0.252411703539   0.158104875675 1.297736098149e+01 7.693407719731e-01 5.807223852694e-01  -2.410676242725  -1.461816629136 2.161443135501e+00 1.304245239861e+00      25.0  13.80  50401345
2008 LD18     39.923658162451   0.300705172290   0.227159668643   2.111600916264  -0.022041571368 -14457.925437533451   0.933259202640   0.221048290273 -14457.925437533460   0.910959099545   0.042019201484   2.204890863039  -0.077726288743 2.190554084631e+03 8.112821050522e-01 3.876052697629e-02   0.103852100493  -0.196782809991 1.595761547762e-01 1.113129407934e+00      77.0   8.37  50603612
2009 DD47     42.883653477500   0.948289867254   1.861903223894   5.447654528478   1.145556391157  -7.133096641887   1.645807176965   2.581749197697  -7.133096641887   1.514238895663   0.242826952886  -0.605473933133   1.051652523671 8.665195073801e-02 4.768690512640e-01 1.646614172302e-01   0.001921718979  -0.002481133353 4.873099257198e-03 4.848531041532e-03      28.0  15.81  50449135
2009 DK143    43.615952292566   0.174329370929   0.152514143569   0.456064414556   0.004540555278  43.669157564286   0.136987033539   0.167763898309  43.669157564286   0.109772265748   0.166455281565   0.434442404718  -0.124543612422 5.438071108405e-05 8.329341904982e-03 1.713472712582e-03  -0.450169241287  -0.369830818992 2.767552079736e-02 3.303061869205e-03      33.0   9.03  50587900
2009 DM143    54.512158376475   0.341950187577   0.263447361920   0.281084950396   0.733012569756  53.999376289817   0.349913952905   0.245120789006  53.999376289817   0.317594767129   0.227509313701   0.379678593332   0.650608767301 4.372083767134e-01 1.269772882516e-02 1.755799583757e-02   0.172123417260  -0.228464804388 1.847742226398e-02 9.351339308188e-03      72.0   9.48  50587902
2009 DO143    44.184937566899   0.119112495269   0.179511836405   3.863139044479  -0.649368520304  44.191108490302   0.116587284301   0.172744952271  44.191108490302   0.116483624050   0.171973593268  -2.434877015184  -0.622617769226 9.236473927437e-05 6.398266832446e-05 1.346636073904e-04   0.336207171673  -0.387089802256 1.786486052727e-03 1.838620775683e-03      68.0   8.86  50587904
2009 DP143    43.694211280914   0.105911128419   0.257589104702   2.959082266926   0.642430871627  43.668626746521   0.179213920982   0.187034430384  43.668626746521   0.156678817101   0.186102908757  -3.476411824829   0.672099405800 1.154126619950e-04 1.713612542393e-02 1.483395718649e-02  -0.336927754615  -0.339013303356 2.868041326129e-03 4.783699645488e-03     100.0   8.35  50587905
2009 DQ143    44.342784444487   0.265906320523   0.181034488883   5.001059098568  -0.923880896296 -785.611798390367   0.980217025063   0.146291656924 -785.611798390367   0.109330987698   0.008432259137   3.893758381832  -0.872752586753 3.157571850870e+01 8.859999574873e-01 1.223812352853e-01   0.005887330358  -1.928262402016 9.129720169424e-03 1.720337107508e+00      35.0   8.08  50587906
2009 DT143    38.313739905222   0.125144373470   0.511242445476   1.484187649285   1.049273081923  38.372943814868   0.115264514156   0.519817641881  38.372943814868   0.100903999256   0.497206034967   1.170064570845   1.031653566560 6.686967363112e-02 8.957622941593e-03 1.077063402016e-03   0.142648288736  -0.375833808300 5.148181987917e-03 4.068092952011e-04      64.0   9.90  50587909
2009 JC19     50.921933871951   0.330605189660   0.539771415676   0.731731983775  -1.353525527017  50.756465997867   0.324560406448   0.542164202607  50.756465997867   0.277537684236   0.498983427100   0.829996912382  -1.362118286954 3.719416681797e-02 2.055586928962e-02 7.833658372994e-03   0.059479036479  -0.157598586077 8.331968592519e-03 3.731713695224e-03      11.0   7.57  50587919
2009 JF19     44.105027336806   0.301891534483   0.263416256480   0.454611666709  -0.907211163325 -105.740450012397   0.988811068446   0.306045116645 -105.740450012397   0.956768394416   0.051875761361   1.067273308656  -0.628876972830 2.426577801337e+01 8.374900868509e-01 4.460344570736e-02  -0.003521417241  -0.469885603759 2.559196388222e-02 3.613549451601e-01      11.0   8.46  50587922
2009 JT18     44.116350437850   0.270176541262   0.302658809548   5.508461588924   0.413627347820 -1084.523753059523   0.655446468422   0.219684351276 -1084.523753059522   0.579577617100   0.145975033020  -1.113114288929   0.874410372599 7.646356259288e+02 3.269718458851e-01 9.415915435886e-02  -0.002348804366  -0.405528490574 1.338889730625e-01 1.775897631280e-01      11.0   8.66  50587910
2009 JU18     56.360080978956   0.317870911867   0.472953110998   1.812241747580  -1.451139072021  56.367107785176   0.310622129213   0.476619685840  56.367107785176   0.312090205085   0.460594211333   1.834200899952  -1.449156802965 1.734167255344e-04 2.497863453280e-03 3.001272988041e-03   0.058591572794  -0.114593734724 2.256859601996e-03 1.753892659195e-03      11.0   8.52  50587911
2009 JV18     45.054966297837   0.148504962128   0.209316278256   3.826652909918  -0.089779678704  45.001571401184   0.143116334295   0.204496170464  45.001571401184   0.142352013286   0.203141402350  -2.313861631698  -0.105038635097 1.002029651402e-02 3.979622314909e-03 2.272559379437e-03   0.322680707197  -0.350875130277 9.736317327323e-03 1.288822583651e-03      11.0   8.32  50587912
2009 JW18     46.165785581404   0.111349779054   0.291839979069   0.846586183048  -1.066255239709  46.171726595450   0.111927807406   0.288172548016  46.171726595450   0.112125388585   0.284202021657   0.841206567196  -1.063074533359 5.714122831320e-06 2.745332700715e-04 2.986722167313e-04   0.190926562214  -0.260641076671 1.529931876202e-03 2.505320447151e-04      11.0   8.61  50587913
2009 JX18     37.574631921842   0.462010452578   0.342255194272   4.107198485277  -1.239002289645 -56906.575041062017   0.937340070988   0.185732466387 -56906.575041062009   0.825146191320   0.068854933930   4.112302540880  -1.079244231362 2.540053137467e+04 5.254985702943e-01 7.230753954103e-02   0.000149643619  -0.151399040155 2.796537781742e-01 3.331575369239e-01      11.0   9.84  50587914
2009 JY18     54.172214399144   0.440729258274   0.382354228205   4.027262885974  -1.324154464859 -23077.304981328696   0.938882782990   0.197243279929 -23077.304981328700   0.924294327580   0.059068701673  -1.636581986178  -1.449831041425 7.546456379973e+03 8.188607173422e-01 5.275850684451e-02   0.109260430039  -0.213045741981 1.956084703730e-01 1.045215616230e-01      11.0   8.71  50587915
2009 KA37     55.302702363288   0.398719802778   0.240537617317   1.993671979204   0.397302005191  55.389489922959   0.407744284761   0.228084633677  55.389489922959   0.317313091272   0.224517219748   1.645747775998   0.282493076252 1.199569528400e-04 2.186900755609e-01 1.354019136396e-03  -0.030765922572  -0.164004170455 1.607739306381e-02 8.583771096216e-03      28.0   8.68  50587930
2009 KJ30     46.343273942634   0.185356173866   0.556913887872   6.149301402917   2.566881028744  46.348412305488   0.193041932596   0.555665911868  46.348412305488   0.194055781322   0.528632979073  -0.127493404072   2.565472180151 7.451088881888e-04 1.538228915715e-03 1.654889677566e-03   0.054000113520  -0.181181023239 2.002132291668e-03 1.822055326283e-03       2.0   8.34  50464007
2009 KM30     41.576490022899   0.003748308539   0.069348811682   3.747335982343  -1.859116644603  55.589367087613   0.332180252891   0.137556426553  55.589367087613   0.291599197864   0.088970561299  -0.477763433478  -1.986579678478 9.545784554825e+00 1.167081362152e-01 2.856596256375e-02   0.159251054148  -0.580513286587 1.646636283658e-01 2.879197090469e-01      53.0   8.93  50464010
2009 KT36     43.426713600340   0.364547615208   0.512580996901   4.613799823100  -1.368122979219   4.031762516562   1.213467377856   0.209129814900   4.031762516562   1.171730688175   0.143114523579   0.746895797965  -1.183934751469 1.097504198224e+01 2.748733791711e-01 9.150680317764e-02  -0.002644441077  -0.361440179449 4.987610245458e-03 4.151673554700e-01       6.0   7.71  50587923
2009 KU36     42.858601670243   0.160592949498   0.333991221562   0.941142463190   0.666352133899  42.827256804018   0.166858192184   0.334698148007  42.827256804018   0.114575845515   0.328950986332   1.176609741053   0.665304313553 7.307409647758e-03 1.616194721336e-02 1.590406052803e-03   0.263829618960  -0.366157928628 9.912042659913e-02 3.355972114583e-03       6.0   9.25  50587924
2009 KV36     42.974921707930   0.036618642003   0.257812051761   4.184848736712   0.410656547676  42.978065471210   0.036972662178   0.259953435347  42.978065471210   0.036921487855   0.257104292463  -2.036982867532   0.408526255237 6.107116186327e-05 2.923683021746e-05 8.099569003860e-05   0.265349855363  -0.361613536289 1.655376918066e-03 1.570609545885e-06       6.0   8.16  50587925
2009 KY36     51.873176923693   0.463462014558   0.427804044728   1.210279016590  -1.347956298364  85.430954011696   0.608119738453   0.496897565286  85.430954011696   0.560370455087   0.422295718963   1.361831560141  -1.464135813236 2.961201140386e+00 3.620509310502e-02 8.454603385551e-02   0.021014681068  -0.049932059462 2.072984610017e-03 5.296644317165e-03      28.0   9.18  50587928
2009 KZ36     48.301440647101   0.585252502112   0.281403824007   5.773888780778   0.627507148065 -57969.154172307834   0.966316095711   0.123178050900 -57969.154172307812   0.957722778753   0.025736619994  -0.725296175389   0.781687157160 1.864818087716e+04 7.421322217688e-01 4.522730639652e-02   0.000001638201  -0.292374391035 1.792801398887e-01 2.454783389902e-01      28.0  10.32  50587929
2010 EB46     34.892981230622   0.956755990832   2.722936367337   0.392424581509   1.131678304095 -6674.884521865210   0.998564212792   1.329954499829 -6674.884521865210   0.015660469393   0.013302323404   4.486735645493  -3.139068530525 8.559581032131e+01 6.228001575640e-01 6.042757151556e-01   3.518268701510   3.545676945617 3.157716489349e+00 3.166016327899e+00      62.0  19.35  50512062
2010 GS136    35.805511471635   0.819607280682   1.471474932183   5.735852668940   1.670532243778 -41.599704489370   1.095051700177   1.309859808304 -41.599704489370   0.053365567237   0.076455841528  -1.399069847524   0.632597154393 2.493212739577e+00 6.627526242431e-01 5.635940121349e-01   0.000061641377   0.004306799643 2.421995311092e-01 4.261026682422e-02      15.0  12.60  54422755
2010 GW64     62.060399245841   0.940191051702   1.864513594651   2.671199007016  -2.895116405400 -361.777719840480   1.005023595903   1.867295563675 -361.777719840480   0.011832391615   0.014649965033   2.381433778469  -2.599041295356 3.408555875422e+00 1.093987186480e-02 1.428811097863e-02  -0.700642129404  -0.209995200599 5.869217610506e-01 3.030633254761e-01     252.0  14.90  50516425
2010 HD112    44.519705993370   0.030959942997   0.095311621570   5.308043827522   3.048193411453  44.516828779062   0.033848253181   0.099757496684  44.516828779062   0.033664619563   0.099523712898  -1.080162627288   3.017099003642 1.140686918678e-04 1.219415087550e-03 3.680090212269e-04   0.352222794723  -0.363959148126 1.006125748596e-05 1.070926093329e-03      50.0   6.46  50540772
2010 HG109    39.825314817351   0.233162955165   0.495308376392   3.258436849227  -1.088052068171 240.733128974777   0.831154016198   0.343179808267 240.733128974777   0.781876181060   0.273067739236   3.807236502499  -1.057384220556 7.373389143478e+01 7.652212886085e-02 2.459240118975e-01  -0.002472662670  -0.037839067703 5.765080438341e-03 1.854461620514e-02      49.0   7.34  50532433
2010 HM23     32.340445571858   0.579499706711   0.118745534809   5.383307158234   2.738698840983 1350.363291732022   0.792814661573   0.352678313807 1350.363291732022   0.741974889676   0.213764390172   5.092027118900  -2.879989256963 9.755806508375e+02 1.754333048345e-01 7.237681985423e-02   0.000795181624  -0.185584425817 6.022762102162e-03 1.145644681071e-01      50.0  10.92  50518386
2010 LK109    45.127195264515   0.073708091514   0.123539866546   1.345383568367  -1.231439856930  45.125084194566   0.076914092870   0.117136043846  45.125084194566   0.076961405731   0.117021727767   1.328306711201  -1.193880993809 1.228522997346e-06 1.288855497474e-03 8.400352494848e-04   0.326705030378  -0.345197847774 1.616429271704e-03 1.730454457852e-03      85.0   8.90  50532422
2010 LP68     36.405725103140   0.059791801048   0.212943861411   4.795447453167   2.752422341560  36.433383492168   0.074605798900   0.193020093539  36.433383492168   0.052319056682   0.158399209246  -2.142868915942   2.958018377998 3.997832626175e-05 1.058224471220e-03 9.984759483816e-04  -5.272597014395  -0.635004169894 4.736151307736e-01 1.003767657944e-02     358.0   9.10  50529705
2010 LQ68     44.266908454473   0.186870754373   0.082434346385   0.234814628719  -2.924032351656 121.297136875671   0.618790020579   0.191466552003 121.297136875671   0.531250505044   0.145450293715  -3.683409622772   0.702160913518 4.457291066412e+01 1.456064598229e-01 2.683504575759e-02   0.052069185919  -0.156280504146 1.628831756101e-02 2.793802665106e-02     358.0   7.60  50529706
2011 GM89     52.790047265583   0.302856611739   0.300310722281   0.397628161463  -1.554789063784  52.898537269927   0.278033903245   0.315374776024  52.898537269927   0.234960216747   0.311199832511   0.188537370792  -1.550379396770 1.223701329269e-04 1.964959590379e-02 6.986205609401e-03   0.056063833110  -0.172037852730 3.423571326803e-02 3.248296451348e-03     355.0   7.10  50757929
2011 HD103    44.079084538191   0.257401461702   0.073384185503   5.215985969979   0.323980098914 -831.377937590101   0.842640321349   0.246682699868 -831.377937590101   0.802037913924   0.124368868656  -2.082037740368   1.931654854065 2.810201946733e+03 1.515987888753e-01 1.308348263983e-01   0.000397881002   0.001207773332 5.015548461877e-03 1.219591944873e-01     358.0   8.40  50630841
2011 HL103    42.273279416586   0.158795278877   0.224753148462   3.781464030990  -0.072990196577  42.271940853471   0.160111877982   0.223148707583  42.271940853471   0.160042279659   0.221324277289  -2.504404180968  -0.064115495124 5.563188464998e-06 3.180295567431e-04 1.836120020422e-04  -0.888879897655  -0.331087706389 3.606028353777e-03 1.339469495940e-03      65.0   7.94  50673767
2011 JD32     51.398853334083   0.353632915899   0.197272244945   3.712603347728  -0.023357514771  50.755314048340   0.323208995793   0.229009883898  50.755314048340   0.260588522180   0.186518070784  -2.642955349163  -0.081955134826 1.207095386529e+00 2.600058972490e-02 2.324109412348e-02   0.218607059404  -0.301599446993 4.773815847302e-03 4.204097117885e-02      63.0   8.72  50673768
2011 KW48     37.396064321812   0.133711009613   0.086006211209   0.590707658068   2.631082814397 -2459.638279046965   0.621980942704   0.199169170923 -2459.638279046966   0.573394433095   0.145700895789  -4.230967053307   1.246854154896 2.318006689432e+03 1.776027357137e-01 3.841754660560e-02   0.000834753612  -0.624383879141 6.653763701743e-03 2.058325913985e-01      34.0   8.81  50673769
2011 UU412    38.598638872336   0.150389646475   0.405245410168   0.200905024326  -1.497272868456 140.795906736997   0.359337110738   0.226176401118 140.795906736997   0.312989750113   0.169060140028  -0.579373912270  -1.187810988054 9.182312305938e+01 1.746964265455e-01 4.903694590694e-02   0.906772094493  -0.476713690474 9.518571960815e-01 3.960476594188e-02      36.0   9.76  50696109
2011 UV412    48.692968505035   0.302500635987   0.212981414876   1.002686834029   2.067696035801 -50.337174712639   0.821648071242   0.204334266980 -50.337174712639   0.775818301768   0.078967442425   0.930056542138   2.199896982747 5.248245104514e+01 3.928270750367e-01 6.736261320349e-02   0.000086206060  -0.352716786720 1.167216882079e-02 2.739138660132e-01     305.0   8.00  50696107
2011 UX412    44.064965334252   0.085105853402   0.532677753300   5.517259826121   1.948997249733  44.060830054720   0.086394095810   0.534654914751  44.060830054720   0.086591629983   0.509784156726  -0.772538702056   1.948695498743 5.889687254505e-05 1.783450716645e-03 2.518867495998e-04   0.068092000413  -0.211332627703 1.796684002681e-03 9.510745145879e-07      37.0   8.14  50696110
2011 UY412    42.781043517950   0.025485163180   0.142291274902   0.525627531515  -1.792456794521  42.777024822749   0.028093744875   0.129066111330  42.777024822749   0.027443274919   0.128684224452   0.705785987285  -1.793531536287 9.605088093033e-07 2.114055749289e-05 8.104523454496e-05   0.406126042365  -0.443423959042 1.215328498996e-03 1.824130946227e-03       7.0   8.91  50696111
2011 WS41     36.329442508452   0.942548778857   2.445313094385   5.704714837084  -0.033424780260 -451.265391003273   1.001493806164   2.325873144067 -451.265391003273   0.015059482403   0.012261844060  -4.205421505644   2.658548884910 6.554215848333e+00 4.414052472786e-01 3.204632394631e-01   1.326133638393   1.395719919136 1.180066612366e+00 1.242958108949e+00      20.0  17.50  50589249
2012 FN84     52.756904962863   0.352891155905   0.163072355172   0.933884692026   2.929949466855  52.899220508248   0.347900441002   0.175588464998  52.899220508248   0.294807928887   0.170338756979  -5.693218988006   2.864247718459 3.043682326449e-05 4.010662152191e-02 3.042694473433e-03  -0.074958728316  -0.170890487437 1.310665239178e-02 4.655760447843e-03     119.0   7.90  50757942
2012 HD2      60.624332294297   0.957860045486   2.561176945953   3.542358016780  -1.453828472635 -2392.062947298514   1.000926496883   2.559919336141 -2392.062947298516   0.002675385667   0.001561916514   3.158660953447  -1.570694769860 7.856814037390e+01 7.732833331787e-01 4.244821423461e-01   1.200383305237   1.095132390309 1.071762021052e+00 9.829817887426e-01     302.0  15.30  50602757
2012 UU177    43.568792124173   0.039999322632   0.309980434074   5.041488041876   3.067921285672  43.567526335557   0.036813019568   0.311049300263  43.567526335557   0.036820232432   0.306106148904  -1.268160180182   3.070079125766 1.826624303207e-06 2.993707324838e-05 3.635211087174e-04   0.230534160288  -0.312300316104 4.006468383569e-04 1.077477667808e-03       2.0   8.49  50696112
2013 BN27     53.623385655437   0.970880425822   1.750946664263   5.232067240291   0.354877657899 -10748.802258479183   0.999983661369   2.257890771027 -10748.802258479180   0.010473928622   0.004512026461  -0.931505444179  -0.077037827778 8.242247853512e+01 1.011914550292e-02 4.274629365682e-03  -0.264016554364   0.846411043382 2.403106615907e-01 7.576774739088e-01      52.0  17.00  50625140
2013 HS150    55.600180666923   0.949633929818   1.698864152744   5.820713607864   1.654020575000 -35.563483309704   1.007134983263   2.465657963149 -35.563483309704   0.999265904726   0.102261313484   0.053581462701   1.089846032357 1.321874303462e-01 1.943339318663e-02 4.989642242782e-01   0.000001468648  -0.002362595994 4.856222811232e-03 5.734913466992e-03      23.0  16.80  50646100
2013 JT64     42.554061736680   0.188769499561   0.137697365504   3.100477197222   0.140375717799 103.854276557113   0.488792520884   0.355486039310 103.854276557113   0.360151458887   0.291294488402  -3.373265964018   0.771452513146 5.047041021254e+01 8.156784204599e-02 3.520410901858e-02   0.118816837250  -0.193546350777 5.550171745714e-02 4.116035441642e-02       3.0   8.86  50727238
2013 JY64     43.307162781374   0.058786869200   0.124861705043   2.493632938963   1.258185755871  43.307045459708   0.051714622682   0.133524386319  43.307045459708   0.051488143520   0.133117961510  -3.700501845055   1.224577642525 4.303319781700e-06 5.435098617315e-04 1.731089800379e-04   0.385134331044  -0.417964520040 3.206888294937e-05 2.945804538251e-06       2.0   8.51  50727239
2013 LD16     75.506491328417   0.966290652036   2.696085837933   3.311721035090  -1.372165869928 -2095.191602540141   1.000951886964   2.581761557806 -2095.191602540141   0.013110999091   0.006858150644   3.043846375358  -0.894955072600 4.241687417897e+02 7.652741685126e-01 4.064601816591e-01  -0.158331839345  -0.158235368157 2.081972602328e-01 2.048386354505e-01     262.0  16.10  50640769
2013 UJ15     52.325970641727   0.289905538230   0.563952460695   0.803203941693   1.122056805210  52.188744885532   0.279352457763   0.568684338137  52.188744885532   0.224187990622   0.538970495379   0.698608010684   1.105037467846 2.785220738795e-02 2.193652837802e-02 1.383013201819e-03   0.038965777627  -0.126784335648 4.655862641792e-03 5.458376546075e-05     362.0   7.00  50757926
2014 DM206    45.174286603341   0.319042009198   0.410567806185   5.389905015154  -2.596966394039 -2328.136318706926   0.952169715695   0.125310716990 -2328.136318706925   0.946092562446   0.034873231417   5.389092206661  -2.367139988833 5.297836550361e+03 8.466726691311e-01 3.417327008173e-02   0.168003403589  -0.306666241539 1.792327051483e-01 2.763817728700e-01      14.0   6.84  54458529
2014 MT69     43.374311225064   0.104754743376   0.036497367034   3.658455217202   1.010317954108  72.680388385105   0.350689638594   0.113037565962  72.680388385105   0.300118280292   0.085452828043  -0.799656709273   1.318218536884 2.496002015474e+01 1.571634701350e-01 1.234242567618e-02   0.538933005325  -0.509594362380 3.903941137986e-01 8.264926139429e-02      40.0  11.51  50713033
2014 RS63     59.138024716814   0.370648105277   0.496413687998   5.472908545078  -1.247118680750  59.143861903069   0.368045928580   0.496916362946  59.143861903069   0.316395807859   0.478695005312  -0.909880127977  -1.228609420211 2.381017881980e-02 3.986025189085e-02 3.239566930210e-03   0.057874798180  -0.104156512579 4.196437706282e-03 1.310837624767e-03      55.0   6.84  50773023
2014 SB350    49.069709121922   0.302847012680   0.340845656406   1.807086193332   0.459306964586  49.010403378553   0.283001319762   0.358737467849  49.010403378553   0.266888809380   0.351298737425   1.899609901163   0.478814266332 1.119253410718e-01 1.384302129229e-02 1.395626675815e-03   0.141352708154  -0.234812792148 3.892015097593e-03 7.442863517785e-04      62.0   7.43  50757944
2014 SE350    49.517227869883   0.237332939568   0.399700708094   2.436861911825   0.545106502202  49.543039479866   0.241687276073   0.397417641470  49.543039479867   0.241717905580   0.387144663964   2.471545881569   0.546573677464 4.556922644597e-04 1.000954016788e-03 3.245934193209e-04   0.110361483779  -0.192545437587 6.340666763991e-04 9.600817726018e-07      59.0   6.90  50757947
2014 SG350    52.699816490879   0.236510866466   0.439127458640   0.226913594332   0.018216116768  52.733020341179   0.247192342650   0.434223911577  52.733020341179   0.247021727626   0.420851015079   0.257894259508   0.018414920654 1.697963470636e-03 2.849117551776e-04 7.669391056522e-04   0.103304658428  -0.143235848002 4.370455142157e-05 1.122359094832e-03      62.0   6.83  50757949
2014 SH350    44.099269443830   0.173127096056   0.161884310056   0.680907783950  -0.808273625722 676.463956614065   0.698565455035   0.220497128821 676.463956614065   0.643402271375   0.146479996463   0.618057352217  -0.920101753021 2.654565706508e+03 1.680173426808e-01 3.874791869182e-02   0.001010974995  -0.244464719214 3.151114253290e-02 1.147119177608e-01      36.0   7.66  50757950
2014 SH378    41.093412764117   0.071754580620   0.285946219349   0.547247451152  -1.323740410593 -7174.691344660711   0.588512168815   0.110291283112 -7174.691344660711   0.560845886055   0.103224970605   2.962582270712  -1.238149014940 5.393477068999e+03 3.358335869872e-01 7.032430805543e-02  -0.002351915070  -0.467984395381 1.638425320176e-01 1.692392400692e-01      31.0   7.40  54017347
2014 SJ350    43.544847665970   0.279514030219   0.178796591556   2.257733867895  -1.369401273626 -5044.258648270127   0.931184713164   0.156704071274 -5044.258648270128   0.907713711136   0.049394486473   1.384547051407  -1.665572271832 1.456604203416e+03 7.045863721229e-01 7.442544807779e-02   0.225760825433  -0.003120392376 2.250072459258e-01 2.270012225530e-02      59.0   7.00  50757951
2014 SK350    55.103021341943   0.270891478073   0.274858043016   5.819918468924   0.147205387380  55.179279422206   0.277727345913   0.270735789535  55.179279422206   0.277572216187   0.267544692544  -0.469088383559   0.153329102597 5.294125619672e-04 1.942616058653e-04 8.454190521147e-05   0.240327782952  -0.171415180493 6.970485697392e-04 1.372516106216e-03      60.0   6.76  50757952
2014 SL350    49.430752100926   0.217932455571   0.134897723560   0.636213743368  -0.740185445854  49.420956206998   0.216459404720   0.123996366532  49.420956206998   0.216931453179   0.123641216489   0.607083692138  -0.719336056998 2.981034710268e-04 7.233669775975e-04 1.349049487275e-03   0.253723439317  -0.279426318536 1.201851769730e-04 5.662351470812e-04      60.0   7.82  50757953
2014 SM350    45.065840690320   0.224967434017   0.602573922652   0.506766307114   0.749918186823  45.041363487407   0.213290652223   0.607023344918  45.041363487407   0.189674284177   0.570513172662   0.608427439342   0.776351056523 1.079014536285e-04 3.241837059202e-02 1.303848902456e-03  -0.055068661119  -0.185430686442 1.081686867690e-02 1.997071966527e-03      60.0   7.40  50757954
2014 TU85     48.931840785921   0.312799498041   0.258791488113   5.317447000382   0.250398033792  14.459665889978   0.269644422040   0.251596348775  14.459665889978   0.210296687568   0.197954275237  -0.833210814836   0.513142100156 3.218462295138e+01 3.285701808776e-02 1.935169044316e-02   0.239849835554  -0.381874735437 1.262125616961e-01 3.820735744680e-02      57.0   8.64  50709496
2014 UM271    82.020599267263   0.579178457226   0.630584263329   1.293452155835   2.957046824581 -2163.929043796072   0.891605847318   0.408964217854 -2163.929043796072   0.856484944093   0.121933526846  -4.330087158766   2.965671101926 6.182082342277e+02 4.015470977833e-01 1.580593254832e-01  -0.003232231033  -0.264945995776 7.959457906813e-03 2.068900129296e-01       6.0   7.60  54160997
2015 DB225    44.238507013861   0.015245577520   0.028818255442   1.962651146840  -1.043330545461  44.239908371301   0.017737777337   0.021478727940  44.239908371301   0.017087143330   0.020369122258   1.597082618438  -0.783001313692 2.541598916427e-06 2.991546417098e-05 3.030662750280e-04   0.390698870835  -0.387611527292 8.735183722955e-04 1.936774514879e-03      56.0   7.50  50760709
2015 DC225    42.830104449794   0.185143361614   0.144349532406   5.489522048356   1.084390443102  83.328098780606   0.419050741114   0.278606550672  83.328098780606   0.376101004077   0.227588058342  -1.022211713144   0.656237256555 3.184971419455e+01 1.357525075497e-01 2.977121636190e-02   0.039896389115  -0.079215134578 3.280908487142e-01 2.117262893351e-01      56.0   7.78  50760710
2015 DD249    88.414011676711   0.509954192851   0.325508217326   4.991784710537   1.686955987332  88.423503766305   0.507042176567   0.331490020440  88.423503766305   0.507252730113   0.325674423590  -1.288446531394   1.696060498788 4.135848215308e-04 1.743374961501e-04 2.841069357775e-03   0.032873554799  -0.039918120979 2.330260882357e-07 8.356135885306e-04      10.0   6.86  50825801
2015 DG249    43.285863496916   0.061768555063   0.287389190218   2.544458705038   2.252230936770  43.288645976138   0.064355907661   0.292795760311  43.288645976138   0.064374603633   0.288770997951  -3.792319656906   2.250756851445 1.513097486764e-04 2.067268617574e-04 4.331212179050e-04   0.232532258359  -0.335805474044 1.824085517846e-03 1.787784906612e-03       7.0   7.48  50825804
2015 DH249    44.058845527347   0.075352080443   0.371803059362   1.455063355948   1.741609977324  44.058243054313   0.071456969598   0.376434335819  44.058243054313   0.071484585865   0.367714773279  -4.829300083283   1.741942787029 2.680548960747e-05 1.508666401939e-04 1.113608239061e-04   0.157316860021  -0.272380392549 1.544535963007e-03 2.433244359549e-06       2.0   7.75  50825805
2015 DK249    45.223958737548   0.099068615886   0.146247352718   3.175046636154   2.702750843958  45.227925838742   0.105808908803   0.150940261874  45.227925838742   0.105750837602   0.150422975999  -3.072804996044   2.692428593817 2.283694398517e-04 2.342513015377e-04 2.099646737019e-04   0.309946438281  -0.342870394286 6.303015026921e-06 4.120876130651e-05      25.0   7.48  50825807
2015 DL249    41.060312497631   0.183116897313   0.272040511498   3.969009794331  -3.046811626232  50.700153736935   0.375580416193   0.444401717961  50.700153736935   0.304435305578   0.395582741006   3.413419859058  -2.845280699741 1.315730261180e+00 1.925756713010e-02 6.396994082270e-02   0.064775824053  -0.193265842478 7.320062683409e-02 2.889431223003e-03       7.0   8.84  50825808
2015 DN249    41.235055034060   0.101683806317   0.315636282715   3.947218002459  -2.995492204392  41.234489635052   0.101540531026   0.313893144027  41.234489635052   0.100310644524   0.308711669922   3.733593978579  -2.972188136068 3.338558845064e-03 4.703158112932e-04 1.638975193025e-04   0.337903418057  -0.420308378614 5.407709013192e-03 1.444054852034e-03       2.0   8.48  50825810
2015 DO248    41.493610342889   0.158923100450   0.404208525493   3.824328025262   1.640864205980  44.495623280847   0.234850543018   0.349418082388  44.495623280847   0.196199770893   0.323836606333  -1.284206688253   1.539131246213 2.523042550965e+00 3.140762402204e-02 5.724210943520e-02   0.249882851444  -0.371386026953 1.423016973392e-02 8.805844203067e-03       5.0   7.95  50825811
2015 DO249    42.213223154969   0.169798918076   0.388982866843   4.262211375290  -3.049934075147  42.270748900305   0.145644374038   0.398259310232  42.270748900305   0.145402334763   0.387985857664   4.442116915933  -3.079249010636 5.379112876272e-06 1.180514983321e-03 4.323064709523e-04  -0.692711428056  -0.279423566825 1.882632156598e-03 1.422255971964e-03       7.0   8.65  50825812
2015 DP248    41.964265980832   0.094814095803   0.356719595106   1.349381048586   1.855393626330  41.962775124594   0.088312129975   0.364359901651  41.962775124594   0.088241284222   0.356330765602  -4.971625568474   1.860664230256 2.416848470357e-05 9.715017812523e-04 2.541852579786e-04   0.230097265945  -0.347518347364 1.860396819636e-04 1.746059857938e-05       7.0   7.31  50825813
2015 DP249    40.563647213527   0.108761728344   0.327382494964   5.910912875684   3.086323844123  40.573747551360   0.111786308679   0.326281587917  40.573747551360   0.110798269351   0.320503193159  -0.484523927615   3.115523338807 2.754397451768e-03 1.541522545846e-04 3.055988225965e-04   0.342530397881  -0.447296921546 5.418912413105e-03 1.094107906683e-03       5.0   7.95  50825814
2015 DR248    48.051469971561   0.205095765502   0.290647928337   4.643023516686   2.200411382177  47.759394993802   0.189701832551   0.291336881859  47.759394993802   0.142671433881   0.224072272140  -1.049624391675   1.805487368400 4.213913170099e-02 1.656477930378e-02 4.652230598999e-02   0.366116994033  -0.277275332134 1.936614643968e-01 2.433942452727e-02      33.0   7.85  50825817
2015 DR249    94.732470764134   0.618196518687   0.487552117232   6.231484940718   1.457611020190  86.248940092307   0.608051992852   0.431628487450  86.248940092307   0.529226023592   0.322412313612  -0.079059973337   1.416646710689 5.472930339898e+00 2.143729640263e-02 5.647814733005e-02   0.041918623596  -0.077677037905 1.169110509453e-02 1.628634474951e-02      10.0   7.67  54143839
2015 DS248    40.693408934261   0.108514342560   0.360333371208   5.991864832445   1.964994796590  40.644233746129   0.110628962497   0.366487166380  40.644233746129   0.069444110690   0.358342410683   0.177779398784   1.984787138676 7.078518008493e-05 7.578624963232e-03 9.888103446902e-04   0.270918945908  -0.404463338314 2.308691464030e-01 1.285643384879e-03       5.0   7.94  50825818
2015 DT249    41.193338424946   0.057094928656   0.452921431934   6.231971388530   1.558902830442  41.206484894496   0.061432621787   0.457048691918  41.206484894496   0.061273698831   0.441745517022  -0.141542829883   1.559636226111 3.756123366839e-04 1.496733291918e-04 4.648013747995e-04   0.216022175105  -0.310152598391 3.897390334457e-04 1.911842617078e-04       5.0   7.52  50825821
2015 DW249    45.121847128942   0.214344456521   0.265635715708   5.612412456850   1.949662805229  45.067214102530   0.190133547680   0.278072831967  45.067214102530   0.178230420798   0.274914018357  -0.838029172009   2.003818673226 1.197098930988e-02 1.856865249061e-02 2.779849903658e-03   0.280407655581  -0.337799813929 7.525086345803e-03 1.131740098475e-03      34.0   7.72  50825827
2015 DY249    40.857530476497   0.132034650412   0.428862125765   4.884397193583   1.386506779694  40.843015257336   0.133631690779   0.433666489053  40.843015257336   0.128197590378   0.420229827269  -1.168333446861   1.386496443843 3.655982134996e-03 6.089877360766e-03 7.530001668795e-04   0.174356532930  -0.352927147692 5.827228704851e-03 5.254342384818e-04       2.0   8.54  50825831
2015 DZ249    43.833645894221   0.130817655876   0.273192490040   5.391729003950   2.664265112901  43.827212107799   0.126064860701   0.276392298094  43.827212107799   0.125862246697   0.273102636862  -0.959039748485   2.679879451566 6.844754817965e-05 1.723203771852e-04 2.734270412865e-04   0.278342598549  -0.345343046403 1.205627780663e-03 1.936443809029e-03       5.0   7.96  50825833
2015 FV403    47.435572064467   0.193741031206   0.223574766869   0.281159421636  -2.217887791444 -5928.568931248897   0.815313865919   0.462546992186 -5928.568931248895   0.776560092619   0.193636950689   0.695845748301  -0.566485266396 1.892981000049e+03 5.787716948729e-01 1.736281269835e-01  -0.002733865694  -0.002481355461 2.457821675762e-02 2.418435445135e-02     358.0   7.70  50799894
2015 FW403    46.276636164320   0.136949375669   0.684689379576   3.160677335202   1.354069118624  46.273165152860   0.142817828833   0.684771658053  46.273165152860   0.142590060025   0.632497148890  -3.127184325406   1.355703069120 5.020199314185e-04 3.230318631440e-04 1.089622510288e-03   0.009387514462  -0.143235186447 1.046910760050e-05 2.020417550301e-04     358.0   7.80  50799889
2015 FZ397    30.266553019062   0.272344162381   0.814756120816   2.855463196668   1.319711469071 -48.482080365613   1.082187591011   0.733469482665 -48.482080365613   0.043498071653   0.028862014053  -5.016203153897   2.150439770180 2.006227838557e+00 6.660681189476e-01 5.763194376873e-01  -0.092645524848  -0.262418086808 2.175486560022e-01 5.236467440642e-01       7.0   8.34  54378887
2015 FZ431    62.823101261356   0.442856834671   0.254705062349   0.808802578322  -1.118238577642  62.546837854964   0.432632825051   0.257952586736  62.546837854964   0.349004085439   0.254809938260   1.222840712478  -1.126435800827 2.845957986616e-05 2.510259391575e-02 1.061628124330e-03   0.039589587481  -0.093927330717 1.500508029843e-02 1.758896108020e-05      96.0   8.10  54049895
2015 KD163    35.983664303594   0.183176701898   0.576202462506   2.659393276940   2.999762501757 -3723.066109470980   0.832170785266   0.243282137614 -3723.066109470980   0.800628693702   0.182984301775  -3.520445927606   3.002424229209 2.865956494185e+03 2.233757777176e-01 8.795260245814e-02   0.000582161588  -0.175211040513 9.210941558140e-03 3.355821703469e-01      27.0   6.96  54297718
2015 KU186    46.615267738086   0.207553939129   0.328317258013   5.225015866953   0.092581934672  46.628556994198   0.206231481058   0.329600398380  46.628556994198   0.206270128924   0.324110242607  -1.077701589816   0.098925654737 7.183756989279e-04 4.703033590276e-04 4.630882819986e-04   0.176113280078  -0.267218159463 1.452445735784e-03 4.495772520887e-04      64.0   8.00  54017350
2015 KV167    51.477418010177   0.268052655647   0.463983441508   3.803310549023   1.213154951469  51.658890072988   0.283465770946   0.461834949095  51.658890072988   0.246289108062   0.438549037070  -2.304865649640   1.050031899369 2.819509153617e-02 3.370631375335e-02 2.166470552697e-03   0.106075779204  -0.159784976582 1.992397210223e-02 1.962213623772e-04     328.0   7.20  50799892
2015 KV190    57.301339760397   0.006118973292   0.317797733172   2.078720117839   0.496758303842  57.301180625785   0.005465169269   0.318123218557  57.301180625785   0.005479308354   0.314347643214   2.042185048857   0.497828428164 8.962980886337e-09 8.706906681566e-04 1.268632149420e-03   0.072782170724  -0.094530788887 1.736414908070e-03 5.809776224713e-04      25.0   7.55  54049896
2015 PK113    36.638725094287   0.960978076909   0.059706505620   1.580243147187  -2.802177739582 -1702.587538759378   1.001014025518   0.051648777130 -1702.587538759379   0.000013393405   0.000015075170  -0.600591783055  -2.436858208548 2.039244079688e-01 6.330898846532e-01 3.264565585664e-02  15.488906592171 -30.977952300328 1.393836051065e+01 2.770441423464e+01       1.0  18.32  54390736
2015 PK312    89.873050625585   0.651697331527   0.391984813175   3.882847966687   0.964328159726  93.332663005429   0.644750780523   0.433175786522  93.332663005429   0.583835898169   0.328861873400  -2.481019541312   0.930804634872 2.383487695381e+00 3.889157695661e-02 5.322243102236e-02   0.027991584656  -0.056322142076 4.164553275861e-03 4.259917997470e-03      62.0   9.82  50742907
2015 PY330    44.547493847557   0.104120019622   0.124152106215   4.962457279028  -1.462500039598  44.497986281654   0.101182025340   0.121083304906  44.497986281654   0.095204422019   0.120633748448  -0.973713240962  -1.448550879662 5.039129329510e-03 1.156194567769e-02 3.601575922462e-03   0.419839561532  -0.387466582844 1.164242026082e-02 2.209830538944e-03      21.0   6.67  54017336
2015 PZ330    38.954358630131   0.037117958318   0.466334379654   0.411082867975  -0.192611667360  38.938008961346   0.039429546931   0.463839539233  38.938008961346   0.039406539224   0.447707458786   0.578604222652  -0.215077797133 4.442306349094e-03 6.712022059524e-04 4.366224972299e-04   0.275400777483  -0.385930468922 2.123915005077e-03 8.008768761856e-04      21.0   6.50  54017351
2015 RF301    45.112509611965   0.158461437757   0.182965862125   0.534509982813   0.014632669550  45.065855556144   0.162596843867   0.185434932604  45.065855556144   0.133964259182   0.184530610175   0.525612485072   0.008732410126 1.126510501370e-02 9.221877950645e-03 4.062157704026e-03   0.394151807735  -0.378595922381 1.274846126401e-02 2.320214185131e-03      41.0   7.29  54017353
2015 RG301    54.265241012560   0.040617325359   0.173968060447   5.206117501654  -1.541887987243  54.267297102430   0.039809877427   0.172503017112  54.267297102430   0.039821693739   0.172199022108  -1.078704478275  -1.539339043861 5.954529753189e-07 7.563587198870e-05 5.903400718903e-04   0.122102971132  -0.133121142180 2.637883632563e-07 1.535501297168e-03      41.0   8.22  54017354
2015 SO21     60.432485828168   0.356389149397   0.370590259224   4.393522806415   0.727764426602  60.467876051686   0.352569073905   0.375397246508  60.467876051686   0.353713844492   0.367941153424  -1.932215081634   0.734760211025 1.387220245296e-02 3.091543247069e-03 1.586001420359e-03   0.070407218888  -0.108222808668 1.137393093669e-04 2.000619282526e-04       4.0   6.69  50739418
2015 SP21     32.519502482697   0.104293157028   0.660861792975   2.749368128275  -1.524569035496 -190.103256453779   0.891443114910   0.495792393572 -190.103256453779   0.852419744663   0.156845168247  -1.765418683606  -0.827252346353 5.277680561787e+01 6.643477087686e-01 1.323653715861e-01  -0.002911695533  -0.502413556861 6.369199797280e-02 3.639840447570e-01       2.0   7.74  50740921
2015 TG363    45.905467865515   0.069022125608   0.245534213644   0.095858145582   0.197687498330  45.906238464074   0.072190990894   0.245900177878  45.906238464074   0.072177496623   0.243723897094   0.100022569834   0.194527123694 1.545952370834e-06 1.947971504606e-05 4.139037734658e-04   0.218375089014  -0.274142031776 8.147933076394e-04 1.651411204548e-03     355.0   7.90  54026753
2015 VG157    54.142921920119   0.278461995272   0.682721386854   0.749568577774   2.045487123284  54.152461012993   0.281603572510   0.682209797462  54.152461012993   0.280229312171   0.631656340136   0.671862754142   2.045675095978 4.528804002704e-03 1.758066480635e-03 1.232276458875e-03   0.009381790362  -0.093914055335 8.731401318705e-06 1.052033214803e-05     326.0   7.50  50799891
2015 VY184    84.191835004922   0.781515836299   0.473961180595   5.317712504591  -1.755717508159 -9875.878089699279   0.970037313165   0.358974846864 -9875.878089699278   0.325340759130   0.191869704760   0.733944185750  -2.324793728200 5.045104755327e+03 5.377590051256e-01 1.673294874381e-01  -0.005646794835  -0.002653100550 3.177780334397e-02 3.774719856127e-02      32.0   9.84  54017355
2015 XR384    36.417612891709   0.901738463049   2.755973967440   4.805143836279  -1.778349987688 -66.245661636810   1.049958439295   2.141812562284 -66.245661636809   0.035476490225   0.010300018191  -1.525331418929  -0.444765109166 1.237366746193e+00 6.450684040416e-01 6.457391382355e-01   0.348127511362   0.226946796551 3.336639359069e-01 4.297534949962e+00     124.0  16.10  50739268
2016 AT281    57.305029073581   0.953437449326   0.402939795182   4.396933120936  -2.152782356614 -1569.457430068066   1.002813142533   0.631167277151 -1569.457430068066   0.006225825177   0.004164773727   2.780576441361  -1.339320810852 6.801635574734e+00 6.306936482163e-01 3.707019084339e-01  -0.418568593745 -99.100429033221 3.103262310464e-01 9.907645132346e+01     134.0  15.29  50934313
2016 CO264    45.943957976442   0.934329952405   2.257695087904   1.129105420706   1.208539302769 -5499.049889724741   1.000252673066   2.288010759027 -5499.049889724744   0.006203461132   0.004407394880   1.618659273390   1.068903743614 6.493649228755e+01 6.288000514497e-01 4.738482433629e-01  -0.525106781604   0.625985844243 4.760698126679e-01 5.537542787413e-01     350.0  16.20  50744823
2016 EA367    41.514853598077   0.275051939741   0.601103324720   4.804448830380  -2.877869664367 -11.058774765842   0.986910778498   0.459300425076 -11.058774765842   0.923670743030   0.152346741463   4.747464385198  -2.802659326226 1.863482317640e+01 5.653594230819e-01 1.093252947402e-01  -0.002837186941  -0.444381528910 2.245055418287e-02 3.619660835964e-01      52.0   8.38  54465155
2016 EB364    53.008666846723   0.495872979226   0.170880088844   2.549040562390   0.587565897721 -3707.048827478369   0.976321713958   0.439066592561 -3707.048827478369   0.126012332178   0.024199405556  -3.358228051675   2.016307104064 4.283641311955e+02 6.696410007901e-01 2.559238109068e-01   0.003530610556  -0.113993092634 1.100372600776e-02 5.560605429525e-01      35.0   9.15  54464579
2016 EB366    56.664642047681   0.405982429092   0.168036803241   2.902973208954   0.360868490984 -16445.048203089267   0.933679201519   0.376990993174 -16445.048203089271   0.921497707579   0.115020712054  -3.297470994224   0.787855847102 2.567616214642e+03 8.243290486613e-01 1.412285086209e-01   0.352437763189  -0.003155536529 3.985315492047e-01 5.162821642705e-02      91.0   7.57  54464758
2016 EB367    43.864498115645   0.134278098366   0.163692652440   4.868054679251  -0.008421782615  43.875625305220   0.088248390087   0.127550305379  43.875625305220   0.086389723442   0.126833345641  -1.298028615453  -0.043324541897 2.670004944262e-04 2.481982101114e-02 1.789759128172e-02   0.384877041203  -0.403451429892 1.606134385777e-02 1.148009285162e-02      39.0   6.75  54465180
2016 EB369    68.868755546789   0.529793868564   0.290161764359   6.015651871095   2.170028736941 -3438.866697584664   0.928204072702   0.118172082108 -3438.866697584662   0.900922969465   0.040386420357  -0.060815260219   2.270306702991 7.486016842498e+03 6.392747279944e-01 4.110012254912e-02   0.000003168854  -0.221954520977 2.542272914035e-02 1.454782184741e-01       8.0   7.60  54468020
2016 EC369    57.507586307442   0.367598166442   0.266366539230   1.004235472320   0.322859137800  57.158551129256   0.358864753486   0.280429807062  57.158551129256   0.357629016632   0.277392606532   0.908217461113   0.280900316879 8.976246884853e-02 6.388254411087e-03 8.714407825991e-04   0.133695960946  -0.169080316403 2.278791391385e-03 2.525744862513e-05      26.0   8.35  54468021
2016 ED366    46.763625678352   0.346238198252   0.417608211313   2.324262099764  -3.057563649168 99299.533725166519   0.739049658585   0.222635510665 99299.533725166519   0.702164096732   0.153296725095   1.743326276268  -3.075071943611 8.060580497117e+04 1.735945769242e-01 6.764549123647e-02   0.001769464774  -0.272367435004 2.926792115275e-03 1.314031290790e-01      24.0   8.48  54464971
2016 ED367    43.580501808352   0.124255585010   0.088000460885   4.143063503650  -3.054301095691 -587.604879722631   0.931385594695   0.036712587044 -587.604879722631   0.916708126969   0.022425924530  -0.163976702315  -2.639645180077 1.008036192921e+02 7.015800060431e-01 1.100440415819e-02   0.754438066037  -0.550662414554 8.094481359047e-01 4.263605270446e-01      93.0   8.91  54465842
2016 EF364    40.696245522332   0.061665380543   0.345474650546   0.219718717916   1.280092935372  40.684548976435   0.063137031674   0.353222303431  40.684548976435   0.062903691742   0.346053289866   0.276601608197   1.264990870255 3.357007958498e-04 3.278224159442e-04 2.207195141468e-04   0.292385077961  -0.401361749712 1.776531978880e-03 1.938787985591e-03      35.0   8.21  54464583
2016 EF367    35.265872411957   0.106926469774   0.356596828941   1.322665344582  -2.853091196569 -2738.613109682570   0.945852420420   0.105378214756 -2738.613109682570   0.943083713138   0.030760830308  -0.726984716139  -2.298524543079 3.315660760502e+02 4.253114232135e-01 4.067338164158e-02  -0.833423063553  -0.560342432835 8.291719121259e-01 4.947565641195e-01      32.0   8.76  54465970
2016 EG364    42.940082200656   0.218864056110   0.247874097158   3.833805808571  -0.620641621624 -1337.561112571839   0.930335699237   0.206449000152 -1337.561112571839   0.909422543132   0.030672637786   0.017813375190  -0.716046262694 1.954258788332e+02 9.686429546569e-02 1.353146218628e-01   0.335871210818  -0.658169856072 3.391937323039e-01 6.475344753430e-01      35.0   8.77  54464584
2016 EG366    70.038252266161   0.421721331893   0.573408834746   1.565100484704  -1.166042227119  70.050040181912   0.414257032520   0.578732596010  70.050040181912   0.414010356490   0.548075820002   1.515500846289  -1.166739435853 7.277742516535e-03 8.002305630567e-04 4.745081621645e-03   0.018782233328  -0.054007255489 2.009895743414e-06 1.159478510715e-03      91.0   8.20  54464974
2016 EJ203    63.471319038649   0.956899048197   2.987179154556   4.146414310786  -1.580621947244 -911.602574799304   1.005143769026   2.210302005454 -911.602574799303   0.004046580032   0.005896186232  -1.929693469302   3.009507218792 5.801928581340e+00 4.480091178047e-01 3.563282043444e-01   5.794319582165   1.199899807645 5.662283885603e+00 1.112657275343e+00     287.0  18.10  50752809
2016 EM368    53.129317396353   0.585183829042   0.327506697339   2.877582880541   2.554723808904 -14118.656345621264   0.969311481106   0.292108936658 -14118.656345621255   0.228403877685   0.037035222098   0.339413659426   2.123839006181 1.213943369035e+03 3.687313054333e-01 3.596305101516e-02   0.000008095252  -0.442650660260 3.913960775596e-02 3.720008516182e-01       8.0   8.80  54467697
2016 EN370    86.990631405882   0.961732488157   1.004137261572   4.773943436447  -2.430504618847 -8140.438340018291   1.000568092003   1.122808568746 -8140.438340018291   0.001124130463   0.000183693299  -0.740096780366   2.307627207879 6.512153089106e+00 4.469798796456e-01 4.030141160655e-01  -2.043442352403  -1.945010392865 1.835691808845e+00 1.730555114708e+00       5.0  16.52  54468601
2016 EZ365    42.646803836781   0.031624965233   0.171326178312   0.846538719211   0.158663238898  42.647172445685   0.035896240826   0.172940397242  42.647172445685   0.035520768075   0.172174324943   0.747024622004   0.156482014092 1.116475970868e-04 2.968512254096e-04 1.263219339756e-04   0.368654496996  -0.427679411354 3.513835179740e-04 3.071211266321e-04      91.0   8.20  54464778
2016 FA59     35.524819542247   0.106231256720   0.465315508863   0.432245887910  -2.279634477063 -413.485895927697   0.977256475804   0.187054479192 -413.485895927697   0.158489260036   0.017139440167  -1.619581522360  -1.474405982016 2.485724435011e+01 3.734034728415e-01 1.639989107453e-02   0.000002761837  -1.492889733600 6.731551062822e-02 1.402483954230e+00      13.0   7.69  50751852
2016 FA60     42.661115641386   0.159479142510   0.441955357798   4.441814974315  -2.742797588655  42.636402508705   0.163430997858   0.439065567129  42.636402508705   0.162476423063   0.425866025867   4.368117671996  -2.745571098214 7.474368501224e-03 4.325419675712e-03 1.608113856654e-03   0.168579594086  -0.301765024576 3.403338583337e-03 2.442774631572e-03       2.0   8.99  50751853
2016 FB59     41.317648006793   0.055068678260   0.345069086927   4.913034129450   2.680822877478  41.320039145507   0.051955568201   0.349411275065  41.320039145507   0.051936875009   0.342596332311  -1.377649023151   2.683735679504 7.126612300103e-05 5.997927232553e-05 2.852845492897e-04   0.236990207810  -0.375433119919 1.935609430867e-03 2.563022560303e-04       4.0   8.80  50751854
2016 FB60     42.752198994826   0.117669648175   0.201558497197   4.369589598565  -3.076291204949  42.751333986127   0.109466247364   0.200541993779  42.751333986127   0.108845621775   0.199279090881   4.148928082932  -3.038877859548 1.678918908633e-05 2.002953950936e-04 1.110984765588e-04   0.378537724311  -0.439736801795 1.738499124054e-03 1.610194134882e-03       2.0   8.74  50751855
2016 FC59     41.561769872623   0.014534555754   0.325989532843   4.116973539530  -2.832977698885  41.557770689067   0.010368781164   0.324270645493  41.557770689067   0.009289246955   0.318699430913   4.117183735767  -2.834578955082 1.965387983501e-03 1.724947984785e-03 2.534388485722e-04   0.268466777964  -0.378057573403 2.479299276645e-03 1.636707997633e-03       4.0   7.81  50751856
2016 FD59     38.940295253629   0.203840377206   0.355345032609   5.624489023348   1.798544748053 -10143.671303928815   0.986963952845   0.182727874040 -10143.671303928821   0.076434142373   0.009347587479  -1.580828139944   1.467078128008 3.577254363323e+02 4.186531180073e-01 7.632619271330e-02   0.052787254037  -2.007221884723 6.025483032592e-02 1.805334247342e+00       3.0   9.48  50751858
2016 FE186    44.748031231426   0.187935830393   0.501819500065   1.630536277476  -1.097488252200  44.754286816695   0.181144643856   0.501378947740  44.754286816695   0.181613201446   0.481284486242   1.635728745731  -1.097876281460 5.716981754102e-04 3.547189570695e-01 6.294916490277e-04   0.089172447270  -0.225337484366 5.365418774614e-05 7.907676188723e-05      91.0   7.86  54465181
2016 FE59     41.720887554254   0.090785772803   0.203606768165   5.139755067621   2.385959489839  41.733109346284   0.085155071726   0.215058087088  41.733109346284   0.083893434696   0.213310657085  -1.269033698294   2.376122966002 6.520574509197e-04 8.677428161775e-05 1.294998812307e-04   0.401524296659  -0.474017696234 1.391404444620e-03 2.907855438801e-04       4.0   8.75  50751860
2016 FE60     37.735035486674   0.098724450571   0.193226937575   0.344068962472   2.345024660254 -271.783906255140   0.811161936692   0.220710949954 -271.783906255140   0.776909512469   0.105779084556   5.841638448350  -3.017113365892 1.110906405591e+02 3.851344330120e-01 8.577367289865e-02   0.000010361159  -0.002424076651 3.308892199402e-02 1.146263645584e+00      12.0   7.50  50751861
2016 FF185    40.515909110906   0.318526869055   0.190937311825   1.682383702797   0.747589926286 -1599.199106047143   0.932886035759   0.215767043002 -1599.199106047144   0.901863298715   0.031348748044   1.390822187743   0.365444881244 3.711343981534e+02 4.135599590565e-01 1.405701355580e-01  -0.003375516400  -1.762383022481 3.927778894290e-02 1.782331546985e+00      29.0   9.41  54464310
2016 FF186    48.097554018535   0.255270578856   0.171393135965   2.072392782677   0.085908421980 -453.164667344985   0.560659243099   0.243327663796 -453.164667344985   0.518879027487   0.144540923691   0.902026573085  -0.180825975800 3.969601833421e+02 2.208203398078e-01 5.334114807333e-02   0.000557417646  -0.368550059266 1.226524888990e-01 1.723098145307e-02      82.0   9.16  54465252
2016 FF59     42.373958072887   0.100291687493   0.253720841253   0.939440201659   1.825029573498 -3955.214990735308   0.457643563376   0.168652470734 -3955.214990735308   0.406925585722   0.111409224749  -4.891971028475   1.771280488463 3.369936336549e+03 1.936492914993e-01 3.029245286270e-02  -0.002463723740  -0.399058379444 2.537554014538e-01 6.717031429343e-01      13.0   7.14  50751862
2016 FG186    50.216738088070   0.246711924465   0.155726113200   0.799433984428  -0.109427970277  50.210169193175   0.251872322420   0.163395511677  50.210169193175   0.252095595801   0.162842833589   0.825838963220  -0.100898313405 1.739762085932e-03 6.403359028177e-04 6.288554622768e-04   0.247798138608  -0.276321306896 1.044726806420e-03 7.045226081721e-04     109.0   7.84  54465253
2016 FH59     41.956563441051   0.067136663716   0.298145430296   3.411209348741  -2.900944442438  41.947350616845   0.070304664345   0.295757657384  41.947350616845   0.070138649727   0.291702162245   3.360652645367  -2.879032764002 1.206486758743e-04 1.801882721113e-05 2.492051844048e-04   0.295832577000  -0.390176509902 3.006686403444e-05 3.715801060914e-04       3.0   7.82  50751864
2016 FJ59     36.449732420916   0.106856474352   0.430355655044   6.020156721265  -2.111406093497  36.429356729700   0.088056760564   0.427889052844  36.429356729700   0.086384090858   0.415149126062  -0.251042615680  -2.088877733650 1.331152251028e-05 8.806585848636e-05 3.728607618382e-04  -2.932230731761  -0.425081004468 1.012900123786e-02 1.843480146080e-03      12.0   7.44  50751865
2016 FK185    46.748379305497   0.226014894360   0.279763060109   1.603745638395   1.124066396365  46.733263424165   0.216471857127   0.289324620359  46.733263424165   0.216661869333   0.285466368829   1.635593290120   1.119678046266 9.726952249098e-04 6.421139130344e-04 2.966085179481e-04   0.209727515279  -0.291174755804 1.656167914915e-03 6.050790536675e-06      29.0   7.46  54464599
2016 FK59     41.457780636651   0.372716574276   0.496668061291   3.491928376955  -2.134018910444 261.915904154894   0.794611731541   0.340948084271 261.915904154894   0.765808597739   0.207861656650   3.513022933668  -1.966544602988 1.037375916985e+02 2.456116368106e-01 6.380735001434e-01   0.000022568060  -0.174578187110 6.863648189073e-03 1.282348428034e-01       4.0   9.45  50751866
2016 FL185   101.905894570808   0.685516123264   0.322274702271   1.196780574279   1.195376435664 137.566251953659   0.748293095124   0.391537766098 137.566251953659   0.676323186244   0.359785331952   1.944729913238   0.815624345199 3.456527157248e+00 7.091170422362e-02 4.953115721452e-01   0.013996497326  -0.023737383568 9.208411998278e-04 2.062429727595e-04      29.0   8.67  54464600
2016 FM59     38.904714423233   0.175999512715   0.489869810669   5.924305775517   1.677326759584 919.991716453929   0.817549472456   0.294700140600 919.991716453930   0.423507297805   0.205557171808  -2.176161093965   1.466465489964 6.435227362050e+02 3.995025497929e-01 5.095896593903e-02   0.004564407129  -0.057410588227 4.143175533400e-03 3.324892065878e-02       3.0   9.68  50751868
2016 FQ59     41.144244861717   0.013870576789   0.333113804473   0.697964034003  -2.417463170986  41.136416560555   0.016731113895   0.327840845161  41.136416560555   0.013822374959   0.322105012429   1.134529198102  -2.399372622949 4.193970198859e-05 1.359067808059e-03 2.784034132880e-04  -0.737394362160  -0.396825308353 7.923811260143e-02 1.461065708611e-03       4.0   7.77  50751872
2016 FS59     41.386867952086   0.225861567602   0.450812272741   5.351432792960   2.207760492292 -17809.675868987099   0.939656867003   0.227883087469 -17809.675868987109   0.920032268194   0.052250206106  -0.559602212526   2.374967035970 6.811278330064e+03 7.093503032454e-01 9.951509197381e-02   0.000001266222  -0.002474038353 7.496595955712e-02 5.249546495296e-02       3.0   9.88  50751874
2016 FT58     41.761950545910   0.019931330956   0.287454745400   5.052401010821   2.427455095616  41.765036827995   0.018822679092   0.293913134694  41.765036827995   0.018685851463   0.289957938836  -1.302965512995   2.439916406372 9.728594364233e-05 1.148388749751e-05 2.616156218574e-04   0.277077901566  -0.390569787255 1.254893366547e-06 7.485552888932e-04       4.0   7.84  50751875
2016 FT59     43.139035382100   0.068730994749   0.324848058653   1.855556717510  -2.877561439249  43.139464976665   0.067887370711   0.324324003891  43.139464976665   0.067893363070   0.318992555884   1.866005515354  -2.867435075910 2.772275474233e-05 1.486178589177e-04 3.207090875249e-04   0.209005464171  -0.324244550959 1.763093492352e-03 1.942931336534e-04       2.0   7.79  50751876
2016 FU59     42.175616962910   0.204799355273   0.430104019650   2.229335204403   1.777278449399  42.270959738056   0.161738681159   0.434608655151  42.270959738056   0.123518411180   0.416152619752  -4.231039564514   1.765354247250 3.797878595399e-03 3.229605582441e-02 2.962380706245e-02   0.376282160501  -0.290808924709 6.099176938814e-01 9.602123893152e-03       3.0   7.30  50751878
2016 FV58     40.854539826687   0.022990205046   0.162105842079   1.494049502635   2.803601725166 -454.843230218891   0.616433760975   0.129013948917 -454.843230218891   0.601294063748   0.090187023821  -0.405635975443   2.826404439604 3.395271033161e+02 2.919261134081e-01 4.236812384713e-02   0.000454565713  -0.528309857684 2.284370953523e-02 2.430575051495e-01       4.0   7.76  50751879
2016 FV59     51.232471124340   0.231666769127   0.168102536396   5.885713730637   2.033967475021  51.207042530776   0.230985473166   0.170826548479  51.207042530776   0.224435733333   0.170232715013  -0.503044167837   2.036089136586 3.214687329462e-03 3.286252871506e-03 2.719210942101e-03   0.200484099784  -0.227705380995 2.616175976492e-03 1.803619101656e-03      29.0   7.44  50751880
2016 FW58     41.730813876484   0.051982815916   0.376252024604   3.673839413694  -2.494198577530  41.736042539316   0.053297900091   0.372786265859  41.736042539316   0.053240172661   0.364425212632   3.617992758630  -2.485845016642 3.470654947097e-04 1.751146664828e-05 2.459902391457e-04   0.199590014406  -0.342860011721 2.891650190682e-04 3.158653467125e-05       4.0   8.08  50751881
2016 FX59     42.189263664204   0.056427057121   0.524744463040   4.640264391457   1.851393400544  42.270017879039   0.130324546173   0.514324034749  42.270017879039   0.108992684188   0.491801253765  -1.832901801043   1.841207052182 1.678826258722e-04 5.834929179311e-03 3.757908443824e-04  -0.245375175890  -0.244299597270 1.229868263473e-01 6.083898101239e-04       2.0   8.07  50751884
2016 FY185    89.058504256408   0.720998153504   0.327722075610   2.687709797949  -2.774068834603 -3147.411713762023   0.880109224718   0.216002516321 -3147.411713762024   0.747553196942   0.163164655385   2.438976664982  -2.592330572829 2.027337351840e+03 3.456422749362e-01 1.000690887307e-01  -0.002379403873  -0.070767938640 9.910106289589e-03 7.790869966837e-02       4.0   6.89  54464986
2016 FY58     41.328306781783   0.063974576313   0.273649263331   3.739137191588  -2.540298278134  41.346667986923   0.065170424941   0.266150476306  41.346667986923   0.065057483097   0.262946198227   3.643590393328  -2.541640677760 1.198213340212e-03 6.446564120843e-04 3.736310738417e-04   0.328646443738  -0.441457737165 2.235886038909e-03 5.481898415705e-05       4.0   8.58  50751885
2016 FY59     43.703417125007   0.122707290022   0.547984884486   5.461505289060   1.812576381331  43.666833992961   0.211660628507   0.518697527146  43.666833992961   0.190293382862   0.495340978043  -0.458067978154   1.777141353193 8.386961716255e-05 1.810807070048e-02 1.142962067357e-02  -0.134444429766  -0.225901958966 3.272445081751e-03 2.524359762665e-03       3.0   7.38  50751886
2016 FZ58     47.620881145408   0.096259006748   0.176795264836   3.670417852996   3.090045767608  47.735506415258   0.099521327414   0.146699461749  47.735506415258   0.076635551145   0.145481083670  -2.265772991669   3.079981655695 4.546667859340e-04 4.998297142690e-03 8.318482481655e-03  -0.180266947917  -0.219928643867 9.723596260595e-02 4.808330181758e-03      13.0   6.75  50751887
2016 FZ59     43.116026391782   0.142328587303   0.385329946261   3.969094973592  -2.982401696205  43.076125784140   0.132546997343   0.389286683499  43.076125784140   0.127224503656   0.380026187679   3.819255414145  -2.988429526262 1.529478194686e-03 9.807506868137e-03 5.938459863418e-04   0.204787881496  -0.305675706808 2.289477778679e-03 3.786604231627e-04       2.0   8.03  50751888
2016 GA369    73.486741054597   0.696106193594   0.548432539382   1.461084686803  -1.805819208246 -2881.131363911508   0.993102878698   0.334140767953 -2881.131363911508   0.198621033119   0.034955905198   1.710374771612  -1.876019523892 1.459114838142e+02 6.344545126576e-01 2.237696396925e-01  -0.005864011626  -0.003071057734 1.070888296435e-02 1.418073802627e-01      63.0   8.36  54464988
2016 GA370    37.237663607378   0.444408850110   0.437277497700   0.992954617531  -0.938305946589 139.045179879477   0.702204510977   0.524350586264 139.045179879477   0.641472410529   0.411593723015   1.691982781282  -1.938820316840 4.936772716588e+01 1.280829925554e-01 5.918391056081e-02   0.005972336153  -0.033419349811 1.323670457111e-03 1.653280218693e-01      29.0   8.47  54465254
2016 GA371    42.272206114657   0.112602289340   0.247082155347   1.179538843516   0.875202530922  66.837434449010   0.385629959009   0.180116655160  66.837434449010   0.324563904878   0.134711188514   1.106790469277   1.252499031637 1.905454447933e+01 1.300692868572e-01 3.303251667225e-02   0.069429173514  -0.529336864106 1.703847812713e-01 1.907186225141e-01      35.0   8.73  54467721
2016 GC369    45.615614910830   0.161354951145   0.232137049902   3.241256307285  -0.665667315619  45.622921032569   0.164058590193   0.225173273281  45.622921032569   0.163952888073   0.223349975957   3.207311204895  -0.653341372038 1.162627486538e-03 1.731147944873e-04 9.676878254121e-05   0.260641217771  -0.328728152199 8.239727928252e-04 9.364866142458e-06      26.0   9.27  54464990
2016 GD369    64.354485839799   0.370171251685   0.435654645178   1.630518443919  -1.026671718979  64.350171956711   0.364212346944   0.440312966553  64.350171956711   0.364486600084   0.427062607504   1.632105098308  -1.022798084482 9.714739305041e-05 3.157605727894e-03 9.310544705707e-04   0.044614088603  -0.079830651930 7.389358503801e-04 5.462400767040e-06      26.0   8.12  54464991
2016 GE370    40.510110370736   0.033410128816   0.207521345563   5.827829505027   0.498611949523  40.510654804255   0.049481810295   0.216098183822  40.510654804255   0.046035219955   0.213246882397   0.217703333714   0.328057573934 1.073850463479e-03 1.035236758895e-03 3.679595730015e-04   0.464962011675  -0.535422035948 2.444963898980e-04 4.582906171177e-05      29.0   7.73  54465846
2016 GG370    42.622671955129   0.137559347500   0.086135619051   2.698397900543   3.020530058205 -1908.829267197754   0.755446170872   0.151089811954 -1908.829267197756   0.721193516018   0.081045431085  -3.245142075474   0.691127009838 1.059266951251e+04 2.166757367939e-01 4.283736292487e-02   0.000652505663  -0.550483425246 5.522362638002e-03 3.760787962098e-01      89.0   8.74  54466072
2016 GH370   298.022969325830   0.911243093661   0.006366633421   4.499423925408  -1.631615937793 -1113.882081276516   1.023818612371   0.012132144951 -1113.882081276516   0.002717200035   0.000165275374   3.452097063599  -3.114793658838 1.635863539743e+01 6.461875054124e-01 7.588707065163e-03  -0.158435188705   0.597990185108 1.851297831825e-01 4.595746810452e-01      63.0   8.60  54466073
2016 GJ365    43.307499167056   0.044422904367   0.025335358080   5.758988633609  -1.531535365926  43.307277241925   0.047941297932   0.017689343357  43.307277241925   0.047178946935   0.012911074781  -0.733340903306  -1.111867547821 4.490833322842e-06 3.989199642987e-05 8.853081764505e-05   0.453186728367  -0.448556589353 4.789176581866e-04 1.865956904909e-03     327.0   8.26  54440313
2016 GJ370   137.649095657387   0.832768629392   0.254313967008   1.544279068356  -1.746412666471 -1427736.216744719306   0.991467210920   0.215045435253 -1427736.216744719073   0.034098526668   0.041816661974   3.704961650922  -2.033983995722 2.860940508490e+05 6.060405608168e-01 8.321666166632e-02   0.000020740106  -0.003438449049 7.955306762270e+01 5.630606074143e+01      64.0   9.19  54466074
2016 GK368    62.715427872511   0.478435666734   0.184175550536   0.950012051749   1.399223107939  75.622546492337   0.521429085824   0.167927441928  75.622546492337   0.438811325274   0.144029794022   0.705523050275   1.389261632221 1.263546457121e+01 2.739923615588e-02 1.366227798949e-02   0.039907904353  -0.110836558276 4.258799632193e-03 1.168506348789e-02      64.0   9.63  54464728
2016 GK370   145.697174896036   0.880804143559   0.010763107832   5.764484536135   0.223478738417 -3440.719801335909   1.004895186443   0.025050379847 -3440.719801335908   0.002158200040   0.000773978383   2.950005503867  -1.023943320119 9.188409367155e+01 7.771289778113e-01 1.531075364544e-02  -0.106817924545  -0.106697766038 1.461181782118e-01 8.913167487896e-02      64.0  10.18  54466075
2016 GL368    44.056368501029   0.072923987059   0.006992653446   0.023028163898  -3.070589743709  44.058170630852   0.067919886314   0.018377703278  44.058170630852   0.067660571093   0.016261207034  -4.728776497054   1.689901046428 2.882878141131e-05 4.908044455477e-05 7.586631965883e-06   0.413694635164  -0.413293227570 4.073609778374e-04 1.770742227329e-04      64.0   8.21  54464729
2016 GR367    46.040612104685   0.259289858099   0.157027683134   0.082983327955   0.062537105408 -269.129551094072   0.937596640130   0.158199204018 -269.129551094072   0.915939992702   0.027406924126   0.130650288792   0.546366951894 4.814743183243e+01 8.076099327358e-01 6.223636128957e-02   0.346841150731  -0.424426921143 3.281135728231e-01 1.499723285772e+00      35.0   8.95  54464608
2016 GU368   128.913771428384   0.834092112070   0.011799017350   5.611369949846  -2.809204349180 1159.293364183414   0.977959153898   0.076179353261 1159.293364183416   0.891680796005   0.044598538758   4.561783383913  -1.899804619759 9.373075642269e+03 4.044611446089e-01 3.071904348542e-02   0.000132420782  -0.002386492632 6.338017064384e-03 6.186224377708e-03      64.0   9.59  54464795
2016 GU370    47.384726397603   0.275854324732   0.155180251729   4.341205242820  -1.767881265731  50.756806637251   0.320143273537   0.150472769660  50.756806637251   0.261017606644   0.114318931961   4.040035630425  -0.994830847937 1.065323105114e+00 1.326749078107e-02 2.089445995451e-02   0.341295451849  -0.393825466989 4.661857880367e-02 3.348039334822e-02      63.0   8.40  54466770
2016 GV368    44.018232460926   0.095790662020   0.014069749315   0.909903882974  -2.882355865653  44.019627042848   0.097963129087   0.017682029028  44.019627042848   0.097435715949   0.012730606953  -4.368204174491   2.520245693284 6.629114539604e-05 1.798033373532e-05 1.046644511131e-04   0.439092339713  -0.439572140341 1.511884744077e-03 1.146325569202e-03      64.0   7.84  54464796
2016 GW367   139.092338940969   0.750506559347   0.265206069980   2.818027643216  -0.725910782540 179.387803842085   0.797007700444   0.232943305052 179.387803842085   0.690144919181   0.191355149499   2.590455234554  -0.655225601954 2.143785365392e+01 8.681741473407e-02 1.994874995660e-01   0.018124760812  -0.026077615897 4.127723458971e-03 2.251598672626e-03      84.0   9.36  54464613
2016 GX367    55.038519923113   0.454091928819   0.197953292904   4.007320253161  -0.310706949254 -33.036698310282   1.037828294359   0.177618048977 -33.036698310282   1.031267171541   0.019069180770  -2.671128197595  -0.311992083054 6.293767793136e+00 4.586535335370e-01 1.216271347287e-01  -2.158620067211  -2.472376600294 2.156318639530e+00 2.219167395200e+00      35.0   7.67  54464614
2016 GX369    75.486770068434   0.680494504601   0.182131010482   3.131978617511   0.357641160924 -51809.278574884876   0.985795397167   0.086338404932 -51809.278574884891   0.091567157472   0.014908129055  -2.090683099895   0.756084565682 5.509852902827e+04 6.987291500157e-01 4.490303454344e-02   0.000008224022  -0.003004915562 2.858887660118e-01 2.653210727119e-01      26.0   8.32  54465182
2016 GY367    43.296844939347   0.130078342339   0.317113799439   4.179768796409   2.928072593727  43.287904314094   0.126933284451   0.320365541975  43.287904314094   0.123799449365   0.315201221879  -1.825093875542   2.939047566992 7.234045048599e-04 2.184815381482e-03 3.097530461560e-04   0.220356527484  -0.338244117177 3.527537420445e-03 1.051381749441e-04     338.0   9.55  54464550
2016 GY368    79.318181556004   0.697139911427   0.021805203412   4.604660204041   1.435729225403 -9730.083832334753   0.992164730776   0.107102926256 -9730.083832334753   0.040107526486   0.029107163755  -1.911691817298  -0.602727926095 3.999740239207e+03 6.022885174554e-01 5.340142515578e-02   0.000127404434  -0.003155586406 3.125984814832e-01 3.115197971635e-01      64.0   9.41  54465000
2016 GY369    42.121679995764   0.184905306577   0.488235859417   1.530250676933   1.385936180285  43.464247184556   0.220125127214   0.489593652208  43.464247184556   0.177724056640   0.365417555385   1.645334539061   1.130463735916 8.085464225119e-01 2.742728815139e-02 7.858507509980e-02   0.141068444617  -0.272102057485 1.333826013797e-01 1.429028220020e-02      29.0   7.93  54465206
2016 GZ368    46.238625329591   0.375366090580   0.070845948504   4.913489900673   1.433907621598 -103.953879545665   1.013534628678   0.223266106058 -103.953879545665   0.150225735796   0.015082680613  -0.356762089465   2.269888451005 6.682767364583e+00 7.893074290999e-01 1.207344836018e-02   0.003554257200  -0.469875737238 1.874373277607e-02 4.132796444923e-01      64.0   9.47  54465001
2016 GZ369    50.935163403472   0.325089289239   0.219197371220   3.306460634010  -0.498841029616 -852.353110133509   0.808011116779   0.262347838152 -852.353110133509   0.762586303968   0.073667463190  -1.758524644741   0.247647243876 3.092809771482e+02 2.008053333137e-01 1.353601165661e-01  -0.002682441653  -0.336766771470 5.880640387785e-03 2.421071996041e-01      90.0   9.57  54465256
2016 LA106    46.526941083466   0.237269916054   0.429838587628   2.391221013580  -0.999489410144  46.722200300893   0.243056517215   0.424534470799  46.722200300893   0.242909531091   0.412622371613   2.358539610609  -0.990494064776 5.584468175556e-02 4.101188004497e-03 1.293221795653e-03   0.121313155599  -0.235517488789 3.221073224327e-03 5.774912563997e-04      91.0   9.30  54465183
2016 LA89     38.129479151094   0.035147819837   0.377102016139   0.046612478701   2.359759071748  38.124145471678   0.040181454808   0.389738232378  38.124145471678   0.031127839424   0.378826130352  -0.664013761222   2.425960699880 1.764956459492e-02 2.442777789736e-03 2.052913458055e-04   0.419537193344  -0.493088904285 5.488741364096e-02 8.798224168787e-05       1.0   9.33  54161158
2016 LA90     43.015424906226   0.004292996679   0.226560421897   2.304042213264   0.550687007434  43.010616563035   0.003213336293   0.230008493277  43.010616563035   0.057095704725   0.228195695789   2.096448213205   0.555091818895 1.671145231777e-04 4.928573488840e-03 2.057473551583e-04   0.670374860495  -0.375168851126 1.614593283228e-03 5.100536279813e-04       1.0   8.36  54161159
2016 LB106    42.684956389140   0.073102943145   0.593087398839   2.709732273921  -1.143994791582  42.685624297516   0.077350529739   0.590344903380  42.685624297516   0.077500401869   0.557091157235   2.768531570946  -1.142691377215 2.162006388412e-06 4.530503353517e-04 5.034469323051e-04   0.044581126927  -0.216039132132 1.786397186951e-03 1.065700183649e-05      91.0   8.47  54465184
2016 LB89     43.097120976754   0.017025717520   0.041824413169   3.720375357652  -1.249598755692  43.094688064448   0.010724397666   0.029150832293  43.094688064448   0.194963721482   0.027269461732   2.827264793447  -0.975858441511 3.885656331222e-07 1.704377071606e-02 2.633433286149e-05   0.669772306483  -0.450839443809 2.221835475151e-03 1.266306945971e-06       1.0   7.30  54161160
2016 LB90     49.935199138578   0.006704797009   0.422399861967   1.219126325215   1.488470812679  49.933813236753   0.005910184873   0.423897780783  49.933813236753   0.005901674416   0.412628973095   1.202734160415   1.491806466912 4.701116550852e-07 3.761729969422e-07 1.375102958031e-03   0.084532216421  -0.148629413339 4.069684977327e-07 1.558191746273e-03       1.0   8.48  54161161
2016 LC106    43.162724964500   0.137615071723   0.272560892276   0.500266629355  -0.708292684637  43.146372106187   0.142696208805   0.263955808396  43.146372106187   0.142216888397   0.260993912546   0.437914536869  -0.694093652290 1.848343858982e-03 2.374365895545e-04 1.845348977770e-04   0.309962097184  -0.392252685249 1.614396344204e-04 1.943211078771e-03      90.0   8.18  54465185
2016 LC89     43.980389109022   0.028618894652   0.037369010541   5.897887887852   2.819371983194  43.978269551595   0.024044376760   0.044439136712  43.978269551595   0.023515673006   0.043909854153  -0.394748655850   2.660811293996 1.191332126819e-06 3.153650188516e-05 2.017850387684e-05   0.399180133533  -0.400216904699 1.414953417558e-06 9.905645788399e-04       1.0   8.49  54161162
2016 LC90     43.382441240565   0.012338609918   0.025087512746   5.861099618939   2.952081135094  43.380369912149   0.009921964947   0.032998568164  43.380369912149   0.167563411907   0.031802301537  -0.869336384255   2.592720090634 1.846419451719e-05 4.075849423662e-02 1.647045357739e-05   0.669812059240  -0.433379863512 2.179453518089e-03 1.260500820901e-03       1.0   8.28  54161163
2016 LD106    42.295826064811   0.042120046659   0.167097701998   1.780910007247  -0.170639304488  42.273332623394   0.092840663424   0.168588735955  42.273332623394   0.073285410455   0.167591111464   3.032135499836  -0.083967468286 2.824968947029e-04 5.296683616482e-03 5.196236502676e-03  -0.759199087642  -0.435257239699 6.139643089982e-03 7.548576716737e-03      91.0   8.82  54465186
2016 LD89     47.249301650159   0.043277953247   0.464138922032   2.141143073393   0.154626808700  47.245400133230   0.043292247383   0.464079157732  47.245400133230   0.043465592060   0.448793039652   2.134806516019   0.155892445646 8.702565702489e-04 7.925126731936e-02 1.108419997424e-03   0.090192887826  -0.176746932007 9.256386903940e-04 1.608747877125e-03       1.0   8.02  54161164
2016 LD90     39.343153501207   0.039678676770   0.256985336899   1.178138122511   1.232759334381  39.416724922520   0.046142385382   0.267516496906  39.416724922520   0.038482996342   0.264029277805  -3.975341688198   1.141433038789 8.913413592487e-04 3.478536245114e-03 4.065573341697e-03  -5.592205175180  -0.486546007126 4.651697254323e-01 1.120029940862e-02       1.0   8.67  54161165
2016 LE106    39.561054068774   0.202125817613   0.165058964800   6.080902012462  -0.060507660447  39.404361473039   0.189857963793   0.169085709867  39.404361473039   0.189506285249   0.168215651376  -0.296471429471  -0.047144499246 4.419728289047e-06 6.787719359096e-05 3.603877451982e-05  -0.802958357764  -0.389787558135 7.948960952996e-05 1.764449392539e-06      82.0   8.41  54465187
2016 LE89     42.106326712636   0.039108513388   0.011096523433   4.942818336032  -2.524186625976  42.102402977133   0.067140161346   0.065554053504  42.102402977133   0.052974354543   0.061364877514   2.179142883485   0.500097219326 6.326966385401e-04 5.164982580213e-03 6.947579710295e-03   0.789891848132  -0.536500656360 4.226662129332e-02 2.040213714228e-03       1.0   8.89  54161166
2016 LE90     47.811000443383   0.052220565030   0.393177197464   1.725023685121   0.606907745223  47.733235980130   0.235744420397   0.307687941794  47.733235980130   0.182607892161   0.297638247368  -3.524842510422   0.528268731348 1.049758240066e-04 1.220000262710e-02 1.424904088147e-02  -0.185802699263  -0.187731270133 9.010081864666e-02 3.710011866615e-03       1.0   8.11  54161167
2016 LF106    47.685150239532   0.324254505199   0.399491914892   1.613061424043  -0.997298672179 -485.884972848880   0.739606864030   0.236762315215 -485.884972848880   0.682692090157   0.143499657852   0.506676289293  -0.388275418044 3.768316317730e+02 1.889129617544e-01 5.606153346284e-02  -0.002354349533  -0.583822058767 6.557708693069e-03 3.040522423417e-01      91.0   9.08  54465188
2016 LF90     38.643175079484   0.775449201267   1.390570280014   1.239391577462   1.920820054841 -173.630049468236   1.054937118144   1.326755471746 -173.630049468236   0.023986135864   0.009372843900  -1.223734232427   0.961278723081 1.816771684800e+00 2.372242026180e-02 9.215020826039e-03  -0.209912739851  -0.263692542032 1.618569496526e-01 2.266875065214e-01       1.0  15.18  54161169
2016 LG106    39.351097873926   0.111482656898   0.379375142947   4.587634196782   1.379107411353  39.404569156726   0.128629503680   0.374577390003  39.404569156726   0.092662517127   0.366623352577  -2.531264622932   1.415879447020 1.343980532501e-04 1.380514101809e-02 8.641679290874e-04  -1.836372507036  -0.309879290663 1.595547504061e-01 2.143170635117e-03      82.0   7.83  54465257
2016 LG89     45.269299193084   0.024487502564   0.544762717682   0.913143519133   1.560377321427  45.265826228508   0.024588496953   0.546615532155  45.265826228508   0.024675016291   0.520873068847   0.892261586674   1.557322833534 3.000799236793e-04 1.992215895784e-04 1.556348391032e-03   0.058652603644  -0.185110417477 2.321214465429e-03 1.808787057686e-03       1.0   7.53  54161170
2016 LG90     37.116160584342   0.027775002462   0.412847847968   3.266499171368  -0.839202518134 -9294.079544202514   0.645686403065   0.187367363229 -9294.079544202516   0.644477228771   0.131635346398   3.978071994022  -0.951691248814 9.737341333154e+03 2.635435384522e-01 6.715208291981e-02   0.000506318479  -0.552216731589 7.027479885746e-02 3.105657276206e-01       1.0   9.36  54161171
2016 LH89     38.573141690292   0.025784183306   0.401923527394   1.548513781552   0.840940209418  38.577445539847   0.021814058604   0.409553618070  38.577445539847   0.021704573484   0.398042265070   1.529528306146   0.802890358217 1.817546919800e-05 1.168701238965e-04 2.136017401363e-04   0.260641098189  -0.446185930564 5.945444589429e-04 3.945879927962e-05       1.0   8.85  54161172
2016 LH90     39.017245964377   0.043020435590   0.537332119743   1.062078663016   1.342601941325  39.034913426995   0.039825484267   0.541987493279  39.034913426995   0.039739202631   0.516087498184   0.978159324583   1.333891476218 5.418531951138e-05 6.061507030627e-05 2.740680789706e-04   0.255906613961  -0.328718488973 1.846321514456e-03 1.855581421952e-05       1.0   9.20  54161173
2016 LJ106    44.427733987483   0.100816580875   0.142722922135   2.809359595181  -0.129820684629  44.428505385474   0.076123642352   0.127183048719  44.428505385474   0.075747520294   0.126883670736   2.781809497142  -0.107824073100 1.548758941673e-04 1.065324255905e-02 6.479191107271e-03   0.355923567750  -0.372982694349 4.333287198707e-03 2.017145419229e-03      81.0   7.33  54465259
2016 LJ89     33.357733076041   0.034663035538   0.185609441928   0.681614933711   1.729261973927 -158.113470055827   0.994816932720   0.092214602191 -158.113470055827   0.157925927505   0.009337800005  -1.795205972610   2.159329040510 9.519135992577e+00 3.812792233060e-01 8.366450073754e-03   0.000003512603  -1.907673260598 2.242117302820e-02 1.699654682717e+00       1.0  10.22  54161174
2016 LJ90     41.340262013783   0.018979176202   0.410685827868   2.936141900930  -0.500720691510  41.332075613369   0.019330964068   0.407126355180  41.332075613369   0.019327061537   0.395954857271   2.930272934296  -0.512521725543 2.308867130197e-05 3.775508427875e-05 6.787895479761e-06   0.185561577903  -0.333432728697 1.895682503735e-03 1.510419377122e-06       1.0   9.19  54161175
2016 LK106    44.849487125919   0.196268204686   0.572919143581   6.255141626400   1.488652208208  44.811391344943   0.210726872851   0.568775360571  44.811391344943   0.209140189970   0.539272500786   0.090290004928   1.488091082410 4.735570562396e-02 2.467497702070e-03 1.776723602199e-03   0.060625092139  -0.204339620581 3.735963291119e-04 1.558130093099e-03      90.0   9.08  54465260
2016 LK89     59.780489169951   0.005921064006   0.414109149092   4.641009488336   0.365971679680  59.781048724084   0.005907032378   0.414263274832  59.781048724084   0.005926954046   0.404542655205  -1.631786116145   0.356975484922 5.141990977458e-09 5.038199099739e-05 5.181413309804e-03   0.046937257949  -0.075175306655 2.920186746478e-05 8.221764199415e-05       1.0   6.19  54161176
2016 LL89     43.233963328502   0.022751219559   0.055813871760   0.100971016552   2.340105563792  43.228808938785   0.026740208413   0.071219161447  43.228808938785   0.025996188715   0.070791422687  -0.066904684112   2.212667364567 1.763987976646e-04 2.860915520618e-04 1.175272806031e-04   0.428018392502  -0.437281410199 1.191047299020e-03 4.973073672116e-04       1.0   8.50  54161178
2016 LL90     42.797293079843   0.019940382953   0.562815039573   1.077828823469   1.398002967401  42.788783132713   0.018554707577   0.565182317792  42.788783132713   0.018648036867   0.535808065314   1.017677746472   1.397477487067 1.518699579776e-06 1.190912498060e-04 2.347472878158e-04   0.051667649614  -0.220724777362 1.652594086925e-05 6.077077272627e-07       1.0   8.38  54161179
2016 LM89     44.120099297169   0.016759877522   0.595743719775   2.367742745550  -0.057163946344  44.118618692946   0.016786271656   0.595386354656  44.118618692946   0.016793261530   0.560890149078   2.427229048634  -0.056592320184 1.675205352131e-05 1.285500660151e-04 6.255311744963e-05   0.044613379794  -0.187849450783 1.053882505707e-03 8.265901480829e-07       1.0   8.95  54161180
2016 LM90     34.667082433451   0.022534530269   0.353334578890   1.480669223451   0.923607241706 -93.303534540002   0.948293202303   0.050669813643 -93.303534540002   0.922976383841   0.039734251734   1.757490916778   0.896861979597 2.997292728957e+01 7.179366534623e-01 3.441366449905e-02  -0.003175802348  -1.608957341857 1.630153994053e-02 1.280431712723e+00       1.0   9.77  54161181
2016 LN89     36.075159420613   0.022421112190   0.144724913934   1.149568086857   1.297280223279 102.221786462354   0.316555925263   0.176125138664 102.221786462354   0.292145753494   0.132068347181  -2.955567942424   2.231793454935 6.054293585500e+01 1.538030949731e-01 1.733402177891e-02   0.003567634896  -0.631836529453 4.504486489855e-01 8.641891077614e-03       1.0   9.83  54161182
2016 LN90     41.506087138708   0.026521148521   0.340405404075   1.351884840479   1.064064484536  41.507740495126   0.022867358771   0.346632637421  41.507740495126   0.022813833764   0.339770844046   1.333847749891   1.054120672480 1.153662443240e-05 1.027264463105e-05 6.814170210581e-05   0.227767433385  -0.366304954774 4.505277069421e-04 2.999024089340e-06       1.0   8.78  54161183
2016 LO90     45.553124460251   0.011527576866   1.054669566428   1.580639752086   0.846947703600  45.550080124800   0.010843209508   1.054974342827  45.550080124800   0.010862822733   0.870050240538   1.610982150194   0.846833738360 1.019074857486e-06 2.417873979977e-05 1.613605223574e-04  -0.070458259457  -0.075139784202 1.311255233958e-05 3.264310098815e-07       1.0   7.74  54161185
2016 LP89     36.901588782644   0.021310598248   0.222560256749   0.033059887973   2.418128178158 -80.547437641593   0.642878903159   0.160148776463 -80.547437641593   0.641001204560   0.085213888146  -3.465394400235   2.543974330656 6.404418865240e+01 2.919042000871e-01 5.469568776709e-02   0.000059619475  -0.968218890286 5.203968046791e-03 4.994252368725e-01       1.0   9.68  54161186
2016 LP90     33.220288474741   0.013103646594   0.119296902249   3.312532912806  -0.810574453225  56.555570361115   0.397113152693   0.332432534656  56.555570361115   0.315356216476   0.231386645136  -0.491823867982  -2.023932661066 3.022500390708e+00 3.799102871537e-02 3.880224067978e-02   0.171788307248  -0.267570352070 3.135098575502e-02 5.213606236331e-02       1.0   9.58  54161187
2016 LQ89     44.421157824330   0.017966568197   0.026585163157   3.037654675801  -0.951871997811  44.418777276456   0.012496107999   0.019789828947  44.418777276456   0.011620243870   0.018712175688   2.507676820613  -0.678148299739 3.543590358706e-07 5.360128617388e-05 1.059571325847e-03   0.382702257911  -0.378368861926 1.853043128866e-03 1.862560790201e-03       1.0   8.49  54161188
2016 LQ90     38.877865246284   0.052503276216   0.325146009262   1.716616259330   0.651797831142  38.677390865662   0.089725117627   0.327853687420  38.677390865662   0.081023440705   0.314329550810   0.488857959823   0.929337661090 2.209532589378e-01 1.483254248536e-02 1.448539147058e-02   0.450310142165  -0.522371073685 2.068885927569e-02 3.235523335383e-03       1.0   9.84  54161189
2016 LR89     34.736697784083   0.025421000448   0.131639960250   1.220349893850   1.195789268438 2907.664933852006   0.887863955760   0.278138198075 2907.664933852005   0.877306191673   0.176122957647  -3.456730890104   0.492347459482 4.876381426974e+03 4.046919445950e-01 1.153625858976e-01   0.000000884392  -0.002380109553 5.692908657453e-03 2.112916147911e-02       1.0   9.80  54161191
2016 LR90     47.917385162847   0.055004278232   1.256606790612   1.194542959312   1.596627321848  57.180536421152   0.498749924032   1.180641909770  57.180536421152   0.402839631489   0.756364773202  -2.397698954143   1.542602227780 4.536270051758e+00 7.468411414947e-02 5.577340981293e-02  -0.126239409399  -0.054058465433 4.524918550716e-02 3.638364549195e-03       1.0   8.85  54161192
2016 LS88     52.166087161324   0.034765773661   0.566175754515   2.108683243127   0.181978735636  52.166943048380   0.034236166125   0.566265314515  52.166943048380   0.034200343726   0.536536606375   2.082271980089   0.181252080038 2.819698321806e-07 5.204968727685e-05 1.818632798426e-04   0.035211483456  -0.105665299705 2.044033909474e-03 3.816400126523e-04       1.0   8.09  54161194
2016 LS89     35.226637697327   0.019005449310   0.166539577355   1.012574923610   1.446371705144 -1187.169375311718   0.680237505782   0.142022961438 -1187.169375311718   0.651935348638   0.064357965829   0.014527964682   1.581251796869 6.771138694625e+02 3.178323627519e-01 4.903852038740e-02   0.463569215565  -0.500308830072 4.720091234474e-01 2.251030294397e-01       1.0   9.67  54161195
2016 LT88     48.912925487240   0.002812184326   0.558278336662   2.185248447357   0.877240140522  48.915323880856   0.002453243840   0.559144141705  48.915323880856   0.002450346170   0.532240257329  -4.007204474167   0.876521181345 2.903976899842e-07 4.833814836672e-06 1.745902255942e-03   0.042249663895  -0.135532064446 3.675437575635e-05 6.333496464460e-04       1.0   8.61  54161197
2016 LT89     41.659068337906   0.011929335881   0.656280916028   3.340456296180  -0.792360106253  41.657727803028   0.013708023023   0.654550729790  41.657727803028   0.013444291715   0.609653319508   3.232908602154  -0.792687390073 2.745113546489e-04 2.159581112794e-04 1.950249863838e-03   0.021098586546  -0.209063340415 2.289602933811e-03 1.923231799635e-03       1.0   7.62  54161198
2016 LT90     38.951461898089   0.043817780934   0.522612808722   2.443750239271  -0.175183987729  38.970444983914   0.044665848691   0.520747338152  38.970444983914   0.044584838307   0.498030606910   2.501847297925  -0.179089720045 5.141643795811e-05 6.430134699852e-05 8.147405278267e-04   0.227767427467  -0.344485442653 2.403843398686e-04 1.564337834813e-03       1.0   9.40  54161199
2016 LU88     47.057694832492   0.063497984495   0.510089384807   1.668768337958   0.645914137651  47.054030397573   0.060804087113   0.511227465201  47.054030397573   0.060886712914   0.489256204211   1.690895021498   0.646309832030 1.829748123334e-06 1.404416013885e-04 1.012395446348e-05   0.070437184175  -0.169064482470 6.354308967791e-06 7.655554331107e-07       1.0   9.06  54161200
2016 LU89     35.860031531361   0.030744246012   0.112759349522   1.743720452347   0.664043917072 -119.986449682120   0.907927199221   0.096304224368 -119.986449682120   0.887074633710   0.021708619344   1.729655999925   1.011885184622 3.084054889299e+01 4.175003045155e-01 4.725493068896e-02   0.547672982539  -2.405341396858 5.462745170837e-01 2.045236244916e+00       1.0   9.86  54161201
2016 LU90     35.485370689212   0.018894690949   0.329601877716   1.773818340403   0.650560543379 -968.617978915926   0.930660033337   0.092791543664 -968.617978915926   0.924056895946   0.031279453821   1.196314657863   1.051696169098 1.660762781936e+02 5.878171772151e-01 3.428652318854e-02   0.407894085822  -0.874572410387 4.087498720529e-01 6.893292501528e-01       1.0   9.32  54161202
2016 LV88     44.593561109483   0.041418088131   0.474336833254   2.171576876595   0.132685635531  44.592906834870   0.040939930882   0.474364559616  44.592906834870   0.121284461318   0.457545680640   2.554033862380   0.130017992724 8.155007430558e-07 2.205868192391e-02 8.433441964962e-04   0.097750390923  -0.218611549343 3.804669037843e-03 1.910891067634e-03       1.0   8.42  54161203
2016 LV89     38.096448134355   0.025621845210   0.442055518020   2.929567073097  -0.810666386006  38.134789473230   0.031433360229   0.433692166026  38.134789473230   0.026437857190   0.420270145333   2.458779130398  -0.810349038253 2.962528611480e-02 1.456687385302e-03 5.551470189038e-04   0.416892890001  -0.445972736210 5.248285605407e-02 2.833984691688e-03       1.0   8.54  54161204
2016 LV90     33.094069184771   0.033999382074   0.468380474522   0.025175104863   2.394312974013 -154.041392619425   0.891479534295   0.367542531801 -154.041392619425   0.850942251983   0.162093044859  -0.916466673972   2.713747210011 6.241223513862e+01 6.586034534995e-01 1.245258496091e-01   0.000012002553  -0.002449179484 2.174936566198e-01 3.918995862891e+00       1.0   8.74  54161205
2016 LW88     36.688666600667   0.016827469960   0.668989812177   1.366689915783   1.099950878047  36.686597455909   0.013012860766   0.672203767753  36.686597455909   0.012891310891   0.622893188880   1.321645185809   1.094200952175 2.238240073581e-03 1.512706870465e-04 5.010068473446e-04   0.210145219165  -0.316992425382 3.994099762151e-03 1.404663418794e-03       1.0   9.40  54161206
2016 LW89     46.808313189704   0.014167063571   0.024608931672   3.425841274946  -1.376141194786  46.806905805217   0.010988598078   0.019850778100  46.806905805217   0.010682288024   0.019556053435   3.133382590877  -1.258889966162 9.999144810724e-07 7.943319424371e-06 1.830332132095e-05   0.293520347276  -0.284132712830 1.497465073729e-03 1.618372771680e-03       1.0   8.40  54161207
2016 LW90     40.836096940984   0.008628671236   0.047144760666   0.126194255060  -1.156878065299 -2335.567121813772   0.791881587499   0.236168059549 -2335.567121813772   0.758883341975   0.068494066393   4.367463659679  -1.656260659972 9.637960019595e+02 3.774641802276e-01 1.103232546116e-01   0.000013809632  -0.657632753556 5.454542143124e-03 5.117529723456e-01       1.0   8.80  54161208
2016 LX88     45.126365081365   0.030489064172   0.025502442057   3.649042229641  -1.233841617229  45.124601338543   0.025055789728   0.018338368881  45.124601338543   0.024782760301   0.017570082790   3.310410605921  -1.035833668452 2.012895440493e-06 2.663024361295e-04 7.610228434733e-04   0.352172614887  -0.347562610029 4.434372038469e-05 3.747116982293e-05       1.0   8.02  54161209
2016 LY88     50.694007540295   0.032092751696   0.591255483577   1.702376705458   0.633273486859  50.694681376717   0.030878045475   0.591855779161  50.694681376717   0.031044104204   0.559631908446   1.698641187858   0.632442075549 1.459508773158e-06 1.826709472538e-04 1.960788933524e-03   0.030500373297  -0.112798754972 2.299978233517e-03 8.459958002507e-05       1.0   8.37  54161211
2016 LY89     39.959661947846   0.021401687133   0.258191665402   1.115244255277   1.335148838784 -10925.861112963878   0.673746226305   0.222890549602 -10925.861112963878   0.657435336560   0.105222050060  -0.199478435438   2.162154998516 5.487194738680e+03 4.227022485646e-01 7.890353500054e-02   0.000051928241  -0.494258978988 4.553149477347e-02 2.112887422216e+00       1.0   9.69  54161212
2016 LZ88     43.565141701487   0.033904726053   0.421418833973   1.313983201811   1.069130974633  43.563815235361   0.031109118955   0.424505108255  43.563815235361   0.031156448935   0.412098900862   1.270741353249   1.063875933064 1.466295097734e-06 8.152638660006e-05 1.012057219778e-03   0.161102007653  -0.260633029264 1.358619971232e-03 1.574158229965e-03       1.0   8.60  54161213
2016 LZ89     39.125696637699   0.033877775109   0.885904043402   2.590652805991  -0.427078767609  39.151319463960   0.038387715175   0.885048794572  39.151319463960   0.118424694843   0.774100192644   2.245651541299  -0.429405272228 6.162306933373e-04 1.202974522320e-02 1.782672137790e-04   0.088300984550  -0.173760656238 2.547984807620e-03 8.433261535438e-07       1.0   8.39  54161214
2016 PN66     31.649589413952   0.908129187948   1.843084311664   3.408072309948   1.903538570963 -86.274250778607   1.001845020862   2.806345680018 -86.274250778607   0.996026103673   0.053318041054  -3.161644813497   2.188888978157 5.769701698330e-01 6.008896992361e-01 2.093903581067e-01   0.000005191630  -0.002358648397 1.242825969346e-01 2.935081938432e-01     320.0  13.40  50757518
2016 PP296    46.037347196233   0.120155230149   0.098197207411   1.009173742868   2.927819084954  46.038433202220   0.116556129384   0.097876584412  46.038433202220   0.116523533716   0.097645262019  -5.222277606916   2.879847410211 8.154539908393e-07 5.247514269063e-04 6.560385608356e-04   0.319341825828  -0.333445758361 1.187890310886e-05 9.210277293871e-05      37.0   8.86  54453198
2016 PQ296   122.389541689491   0.802361243323   0.104218932008   2.764512847873   3.029619751499 -5669.697751700843   0.940579876631   0.126210210273 -5669.697751700841   0.928238132746   0.061503833823   2.135049509454  -2.705343169323 2.012620314563e+03 7.190173265283e-01 5.264155942770e-02   0.000002394799  -0.002483488934 2.493481735407e-02 2.628769948938e-02      37.0   8.00  54453199
2016 PU298    59.051154493006   0.595381964321   0.077822520094   3.040346975332   2.061597683334 -136.459081043608   1.105438959294   0.025176021135 -136.459081043608   0.213606153285   0.008345530894  -4.100451592381   1.662050188684 4.753338352086e+01 4.230394738448e-01 8.339716800706e-03   0.000026545306  -0.544193315839 4.630949316441e-02 5.751607741741e-01      29.0   9.02  54465006
2016 PY295    48.323286421786   0.290114764217   0.235482930683   3.175986413160   1.914885779286  54.323129736915   0.390841545573   0.245126849257  54.323129736915   0.311612953692   0.192977737192  -4.645895236053   2.853310881699 2.808270912608e+00 2.275370408887e-02 2.126301791962e-02   0.161248672071  -0.184142591188 1.527557252947e-02 5.165154284950e-02      34.0   7.48  54446960
2016 QZ158    59.769690806372   0.292570994294   0.434235548048   5.133786571139  -2.125956146943  59.749193296263   0.283870483304   0.440266249666  59.749193296263   0.265746400292   0.427559003103   5.210004170670  -2.086077026224 5.320774404182e-03 8.568965970080e-02 3.578029823204e-03   0.049292343035  -0.089730609358 4.314467420394e-03 6.899374545588e-04     352.0   7.67  54450896
2016 RR105    40.975214892661   0.101301902710   0.289541984300   1.207616723603   1.370461095739  40.978910374933   0.092230977659   0.302505628379  40.978910374933   0.091805851795   0.297830486785   1.209471240950   1.362149569862 9.662447671342e-05 3.329113471460e-05 8.146322616644e-05   0.323591239739  -0.439102901741 4.309782569772e-04 1.472847898373e-03      37.0   9.38  54465972
2016 RS105    93.810164166014   0.622711136277   0.127978228950   0.724891650651  -2.689303576505 106.922120261948   0.666209580251   0.119613026214 106.922120261948   0.521011587031   0.096506845759   1.459910579589  -3.118564675437 2.545938195353e+00 7.596469736677e-02 1.375322598580e-02   0.055391593567  -0.037618696288 3.237353095855e-02 2.107243562896e-02      10.0   9.23  54465973
2016 SH57     46.437999123836   0.198262180756   0.276983530529   5.846556105124  -0.266296159025  46.421698608361   0.202648119503   0.272483189824  46.421698608361   0.202892440609   0.269096924025  -0.384663896232  -0.283362225472 4.943671286458e-03 5.568992967966e-04 2.575232324342e-04   0.220758915873  -0.300559206370 8.625434479041e-05 1.246771870516e-06     355.0   8.40  50893242
2016 SJ56     47.723694161685   0.228664724194   0.250473336840   4.292949594723   0.644661290203  47.733983876218   0.174928538564   0.300779017984  47.733983876218   0.145329313189   0.296111165777  -2.457401937782   0.834416039069 1.796057516635e-04 2.966818215744e-02 1.627574821204e-02  -0.401852026911  -0.190897139466 9.989512803198e-02 3.698990391480e-03     355.0   8.45  50893243
2016 US109    37.386453605179   0.950123189283   1.545007568388   3.020209538362   2.592050205436 -27.326374352396   1.010974226606   0.962651839321 -27.326374352396   1.012220271081   0.228697760647  -3.215029055637   2.543347924556 2.277129206978e-02 4.486959003775e-01 4.491639078093e-01  -0.002360714622  -0.005865069172 1.563119624344e+00 4.781939888149e-03     107.0  17.10  50763300
2016 YX39     42.552825959909   0.238950415970   0.529853646200   1.756572659007  -2.863340742373  42.736858939298   0.217232709285   0.541210663841  42.736858939298   0.205694084480   0.515176419292   1.854946567961  -2.823699139135 2.659802925009e-02 4.969717458264e-03 2.773069920184e-03   0.105775978985  -0.260635356368 2.877254858102e-03 1.787120182969e-03      71.0   8.76  54431757
2016 YZ40     42.385139141447   0.175579388940   0.374850863325   4.197655714238   3.060799226642 -24.003307596570   0.955192479560   0.066604484878 -24.003307596570   0.920621100214   0.068954842919   5.997454303312  -2.942346940062 1.441699978197e+01 1.785936840422e-01 5.531369495480e-02  -0.109078724816  -0.377215591044 1.116128318035e-01 2.893580877075e-01     301.0   8.35  54455178
2017 BA237    44.537115122873   0.036596403473   0.051513363105   5.136394481128   0.571721994631  44.537139492034   0.041306102172   0.055342263911  44.537139492034   0.041117090535   0.055058453832  -1.047459228082   0.567730198156 4.031830084827e-05 2.436233250945e-04 2.640204573562e-04   0.372334366214  -0.374043069153 1.270422141438e-03 1.565362393525e-03     360.0   7.90  54440432
2017 BC232    45.273216178741   0.022689919519   0.003214743958   0.340276696305   1.253501293632  45.275193266387   0.020746212535   0.011661937036  45.275193266387   0.020438426447   0.010444356269   0.481878191349   0.956982281024 2.011623606802e-06 2.922585589299e-04 1.210873908820e-03   0.345173685693  -0.340997676355 9.865893426319e-04 1.708278655539e-03     327.0   7.64  54433217
2017 BE241    47.009542109857   0.093247062710   0.069405958645   3.190497613240  -1.573678792657  47.016276658868   0.091041560753   0.063349317533  47.016276658868   0.091044821776   0.063287489663   3.127112034281  -1.545826664226 8.519497866362e-07 9.151759414815e-06 1.013865794465e-04   0.305172622054  -0.292109475580 8.028166391137e-05 9.018558884907e-04      31.0   9.26  54453233
2017 BF232    44.102565937098   0.083221780908   0.004437895461   4.143884816243   1.556881231894  44.104463609302   0.091486811641   0.015921754743  44.104463609302   0.091057279781   0.010999052180  -1.557439703107   1.037013998192 2.642327282914e-06 1.234149891648e-05 3.888551571325e-05   0.427357231684  -0.430249931783 2.135704765272e-06 3.786631401879e-03     327.0   8.50  54433220
2017 BF241    37.810832207175   0.100592929024   0.542158095346   4.965202179698  -1.751410916047  37.819714255973   0.082442439288   0.538754391126  37.819714255973   0.072258706708   0.513452829415  -1.162686398334  -1.762375799587 6.135192903447e-03 5.072333206445e-03 4.766919010855e-04   0.117988712213  -0.373420838112 8.783127299131e-03 1.393964159185e-03      31.0   9.76  54453234
2017 BG231    46.785720003566   0.192063777152   0.550051914087   2.253791482814  -2.786499613203  46.785503498760   0.193728834626   0.548515908493  46.785503498760   0.195170180610   0.522019343486   2.304619352830  -2.785236926115 2.805579155304e-03 1.668832109172e-03 6.961899530911e-04   0.059254928329  -0.178433011283 1.674433658143e-03 2.352656599174e-05     356.0   8.11  54431660
2017 BG232    43.181705076462   0.069891064692   0.089102705953   4.684664912466  -1.694305923680  43.185261876631   0.052290779046   0.068567658610  43.185261876631   0.051863607729   0.067943419942   4.601680123997  -1.664845339795 1.455906248058e-05 8.275991304692e-04 6.014099354354e-04   0.441449615368  -0.449641811791 1.917003240534e-05 1.190851133435e-03     327.0   8.67  54433221
2017 BG237    60.570717021217   0.418807359772   0.243535580872   3.965285515023   2.994085344391  59.781070479203   0.427802638768   0.210515842193  59.781070479203   0.328200263952   0.171635757614   4.003914536932  -3.140783065614 7.539306485420e-01 1.558008918401e-02 1.474154922023e-02   0.159412390646  -0.179998515185 3.026416185733e-02 4.905024567352e-02      99.0  10.15  54442192
2017 BG241    43.810875722460   0.080799983299   0.022440112135   3.882076337074   0.719796759981  43.811085841104   0.088098311079   0.034130138925  43.811085841104   0.086732431053   0.032681451989  -2.281596237462   0.734011062792 4.296242777590e-04 6.974602248331e-05 5.099599942959e-05   0.462185973423  -0.441442622573 1.805094811999e-03 1.596479779949e-05     327.0   8.66  54453235
2017 BH232    43.766103345997   0.025847009584   0.016666587892   3.245700251919   1.186976770883  43.766480036650   0.029507350567   0.028171877956  43.766480036650   0.028973471950   0.027070472989  -2.663345767687   1.030962182800 4.828751164606e-07 1.719558109696e-05 9.008933677994e-06   0.415618310693  -0.415460145451 1.149605726563e-03 1.909228227266e-03     327.0   8.23  54433222
2017 BH233    44.473163496132   0.066028569059   0.059023712521   4.282832948735  -1.260275661878  44.491390702380   0.061354860738   0.048932820473  44.491390702380   0.057829381296   0.048475198658  -1.854774829128  -1.159444398182 3.861876104617e-03 1.731369089262e-03 5.280335527613e-04   0.412737934300  -0.385090893759 1.172713769881e-02 2.355904566563e-06     327.0   8.54  54435276
2017 BH239    33.509740114442   0.102757332331   0.291975855945   3.522933134561   1.523801998864 -20498.232804820618   0.972734073485   0.187585104939 -20498.232804820625   0.122083179339   0.015027755527  -2.602907800811   1.370188597708 1.384235074927e+04 6.694823153164e-01 1.065393085325e-01  -0.003474106756  -1.376189182213 1.326738322082e-01 1.247385446922e+00      34.0   9.69  54445973
2017 BH241   107.183849965463   0.693517468424   0.036460598739   2.899894783452  -1.494256338733 5803.316412940985   0.951647981417   0.047698887538 5803.316412940987   0.925738585302   0.024249459637   4.013699562142  -2.122529327995 1.041464869224e+04 6.053634755203e-02 2.456168079454e-02   0.000026519285  -0.002472432302 5.045836367472e-03 2.662916870125e-03     301.0   8.39  54453236
2017 BJ233    44.777218355737   0.120512186681   0.109506437231   2.910611413784  -1.529636058614  44.784697363127   0.113242631715   0.090379793116  44.784697363127   0.113122566699   0.090255095664   2.788649776825  -1.484825380548 8.648374327386e-04 6.849022127498e-03 8.221764980974e-03   0.373376289775  -0.388361406090 1.355172806739e-03 6.823298101380e-03     327.0   9.38  54435277
2017 BK232    46.406700453022   0.114520357746   0.317320645489   4.048207875696  -1.788411177263  46.409055925626   0.113192913249   0.314404515814  46.409055925626   0.113434398028   0.309688239979   4.037809046999  -1.792127109681 1.980217992863e-04 2.519767405790e-04 7.516641519488e-04   0.172040803782  -0.245705760816 1.618508774463e-03 1.422867534240e-03     327.0   8.37  54433224
2017 BK233    47.235903891841   0.118131793235   0.098924078505   2.323555543697   1.138201943235  47.256406947054   0.117017934801   0.104801437162  47.256406947054   0.116970161274   0.104682387783  -3.925521701023   1.123482416398 2.506124719782e-06 1.642269121626e-05 1.426223268501e-04   0.324395799948  -0.292122867434 3.397836497524e-04 9.146571396267e-04     327.0   7.72  54435278
2017 BK239    46.265862858842   0.093271465216   0.050042095975   1.853899388718  -0.683551893371  46.270372204398   0.091715448839   0.044221500318  46.270372204398   0.091668928019   0.044028448846   1.729935549343  -0.582165619457 2.612828565125e-06 3.513289104580e-05 1.766203307539e-04   0.321689847645  -0.320245077187 1.327179027854e-03 8.601170553728e-04      24.0   8.44  54445975
2017 BL233    43.583635868993   0.044052573964   0.027719906444   4.749513106839  -0.883170063555  43.585467507010   0.044754000843   0.022186900862  43.585467507010   0.043777533725   0.020162261312  -1.721899278545  -0.542057893316 5.549716426214e-06 3.970274730741e-05 1.537696241393e-05   0.449587335974  -0.429880385005 1.192947234259e-03 1.957863664194e-03     327.0   8.76  54435279
2017 BL235    42.872372096375   0.048895210570   0.019089636540   5.812488481577   0.560020855381  42.875781094319   0.057794893275   0.028421852653  42.875781094319   0.056602764239   0.024751647649  -0.505743786900   0.673897542667 7.737634066016e-07 8.355314468444e-05 2.053202097515e-04   0.485833101608  -0.481376712699 1.911427374666e-03 1.042122081059e-03     327.0   8.55  54436408
2017 BL239    39.824437257657   0.105549183375   0.083168820613   4.408445285950   0.801631406977  39.775652259294   0.094833606944   0.074576612489  39.775652259294   0.090652405432   0.066262577542  -1.782101724620   0.779161335788 2.863930997186e-04 1.072171101514e-03 3.361953029959e-04   1.623758872772  -0.909626779666 6.672406845349e-03 6.014328234815e-03      24.0   8.16  54446077
2017 BM233    42.817401776572   0.025529101775   0.029870932088   1.798457263220  -0.791329247085  42.819299838501   0.028075437610   0.022165444925  42.819299838501   0.026573040373   0.017628204273   1.257685707351  -0.368360433891 2.037449334875e-05 1.218353218797e-05 7.742327705996e-06   0.472073250346  -0.473290854104 1.957178843337e-03 1.059032470305e-03     327.0   8.84  54435280
2017 BM235    45.191739157195   0.090731972012   0.057893765921   2.222172348255  -1.501275831811  45.195336829683   0.093977242826   0.052397748114  45.195336829683   0.093924505009   0.052104104917   2.104209504641  -1.388024058156 1.708636205447e-04 1.060162118943e-04 3.799516472294e-04   0.361414897927  -0.366306331460 1.878724595866e-04 4.906026680670e-06     327.0   9.07  54436409
2017 BM239    40.985235962199   0.102882132937   0.096795777552   0.662826487478  -1.230257848339  40.994161763022   0.110280040341   0.118777490232  40.994161763022   2.323337228772   0.117622002462  -0.011851393423  -1.325718676922 5.768382237309e-04 2.801567174432e-01 1.200052771950e-03   0.713216094456  -0.692637855230 4.068391837441e-02 4.369228599683e-02      24.0   8.57  54446078
2017 BN235    44.468227124331   0.052651555615   0.035557602596   4.449597628192   1.112176314764  44.467722614399   0.058326786772   0.042676983665  44.467722614399   0.057953939912   0.042148075470  -1.671684388782   1.045924532838 2.922790118884e-04 5.869928717926e-05 5.219635082839e-04   0.395031814649  -0.385091375331 5.141208966023e-04 1.817853376337e-06     327.0   8.87  54436410
2017 BN239    56.867463244501   0.223301058569   0.404584673787   3.858017388225  -3.131242332595  56.854798972954   0.216345180927   0.407426516487  56.854798972954   0.209894659299   0.397410693071   3.782437685511  -3.130884237018 7.463318917851e-05 3.382348110649e-03 1.901149412133e-03   0.051893550994  -0.103440675842 3.637269346107e-03 1.025173732306e-04      65.0   7.92  54446079
2017 BO237    72.409183927945   0.678209996105   0.249305572119   0.307146266699   2.018542190333 31405.262734132812   0.935055284058   0.283617088225 31405.262734132812   0.934161184837   0.136436077743   0.478421778035   1.772697691222 2.853901385771e+04 4.591651407040e-02 1.220942017736e-01   0.000000164191  -0.007362527067 4.704935081902e-03 2.407535297914e-03      39.0   8.52  54442711
2017 BO239    42.569800251100   0.113922552845   0.262186085654   3.752543749898   1.913817981920  42.559476102252   0.124330992341   0.273096961430  42.559476102252   0.123741933225   0.269721863467  -2.545038399009   1.911318243839 2.176652047977e-04 2.514080396469e-04 6.822998728962e-05   0.349868475161  -0.403882123095 1.143958880092e-03 3.683938764681e-06      39.0   7.23  54446080
2017 BP239    39.077072274872   0.106565148530   0.060790474614   3.759777814530   0.964342114114 -18.220585359807   0.746410944527   0.132503340324 -18.220585359807   0.724487828386   0.068891779082  -4.209030503397   1.640199409983 2.946583800633e+01 4.480417270819e-01 4.991861280265e-02  -0.002362570882  -0.667555168812 2.141741354764e-02 3.429823802576e-01       5.0   7.84  54446081
2017 BQ239    44.446314976768   0.103534396704   0.118392825901   0.804824771232  -1.352595549630  44.011802962327   0.156005080500   0.120511006745  44.011802962327   0.135866428979   0.111481759777   0.567248094523  -0.952854705942 4.538314752138e-01 1.496154677142e-02 5.045139510749e-03   0.509562242001  -0.421710332221 1.538573966793e-02 1.434512986107e-02       3.0   6.80  54446082
2017 BS236    44.287978058946   0.178517178422   0.420689775989   1.645195864223  -1.742164587538  44.263464367593   0.171033635083   0.414105919685  44.263464367593   0.168129704053   0.403057779156   1.752208715994  -1.737356801869 4.090776762952e-03 1.126124861323e-03 1.240283888419e-03   0.141929961782  -0.270466785973 1.344375587454e-03 1.199579700861e-03     327.0   7.76  54440097
2017 BU236    47.982953302450   0.146547736654   0.334755756266   3.231854398147  -1.694296057710  47.857336920773   0.181680671683   0.321693215302  47.857336920773   0.143826334346   0.259638896209   3.471658859173  -1.774988279165 6.867591274182e-02 1.650913380595e-02 3.688779346145e-02   0.296662615496  -0.229478093648 8.614239380422e-02 2.591733963010e-02     327.0   8.75  54440434
2017 BW236    43.868571305358   0.053516720486   0.010265450598   2.113127577190  -0.742548083081  43.870870102165   0.051278487520   0.012694429720  43.870870102166   0.050899966141   0.006714988816   1.315863606425  -0.044564310485 7.919042943180e-06 4.076903479070e-05 1.339361092361e-04   0.418661738793  -0.417729350471 6.668627703549e-04 1.724297917757e-03     336.0   8.97  54440436
2017 BX236    45.942640171274   0.079207306979   0.031935701104   3.114119716883  -0.916476313636  45.947177335994   0.074608055414   0.024837945885  45.947177335994   0.074569342936   0.024423688907   2.893832085999  -0.745218054729 7.704429023855e-05 2.821857721342e-05 3.776981218164e-04   0.328768452804  -0.326607469969 2.851534613436e-05 1.921387396136e-03     327.0   9.33  54440437
2017 BY236    40.192484367411   0.106033305604   0.063237465624   5.259625567327  -1.096281360042 -2446.409177467809   0.968583321948   0.135080351214 -2446.409177467809   0.135054633168   0.008529591269   0.347150415170  -1.066639499819 7.641851073157e+02 7.618755701404e-01 9.776311311095e-02   0.000002297712  -0.746590288826 5.389437603516e-03 6.641460068954e-01      24.0   8.36  54440438
2017 BZ232    67.509887747650   0.425229908891   0.779801113469   5.298012358007   0.956640276112  67.503960333725   0.421990880775   0.781530055225  67.503960333725   0.417551797849   0.706637435289  -1.079088631726   0.956174525757 2.607566994664e-03 4.619123343955e-03 1.891562122833e-03  -0.004749890572  -0.046963435344 4.553500884779e-05 6.578780104040e-07     336.0   8.55  54434154
2017 CA58     50.301527851182   0.101543888602   0.509953952742   5.570800468076  -2.947319284505  50.300230359881   0.102129103467   0.509720901711  50.300230359881   0.102176492321   0.488504360221   5.567531795644  -2.946884154924 6.433284984668e-06 6.600456486680e-05 2.855099655223e-03   0.056354742839  -0.133837366290 3.310165965060e-07 1.492878396190e-03      11.0   7.53  54446083
2017 CD60     41.977039207143   0.054924482077   0.231595843939   0.855389324714   2.001118089517  41.965439120078   0.047118030076   0.241881772268  41.965439120078   0.046659291328   0.239483901523   0.842350257735   2.008350358672 2.945574067336e-05 1.533569662973e-04 1.845594702697e-05   0.354462089461  -0.422661203645 1.935430961137e-03 1.916439728721e-06      96.0   8.37  54464620
2017 CE56     46.258920233525   0.061164340529   0.055133016503   5.880694009496   0.702015095326  46.262670926460   0.062774880251   0.057352740645  46.262670926460   0.062759108990   0.057250148684  -0.384006122770   0.697419615778 4.774403418056e-06 5.104964028040e-06 6.074130502593e-05   0.309856173661  -0.307892863381 9.261134773421e-05 1.880307575409e-03     336.0   8.24  54440101
2017 CJ55     44.021304549990   0.046393810583   0.025087314315   3.417640981184  -0.143197824560  44.023413980858   0.043078275733   0.027999590756  44.023413980858   0.042759199920   0.026942938635  -3.061578581129   0.086813324097 4.391947172624e-06 4.210005797212e-05 2.820710509389e-05   0.405429452858  -0.403910623540 1.469868495524e-03 2.855847272672e-05     327.0   9.14  54435283
2017 CJ56     48.625662503384   0.094031444265   0.387627800980   3.698819502938  -1.641510011709  48.626464508364   0.095300986670   0.385308299585  48.626464508364   0.095290055302   0.376513021721   3.686673570117  -1.640820898793 6.227663250200e-07 2.378488144091e-05 7.343609642530e-04   0.110361519396  -0.178591473445 5.556076002460e-04 1.278674170526e-04      21.0   9.05  54440443
2017 CN54     48.053198828032   0.137660339453   0.251039417405   5.717351242059   1.825234708505  48.042228945586   0.139713691748   0.253927652045  48.042228945586   0.139337975580   0.251202963636  -0.550199349063   1.837198688108 8.835187548848e-04 3.916541341376e-04 1.195688887764e-04   0.265335560471  -0.239508019990 1.964629407150e-03 1.073099751795e-06      91.0   8.84  54432264
2017 CT58     90.494808784204   0.514312789290   0.224610808184   3.718327221331   2.621452232152  90.483092548622   0.514887971496   0.223139997413  90.483092548622   0.518122909296   0.221487214956  -2.544866562927   2.604664806786 1.275148247382e-04 3.503971955397e-03 4.398629383725e-02   0.032847775675  -0.039918314881 1.939679164103e-05 7.560916524699e-03      91.0   8.51  54455180
2017 CW57     44.658235477987   0.101643582479   0.058379972874   0.628871372066  -0.958736358884  44.659952556543   0.113007239968   0.058369841014  44.659952556543   0.112909180439   0.057945838306   0.510297019366  -0.783649088497 6.344911004981e-04 2.663313553638e-04 5.293005081091e-04   0.401238710253  -0.406224707153 1.877450684514e-03 1.271425240776e-03      24.0   8.73  54445976
2017 CZ57     32.698890149045   0.104774526335   0.439184259656   2.584479506772   1.209772933318 310.042048283502   0.848168859966   0.259732808881 310.042048283502   0.750282079849   0.232527791768  -4.028299158608   1.168875164033 1.040104847432e+02 1.253630318945e-01 9.229153918911e-02   0.004636783504  -0.009402908801 3.571018551523e-03 9.849424034755e-03      11.0   9.11  54446084
2017 DF168    56.333988388931   0.276279883593   0.051021517075   1.205216234573   0.234039172729  56.343233374187   0.275418295241   0.050524133927  56.343233374187   0.276033990935   0.050453130307   1.188946936918   0.246632073734 3.684675149369e-05 8.604470960436e-04 6.924955276899e-05   0.166468809683  -0.171412629569 1.905136517430e-03 6.426950140209e-04       2.0   9.26  54453239
2017 DM162    44.414354526177   0.119771583126   0.155109415003   0.541917688218  -1.613185196266  44.407713110706   0.131623605613   0.149084106456  44.407713110706   0.130258147704   0.148392140266   0.588501459981  -1.622104407857 6.139768312565e-05 1.305475326517e-04 5.699474532144e-05   0.413239230575  -0.403876131509 3.759727310151e-05 2.674729771257e-06     327.0   9.07  54435284
2017 DN166    42.161199599747   0.105958357874   0.044070287275   4.759225997773  -0.798428389166  42.116798961523   0.104733236064   0.069306882528  42.116798961523   0.102004736799   0.042096584844  -2.249659863367   0.031189023339 1.186739174651e-03 1.612334859964e-03 3.317077461784e-03   1.079934893849  -0.587237848613 8.809821845795e-03 1.181108390825e-04      31.0   7.36  54446085
2017 DO162    43.858146722407   0.089840263083   0.078484976995   1.628026633666   1.056063234619  43.865538422591   0.098175428306   0.104482934892  43.865538422591   0.097721985487   0.103980572293   1.653229771255   1.027108875835 3.296578179954e-04 9.219873690865e-04 8.388181796269e-04   0.415460852637  -0.424936291704 1.623166921386e-03 1.992203602292e-03     327.0   8.57  54435286
2017 DO166    40.270764885793   0.156145754379   0.152788048216   5.149391493802   1.132079693850 17463.799779259731   0.549179985097   0.190776802520 17463.799779259727   0.518277544633   0.128628187145   0.264286664845   1.123015588599 1.547462384130e+04 1.988624278877e-01 6.397459876176e-02   0.008477030828  -0.536725546422 2.475255990184e-01 2.204454938339e-01      89.0   7.74  54446086
2017 DP166    42.364660894977   0.347455791670   0.076695080876   0.596055616849  -0.534926635614 -871.499043044667   0.959995649790   0.177614526256 -871.499043044667   0.952064288188   0.012663022908   1.120195489117  -0.707174379454 8.143562906908e+01 6.038560513421e-01 1.068691266061e-01   0.000000152504  -2.333262518993 1.254207801734e-01 2.060624573526e+00      32.0   8.50  54446087
2017 DQ164    43.679399690416   0.082501699187   0.008108695687   3.673978100818  -0.531578657752  43.668863557696   0.084441592728   0.013517084172  43.668863557696   0.063932564944   0.007233046790   2.896941073884   0.162707302803 2.247707571546e-05 2.423582217118e-03 1.230792450539e-03  -0.083193814740  -0.427480180256 2.702510995178e-02 1.383918027118e-04     327.0   8.04  54440105
2017 DQ166    42.642661236571   0.103689385443   0.186513843874   0.835156468648  -1.563902812280 -435.311915403290   0.839131546820   0.176826621795 -435.311915403290   0.818785423022   0.043402391879  -0.018166938266  -1.494486098421 1.347495115648e+02 1.693918063976e-01 6.702109433281e-02  -0.003164813274  -0.494698024591 7.066130376668e-03 5.268938127278e-01      31.0   7.81  54446088
2017 DR166    57.117350331936   0.462870684003   0.053624153468   0.480627508244  -0.660220891027 -1911.135633658059   0.943105087746   0.301202117807 -1911.135633658059   0.926061211210   0.080297892654   0.505839279640  -0.098906767090 2.537615195926e+02 5.886592519868e-01 1.754072927663e-01   0.187303403977  -0.003266558833 1.920452238747e-01 1.698788596661e-01      24.0   7.69  54446089
2017 DU165    54.272310631866   0.517110681972   0.067364177334   5.719900433245   0.366714123037 9799901.572501786053   0.936485301378   0.128456253420 9799901.572501787916   0.878838951670   0.078986495544   0.515494780822   0.493216632280 6.113311226649e+06 4.002802852933e-01 5.199625411037e-02   0.000298066273  -0.002443706242 5.622103976681e+01 5.621996986769e+01      11.0   8.32  54442722
2017 EJ53     41.088043178217   0.084682930154   0.235778109373   0.505355483847   2.412689637224  41.701150070072   0.200383328807   0.157938487558  41.701150070072   0.156348663331   0.140638811736   0.351902169400   2.441434914692 5.645090303228e-01 9.528796626848e-03 1.710841125514e-02  -0.372620060205  -0.487097175784 3.151596593807e-02 1.748249616158e-02      71.0   8.58  54440114
2017 EM4      32.218666433193   0.917929755122   1.469780922988   2.586241066989  -2.109613739302 -12380.194786859394   1.000181417639   1.388130077897 -12380.194786859389   0.010146721058   0.000801487586  -1.631009754194   2.795884639905 8.160144167615e+01 1.011628346134e-02 7.879410097347e-04  -0.418540153567   0.313108452774 3.819369760996e-01 3.968594078087e-01     153.0  16.03  50771093
2017 EN53     39.293534255724   0.346790160032   0.156845922665   3.504776094416   2.478128065795 -24.712658424787   0.924680373711   0.146985330902 -24.712658424787   0.875921660874   0.120025024012  -1.368372799090   2.253921918035 2.442497550809e+01 5.745376779316e-01 8.436216616705e-02  -0.002704815145  -0.560803860117 1.379110139757e-02 3.685949527027e-01      37.0  10.27  54442726
2017 EO53     46.912587879087   0.230436249795   0.422366197610   5.870736239502   1.206255861515  46.901268748952   0.238133269443   0.420343713694  46.901268748952   0.238153886719   0.408436369364  -0.373233119499   1.217563909686 5.719883412125e-03 1.116123072831e-03 9.585392207659e-04   0.129148715414  -0.232488631292 1.703206112403e-03 1.761083925554e-03      71.0   9.52  54442727
2017 FS247    51.081276293843   0.348653726024   0.387910294309   0.037792784225   1.267067400153 -1315.212613943748   0.914294363803   0.166673588397 -1315.212613943748   0.889793164503   0.052958562283  -0.589211076349   1.620474677784 2.285843131267e+02 5.250776919548e-01 6.560151448011e-02   0.148103151682  -0.321151720757 3.260293641209e-01 5.078238976665e-01      89.0   9.95  54465533
2017 GD8      38.284194866487   0.940595468091   1.296841292535   2.853745648549  -1.165360368832 -1080.591638036051   1.002168167088   1.323878387117 -1080.591638036052   0.012626689411   0.007752342606   3.805975425225  -1.753491466667 6.720323192378e+01 7.666914301079e-01 7.450866373310e-01  -2.330874167221  -0.367061856026 2.129277669406e+00 2.956228632220e-01      62.0  17.50  50774036
2017 JB6      31.992997414852   0.880939299509   2.828132531622   5.885023679896   2.512007402399 -20957.941397070779   0.999971836201   2.397492746905 -20957.941397070779   0.012479780115   0.007672986270  -0.914705900550   1.812839301442 3.762835748870e+03 1.216093450950e-02 7.493964537347e-03   0.312881880617   0.364649232301 3.132388406765e-01 2.989770725184e-01     116.0  15.41  50775142
2017 OQ146    43.796762195249   0.103572141283   0.023659776810   3.883362959719   0.952499804520  43.706677043363   0.158839731413   0.079470992839  43.706677043363   0.104593248817   0.075594023397  -2.336206143785   0.572531672943 2.530729115769e-02 9.777644513516e-03 1.064970457610e-02   0.820893001826  -0.520927601008 4.336938264005e-01 7.656142697818e-03       1.0   8.91  54294958
2017 OR146    34.864809516529   0.101670264059   0.707395547290   3.158938615466  -2.647955026549  34.891931218092   0.092716024533   0.707658533728  34.891931218092   0.074844777161   0.650725593681   3.126380662282  -2.625374572233 7.385118725828e-04 9.716896472124e-03 1.821075664133e-03  -0.939373184464  -0.336159109445 6.492704895368e-02 1.304599231804e-03       1.0   8.96  54294959
2017 OX68     55.289693466523   0.968589104220   1.676888059455   1.913123651655  -2.846791414731 -6426.129893874045   1.000096728533   1.503021192456 -6426.129893874046   0.011919071632   0.005263609460   1.230467902502  -1.851451819580 6.109401603471e+01 6.251386049323e-01 6.276432604278e-01  -1.098493893664   0.364556702953 9.757722922643e-01 3.287201551077e-01     218.0  17.80  50781021
2017 SK381    38.810762745622   0.088662092171   0.241309782447   3.436797995475  -1.991020868192  58.769171128779   0.435459836961   0.331983972930  58.769171128779   0.374244479526   0.285550466138  -0.513167057963  -1.809797975846 1.558119583140e+00 5.934023303384e-01 2.336541117450e-02   0.107345712339  -0.160559160500 8.568208035020e-03 2.479067906950e-03      49.0   8.22  54445979
2017 SN33    220.983719980309   0.991658570870   2.655386695291   0.106925651326  -1.607088986574 -14025.304961384609   1.000121043255   2.648256034456 -14025.304961384611   0.000324918209   0.000102702585  -0.005074148374  -0.153923325542 2.657670270356e+01 3.247434365043e-04 9.982533744532e-05   0.846553261900   0.698751957233 7.722283483876e-01 6.007254604886e-01      67.0  17.90  50787639
2017 SQ385    57.228412891918   0.366286816098   0.435489059924   0.147305281790  -2.128708298172 466.942739724342   0.537646880105   0.306118792699 466.942739724343   0.421233916416   0.249120598983  -0.774001493527  -1.914364590207 4.030686443008e+02 4.793294014581e-02 2.734593191043e-02   0.067497574145  -0.137675886413 7.877509424922e-03 1.210896399387e-02      14.0   7.98  54465976
2017 YL4     155.282932409235   0.972513522520   1.526112196792   0.771981044194   0.215647681852 -4048.275312106688   1.000990423479   1.506793780113 -4048.275312106687   0.000047344248   0.000387681032  -2.411525002739   1.627208711397 2.085891174294e+00 7.753313420475e-01 7.727121131805e-01   5.427978796206  -0.002960240177 5.010752583530e+00 9.519029337970e-03      63.0  14.70  50795096
2018 DE4      31.613990686193   0.924400207992   1.401985355847   0.547233011264   0.829331377470 -3913.860274931732   1.000492168358   1.246949559256 -3913.860274931732   0.001802405745   0.000429782687   1.865435550130  -0.384213871597 1.003185095647e+01 7.736117288287e-01 7.339833612353e-01  -1.514864426577  -1.357621879650 1.359898346075e+00 1.218435836807e+00     125.0  17.20  50799789
2018 GT12     97.139709943252   0.654541964009   0.262041247417   1.230081850825   1.254776241973 -150.039972605566   0.828984050813   0.182280983651 -150.039972605566   0.533313332578   0.123764245365   0.753737865966   1.687668279329 1.957049591984e+02 2.359297652011e-01 4.907112111865e-02   0.041909782590  -0.068104908651 3.014702395538e-02 7.889769718331e-02     297.0   7.60  50840708
2018 GT15     59.688504852267   0.221656555499   0.440982068024   5.087387074622   1.164520447308  59.689419754824   0.219534708181   0.442864745199  59.689419754824   0.220808105548   0.429467611038  -1.176319296791   1.164851526254 1.970369688032e-05 1.220170151169e-03 5.151634041528e-04   0.046941094260  -0.082191294394 1.617808207519e-05 1.532997242648e-03      32.0   7.59  54017358
2018 HS12     42.160577359031   0.188388341758   0.267503126979   3.603573059091  -1.956727946638   4.625861894221   0.495579368619   0.245959024110   4.625861894221   0.456953700300   0.167323624451   3.682565755964  -1.666031117416 3.050905477950e+01 2.401516484088e-01 5.155928448084e-02  -0.002430532208  -0.361362864322 2.732262760447e-01 1.648971499110e-02     355.0   8.30  54442690
2018 JT6      53.146407825513   0.197071088167   0.475419283312   1.981434148965   1.833660273710  53.145334941083   0.193259800962   0.478035941432  53.145334941083   0.193269764354   0.461942878727  -4.274191684902   1.833038222947 1.616854776550e-06 4.723839786702e-05 2.255104631824e-03   0.061051042377  -0.120576500065 2.979548868240e-07 1.445339389502e-03     295.0   6.80  50840707
2018 JU6      51.551388662006   0.255320250456   0.086520406933   5.043462364089  -1.065538241230  51.631572522689   0.256574840354   0.087044031949  51.631572522689   0.196399325697   0.082516955259   3.939651955959  -0.849979658515 3.461842538994e-04 2.485801416247e-02 5.437948214808e-03   0.178686249731  -0.249913808491 5.533654645925e-03 3.232520180673e-03     294.0   6.90  50840709
2018 KH3      85.236693502176   0.956698464785   0.845845844950   5.587869684839  -3.048611195179 -201.509789234798   1.009715980707   0.282710108135 -201.509789234798   0.003078961179   0.001590627286  -5.287463411549   2.916093956115 3.566584512535e-01 4.502396168872e-01 1.750515774033e-01  -1.203043667839  -1.795139665617 1.065685277851e+00 1.607293482413e+00     211.0  13.69  50825076
2018 MP8     245.186976047667   0.984421705086   1.220042942297   6.197322162043  -3.104638887702 -4195.779630806438   1.000907151269   1.216372011609 -4195.779630806438   0.000089070401   0.000144037324  -0.207917519060   1.696860190946 7.841455227034e+00 7.752371433341e-01 7.263335385281e-01  -1.254583115334  -0.007356031790 1.535148237301e+00 1.773832830205e+00     184.0  15.30  50825532
2018 SQ13    160.454430445861   0.981456581185   1.599326425264   2.803309875511   2.008424643980 -135.142021079220   1.014600701306   1.569334501479 -135.142021079220   0.003012087960   0.000212776113   0.482289285424  -2.742130021382 2.309069515660e+00 4.524390908963e-01 4.471179556282e-01  -0.750293698065   0.467863839141 6.791154170000e-01 4.177150499030e-01     135.0  15.59  50831891
2019 AG142    47.045684587549   0.239859121570   0.172909378369   4.925847624240  -3.051761108783  47.062608412574   0.238790657623   0.186867759307  47.062608412574   0.237018584649   0.185677778842   4.756973649400  -2.937510090062 5.050430023574e-03 2.060732202826e-03 2.786137121044e-03   0.373879989118  -0.393092432672 2.476201113887e-03 2.404200953111e-03      84.0   8.56  54451031
2019 AJ142    42.113599360887   0.245936870195   0.132698972668   5.215478931116   2.941019854666 -3829.467812185542   0.572242960875   0.191275192122 -3829.467812185541   0.545483683240   0.101744275679  -0.516390539783   2.095433240238 2.866805883327e+03 2.628989133476e-01 4.426281157682e-02   0.000400397500  -0.457565113517 2.423939575127e-01 3.183898325748e-02      84.0   8.62  54454192
2019 AK142    60.740525171193   0.405609365542   0.339510201921   4.190315230828  -2.549497781286  61.076439198326   0.403289436293   0.345598965458  61.076439198326   0.394700260775   0.338568832447   4.203645511641  -2.574125594544 6.105574772477e-02 8.224248776320e-03 2.592105794468e-03   0.082729985430  -0.126975902191 2.012260530776e-03 2.687614345503e-04      84.0   8.39  54454193
2019 AL142    46.434454269425   0.192411001460   0.198885209333   3.193711592533   1.847363521435  46.454030419850   0.199659273661   0.204491716959  46.454030419850   0.199524276963   0.203079379259  -3.120158826350   1.829407761556 2.153120945707e-03 8.265295945182e-05 1.290190322567e-04   0.277078066043  -0.338127467413 1.155821181202e-06 2.658416859588e-06      84.0   7.04  54454194
2019 AM142    72.145256437251   0.553904488741   0.199258722491   2.358348589023  -2.846361909968  25.358003040546   1.088503644056   0.278807151561  25.358003040546   0.921863132630   0.091030647108   1.006285657286  -2.423594615033 2.781040890001e+01 2.993810382221e-01 9.931272342529e-02  -0.002360736064  -0.311239661233 7.396558260974e-03 2.361587354588e-01      84.0   8.71  54454195
2019 AN142    95.066729821592   0.598685746889   0.282617215468   4.259291871345  -2.728461887599  94.741415160292   0.595394667836   0.287240068985  94.741415160292   0.565412778156   0.281287595563   4.317067291609  -2.728459889747 3.306809680789e-02 2.542270237126e-02 8.176660716803e-03   0.037546087276  -0.049310474058 4.398884756176e-05 2.052620618656e-03      84.0   8.22  54454812
2019 AS142    61.904382769889   0.360119264432   0.618194215264   4.074945409677  -2.770885947962  61.894498176841   0.357263674932   0.619665296647  61.894498176841   0.356534793594   0.583421290055   4.099639553189  -2.766053990075 3.349753277460e-04 1.001001194696e-03 5.008790874457e-03   0.021012683696  -0.070685316979 2.246467254004e-03 2.313239256447e-04     113.0   8.50  54454817
2019 CB31     42.803731288136   0.063460522522   0.097838795255   2.799775476310  -1.238703117256  44.994996657834   0.170486460055   0.122064624377  44.994996657834   0.137372739195   0.106499179320   0.324557257235  -0.242148036997 1.741980341852e+00 5.502093979261e-02 1.178882692251e-02   0.467644514777  -0.479733119040 8.211079525835e-02 3.839618559208e-02     359.0   8.10  54452954
2019 CD30     41.425662935124   0.026204464807   0.276117594812   2.932407718689   1.165851543095  41.429360553479   0.026306957317   0.285217213890  41.429360553479   0.026224467097   0.281446071986  -3.206469380956   1.147002877259 6.452618571301e-04 2.610819540817e-04 1.433266703225e-04   0.297907797806  -0.413287407014 1.822199470483e-03 1.583082597015e-05     355.0   8.38  54442403
2019 CF30     42.591733012848   0.140121273506   0.091903387586   4.029035124314  -1.235271468653 -4659.316460407428   0.854586743601   0.342371265617 -4659.316460407429   0.832585588149   0.159211383428  -1.942231678089   0.767082994174 1.679930391706e+03 6.485206401692e-01 1.558307986817e-01   0.725051052374  -0.002612316746 7.403305303940e-01 2.315994829032e-02      59.0   8.72  54442730
2019 CK31    137.942511169155   0.802919230014   0.203469256562   4.330311700848  -2.062279238015 -154.848562554374   1.071236160682   0.174604691695 -154.848562554374   1.027203587166   0.076172491380   4.106611480972  -1.973047920216 6.813673086880e+01 4.657191549545e-01 6.327275882959e-02   0.000014075405  -0.002389192362 1.349665305333e-02 5.640655438949e-02      34.0   8.13  54464623
2019 CL30     42.167670093562   0.071025785722   0.120192448175   2.721215218989  -1.467499085167  42.338052648268   0.094860157689   0.102209856983  42.338052648268   0.067497577319   0.101109494369   2.473624849669  -1.421587875637 4.212944543226e-02 1.014705195430e-02 1.261093326073e-02   0.824274680180  -0.498630891101 9.112727908272e-01 6.814512455289e-03      58.0   9.61  54442735
2019 CL31     44.487983802066   0.119705039814   0.495706648325   5.361242991324   1.165079968485  44.493909459962   0.123364562962   0.496353534116  44.493909459962   0.089147001062   0.476522841386  -1.005871274314   1.182345360362 6.370140988299e-04 6.531622577615e-03 1.436324578447e-03   0.110061245137  -0.220656389505 5.809741009775e-02 1.483488944425e-03      26.0   7.79  54464624
2019 CM30     42.271039256273   0.144061460692   0.028643212367   1.489117590157  -1.445413511920  42.273068178989   0.139294855892   0.022363876063  42.273068178989   0.139241757426   0.019860444797   1.087298999061  -1.033993265524 1.483703664954e-06 1.590122874119e-05 6.653226965405e-05  -0.876383033527  -0.450837545215 1.120868537532e-03 3.657153302068e-06     363.0   8.32  54442736
2019 CN30     57.654988016740   0.617067732569   0.260745895992   5.798859396916   1.183192519824 -1343.652953262293   0.851447899611   0.366386316255 -1343.652953262293   0.822289899705   0.191399323157  -0.185555584008   1.107990689160 1.059531985397e+03 1.210479382515e-01 3.826421650998e-01  -0.002515453023  -0.159155733041 5.815091190198e-03 1.239290946299e-01      32.0  10.89  54442737
2019 CP30     39.306955220716   0.097343050217   0.064232090942   4.712141582379  -1.778091229868  38.634654320845   0.131963943788   0.094650935775  38.634654320845   0.109453036755   0.075671036967  -0.764805227881  -2.340082352397 6.305969395578e-01 2.385078392048e-03 6.629965319330e-03   2.677064715721  -1.482647162435 2.781428161139e-01 1.540266091060e-01      32.0   8.17  54442739
2019 CR30     47.903526063570   0.102751285492   0.026105351700   5.262638813541   1.116879340836  47.740693160914   0.051095137026   0.028548111633  47.740693160914   0.039090944972   0.028135789020  -0.628616737959   0.949429199447 1.880472874247e-03 4.483385836572e-03 4.055786563760e-03   0.442498158532  -0.264933488750 6.750948020996e-01 8.595651092547e-03      32.0   7.93  54442741
2019 CS30     45.078764125600   0.068065994067   0.049829991169   0.402514701143   0.002853867642  45.081851996187   0.069827391409   0.047670211780  45.081851996187   0.069765139665   0.047350226114   0.339613552497   0.080152954139 9.269681462005e-07 9.913249635207e-05 3.399763820679e-04   0.357982463692  -0.359304914328 1.021730613047e-03 1.867507711999e-03      58.0   8.58  54442742
2019 CZ30     53.621018472929   0.491982499406   0.260767184265   4.491069508999  -1.661951581820 -9023.945318323234   0.987423796950   0.127307496932 -9023.945318323234   0.074861905625   0.005388205251  -2.229313672559   1.558596212546 8.369561387808e+02 7.267777250975e-02 5.064559588455e-03   0.052834287471  -2.746409839487 5.564393990702e-02 2.468852387478e+00      59.0   8.75  54446971
2019 EB5      52.679111786863   0.318389446815   0.168736498764   5.952703129761   3.055686327048  52.318618749675   0.318875879400   0.181846716529  52.318618749675   0.291489210676   0.169004483196  -0.255596235887   2.979149973961 1.817079799389e-01 8.963367289386e-03 8.980659651947e-03   0.259433531394  -0.280220804438 5.711230100477e-03 1.996923041763e-03     298.0   6.93  54124626
2019 EE6     164.393849788084   0.545343772563   2.844863938622   0.678944530786   1.540648198326 164.390460434177   0.545406083904   2.845028589540 164.390460434177   0.545425664756   0.292405756162   0.664467443603   1.556791719191 1.202481479318e-07 3.081538566755e-03 8.242648913189e-05   0.011740589041   0.004671567933 2.404173873583e-03 2.468895620468e-05      63.0   6.39  54278647
2019 EF6     119.624362151431   0.814367873264   0.122146254694   3.303153763160  -0.005108311549 23767.660606187172   0.962736704348   0.186694483524 23767.660606187164   0.817874998649   0.063672389827  -2.794760314745  -0.134188960252 2.203834106609e+04 1.548623939883e-01 8.158766245427e-02   0.000126968413  -0.094540058205 4.759468647158e-03 6.667099806011e-02      29.0   6.90  54278674
2019 EF8      46.314760255455   0.306223021322   0.292204578283   4.244054358993   1.382557875597 -2137.525419693778   0.831901890370   0.142015424290 -2137.525419693778   0.807327609990   0.071192368779  -2.343618274886   1.547938347636 1.630676423246e+03 3.832992836417e-01 4.011409286781e-02   0.000264886710  -0.428963128512 2.262583200667e-02 3.466831369473e-01     113.0   8.65  54454823
2019 EH8      42.916569683102   0.126152357961   0.485569595444   4.060007022115  -2.934171196063  42.924230516495   0.124113807376   0.485845014788  42.924230516495   0.124170086851   0.467757184310   4.054466361332  -2.929211078131 3.847149271828e-03 1.035306600430e-03 7.753891268462e-04   0.103393359147  -0.258934327879 6.833237328948e-05 6.126390206810e-04     113.0   8.95  54454825
2019 EJ7      45.169638298236   0.122452926316   0.107891107927   5.992876546397   1.158631385045  45.171391390844   0.127054939802   0.118615135854  45.171391390844   0.127000691541   0.118340898854  -0.275942047482   1.137446948143 1.757330015105e-04 1.794268768623e-03 1.866273844646e-03   0.347292746022  -0.373182598315 2.248388613557e-04 1.674428707060e-03     355.0   8.65  54442406
2019 EL7      42.456556677872   0.011398093364   0.047496508477   0.998315534500  -1.818862717319  42.456601489398   0.030179059666   0.034941674580  42.456601489398   0.026415043285   0.031797833280   1.477609098718  -1.665791328234 1.606052214008e-06 7.482411024653e-05 2.826418531317e-05   0.509541623928  -0.497491630763 1.326723513936e-04 3.021727255890e-04     355.0   8.33  54442408
2019 EP7      49.069585088589   0.099351392286   0.011067386677   3.995410890202   3.133824802334  49.067972588700   0.099727861044   0.013286442752  49.067972588700   0.099862800462   0.013036260485  -2.107151902201   2.944610471888 2.489924705114e-07 1.433001694036e-04 2.364176559604e-04   0.235343999266  -0.237159329613 5.099581760438e-04 1.009444033010e-03      32.0   8.48  54442744
2019 EQ7      53.444905269344   0.333605733441   0.085017108443   0.123864748904   0.764049538952  62.569127254411   0.440593825037   0.124494628448  62.569127254411   0.353035056837   0.102907592126  -0.127054813380   1.371917158505 2.561678406426e+00 3.247273324273e-02 2.411311416221e-02   0.158523566880  -0.193267581134 5.653974356001e-02 6.489730820294e-02     347.0   8.53  54442745
2019 ES7      42.823524523871   0.048644558518   0.030841487847   3.538749393157  -1.351149614161  42.825649798044   0.037489388646   0.018774635960  42.825649798044   0.036146554592   0.009268295078   2.865865700485  -0.900954044846 4.257507298961e-05 8.150743929990e-06 1.436306332448e-04   0.478391068503  -0.476794964648 6.002464346428e-04 1.954900662749e-03     355.0   7.88  54442746
2019 EW7      37.359695702314   0.588699428992   0.035121676900   4.732335524210   0.399097072923 318.878158546280   0.991295545395   0.039097884279 318.878158546280   0.166105298179   0.014894883901  -1.865022452552   0.370471307302 2.865572162458e+03 6.564867933941e-01 1.404546592788e-02   0.000011431684  -0.410703794173 6.882551326603e-03 3.663210700110e-01      33.0   7.60  54446972
2019 EX7      69.001530095918   0.817366197958   0.184379556957   0.728259186531  -1.564160831810 -21439.387302208608   0.999757449060   0.177688979498 -21439.387302208612   0.002691758575   0.001406037456   2.983196006666  -1.919395401049 1.586215889523e+04 2.566598541269e-03 1.357122489846e-03  -0.210058824553  -0.315216026172 3.123926494327e-01 2.296730393641e-01      33.0   8.59  54446973
2019 GA143    30.084030640992   0.105702907523   0.027171340896   0.920970954549  -1.691029002389 -155084.477962917998   0.997909996572   0.029612238239 -155084.477962918027   0.008950550350   0.000848703925  -4.017263479401   1.368456828040 8.739743628427e+02 8.248892384318e-03 8.541654560348e-04   1.561115452070  -6.507200802292 1.422239433953e+00 5.363938036469e+00       8.0   8.86  54282516
2019 GB143    40.899939652363   0.101302495391   0.009623956008   2.981808659518  -2.630947593829 -1069.050761190387   0.932744735091   0.130236001701 -1069.050761190387   0.923522868928   0.023560842155  -1.330461003895   2.359700057400 1.242444197145e+02 5.877747936056e-01 6.428996673317e-02   0.495732622292  -0.801880189026 5.890347024585e-01 7.190684110513e-01       8.0   7.29  54282519
2019 GF186    74.058022908204   0.502502987803   0.181577079985   2.208661051926  -0.652236795109  73.859296698303   0.494579524757   0.210587222182  73.859296698303   0.485275724763   0.208335776271   2.096850709444  -0.627113680379 4.202965497325e-01 3.128051291399e-02 6.189473109217e-03   0.081883957145  -0.099717406161 1.922406305382e-03 1.174661218722e-03      51.0   8.67  54453704
2019 GG186    43.387045308262   0.194608153396   0.224786075921   3.751736868440   1.609790812756 -2505.494717191207   0.747427883297   0.092414695917 -2505.494717191207   0.716909176120   0.070639125050  -1.045265189064   1.628472530138 9.591137887851e+02 3.732105275628e-01 5.017259764132e-02   0.456713869293  -0.655113357397 4.574908226864e-01 4.406252957078e-01      84.0   7.84  54454196
2019 GH186    47.259131429045   0.134583309639   0.501119304376   1.043223953452   1.266847647192  47.261064872517   0.129830828796   0.503985355988  47.261064872517   0.129362267255   0.483703894436   1.073442559130   1.263502847263 3.229598626232e-05 9.935779607041e-05 7.394437465106e-04   0.084532234879  -0.173810920176 2.106461132636e-06 4.719768945410e-05      84.0   8.62  54454197
2019 GJ186    34.779088477500   0.315329971918   0.458061204099   1.244472127232  -2.429310831255 -37222.843972952469   0.938534746536   0.151477863447 -37222.843972952469   0.902930359586   0.063527396464   0.673676846478  -1.824319799322 1.106668468892e+04 7.007810011869e-01 5.572850541079e-02  -0.005519294956  -0.300635528395 1.483616511945e-01 1.146875367094e-01      84.0   9.93  54454829
2019 GM186    41.702715350258   0.073082221048   0.136142967474   5.550353621103   3.068157273995 -164.011904896305   0.858826369710   0.079691513413 -164.011904896305   0.844120208385   0.043921381759  -5.998642050985   2.968924067921 5.396835895427e+01 4.032319345602e-01 3.201885792327e-02  -0.003119549369  -0.604434154745 4.548007743916e-02 4.521286506565e-01      84.0   8.07  54455343
2019 GN186    46.853750692250   0.165913617800   0.361533587736   4.758849689560   1.316868202659  46.855039049695   0.162058542603   0.366723869549  46.855039049695   0.162155541627   0.358766456892  -1.512998088568   1.312576738451 2.221554372677e-05 8.175185330933e-04 2.104506091393e-04   0.147920841192  -0.230109214104 1.622688495578e-03 7.036499108558e-06      84.0   8.03  54455344
2019 GO140    36.730213878279   0.102904914221   0.087270050478   4.519265685448   1.729432927162 -5598.712152296102   0.972263823442   0.384075736099 -5598.712152296103   0.145156903299   0.054432282241   1.542704560590  -3.000805960366 4.355343354289e+02 6.533279853019e-01 2.530206102201e-01   0.000004117512  -0.003345096999 1.095437895521e-02 8.275267954372e-03       6.0   8.23  54278940
2019 GO186    47.582173464021   0.265300146931   0.251528959621   4.720436906548   1.506379578551 -2823.875910704862   0.392153940424   0.221667172720 -2823.875910704861   0.312306979665   0.186315686257  -2.825127558983   1.606545253656 2.654485852851e+03 9.179320722834e-02 2.589780254263e-02   0.001023354391  -0.234422970872 2.631197462951e-01 7.315271921851e-02      84.0   8.52  54455345
2019 GP186    97.838082522271   0.635532104729   0.500033460535   1.020902334039   1.200628069007  97.884620887786   0.632508295776   0.510951211576  97.884620887786   0.631148057114   0.486634015174   0.956773099882   1.254485041168 3.785533207005e-02 7.374222938834e-03 2.736951458242e-03   0.016434158891  -0.036271165123 1.824918673640e-03 1.320083682152e-03      84.0   7.75  54455346
2019 GQ186    46.409446771990   0.080886812893   0.340968473934   5.430827137839   1.410003501104  46.411586043255   0.081621685409   0.343894211761  46.411586043255   0.081622449372   0.337447485589  -0.845859154540   1.408126006083 1.175621973869e-06 1.310138536341e-04 3.113583819292e-04   0.152627200084  -0.230090565920 9.987241630748e-04 2.478716995385e-05      84.0   8.93  54455347
2019 GQ187    37.602420350796   0.133367495077   0.087101257694   3.533064862932   0.660463550891 41563.657091656161   0.943962896866   0.281397709718 41563.657091656183   0.929842467792   0.078595191949   2.848408064856  -0.172335929263 4.224194784545e+04 4.209401449117e-01 1.875667425037e-01   0.156450451190  -0.003220539178 1.549661728110e-01 1.182973159799e-02      60.0   9.41  54464625
2019 GS185    45.926737997492   0.371685961934   0.344361900924   4.863115646941   1.186446033721 -7424.430688217312   0.959997748728   0.141799619410 -7424.430688217311   0.950354317257   0.027225246270  -0.788257436042   1.127151874643 7.510289507649e+02 8.503745358941e-01 2.693811872994e-02  -0.003488009254  -0.379743097924 1.678932439003e-02 3.227231570797e-01      33.0   8.08  54446974
2019 GT184    43.931956895550   0.064590763240   0.057149093746   5.482498557210  -1.315820401058  43.931194706789   0.067885311479   0.049384318574  43.931194706789   0.067592852313   0.048698220081  -0.882626544114  -1.162052479068 4.586060339095e-06 2.598394957728e-04 3.596732831003e-04   0.413612383350  -0.417809982061 3.279018053066e-04 1.549940029661e-04     357.0   7.94  54442750
2019 GX184    43.962874363544   0.080579669264   0.055088816234   1.693272333506   0.425887313925  43.968163329256   0.075956560430   0.063217770296  43.968163329256   0.075673941088   0.062745458594   1.560876687695   0.458933743926 3.454508239555e-06 5.588360905056e-04 6.993006231795e-04   0.410797891422  -0.416627079107 1.960326648143e-03 1.301283330511e-03      58.0   8.27  54442754
2019 SK194    77.699438185443   0.577557598079   0.194470274739   2.911686019042  -0.265008416115 126.534773639294   0.706166755459   0.202634599215 126.534773639295   0.554955689245   0.131602667317   3.960857619224  -1.112338476486 7.285294105949e+00 6.256263075673e-02 1.970451091012e-02   0.052789349917  -0.158211146611 1.613698233479e-02 8.048362642336e-02      67.0   7.17  54278649
2019 SQ247    41.284164794511   0.181773991920   0.532428882068   3.597420288363  -0.868159059608  51.538608460651   0.379929184738   0.485576875829  51.538608460651   0.355327997264   0.408818484201   3.071101151865  -0.972411798059 2.144744609961e+00 5.178014628809e-02 4.877156047965e-02  -0.028269992399  -0.139761258352 6.303162631073e-05 1.100496345441e-03      32.0   8.85  54446978
2019 UD174    43.515497411655   0.119260115739   0.296409805119   3.303394120643   0.692914429483  43.507640766821   0.123431478416   0.296999846489  43.507640766821   0.123168917684   0.292698243912  -2.979974598517   0.671969965293 2.149170984104e-04 3.044049303050e-05 2.041063499603e-04   0.272382339418  -0.345170505831 7.077979984932e-07 1.366672166098e-03      68.0   8.96  54431742
2019 UE174    48.529811906496   0.256418914306   0.460449810200   5.486785431392  -0.776403132615  48.525297155648   0.272412697494   0.448627108318  48.525297155648   0.261393885871   0.429084306156  -0.671775965692  -0.740072661438 7.108480296660e-02 1.950388780133e-02 7.156461786017e-03   0.108024049731  -0.202813228456 1.700364611838e-03 3.406927037735e-03      34.0   8.99  54431743
2019 UF178    39.513582038838   0.270894382147   0.387221075467   3.318267618288   1.060231245237  39.402906887360   0.286388610661   0.387392133565  39.402906887360   0.223659508639   0.322980374665  -1.997026084215   0.638674176753 7.284621458117e-05 2.670076153603e-01 3.606094031708e-02  -0.116114027710  -0.362662919801 7.250454393351e-02 1.578151718326e-02      62.0  10.45  54466152
2019 UM173    41.295498106735   0.153031311212   0.515708649083   1.554668372892  -0.792651704248  41.317138811831   0.142154218096   0.515542690036  41.317138811831   0.141033285219   0.493092601999   1.503243157737  -0.792734561032 1.321462819327e-02 3.881895020146e-03 6.264811933406e-04   0.114970202824  -0.288915446064 4.117436824987e-03 2.031521160473e-03     119.0   8.68  54429952
2019 UY159    44.056794828718   0.143081270675   0.360898926746   5.231761012603  -0.507829026519  44.041556584705   0.140929266255   0.358837136641  44.041556584705   0.141067013572   0.351462468843  -1.048003953415  -0.501895086875 4.806007784793e-04 2.789838249575e-04 3.531280634064e-04   0.178573624405  -0.295927429627 1.091276132278e-04 5.916275320434e-05      68.0   9.59  54393000
2019 VE51     46.821250789990   0.399214021742   0.374081338680   5.040086327524  -2.184670839024 -8858.375761819460   0.829257036976   0.250690884666 -8858.375761819460   0.778982544116   0.165456542641   5.065075436117  -1.985021108558 5.510402794246e+03 4.934632213441e-01 1.150201964696e-01   0.000079775967  -0.112935472306 2.819599318792e-02 3.603611059632e-02      39.0   9.09  54433256
2019 WA36     41.157273444473   0.126993620195   0.387968797481   1.920499946316   1.029208136821 -6029.930189816349   0.858343817991   0.349499326989 -6029.930189816349   0.826862660379   0.080210411235  -4.827523355328   1.863081179265 1.448009893554e+03 6.450839640617e-01 1.324371056232e-01  -0.003011350011  -0.407899795853 1.402031901526e-02 3.856247180588e-01      68.0   9.62  54446979
2019 WL34     39.536862124405   0.205394181377   0.287872206726   3.714379903175   0.500028396363 -539.009654352405   0.569676827569   0.223013861124 -539.009654352404   0.553155635739   0.141383590221  -1.503636705441   0.657146717732 4.145701850099e+02 2.842992600522e-01 7.813002862835e-02  -0.002348195480  -0.374858459580 2.564473339763e-01 4.161330636352e-01     119.0  10.27  54429958
2019 WV35     46.485495237498   0.254577285036   0.421304663745   3.714529364306  -0.650326112338  46.653825037954   0.277728076910   0.404591166984  46.653825037954   0.231900450711   0.390901040170   3.631264764022  -0.621108295616 6.997920918352e-01 1.569940673208e-02 1.443584868511e-02   0.131795591873  -0.260630442822 3.227159260937e-03 2.098736618975e-03      84.0   8.99  54445986
2019 WZ35     89.611301545493   0.559838394607   0.567978822812   4.536978863344  -0.868210302750  89.587705935553   0.556192054723   0.572203584593  89.587705935553   0.555505781070   0.542196898466  -1.754908650160  -0.870792337001 1.407245034577e-06 5.069510941969e-03 5.352160672537e-04   0.007044302720  -0.032874448361 1.292945192175e-03 5.255591623505e-07      34.0   7.86  54446980
2019 YJ6      40.267728979482   0.936111127191   0.398813672981   2.911507743955  -2.191913751036 -2180.747162083711   1.001421252316   0.542064922557 -2180.747162083711   0.002480695801   0.001053605774   3.202491280598  -2.236248856914 6.504514214253e+00 6.318291289809e-01 3.255828526394e-01  -1.148913074538  -1.149003092598 9.797369480786e-01 1.181411745712e+00     189.0  16.90  50971158
2020 BD155    42.134832304344   0.035684986036   0.306081063353   2.211937559096   0.657395599834  42.135692371379   0.030821008937   0.309953970793  42.135692371379   0.030409865735   0.304994880288   2.371670090199   0.661479582578 9.728627716821e-07 1.492110908132e-05 7.165072068778e-06   0.277055718931  -0.361610152459 2.228482935045e-05 1.628561556607e-06     119.0   8.93  54431744
2020 BR60     50.655630665267   0.268912715983   0.119693699126   1.477308551786   1.516426404519  50.919144213730   0.291654175111   0.163906004228  50.919144213730   0.243466534016   0.149591336322  -4.304030283855   1.382269121466 1.343566693178e-01 6.378453222654e-03 7.712708779973e-03   0.301538740856  -0.307869758649 1.500140214870e-02 5.391649122721e-03     356.0   7.00  54124624
2020 BS60     67.957561827755   0.539422756533   0.356059507330   1.297864622005   1.020963920583  64.082686444836   0.489475239326   0.391617430387  64.082686444836   0.396296469306   0.315638350903   1.222678927904   0.653461353481 9.398143096457e-01 3.308336604229e-02 4.557610489071e-02   0.081000372676  -0.126643252322 2.969672711912e-02 1.195332655437e-02     355.0   6.48  54124623
2020 FA31     71.976280588414   0.455482007200   0.316216843227   4.571241474120   0.529070185388  71.982632771998   0.446582678481   0.314974571706  71.982632771998   0.447933615820   0.310376933354  -1.715583559566   0.527337007095 1.541976300044e-03 1.918424798369e-03 2.844493630039e-03   0.056353637752  -0.075144949571 1.193923514903e-06 4.220214348835e-06     359.0   5.40  54117586
2020 KA54     47.151646436257   0.142412813961   0.166364381707   3.502350493514   0.223345775581  47.163167543929   0.145978989846   0.168194135665  47.163167543929   0.146027593358   0.167365488190  -2.761503502592   0.220712592213 2.464218054586e-04 1.997408547947e-04 1.882003152971e-04   0.296103611200  -0.293514691576 2.293059824009e-04 6.435112244722e-04      77.0  10.42  54352472
2020 KA55     36.778644320749   0.079919036901   0.069944922651   0.575412262286   2.463076165964 -7684.518249050671   0.780597934668   0.288866122528 -7684.518249050669   0.749839573346   0.124046979457  -1.788811739494   2.018937538934 3.131426069255e+03 4.934901360803e-01 1.294033419135e-01   0.423250453573  -0.002373572442 4.284982326494e-01 2.509110573782e-02      77.0  11.47  54352808
2020 KA56     39.603310567654   0.191839496066   0.055495727954   0.935414851206   0.595178973927  39.405302598787   0.193321656040   0.062980007481  39.405302598787   0.193497723001   0.062556627983   0.918546819998   0.602108951514 3.474756952830e-05 1.858015390633e-03 3.438925947953e-03  -0.751539201392  -0.467172414184 2.087713828980e-02 2.004670373219e-03      79.0   9.28  54353242
2020 KB54     43.913482165764   0.050790498941   0.039181018693   5.948459848319   1.584097080128  43.912608593043   0.050949290509   0.051917996335  43.912608593043   0.050593946348   0.051403139455  -0.314975893388   1.463814779158 5.986278065309e-06 2.066405588799e-04 3.096394612620e-04   0.406224345245  -0.410547042955 5.230583079467e-04 1.809919386056e-03      76.0   9.34  54352473
2020 KB55     47.627697049732   0.049617200203   0.297058040880   3.344092650256   0.109633504888  47.736663010579   0.110342243336   0.295661235210  47.736663010579   0.083968492996   0.291114286528  -3.076217598803   0.085198907108 7.038129706502e-04 6.558904716778e-03 2.922116421376e-03  -0.072660997190  -0.212350957000 1.110905952801e-02 2.851765434450e-03      77.0   9.79  54352809
2020 KB56    140.136933405713   0.694172846580   0.109569266059   3.104413551181   0.268161846531 139.544508852877   0.693135525236   0.107723041926 139.544508852877   0.489601141258   0.214702357329  -2.230171867502  -0.465992247152 1.099967611996e-02 1.844467128617e-01 8.348293358395e-02   0.014087619026  -0.015162237530 3.175617608401e-03 2.919436463829e-03      79.0   9.57  54353243
2020 KC53     44.049997707750   0.010525418945   0.059978623660   3.041121576901   2.481915166129  44.047637993455   0.014920957869   0.066808087733  44.047637993455   0.014175884476   0.066486845859  -2.801012892897   2.371263038790 3.715262698099e-06 9.829478372413e-05 1.930622006478e-05   0.387028582600  -0.392127461057 1.986489791501e-03 1.574172827990e-03      78.0   9.62  54351641
2020 KC54     42.320175235295   0.047562910892   0.041907745578   3.229333591989   1.774953843662  42.334375273139   0.046019082378   0.066519214035  42.334375273139   0.727886573269   0.065396179569  -3.359027618262   1.517728887229 4.482197735845e-05 1.306304294856e-01 1.142834194843e-03   0.670482848490  -0.497802964703 1.509156068604e-03 5.163232289613e-06      79.0   8.66  54352474
2020 KC55     43.747645671741   0.121315754887   0.056011374868   2.746116773794   2.141682414493  43.669437108563   0.142630308787   0.068529097989  43.669437108563   0.112257424430   0.067760154648  -2.979879909648   2.076370297277 4.508369678535e-04 1.226700876783e-02 9.689370422107e-04  -0.186278983778  -0.441187595763 1.114912073274e-02 6.710598015791e-03      77.0   9.96  54352810
2020 KC56     47.125338204982   0.205894262948   0.198912110350   0.673461080521   2.958211977591  47.133360159400   0.201385267231   0.191952536948  47.133360159400   0.200928373439   0.190807678717  -5.518380284637   2.957923413101 2.297709731598e-03 1.336892566858e-03 1.496766272122e-03   0.325921868347  -0.331137020508 1.859381251508e-03 1.183457199048e-03      79.0   9.57  54353244
2020 KD54     69.827787685529   0.473684807890   0.282308611371   2.077511943857   0.135337166760  70.153132702425   0.478835943549   0.268509489412  70.153132702425   0.425120666693   0.255901803969   2.517497405117   0.162612599211 1.869547610257e-01 4.631757395799e-01 3.218854993579e-02   0.085455099917  -0.105712604105 6.231539378281e-03 6.124482909647e-03      77.0  10.08  54352475
2020 KD55     36.210477454219   0.119547008273   0.235069382379   2.371693440019   0.114556234747 -76.031692404609   0.978194591401   0.089047878408 -76.031692404609   0.964770529590   0.022921758160  -3.174269282632   0.467606713724 1.511645395563e+01 7.489979269271e-01 3.849142183182e-02  -0.005540183301  -0.755987317842 1.604941393906e-02 6.840734577128e-01      76.0  11.13  54352811
2020 KD56    134.931064596284   0.768037156919   0.268090675832   2.106771778507   0.110918696824 1163.697250203664   0.944196355466   0.290586650984 1163.697250203665   0.880943075694   0.166157543040   1.477272316855   1.070128242539 8.390255468651e+03 1.000857721575e-01 1.149237002157e-01   0.000045368589  -0.002464807888 4.987798460638e-03 2.892909843375e-03      26.0  10.16  54353245
2020 KE55     46.686930592391   0.088350137679   0.037714072774   2.231658959496   1.323558028925  46.683986623015   0.087019825213   0.044468865249  46.683986623015   0.087049931572   0.044319140552  -3.974503800019   1.263560747954 1.172574143074e-06 2.723135217784e-05 8.748994350709e-06   0.309471378118  -0.302920620021 4.620370286715e-04 1.668085644090e-03      77.0  10.39  54352812
2020 KE56     38.910042206242   0.150109526900   0.088588944399   0.931592725762   0.479075193471 -701.043101921501   0.796728889961   0.111581316572 -701.043101921501   0.750645085983   0.037230592405   1.049345513439   0.676361249680 3.433287100483e+02 2.059202925088e-01 5.691433596819e-02  -0.002523835631  -1.378456240391 7.220092519949e-03 1.281026677962e+00      75.0   9.28  54353246
2020 KF53     44.584059877935   0.105695603951   0.026386163546   5.048639344432   2.221746238505  44.588697920050   0.107796547204   0.039437509677  44.588697920050   0.107199181590   0.038668484910  -1.033982811834   1.974432765538 3.188007005778e-05 6.075142950439e-05 4.537281677871e-05   0.420230604884  -0.410807212649 1.922259671093e-03 1.913920304485e-03       4.0   9.64  54351644
2020 KF54     43.705180087723   0.119694866342   0.062077436969   1.822607530958   2.209114000110  43.694219440622   0.148168073297   0.095197112100  43.694219440622   0.115113964198   0.086662231987  -3.824366899704   1.645010187931 2.380471997765e-02 1.455109554630e-02 1.143546285655e-02   0.672098017827  -0.470348895141 6.670452447836e-02 3.012847227301e-02      80.0   9.21  54352477
2020 KF55     45.793956936613   0.206612362245   0.197031005469   1.714111787655   0.186216613864  45.855082808299   0.202925311916   0.205058951909  45.855082808299   0.202374413961   0.203681703625   1.806844383874   0.175427135805 1.953850585365e-02 6.484665530982e-04 3.783171076726e-04   0.301053800854  -0.366228632663 4.020710041728e-04 6.505258863738e-05      75.0  10.13  54352813
2020 KF56     42.795110822438   0.037758167421   0.204160329606   5.624529885177   2.948893434530  42.787665454930   0.032878420145   0.206732219533  42.787665454930   0.032677596603   0.205381033091  -0.757555031992   2.937905427829 1.212605939065e-04 1.365514029295e-04 1.219203217770e-04   0.324040316177  -0.401476122691 2.027790743761e-06 1.879567897861e-03      78.0  10.07  54353247
2020 KG53     44.578163670189   0.105511969200   0.046912047895   4.738494482582   2.529815866684  44.582387820966   0.108618990993   0.058848185875  44.582387820966   0.107945679330   0.058381128953  -1.528936178888   2.442015168320 2.587806919727e-05 9.722452690557e-05 1.214320673079e-04   0.415631119216  -0.407795192439 1.679024091104e-03 7.514052975249e-04       4.0   8.47  54351645
2020 KG55     36.263597044752   0.107433561227   0.281333012382   0.449799848614   0.132248416856 -1672.108705074398   0.966998764916   0.238481353767 -1672.108705074398   0.154994814161   0.021712512286   0.686950896699   0.835010696076 1.009254627597e+02 7.463912657424e-01 1.638263743638e-01   0.003527788433  -1.487560063049 1.324599263935e-01 1.604587307800e+00      23.0  10.51  54352814
2020 KG56     47.664029954456   0.333650957408   0.050321051280   6.257970846917   2.228575438277  47.732903310708   0.336924497435   0.050710358929  47.732903310708   0.336988262926   0.050390231017  -0.098463316905   2.307118861770 1.709033080744e-06 8.026045092743e-05 2.847376583279e-04  -0.314644415206  -0.209933310337 4.046033842568e-06 1.329623553414e-03      76.0  10.97  54353248
2020 KH54     44.327054026461   0.141246267363   0.043113882549   0.001871676016   1.431599121667  44.305212111845   0.140826237589   0.066129834826  44.305212111845   0.139047322985   0.065044788334  -0.079927586259   1.382400031261 1.228257992841e-04 5.555946958837e-05 1.189515934431e-04   0.464921909875  -0.460214353393 6.958502641478e-06 1.933947884232e-04      80.0   8.97  54352815
2020 KH55     40.801729566695   0.106535751039   0.045213284803   5.955389952688   0.904192450922 -4898.126518161561   0.670640541619   0.144124733913 -4898.126518161561   0.631542811185   0.083635885826  -0.023473233472   0.213395384496 3.601407050359e+03 3.404599014810e-01 4.786930924947e-02  -0.002355286668  -0.613461175674 2.724447021541e-02 3.823509006545e-01      26.0   9.26  54353249
2020 KH56     55.919337687594   0.418158858244   0.076516349865   5.972392010090   2.669365902965 3607.964917381987   0.794148418167   0.060804588547 3607.964917381989   0.757180863345   0.028331962431  -1.087320538658   2.974871706002 6.279930570337e+03 4.592205924198e-01 2.108364222431e-02   0.454132797376  -0.595361995315 4.490678372140e-01 3.728027427361e-01      79.0  10.13  54353250
2020 KJ54     42.773853158966   0.033899522023   0.044032310544   3.394034200801   1.940166591501  42.771846668847   0.036760876685   0.055724275482  42.771846668847   0.035673355231   0.054570471408  -2.570051121272   1.789217305302 1.196533939633e-06 8.594401350101e-04 4.871791336047e-04   0.467257932876  -0.473846104416 1.906369668009e-03 4.757181781216e-04      77.0   9.33  54352816
2020 KJ55     57.297049293320   0.451167688033   0.043709990002   5.686246367107   2.178053586832 -1315.042072126878   0.958061065109   0.197160445412 -1315.042072126879   0.946626772406   0.046011673732  -0.785776900159   2.607479130742 1.340539369764e+02 4.270311985186e-01 1.378863699321e-01   0.170327776306  -0.003468619040 1.728045341926e-01 8.777290508651e-02      26.0   9.75  54353251
2020 KJ60     45.014285521322   0.115409520427   0.033175616933   3.209796753477   1.433690352284  45.027448863517   0.125835300359   0.041240016194  45.027448863517   0.122502973368   0.040385131642  -2.525853296194   1.260688574990 3.125293033816e-03 3.417662672364e-04 1.018615802751e-04   0.447713277741  -0.406214121663 3.849398406786e-03 1.925689933008e-03      79.0   8.73  54375104
2020 KK54     43.816188205489   0.147298382016   0.078911698100   5.388001856239   0.432574092405 -116.662316207592   0.909726033632   0.055498583829 -116.662316207592   0.885120754904   0.026136315700  -0.788787377859   0.597963209088 3.232343690827e+01 6.895243663982e-01 2.279429978499e-02  -0.003168953043  -0.729241773571 2.668601154055e-02 6.600229451934e-01     155.0   9.25  54352817
2020 KK55     76.626328023989   0.558323417941   0.090290008478   0.665935613545   2.687111367837 322.707473561687   0.702537550040   0.083399857173 322.707473561687   0.620389061543   0.055690146349  -5.120654150004   2.577901498165 2.064260934026e+02 1.697859907491e-01 1.281201613540e-02   0.001868826627  -0.240193974964 1.062588606575e-01 1.485921025347e-01      77.0  11.36  54353253
2020 KK60     65.304550807439   0.482923363141   0.094604079148   6.172152988316   2.551599249047  59.141904638193   0.402568399445   0.148857870978  59.141904638193   0.358724287606   0.138509872266  -0.079195253744   2.215586818949 3.684213182213e-01 2.622188616526e-02 2.257333102886e-02   0.200309550770  -0.221768658453 8.228361443275e-03 8.699953474653e-03      77.0   7.95  54375105
2020 KL54     43.606545974917   0.121077368808   0.150581546889   1.924194651260   2.909387847142  43.661418418044   0.107875640208   0.158445800727  43.661418418044   0.088463461237   0.157254901277  -4.128085793310   2.862908736333 6.043230073850e-03 6.727610972031e-03 3.119612766805e-03   0.515413602781  -0.424059313507 7.666401228965e-02 3.494066509872e-03      77.0   9.80  54352818
2020 KL55    165.389188359636   0.858408953684   0.028884301865   3.398124090233   1.356562182670   1.505701458503   0.826643793288   0.275091575681   1.505701458503   0.754204986794   0.127511989966  -3.079316928545   1.153107410375 6.635118121936e+01 3.627413645215e-01 7.873765851488e-02  -0.002365538930  -0.142022288584 2.181977788222e-02 4.893759458318e-01      75.0   9.68  54353254
2020 KM54     45.773460302976   0.138516946054   0.084274215142   3.718381312471   0.387818401302  45.772977528963   0.150652323079   0.103549888860  45.772977528963   0.150391256132   0.103415952939  -2.495258074463   0.396403678368 1.284815881527e-03 2.488457181810e-04 5.098207576934e-04   0.351763409144  -0.370975249875 4.155743998961e-04 1.854236374786e-03      76.0  10.19  54352819
2020 KM55     45.787337437707   0.103960974358   0.043390505621   2.720165232065   1.771161395513  45.785870057722   0.105381405226   0.049480907238  45.785870057722   0.105309850628   0.049250453796  -3.434972854418   1.691209270666 1.587260287303e-07 9.067334633448e-05 2.957235992785e-04   0.342825176196  -0.347461826610 1.546508091762e-06 6.191290876443e-05      77.0   9.52  54353255
2020 KN53     42.842362098325   0.096745767494   0.188304299206   0.944963533853   2.926273322659  42.831288612193   0.090654705743   0.193343158606  42.831288612193   0.090207837789   0.192254383928  -5.317983451659   2.897931228391 2.423494650789e-04 1.267593139897e-03 3.392693050314e-04   0.357395146139  -0.427965451559 1.845570869271e-03 5.701554648707e-04      78.0   9.12  54352050
2020 KN55     41.046985506840   0.098036071516   0.490989025394   1.638000264122   3.031902074054  41.027920680561   0.091672490696   0.493003481665  41.027920680561   0.091575266752   0.473504491054  -4.706421278044   3.038752325429 4.718700254985e-04 3.910023302272e-04 2.518795301714e-04   0.147690406693  -0.300549733023 1.818186640065e-03 1.016899086642e-05      77.0   8.44  54353256
2020 KO11     44.758922620161   0.143988035689   0.092651476708   5.097555239961   0.472048318866  52.230668584084   0.285815580132   0.109543056056  52.230668584084   0.213815703148   0.093489566124  -1.342408542581   0.913926355078 6.007627748039e+00 7.047430351012e-02 6.612295712306e-03   0.414340481521  -0.431001149578 1.254401417309e-01 7.619553787334e-02     154.0   8.54  54054619
2020 KO53     48.095560556940   0.111641907734   0.186897881617   1.642566666209   0.210264838950  48.125720444481   0.107856315982   0.187559840080  48.125720444481   0.107940225249   0.186499710800   1.601411961316   0.209471344647 2.343899439360e-05 1.626964476546e-04 1.759898573263e-04   0.242109418888  -0.241855336997 1.902315041668e-03 1.133125622641e-03      77.0   8.99  54352051
2020 KO54     38.612418770971   0.291346460890   0.086719358489   3.570813501629   0.335117693433 -1084.410518399388   0.958703160315   0.022268128006 -1084.410518399388   0.953057455968   0.017720818212  -3.097299287820   0.467049548154 9.849549733552e+01 6.044727880686e-01 1.455222683539e-02   0.000000024922  -1.542860662110 1.315028766221e-01 1.461510211500e+00      28.0  11.66  54352821
2020 KO55     47.556695427252   0.212423891328   0.119716505592   1.908006947269   2.717644038859  47.734550757698   0.128754397980   0.150045516403  47.734550757698   0.097138947386   0.149180703255  -4.703368603824   2.934472393405 4.759890227302e-04 1.088035994979e-02 1.106859564357e-02  -0.215606798342  -0.212492864573 7.120741230466e-02 3.043604674682e-03      77.0   9.65  54353257
2020 KP53     45.992833377374   0.163190451513   0.101431548689   4.889823460190   2.780873551677  45.976162780002   0.188240593349   0.145678556916  45.976162780002   0.175737547936   0.145249542612  -1.035415987518   2.641872086137 2.675561996596e-02 2.182195700870e-02 1.331383409588e-02   0.348762201634  -0.383221422247 4.513424932804e-03 3.100058877848e-03      77.0   9.74  54352052
2020 KP54     43.149677650218   0.112124689670   0.033288663350   0.729516217848   1.160267266310  43.131044891797   0.107704756845   0.063757823076  43.131044891797   0.103422541047   0.061687303168   0.601071524470   1.104464035118 3.432561628128e-05 1.957556849616e-04 2.376340889672e-04   0.516381123328  -0.500295834858 2.210611303242e-04 2.023636749265e-03      77.0  10.34  54352822
2020 KP55     47.764538458003   0.369184188002   0.081689679617   1.374350007461   2.534889821528  47.732397515989   0.364067679769   0.089218161115  47.732397515989   0.355456268977   0.086429459935  -4.852102532034   2.248978124088 5.157707986728e-06 1.008363788264e-03 1.165744937044e-03  -0.246554239359  -0.206634423185 1.400254155381e-03 9.322393119626e-07      80.0  10.13  54353258
2020 KQ54     44.300785591850   0.044298711758   0.034001797902   2.284704954398   1.232496251797  44.295839327721   0.042899793386   0.045274283726  44.295839327721   0.042662454634   0.044846442474  -3.842376276042   1.131968818854 1.440507837637e-07 4.439071262333e-05 9.368815274798e-05   0.387432999409  -0.387579317920 1.497118290847e-03 1.927854050671e-03      77.0  10.29  54352823
2020 KQ55     45.396649502190   0.067123721307   0.132541656183   3.924756494857   0.281772666291  45.395459787012   0.056527291177   0.128486894858  45.395459787012   0.056538210882   0.128325784520  -2.332008519409   0.285365753668 1.130559966531e-05 3.364246657917e-03 1.446338024162e-03   0.306611263656  -0.325460003005 1.244368566391e-03 1.073641867480e-03      77.0   9.97  54353259
2020 KR11     46.331186732938   0.081220155508   0.078366784951   5.716737148352   0.550862613496  46.333415643664   0.083053099888   0.079093778980  46.333415643664   0.083080460890   0.078962667104  -0.542802755167   0.554793450009 2.648727484724e-07 7.706620604880e-05 1.263056007215e-04   0.305474147085  -0.309951363893 2.085705599247e-04 1.627964197373e-06     215.0   7.48  54054639
2020 KR54     43.922124869062   0.065159906896   0.050020852552   0.790769635169   2.381731052549  43.913167028509   0.061899232236   0.062541292623  43.913167028509   0.061625317679   0.062188068611   0.887756295271   2.252925214894 1.950403134296e-05 3.854950957072e-04 3.378479797630e-04   0.406224362782  -0.413227260095 2.556793079520e-04 4.440628936155e-05      77.0  10.00  54352824
2020 KR55     42.437817794724   0.084392402598   0.346905275028   0.300143534796   2.981286545094  42.502875412107   0.148771817855   0.309685135398  42.502875412107   0.112972875634   0.267039245913   0.568176494910  -3.088544485574 1.281842759402e-01 1.345061467929e-02 4.166840875025e-02   0.404260571079  -0.347409248451 4.573122068937e-02 2.747213237936e-02      80.0  10.31  54353260
2020 KS53     44.491564527420   0.030333504106   0.075122523730   5.610577991479   0.595177226555  44.495780496008   0.049692838237   0.088938833831  44.495780496008   0.039462532907   0.088699127913  -1.446056371571   0.603515797574 2.231040694474e-04 4.310425280844e-03 6.046696182250e-03   0.351786808631  -0.373174804287 3.489407386902e-02 2.492155166983e-03      76.0   8.40  54352479
2020 KS54     41.684079554030   0.097563695168   0.297136066638   4.469137236204   0.109724089149  41.675420610899   0.094415999135   0.297375712627  41.675420610899   0.094166537355   0.293086701960  -1.692420784378   0.101320015677 1.809785242138e-04 1.470716131933e-04 1.395300669835e-04   0.288818490893  -0.410890143735 4.142739131708e-04 1.801345539539e-03      79.0  10.06  54352825
2020 KS55     60.042842148017   0.384055252512   0.462314459233   5.411749193773   3.004486125860  60.001848266023   0.386713837649   0.458969102974  60.001848266023   0.386430964311   0.442994985779  -0.850050270256   3.015103873053 2.034546037190e-03 1.132505491931e-03 8.642378161086e-04   0.056352869083  -0.108014502651 2.174705042113e-06 2.918755595880e-06      80.0   9.79  54353261
2020 KT11     42.910809283135   0.216704066466   0.509935484320   2.861289813684   3.040715925884 1277.027687813859   0.611169519316   0.331196084152 1277.027687813858   0.570600227136   0.263794881342  -3.294775810468   3.099933146874 1.072202745718e+03 2.283596888218e-01 1.213525713992e-01   0.000740752671  -0.285431755507 5.846104553302e-02 9.863691479877e-02     161.0   9.23  54054641
2020 KT53     43.768336970762   0.080153460149   0.063980163410   0.202325636173   0.724290798415  43.774879035501   0.080693519370   0.069401985109  43.774879035501   0.079214821859   0.068846979410   0.128021010828   0.706498636624 3.480236785357e-05 4.919351021838e-05 2.505692760509e-05   0.450839239932  -0.429709624295 1.501869567743e-06 1.448727253650e-03      75.0   8.93  54352480
2020 KT54     40.377269301023   0.092617625884   0.347924322651   4.769927438774   3.031010723316  40.368060938163   0.096694937855   0.352335771649  40.368060938163   0.084045411094   0.345248338933  -1.399053918292   3.043910914217 1.824681144690e-03 7.835636204331e-03 5.332125337748e-04   0.316912412748  -0.426092969880 6.472708088752e-03 1.466198897395e-03      77.0  10.76  54352826
2020 KT55     53.075466761514   0.377641553717   0.068598373500   1.283571775357   0.398112632492 140.008090235330   0.664813998855   0.078508725198 140.008090235330   0.483123132328   0.052256827895   0.903028499583   0.145570291067 5.237055393106e+01 2.067985561680e-01 1.074011960197e-02   0.022996375264  -0.227413054765 8.369203492495e-02 1.365522607432e-01      28.0   8.94  54353262
2020 KU11     44.066622518868   0.167484169017   0.243045502613   5.747216820541   0.119826793842  44.295199849376   0.206431707834   0.219305107195  44.295199849376   0.175427536717   0.206420606832  -0.841646724458  -0.105561138136 4.094124343555e-02 1.243973932268e-02 3.876176945869e-02   0.313729906964  -0.407374701466 1.046242380450e-01 4.330122047331e-03     162.0   9.92  54054642
2020 KU53     44.181601882493   0.085713783950   0.046025423896   4.312148114329   1.672755830764  44.183348905310   0.089263068507   0.050876835534  44.183348905310   0.089030729225   0.050288614632  -1.782682070358   1.516540216830 2.207103644571e-06 1.449198000516e-04 2.596896298113e-04   0.410916772506  -0.415619737344 1.421690234321e-03 1.161798977195e-03      77.0   8.74  54352481
2020 KU54     44.817080466356   0.144152547665   0.142792391818   0.337737362705   2.872607982600  44.798126868326   0.145402520585   0.149529810755  44.798126868326   0.145251097359   0.148989108055  -5.844176062050   2.824338468422 2.807520546283e-03 2.125186538448e-03 2.862803051306e-03   0.352605470894  -0.392172268519 1.083088205231e-03 1.706036182034e-03      75.0  10.81  54352827
2020 KU55     44.520582356266   0.005546111250   0.071958372752   1.511790736671   0.608355678215  44.517665132386   0.006513458418   0.076637686764  44.517665132386   0.004541423569   0.076365384919   0.777958645587   0.625121612522 2.098417244691e-06 1.983280862642e-03 1.989324723355e-04   0.347533575346  -0.366306378489 4.302628653964e-04 1.658881863439e-06      76.0   9.65  54353263
2020 KV53     44.977530515856   0.098175586455   0.055369939375   3.910738241343   0.849924000525  44.973778657710   0.103001024524   0.063554280790  44.973778657710   0.102885648244   0.063269685998  -2.252765946026   0.810559030061 1.520627192113e-05 2.428513280626e-04 5.377339241874e-04   0.375692569833  -0.380403206409 7.483562450705e-06 5.496896787041e-06      80.0   9.33  54352482
2020 KV54     53.315845746883   0.444960405879   0.060853169855   4.085828657916   0.646632804798 -11296.888503648461   0.987039693073   0.398220919526 -11296.888503648464   0.079984352382   0.008518549720   2.747122523269  -0.070928680765 2.619000586502e+02 7.764147616878e-02 8.025358792685e-03   0.052829140869  -2.708960625198 7.130464131808e-02 2.415529596184e+00      25.0  10.06  54352828
2020 KV55     41.310769251028   0.068085776908   0.332384352775   4.573309287482   3.023540688838  41.311007293042   0.063819535896   0.334681892138  41.311007293042   0.063790458492   0.328590763378  -1.812669086706   3.030243634502 4.640093595313e-05 8.741936023226e-05 1.861685234854e-04   0.252873929623  -0.387474831341 6.940629060527e-04 1.827775288402e-03      78.0   8.81  54353264
2020 KW11     45.155139999937   0.118364342380   0.062658208712   6.184224834366   0.827370136393  45.154880790258   0.116911960192   0.062583967488  45.154880790258   0.116738551157   0.062193146930  -0.116790658098   0.829748323242 3.998914796065e-06 1.010929788381e-04 2.308412466601e-04   0.373350727670  -0.382746003644 5.728732789545e-04 1.367917029406e-03     160.0   9.04  54054644
2020 KW53     44.029425173629   0.057083527762   0.066251085324   5.674622387989   0.621880036988  44.029004463776   0.057700607618   0.067536214792  44.029004463776   0.057609048248   0.067242111775  -0.538182705901   0.614609372664 1.973171073843e-06 5.263717795234e-04 4.728924956523e-04   0.395087459395  -0.403860838436 5.924636927398e-04 2.053040122778e-05      77.0   9.56  54352483
2020 KW54    173.398635808977   0.751944756900   0.083028308242   2.487300304186   0.467554495189 172.394282374791   0.750209705956   0.085536191080 172.394282374791   0.677293069832   0.084923773943  -3.546498310461   0.489638927949 1.755168405275e-01 6.772325162360e-02 1.239657123711e-01   0.013182969228  -0.014091544134 2.607493529448e-03 7.301531986498e-06      75.0  10.31  54352829
2020 KW55     91.414303189792   0.714720954091   0.030919924470   0.129342107599   1.593842591456 -1285.971684824240   0.901322075507   0.242198472317 -1285.971684824240   0.873871491838   0.045329463932  -0.311275260657   2.006369176283 2.430374605109e+02 4.043299074008e-01 1.533032442316e-01   0.000000812567  -0.543353395681 7.095284939136e-03 5.191672403125e-01      23.0   9.39  54353265
2020 KX11     60.967156858240   0.947385946427   1.253805491640   0.197488546653  -0.011706026160 -622.793927535552   1.003937411363   1.154119583887 -622.793927535552   0.007687221440   0.003424334566   0.803436319791  -0.890245388306 2.426355025626e+00 4.456526270475e-01 4.073930691821e-01  -1.254108414895  -0.418532058079 1.107894348670e+00 3.974042488534e-01      77.0   7.81  54054645
2020 KX53     43.768857777021   0.105741654392   0.050416885977   6.223486230756   0.883345786125 -29.904983393589   0.312247832036   0.116904717856 -29.904983393589   0.263294411032   0.088994354413   0.342601560840   0.273682994357 6.773010854416e+01 1.313413540625e-01 1.519308372740e-02  -0.003391415884  -0.521829921645 6.055317906959e-01 8.043327077021e-03      29.0   9.81  54352484
2020 KX54     43.998066760836   0.044462794009   0.041328745712   6.226202122454   1.537215367925  43.995627843833   0.043491130978   0.053689131987  43.995627843833   0.043155240368   0.053257154163  -0.029472756208   1.410940390913 2.358514948556e-07 2.062976055052e-04 1.855723775999e-04   0.399179897596  -0.402384292121 9.006512630217e-07 1.419172310956e-03      75.0  10.29  54352830
2020 KY11     46.107060700729   0.108166379324   0.178840554390   3.499097731223   3.012461969661  46.110930705476   0.110085786389   0.178846041327  46.110930705476   0.110199351060   0.178015453868  -2.780848595624   3.000089662769 5.925800565144e-06 2.259219459948e-04 2.313748629394e-04   0.265871404973  -0.302870152761 1.701308825797e-03 1.824278324607e-03       2.0   8.52  54054646
2020 KY54    126.428124492631   0.816952203137   0.051900066041   3.939188023660   0.781247487167 -6210.795426942037   0.992647610659   0.051914215380 -6210.795426942037   0.991658129328   0.020978335892  -1.873833957943   0.307597957645 1.879073330904e+03 7.681548364580e-01 2.687267073565e-02   0.000000005227  -0.002669188109 2.995244723817e-02 1.400401472022e-02      26.0  10.46  54352831
2020 KY55     46.550219727540   0.173347488006   0.083639856558   6.232868185695   2.677547270063  46.533474297714   0.176722162027   0.104160101581  46.533474297714   0.176416826626   0.103973897236  -0.123510653042   2.652549641854 3.833591621822e-03 1.863119916200e-03 3.551804672781e-03   0.342830414431  -0.361625874961 2.890365396757e-05 5.490993073759e-04      79.0  10.10  54353267
2020 KZ53     60.986687604752   0.419574578931   0.050150334708   2.972283888191   0.794795549592  59.280003308475   0.404961607829   0.089342677206  59.280003308475   0.318149863792   0.076773334015  -2.690575376728   0.283554875689 9.099105168535e-01 2.650373971017e-02 1.119384159648e-02   0.215654214108  -0.296168949849 5.026683939333e-02 2.212169230638e-02      26.0  10.36  54352486
2020 KZ54     45.790589018148   0.106229951527   0.148158868655   0.692245967371   0.241896646867  45.788819551686   0.110888198923   0.152458242345  45.788819551686   0.110964488633   0.151935894544   0.677537693868   0.246671336358 8.707832732109e-06 3.766654071641e-04 2.658375267515e-04   0.292625321363  -0.324014868584 1.383122750641e-03 2.565486601999e-05      26.0   9.30  54352832
2020 KZ55     40.962556292887   0.105013424046   0.324962459244   5.889457046622   2.992310408138  40.958096931647   0.107410876353   0.325175319226  40.958096931647   0.106961545267   0.319497269298  -0.416584496514   3.007966081441 6.146698196666e-04 1.621156918542e-04 1.595372667496e-04   0.298209750152  -0.427249821559 1.397218872073e-03 1.040796001092e-04      77.0   8.84  54353268
2020 LA21     94.697367758564   0.710789782961   0.045094873245   0.486316521547   1.217894567799 -746.615576371705   0.914892314803   0.205252460332 -746.615576371706   0.903374327849   0.043651795024   1.810341697520  -0.068966071271 2.405618043375e+02 9.566457726118e-02 1.289001310186e-01  -0.003061493905  -0.713285034236 5.138079785409e-03 6.822362827526e-01      24.0  10.05  54352487
2020 LB21     46.036717608158   0.644415097322   0.094543208353   4.934755669058   0.443330612837 -31.785181403527   1.142277430857   0.291293716412 -31.785181403527   0.126867993047   0.053297131225  -0.432117783459  -0.866376184558 1.533010732228e+00 6.522309153648e-01 1.593713862553e-01  -0.003047297446  -0.002603617193 2.281745454614e-02 4.702274910370e-01      73.0   9.87  54352833
2020 MA53     40.215135783860   0.288994817411   0.034704028162   0.934127608713   1.893062820957 -262.243340218751   1.006871621755   0.057150493257 -262.243340218751   0.033790306515   0.002016093442   3.855056145540  -1.368557014560 4.397521839345e+00 3.178435161607e-02 1.639118036387e-03  -0.227433256666 -32.650959731418 2.343124459552e-01 3.104989870670e+01      56.0   9.72  54352490
2020 MB53     49.016580676225   0.257815108648   0.259037908905   3.017939304856   0.135784936675  48.829920468132   0.259157256997   0.252700968586  48.829920468132   0.258789364319   0.250304753601   2.921723033625   0.144436626498 2.446848609430e-02 8.382516065889e-04 6.051639523628e-04   0.214508034122  -0.281611975257 1.405533723088e-03 3.160210040308e-04      54.0  10.05  54352491
2020 MC53     42.842121471350   0.108141966461   0.077399628938   5.376912688349   0.536655879707  42.356158539578   0.145019872452   0.227230679793  42.356158539578   0.111887717148   0.177408994635  -1.625901442564   1.338386826944 7.952134099434e-02 8.639211662190e-03 3.333718335316e-02   0.461968133789  -0.406928236198 4.423993501142e-01 5.408380299461e-02       5.0   8.15  54352492
2020 MD53     44.593445730235   0.129446309644   0.060685735232   1.598635461683   0.766193638588 -1865.063760783048   0.511195203196   0.070939094980 -1865.063760783048   0.489456715140   0.044300097440  -0.958951622166   0.911771416475 1.434781307953e+03 2.751453759817e-01 1.820068392056e-02   0.000434592121  -0.442290086103 2.206197119518e-01 7.269852861400e-02      54.0  10.07  54352493
2020 ME53     41.865345986505   0.083297089149   0.046104070856   4.216742000812   1.198784672788 -128.956426543865   0.757754870391   0.107247397569 -128.956426543865   0.722576237299   0.073132063333  -2.157789768250   1.533040769564 1.077768989030e+02 3.733431302630e-01 4.810613427312e-02   0.000242793825  -0.363586685907 8.674149785646e-02 5.045208073860e-01      54.0   9.75  54352494
2020 MF53     46.309465589368   0.358804838559   0.499003902677   2.682441439086   3.053321027681 -549.419814582065   0.914850081449   0.116432782215 -549.419814582066   0.885220137565   0.074233003065   2.039393886558  -2.994776162046 1.287771074879e+02 4.086459636427e-01 4.600734495071e-02   0.000005863382  -0.396539446662 6.117516076185e-02 4.628116848808e-01       5.0   8.46  54352495
2020 MG53     42.865671799479   0.076650913130   0.062566550454   0.093470152273   0.592284650464  42.873669463843   0.073933713190   0.063995754682  42.873669463843   0.072912985500   0.062799250386   0.074298484387   0.604741384505 3.473866633928e-06 6.544149317486e-04 7.636172957318e-04   0.481366835134  -0.484152672836 1.260123581110e-03 3.188654445795e-04      51.0   9.51  54352834
2020 MH53     44.541016398415   0.082152416293   0.036649027725   2.154661137810   1.708207002444  44.540042971625   0.081647788836   0.047746608557  44.540042971625   0.081154584912   0.047278978443  -3.857015948211   1.533935387041 5.992877195846e-05 3.692069515824e-05 4.166151264273e-05   0.404157933045  -0.392136885514 2.677768514290e-04 1.184493430304e-03      76.0   9.63  54352835
2020 MJ53     82.350020228849   0.103412394515   0.099958297051   1.107783277842   0.258846044180  82.349957979871   0.103349429047   0.099996617127  82.349957979871   0.103410658547   0.099838256162   1.123863592816   0.259379818105 6.987432626912e-09 7.615453006046e-04 5.733213382494e-02   0.025806358630  -0.025829296563 2.351932833525e-03 2.212755156608e-04       3.0   7.21  54352836
2020 MK53    110.481660392035   0.446299494348   0.297735322467   6.119750307038   0.150443942940 110.482554224006   0.447219716151   0.296085773640 110.482554224006   0.447401778971   0.291699697183  -0.121668972436   0.125119485812 6.355277822474e-06 1.789804893128e-03 3.766687450996e-01   0.011718798514  -0.014094744510 2.353382121954e-03 4.993394361715e-06       3.0   4.12  54352837
2020 ML1      48.488981658281   0.947761246051   1.412307732892   2.180179742703  -0.132090089240 -3212.352393461969   1.000756048035   1.351787912583 -3212.352393461969   0.002438531430   0.000313259081   3.610524177672  -1.535303145790 8.349009748333e+01 8.929723810277e-01 8.727676248483e-01  -1.254445399511  -0.998977559154 1.117621898897e+00 8.931715719695e-01      31.0  17.60  54017576
2020 ML53     43.145124998448   0.104993088634   0.040497204735   0.285814937066   0.689358263607  43.148146085651   0.106087516113   0.051086647686  43.148146085651   0.103017467592   0.048405441319   0.167755487119   0.695651579725 4.060907299822e-04 2.092762441378e-04 5.162128592559e-04   0.511879676348  -0.500621488908 1.069208394610e-05 2.608744637374e-03       3.0  10.19  54352838
2020 MM53     37.748698958984   0.277485414453   0.029868606096   5.354850354300   1.771465978923  27.658371486816   0.818145637365   0.317569414255  27.658371486816   0.733797184144   0.231254602263   0.212099497875  -1.704947368049 2.322811940847e+01 3.049322772229e-01 1.161663080439e-01  -0.002425677458  -0.111982127677 3.220229674551e-02 9.555857916129e-03      54.0  10.51  54352839
2020 MN53     35.511634844684   0.107764113861   0.355955899510   3.627321933426   3.048530028927 -4771.461307816118   0.912580365704   0.089515369220 -4771.461307816119   0.850098453624   0.056544272514  -5.260676230741   3.118617879038 2.044913177774e+03 5.519370026957e-01 4.050755003374e-02   0.000018314350  -0.148809099212 1.148782139297e-02 8.735195240641e-02       3.0  10.94  54352840
2020 MO53     46.400245080036   0.109958174838   0.040462755790   4.810832344472   1.656533979988  46.405262056279   0.112718308271   0.045308111296  46.405262056279   0.112652260665   0.045053111614  -1.375381193396   1.571734995502 7.437849317916e-06 3.080652079186e-05 1.805522330101e-04   0.326388713261  -0.326388446903 9.790163345250e-04 3.859309820910e-04       3.0   9.35  54352841
2020 MP53     33.658206324351   0.664225665144   0.337608299991   0.128877005503   0.103972918534 -448.792651895526   1.005121937975   0.256487834693 -448.792651895526   0.066487053376   0.013698940884  -1.339815159191   1.102109473912 1.164661524842e+01 6.024093647699e-01 1.496055007072e-01  -0.157862427723  -1.578568576781 1.289986625534e-01 1.403911217588e+00      52.0   9.50  54352842
2020 MY52     42.785507643248   0.141899625740   0.357894016509   4.066111022899   0.083102529328  42.767094570735   0.139506454998   0.357722566536  42.767094570735   0.139586332321   0.350265695827  -2.219240756281   0.075632323722 1.987031335800e-04 3.475388905049e-04 1.678302968477e-04   0.213318178757  -0.338138488814 1.830954932562e-03 7.485150669637e-06      54.0   9.95  54352497
2020 MZ52     40.263196280651   0.244497786320   0.221434558424   0.391403258493   0.156353158590 -1314.658600560946   0.630727223421   0.287337243134 -1314.658600560946   0.544605323890   0.248051050628   1.183035529872  -0.573155116534 1.396215984803e+03 6.827421639357e-02 5.417439415143e-02   0.049169980825  -0.081096043561 2.901573249539e-03 7.942687216293e-03      52.0   9.55  54352498
2020 PC95     49.204242692407   0.307859764391   0.060833186116   2.197018320904   0.887312225336 -21536.047725283646   0.561332228708   0.114753140471 -21536.047725283657   0.488668097078   0.081207394893   2.209809022914   0.181706854135 2.128174408336e+04 1.859848884629e-01 2.068535259679e-02   0.000987898228  -0.237355905246 2.487140129182e-02 1.040398916027e-01       2.0   9.96  54352847
2020 PD95     67.463754399551   0.113841446810   0.198644992706   6.120444529887   0.148318965477  67.463763484561   0.114254414858   0.198461897361  67.463763484561   0.114923747707   0.198712874820  -0.161535817296   0.149991043820 1.154118926694e-06 6.924528976173e-04 1.714222927998e-03   0.049287737874  -0.054476581488 2.284251887371e-03 1.890928214507e-03       2.0   7.85  54352848
2020 PE95     39.685281497082   0.105525518776   0.145213553127   2.491281009067   2.916961344895 -9200.614725120722   0.489071934992   0.244424713658 -9200.614725120720   0.464742449739   0.206559505218   4.431114602015  -2.582243582423 7.456316462744e+03 2.485151064378e-01 8.395240742502e-02   0.001276014779  -0.456263110612 1.600922455275e-01 5.120180631858e-02       2.0   9.38  54352849
2020 PF95     49.857770178613   0.100291193872   0.241297680386   4.678089369990   0.143155702235  49.854985669505   0.098845097345   0.241455691142  49.854985669505   0.098916469882   0.239421955989  -1.602249858888   0.145557787779 8.498260582315e-07 1.803334497181e-04 6.126616529889e-04   0.157318399263  -0.190232773088 1.496382868503e-03 1.828523752541e-03       2.0   8.44  54352850
2020 PG95     51.495797740421   0.156330536103   0.045755048198   1.411119737965   1.694725907539  51.495169735918   0.155219528083   0.050002106295  51.495169735918   0.155212561527   0.050010751602   1.450908617119   1.652918386802 2.034145541376e-07 1.775309148467e-05 1.293104332590e-04   0.197241898664  -0.199652053532 8.908221264632e-07 1.896231306783e-03       2.0  10.51  54352851
2020 UG74     44.274254084298   0.061801310823   0.022409639231   4.267229618534  -0.183742519143  44.287530582259   0.064018325799   0.026523093619  44.287530582259   0.063775251860   0.025527973129  -2.119943473626   0.036988332995 3.024370906979e-04 1.996104124465e-05 1.276713352882e-05   0.399179959292  -0.399176472311 1.830864213596e-06 1.104255478724e-05     351.0   8.37  54410933
2020 UH74     42.570612502760   0.042472442858   0.069061701615   3.691261414758  -1.575059197219  42.575189999225   0.027469706760   0.048770011668  42.575189999225   0.025610618365   0.047227094179   3.283988147567  -1.437063410303 2.052892560930e-04 7.231851166784e-04 4.194979292910e-04   0.479016044301  -0.486013257360 7.822336059708e-06 1.820793782752e-03     351.0   8.07  54410923
2020 UJ74     52.264631560947   0.332131353918   0.215427888879   1.068454776172  -1.825951235136 -2414.610220214261   0.643927425827   0.203972795897 -2414.610220214261   0.573330794853   0.114861314351  -0.041211591676  -1.504570761410 1.788592662692e+03 2.411627588777e-01 5.482810750466e-02  -0.002348135251  -0.305752810575 1.892405725826e-01 2.324992800668e-01     351.0   8.78  54410929
2020 UT74     47.191051219535   0.139411691099   0.069839037668   1.008290156444  -1.576322436128  47.199221792136   0.146447047986   0.065800916259  47.199221792136   0.146107889543   0.065638502698   0.979305216147  -1.512340420481 5.607479990131e-05 1.661248997627e-04 1.032808779894e-04   0.366304407376  -0.323192964329 3.517566022429e-06 8.134295416580e-04     351.0   9.00  54412454
2020 WM18     50.692531383421   0.320290414716   0.238229030600   4.977841161384   2.162974803082  49.620139046827   0.298955927361   0.228178295787  49.620139046827   0.265442916757   0.212905249928  -0.985801511638   2.203411297915 1.781549767807e-01 1.675461458988e-02 9.212138094310e-03   0.270581267062  -0.309224749717 3.022552934653e-02 3.144444631793e-03      61.0   7.00  54231386
2020 XU19     44.262631309934   0.033629028783   0.027066612116   1.592394146083  -1.686981322064  44.260341488734   0.041103343318   0.020927240379  44.260341488734   0.040813753428   0.019673754715   1.430671865347  -1.467847153906 7.515180430631e-06 4.186211622880e-05 1.628952647663e-04   0.394460448993  -0.392135769979 2.397023797420e-05 5.793666872878e-04      33.0   8.22  54161269
2021 AN28     41.032665869917   0.104075172981   0.056000168373   2.799583858272   2.788109493856 177.984234763200   0.292293500517   0.161302061761 177.984234763200   0.263496256218   0.113837225193   2.595219655993  -2.608222248619 1.330699328806e+02 1.543899293229e-01 2.579643789282e-02   0.004693329671  -0.591519633047 5.888657852899e-01 6.203351979758e-02       7.0    nan  54316819
2021 EE44     42.504114242074   0.339311336023   0.161674641960   1.413754955767  -3.014384119080 5337.195185859731   0.842461134906   0.175890650505 5337.195185859732   0.756485215765   0.140294347172   1.667657008739  -2.761741779557 4.910142833836e+03 1.518733165035e-01 3.925799163744e-02   0.001162298793  -0.002501038453 3.137470201002e-02 8.185510029597e-02      30.0   6.50  54163240
2021 GQ57     86.692455452898   0.960112801683   2.181404185023   5.508415106388   1.529933016815 -2750.285298596476   1.000380359255   2.320873501476 -2750.285298596478   0.001653778855   0.002578298170  -2.739849003359   2.060573163246 4.875204925920e+01 6.316987107562e-01 4.611723569862e-01   5.130094664155   2.854701130238 4.711206178049e+00 2.453963959206e+00     114.0  16.21  54144069
2021 LA45     42.558640043288   0.023983952532   0.032757588585   3.185971034754   2.167105762711  42.556213339167   0.029746242510   0.046641104144  42.556213339167   0.027733325326   0.044858969309  -2.447672620374   1.862752635221 2.503578619738e-06 2.208084157588e-04 2.098339029633e-04   0.483712225742  -0.488297287668 9.897489320651e-06 1.267057618744e-04      89.0   8.06  54343122
2021 LF44     41.595748647074   0.102562001880   0.283199568821   3.748681450450   0.015906191027  41.561968773739   0.098973799842   0.282177327550  41.561968773739   0.079082508362   0.278544839013  -1.895879640488  -0.011592082353 9.304823008477e-04 7.188563523159e-03 2.733690023153e-04   0.348900637333  -0.430019694121 5.273071077233e-03 1.427059739326e-03      89.0   9.99  54343128
2021 LG44     43.662812160382   0.049217782474   0.020246315552   5.110561523292   2.493110728856  43.667206676411   0.048650397126   0.031968948632  43.667206676411   0.043778544812   0.030710577247  -0.966116617083   2.143601485223 1.597728478095e-03 6.188502046818e-03 5.136329056904e-04   0.485541386260  -0.427362044766 1.505056392636e-02 1.888074724265e-05      89.0   9.80  54343129
2021 LK44     86.695592418695   0.573177232474   0.309617381424   5.413425181367   3.070307505718  86.364790333793   0.560968572493   0.331324470154  86.364790333793   0.516397755072   0.326693918630  -1.023799327497   3.068630059940 1.456536291875e-01 3.501556000675e-02 8.221247115995e-03   0.035191696241  -0.057279576499 3.705471454429e-03 3.258189135257e-03      89.0   8.49  54343132
2021 LL44     42.720976993443   0.014254041167   0.022093407171   2.222345330386   1.781505617152  42.716942096255   0.018219184403   0.040795625857  42.716942096255   0.015574014486   0.039081544129  -3.121177887837   1.391684920499 4.386803413053e-07 6.979623573055e-04 2.720602227213e-04   0.468669308945  -0.474693241590 3.711067424697e-04 3.523301271467e-04      89.0   9.50  54343133
2021 LM43     88.609182089425   0.626314711386   0.277387754315   4.444248002171   2.497437419960 396.287859570691   0.783395098305   0.243619926166 396.287859570691   0.669957237710   0.160159388764  -1.901155378993   2.642279674662 2.393426676856e+02 1.676900628082e-01 5.044923333603e-02   0.003595835738  -0.099259531656 3.376262430522e-02 5.986586596255e-02     299.0   7.30  54341535
2021 LN44     39.356317089561   0.204719593469   0.064168797265   3.497005010548   0.355292716550  39.403891024209   0.205242564253   0.068491901089  39.403891024209   0.205203439601   0.068248721166  -2.839144981908   0.439745100544 1.119728357224e-05 1.082046339235e-04 1.774112569917e-04  -0.692691673811  -0.373812218972 1.776058960112e-03 1.596572373665e-03      89.0   9.79  54343135
2021 LO43     63.373886793066   0.435395653056   0.282417380074   4.157792080713   2.396041854378  95.536994988488   0.563094660221   0.195523957707  95.536994988488   0.443374765456   0.179140150296  -2.451857473298   2.458144310690 2.646280251329e+01 7.464936811526e-02 5.518945696343e-02   0.104483895419  -0.140387587605 4.137984670223e-02 3.318123854974e-02     306.0   6.58  54341538
2021 LR43     76.981555703893   0.494180788878   0.572119332938   4.979880529110  -1.256367145028  77.023099261912   0.487753272261   0.578489483938  77.023099261912   0.482482034600   0.550104589799  -1.258915413906  -1.259325238695 4.035083543502e-03 6.582261765544e-03 3.656535665979e-03   0.016394616833  -0.045505511955 2.336712470601e-03 1.466276598240e-03     323.0   6.84  54342211
2021 LS43     91.813518193589   0.599579081081   0.067216170522   5.758636833542  -1.828711218410  91.787489938754   0.599318779105   0.068873173445  91.787489938754   0.598322903382   0.068608869932  -0.403005609603  -1.918012262294 3.059014238718e-06 2.143767705179e-03 4.612338743815e-05  -0.004790382932  -0.039938535544 8.845896757391e-05 2.189403069333e-03     305.0   6.66  54342213
2021 LT44     46.809117744302   0.136765811612   0.050782852231   3.366447161540   0.456419741530  46.812863384013   0.137413811824   0.056395993193  46.812863384013   0.137448812217   0.056176570629  -2.916378566271   0.483309521906 5.965118244569e-06 8.853885578061e-05 1.623865816315e-04   0.332887916412  -0.326388399867 5.241484335038e-04 5.992179940341e-04      89.0   9.88  54343141
2021 MW22     39.472297075121   0.242480610846   0.108520425175   2.388243975283   0.215255949596  39.403283399422   0.235353350221   0.125054781518  39.403283399422   0.184381030546   0.124455213462   2.237934760143   0.362123252820 2.664336059082e-05 2.001488057193e-02 8.698598902378e-04  -0.392983616780  -0.361146508593 8.614368137257e-02 2.156012383217e-03      81.0   8.96  54343155
2021 MZ22     44.705302107605   0.091404445037   0.038181949280   2.055986439899   0.462297895187  44.692355605124   0.086519012258   0.046986889282  44.692355605124   0.086350586272   0.046507254410   1.935749857508   0.543816577967 4.935585912264e-06 2.138045295394e-05 4.569842678532e-04   0.382743214649  -0.387439684861 5.538594552733e-04 6.676697505384e-04      80.0   8.95  54343158
2021 NS71     37.364033655442   0.907057716086   0.330996142346   0.216976165174   0.058155144445 -796.820368782253   1.005413072161   0.474207891367 -796.820368782253   0.001841676342   0.000624535784   0.207322706254   0.435840661274 2.665234149965e+00 4.488432187671e-01 2.039280619467e-01  -1.794845931545  -1.794937878475 1.522603040041e+00 1.666051086410e+00      62.0   8.10  54344227
2021 RM114    99.549608542760   0.959680034742   1.787109304341   3.343496467788   1.062625242722 -6446.623550513070   1.000376608908   1.796471962780 -6446.623550513071   0.001858339064   0.000426885379  -5.646402746169   2.545614251400 2.657170272889e+02 6.315480890922e-01 6.161580181877e-01  -0.600267294843   0.364414578731 5.439370244110e-01 4.525058792784e-01      63.0  16.79  54211505
2021 UL19     32.995611203469   0.943764260845   2.686074029973   0.221183806955  -0.872014372428 -2220.010877185032   1.000657905063   2.688363476001 -2220.010877185033   0.008302692832   0.004916008172  -0.304375162274  -0.412822115254 8.224517997947e+01 7.688668089649e-01 3.350995394610e-01   2.088762171111   1.301688722926 1.770982775856e+00 1.073951064215e+00      25.0  19.01  54217978
2021 XS6      37.717079165411   0.895784034156   1.673436808962   6.213694485693  -0.846898380581 -98.253041998211   1.018542283842   1.424289416373 -98.253041998211   0.006351228660   0.010693471261  -2.076769956332   0.568856136709 3.105345970848e-01 7.840264304248e-01 7.577420875193e-01  -3.837361612132  -0.002494445587 3.440859578569e+00 3.674964916582e-01     358.0  16.20  54231491
2022 AB8      87.884965561598   0.980877294382   1.334602429068   4.539494923845   2.916212383769 -8248.179797671959   1.000178580881   1.298382270225 -8248.179797671961   0.004382962151   0.000737307051   0.148076724389   1.630444453890 3.735779081099e+01 4.453713361666e-01 4.303862482595e-01  -1.048103485042  -0.848942821260 9.308140666229e-01 7.520439409025e-01     211.0  16.61  54239782
2022 GN14     92.099407795372   0.567189413971   0.147141399542   5.808266494980   2.091827600872  91.672926158633   0.566312381393   0.140908636158  91.672926158633   0.513734419175   0.106336676195   0.199114864526   1.896865803657 1.392237313518e-01 3.863071592669e-02 2.951158022230e-02   0.058366976981  -0.061081371718 4.240800986080e-03 4.446444386555e-03      15.0   7.36  54279996
2022 GU       38.747646518215   0.954698358510   2.040029025624   3.810060267813  -1.551650280408 -2779.115860380010   1.000568029017   2.026192020038 -2779.115860380010   0.009577905685   0.004238779367   2.899364439107  -0.815937991683 1.246330799786e+01 7.676917610428e-01 6.923559314408e-01  -0.367082072814   0.364699660456 3.309159519289e-01 3.260257820525e-01      87.0  16.54  54268803
2022 HW5      39.463567219852   0.097708506850   0.044827776606   0.705248636488  -1.718702615895  39.409934073359   0.088799895736   0.031787832018  39.409934073359   0.088697006346   0.029720486142   0.526926432089  -1.571922949921 1.090278738223e-06 9.502140223807e-07 2.517145290935e-05  -3.865002979523  -0.492905318462 1.643459544185e-05 1.933799512470e-04       2.0   7.47  54279792
2022 LA14     48.032782165098   0.101388003812   0.052245306489   5.190436605545   2.969847334043  48.069947512667   0.099453508623   0.054400382189  48.069947512667   0.099238547569   0.054346957067  -1.117151544278   2.929613352191 4.430586898943e-06 1.105838055403e-04 1.051810109045e-04   0.312300773867  -0.265238661886 1.192706326352e-03 1.931248029485e-03      28.0   9.15  54343202
2022 LA16     43.757280809756   0.095977387115   0.020468280438   1.028625184651   2.253790460332  43.669469970063   0.130145564943   0.036032778562  43.669469970063   0.098699854317   0.033659675472   1.127485785724   1.658619588265 1.767510730688e-03 9.303459947594e-03 2.450058104411e-03   0.546935752884  -0.459969105812 5.776053471986e-01 4.870207633171e-03      27.0  10.05  54343204
2022 LB16     35.434519281977   0.099213464739   0.087355633355   4.103934396423   0.021578359414 430.829635837780   0.839713013638   0.256751482148 430.829635837780   0.781224348509   0.307220879957  -0.579841814020   1.956568219725 2.517763533504e+02 4.361535230465e-01 2.796153487720e-01   0.000147249344  -0.005729760753 6.855731067452e-03 2.111196577447e-02      28.0   9.85  54343208
2022 LB17     39.271719952982   0.106669643098   0.039755676718   0.232716350423   0.475543727776 -631.823582656324   0.780197283559   0.081359386488 -631.823582656324   0.772548277135   0.025784398888  -0.513204107217   1.078604739435 2.054335178713e+02 4.918174764435e-01 2.939626580798e-02  -0.002867084107  -0.694845893233 1.046026766489e-01 8.281514252870e-01       1.0  10.29  54343209
2022 LC16     35.428474650978   0.098761270596   0.125487775776   4.077267583490   0.010715345836 -17.510799845268   0.930797918559   0.225099012526 -17.510799845268   0.887812173382   0.150759215692  -2.527825624105  -0.109566396921 6.189214287269e+01 2.418971744371e-01 9.440217208106e-02   0.000080212400  -0.335394397224 9.993992509865e-03 1.849852361478e-01      28.0   9.25  54343212
2022 LD14     45.895779981977   0.079439383226   0.066931970334   1.491428932103   2.980711431448  45.893934287364   0.078907604256   0.066764786193  45.893934287364   0.078919203331   0.066559511247  -4.709983650430   2.921598015867 5.554836315526e-06 8.380925740913e-05 1.020401055238e-04   0.322803298753  -0.326388428445 1.180046709959e-03 6.735347302779e-04     297.0   8.33  54343213
2022 LD15     47.713849530430   0.094890759414   0.022116755192   2.389287167790   0.805436838555  47.734563971408   0.119733406203   0.051870693913  47.734563971408   0.081622396372   0.051803278959   1.730308770539   0.730918328094 7.297356928061e-05 5.303241091319e-03 1.027696528194e-02  -0.523924713044  -0.218278205316 2.115883109816e-01 2.111625094844e-03      28.0   9.31  54343214
2022 LD16     43.320375587766   0.096116878487   0.014241973597   4.129045436361   0.398835976066  43.316821601120   0.107504150846   0.035905889037  43.316821601120   0.104922218579   0.031924710366  -1.903494232611   0.536335159956 3.680480896638e-04 9.581392218733e-05 3.611328223992e-04   0.507193293528  -0.495183572498 2.164102365430e-06 4.353142401010e-04      27.0   9.00  54343215
2022 LE14     43.444806722045   0.109159345013   0.047417132849   2.459834649384   3.038752120135 -41594.483078073055   0.690367686123   0.357825924703 -41594.483078073070   0.629463202753   0.103436504462   0.241049301943   1.926655306211 2.600106732457e+04 3.427959600373e-01 1.316344814790e-01  -0.002359539648  -0.382732086692 2.529388573766e-01 3.821929634633e-01      27.0   9.15  54343216
2022 LE15     38.499496003357   0.099336129958   0.469379457280   1.201606193196   3.092993786921  38.581489074608   0.111809028647   0.468838862643  38.581489074608   0.095485168617   0.451113837560   1.220447112760  -3.076213938141 8.555938594547e-03 1.142992088584e-02 1.769636544207e-03   0.203229264176  -0.406246123645 1.908984940154e-03 1.194175729436e-03      28.0  10.82  54343217
2022 LE17     47.625712135535   0.096242446206   0.042644180045   0.036325735826   2.715404128643  47.730990648163   0.091565123568   0.075678606759  47.730990648163   1.154415847965   0.075581456810   0.677372170251   2.457315813964 1.156972621863e-02 9.987148845404e-01 6.128027817894e-03   0.673262615741  -0.284817623838 1.715321505133e-01 2.856800407042e-03      28.0   8.58  54344513
2022 LF15     50.679517491146   0.129264040630   0.052228025372   2.817606410284   0.297516912320  50.674550549740   0.128117179097   0.053555920621  50.674550549740   0.128294177303   0.053566206209   2.798837827143   0.316076400812 5.330613592797e-06 2.116871099701e-04 4.940497942681e-05   0.202067427262  -0.206759622609 1.227638642290e-04 1.187393562135e-04      28.0  10.30  54343220
2022 LF16     46.359546639652   0.103085290637   0.417450393875   5.991551549975  -0.008957136761  46.359156754597   0.106657851039   0.416442632999  46.359156754597   0.106730667334   0.404812045270  -0.275060417814  -0.011440811001 1.104019946687e-05 7.854374198041e-05 3.194949509488e-04   0.115055646907  -0.211322048769 1.294055862989e-03 9.064846676153e-06      28.0   6.87  54343221
2022 LG14     83.870326789658   0.587477811619   0.203873653237   0.030085478322   3.094342284555  83.969657841587   0.586254105175   0.211591560760  83.969657841587   0.578514246085   0.211267845997  -6.190469317602   3.068294007458 1.911783670109e-05 9.306886255229e-03 1.894353171503e-03  -0.007052553421  -0.049325671812 1.684163360542e-03 2.081777572602e-03      27.0   9.81  54343222
2022 LG16     94.787877191581   0.733444587305   0.487942859680   4.582153268468  -0.009939310509 -88.475472736707   0.623557376834   0.482878191717 -88.475472736707   0.486327728561   0.351599217632  -1.832005082825   0.405455711624 1.252840200207e+02 1.750008913498e-01 9.569812049972e-02   0.001805705056  -0.196190869998 1.694162321951e-01 5.157421721438e-02      28.0   9.64  54343224
2022 LH14     45.501249711793   0.103093172113   0.072181225736   1.749113529500   0.052958956302  45.484957755206   0.096819591703   0.070114916682  45.484957755206   0.096786821096   0.069909263407   1.668996258527   0.085109905072 4.061322372790e-06 3.155260972689e-04 4.076096658241e-04   0.342953780562  -0.352126566661 1.224595183963e-04 9.294193402009e-05      28.0   8.93  54343225
2022 LH16     48.875223928874   0.158009626363   0.024881281333   0.294692318675   2.837916103617  48.862126482622   0.155247378518   0.027106549591  48.862126482622   0.155215477542   0.027004141954   0.406608715419   2.723197406519 6.913292627013e-05 1.480558776442e-04 1.171014884204e-04   0.265337312536  -0.267296581331 4.168889841186e-05 3.732777488852e-04      28.0   7.77  54343227
2022 LJ16     60.155901522283   0.607244284678   0.223605818006   5.089821896148   3.098005897903 -6666.307435284758   0.942147052547   0.303661178199 -6666.307435284759   0.932247440668   0.042444177220  -1.137799325601   2.988069287357 9.585861812751e+02 8.345008859513e-01 4.103721240595e-02  -0.055140656065  -0.099686851609 6.944234924880e-02 1.910094409757e-01      28.0  10.60  54343230
2022 LL16     38.394715618116   0.100767854272   0.034114648028   0.977638983431   2.835429466903 -1513.089993519522   0.742814074051   0.196270120300 -1513.089993519522   0.716171555807   0.097716050900  -1.032691915477  -1.662821536292 6.057307904843e+02 3.727664083042e-01 8.802011825852e-02   0.000005740590   0.002257475114 5.611137662546e-03 2.313018630751e-01      28.0   9.52  54343236
2022 LN14     50.726119153708   0.310986973055   0.010537302049   0.677047359144   1.277281962435  52.906966756020   0.356516432433   0.187081074872  52.906966756020   0.288101388594   0.159784299279   0.380886313875   1.065325749670 1.293410594740e+00 1.622209441570e-02 2.754367706652e-02   0.245390430875  -0.270623414575 7.265220776958e-02 5.588810821078e-02      28.0   8.96  54343240
2022 LN15     34.810734749064   0.102821429661   0.126168206684   4.699502260210   2.961118143329  34.896318241977   0.113457886985   0.122420118993  34.896318241977   0.113135651679   0.118383778947   4.628373510437  -3.113221757562 4.643074200210e-06 1.276706014122e-04 5.720475714209e-04  -2.689022795114  -0.903886152493 1.609963779978e-03 1.648766583896e-03      28.0   8.73  54343241
2022 LN16     41.710099049771   0.208087854871   0.143801650376   5.940516877362   3.039712456955 -943.111191983192   0.969199667997   0.071781750337 -943.111191983192   0.155160130028   0.005750975152  -0.012524675026   2.696515462904 5.102124433565e+01 6.453338102526e-01 4.722977580112e-02   0.000002647251  -6.436850058861 1.131440034964e-01 6.294150055522e+00      28.0  10.50  54343242
2022 LO14     58.904331697574   0.589830172615   0.022920376088   2.185644523820   2.632517817648 -4231.265025610899   0.836027371800   0.195439162894 -4231.265025610898   0.791236638598   0.068828501622   1.845110991551  -2.892966627924 1.980371501684e+03 5.086196353771e-01 4.967934210002e-02  -0.002580910609  -0.512545699531 2.757178883379e-02 3.207252956218e-01      28.0   8.02  54343243
2022 LO15     35.366415943184   0.104978171282   0.150633280044   3.822609670515   2.997251496496 -1034.342869162740   0.998319920551   0.063630395641 -1034.342869162740   0.037231770002   0.002269175543  -5.927940589283   3.030538385419 1.198419182597e+01 6.128401182674e-01 3.825957982396e-02  -0.158111158785  -2.293866539312 1.685117592004e-01 2.016697277617e+00      28.0   8.70  54343244
2022 LP14     43.150191028421   0.096362466514   0.033398786347   1.629977157671   2.809198092949  43.146889936574   0.100808980316   0.039630420922  43.146889936574   0.098210413785   0.036218077965  -4.035730080973   2.292017846007 5.427763768589e-05 1.616931024536e-04 2.872240747507e-04   0.509261243451  -0.497843754905 1.886822302512e-03 4.082841419573e-04      28.0   9.51  54343246
2022 LP16     43.167793865988   0.102080926265   0.022882503397   1.049826330074   0.643362736361  43.151933724965   0.096914137125   0.046042174170  43.151933724965   0.095038789428   0.043554540477   0.911669581265   0.621018407223 2.790139346748e-04 1.446744966202e-04 3.979523072587e-04   0.497787881546  -0.490814546459 1.420533152695e-05 2.383676777690e-03      27.0   6.74  54343248
2022 LP17     71.202265545625   0.388889204917   0.019614770458   1.382334818759   1.760377076350  71.211767871477   0.388701968898   0.021224454666  71.211767871477   0.388997958546   0.021281832166   1.406630601620   1.732396261145 1.351637208303e-04 2.082655991816e-03 9.517329116664e-05   0.077488158316  -0.079721397274 9.344993263689e-04 1.099845944190e-04      27.0   9.91  54344523
2022 LQ14     37.036116807033   0.102860221937   0.122376628460   5.559987730685   0.070866988661  45.426818143875   0.246052216440   0.196002724534  45.426818143875   0.178234401595   0.136932753616  -2.669988063811   1.693469559199 3.153184781465e+00 3.591042309807e-02 1.394457768690e-02   0.268681482733  -0.387448633888 4.586663078020e-02 6.466455314563e-02      28.0   8.62  54343249
2022 LQ15     40.367211447954   0.106164692590   0.024691115728   0.308769388701   0.287972455737  40.750343340098   0.167318679401   0.363929928630  40.750343340098   0.151052886323   0.331676963178   1.141207383282  -0.197718402439 8.483275952225e-02 6.987845568087e-03 3.341572368000e-02   0.246901361865  -0.403331955939 3.169815681752e-03 3.213463795485e-03      28.0   9.78  54343250
2022 LQ16     70.055053963521   0.106881266141   0.107251228077   0.229026887766   0.203427558008  70.054947836624   0.107020625321   0.107177429648  70.054947836624   0.107151230484   0.107681813597   0.233587165239   0.198713587820 5.784237374405e-07 1.057613273512e-04 9.096801460382e-04   0.046962197410  -0.049322046006 3.463945286200e-07 2.150373418922e-03      28.0   7.79  54343251
2022 LR15     64.968203872859   0.101756833418   0.278623483725   5.639940347139   0.016047699114  64.968619308683   0.102172368994   0.278530604530  64.968619308683   0.102686101222   0.275191948205  -0.643953659353   0.017926003329 7.832123484301e-08 4.480777841282e-04 1.856375448954e-04   0.051662934366  -0.061051163992 6.732780626695e-06 1.933856777207e-07      27.0   8.18  54343253
2022 LS15     49.072738735664   0.090615483869   0.029100941138   1.233533568961   2.708869066605  49.067102967144   0.089732088549   0.030540577067  49.067102967144   0.089752100604   0.030491123751  -4.968329109790   2.640302465374 1.114444135488e-05 8.165616037510e-05 5.501811871065e-05   0.232460066576  -0.233520637489 1.411403297437e-03 1.230262079014e-03      28.0   9.36  54343256
2022 LS16     66.671844005424   0.272154608544   0.400008513077   0.000038824288   0.014587945556  66.666256012941   0.275568840959   0.398200550119  66.666256012941   0.276283063069   0.388228130150  -0.001278017652   0.017242896139 8.851497043356e-06 2.462523114653e-03 6.787582229115e-04   0.039916631681  -0.061051269119 2.382513713409e-03 1.118588843751e-07      28.0   6.17  54343257
2022 LT14     68.471786782316   0.095764905063   0.745342087156   6.180121228727   3.123057991012  68.470212993561   0.097647223543   0.745175622807  68.470212993561   0.097275373668   0.678056015908  -0.026657789232   3.101060586054 5.893537395508e-07 6.791977425801e-04 4.167707043548e-04   0.002042976779  -0.032879111543 2.653280110284e-03 4.422283713753e-06      27.0   8.70  54343258
2022 LT16     75.391475141091   0.095282192151   0.059715218570   3.640495074631   0.249145940411  75.390895459694   0.095262376876   0.059757402690  75.390895459694   0.095126532939   0.060065195408  -2.677405347741   0.247948255372 1.453428230036e-08 1.090424096699e-04 3.663714170544e-04   0.035210285660  -0.035985736402 2.067423158089e-03 1.594232060193e-03      27.0   7.69  54343260
2022 LU14     36.797225048770   0.102153175804   0.029960716127   5.048135645533   2.706386757777 -1353167.675099302316   0.953222019833   0.097407003370 -1353167.675099303015   0.173141964860   0.040232121899  -0.323523289616  -2.708411441840 3.246371060092e+05 3.591409979823e-01 4.083630105604e-02  -0.003177888073  -0.003220700803 7.932214407382e+01 5.612459941275e+01      27.0   9.48  54343261
2022 LU15     38.000705190451   0.100014801382   0.154721895517   2.151544445578   3.037571505465  70.200849673672   0.401349356358   0.220482056620  70.200849673672   0.375833292701   0.172937296807   0.765211785213  -2.856329065643 1.438844141888e+01 1.297326805025e-01 3.653514039666e-02   0.057623516879  -0.974530347326 1.356422002336e-02 6.732434506057e-01      27.0   9.65  54343262
2022 LU16     70.223801152806   0.094199367252   0.207645023713   1.192797682194   3.032711713388  70.223176971859   0.093962516600   0.207768654128  70.223176971859   0.093984673356   0.207644136362  -5.084604975585   3.027441148409 1.248069848108e-04 2.092743735392e-05 1.163656869198e-03   0.042266107730  -0.046972558630 2.054809448505e-07 7.656112344903e-06      27.0   7.65  54343263
2022 LV13     39.357825867346   0.101490772771   0.008048870952   2.922834450398   2.653621591010  39.408985164901   0.097622872482   0.029551974912  39.408985164901   0.097556305536   0.026454756596  -2.231019669812   1.492283976235 1.825205682141e-05 2.748880301626e-05 1.846108872408e-04  -3.140026460253  -0.509437193605 3.873211375384e-03 1.467474372272e-03      28.0   8.33  54343264
2022 LV14     85.715342773064   0.496501167925   0.034933475588   0.359823120303   2.775546852893  85.723448514885   0.496377324472   0.034586301968  85.723448514885   0.497061767153   0.034665879114  -5.894157587378   2.754598864415 5.540298260005e-04 4.287926753532e-03 8.400803080094e-05   0.049309937158  -0.054088770399 2.389707961238e-03 2.428530740303e-03      27.0   9.52  54343265
2022 LV16     41.369280998600   0.105586643732   0.043978921980   3.750873649607   2.924156964476 -1448.776617486500   0.812190317588   0.079772747171 -1448.776617486500   0.788987236461   0.054812194808  -4.516536715249   2.890353902245 5.282571668986e+02 1.794548063393e-01 3.726161264852e-02   0.000004260553  -0.661009249003 4.691996336100e-03 5.106327279986e-01      28.0   7.74  54343267
2022 LW15     35.697220377171   0.103745328115   0.224811773813   1.370379868286   0.057357673978 -59.135183817497   0.959231331814   0.231270677968 -59.135183817497   0.939841275839   0.076874825067   1.080910944132   0.930641742989 1.688344165171e+01 7.008652056078e-01 1.217682675399e-01   0.208121003841  -0.003031375111 1.951028145335e-01 2.266781314706e+00      26.0   8.90  54343270
2022 LX13     42.922210284843   0.104875637841   0.007982302625   0.360882799954   0.577416772211 -22409.897900847369   0.739875386626   0.147277361374 -22409.897900847369   0.694019215226   0.041994929944  -1.137215063959   1.817611906549 1.109102658928e+04 4.369528342799e-01 4.612718593536e-02  -0.002408519559  -0.578545221117 7.461853259893e-02 4.902347590015e-01      28.0   7.43  54343272
2022 LX14    116.774479623042   0.815722017596   0.052984529244   1.992586965699   2.857935792070 1026.489236004512   0.871698106099   0.081635383658 1026.489236004513   0.831143279744   0.032664335479  -4.052145732137   2.654364364831 6.407430257930e+02 1.005340585243e-01 2.391356315428e-02   0.003658727340  -1.230727004229 5.858159567180e-03 9.721489433653e-01      28.0   8.94  54343273
2022 LX15     73.617394898899   0.097339562527   0.364459530263   1.876734864950   3.075603857783  73.617315729081   0.096855764213   0.364609108687  73.617315729081   0.096505212647   0.356818747843  -4.455483342144   3.076900852341 1.074051308943e-07 8.870923591203e-05 2.889677683694e-03   0.025808600168  -0.035222087389 2.190346610031e-03 2.391523527938e-03      27.0   6.67  54343274
2022 LY15     64.481566353503   0.130188816077   0.281878393113   3.263372028373   3.064725606237  64.481383109839   0.131265773548   0.281757182798  64.481383109839   0.132177748199   0.278936378151  -3.016353416700   3.067605290618 2.288834372308e-07 1.079299598762e-03 2.234768890211e-03   0.053618778906  -0.063406998467 1.973365167192e-03 1.557393936684e-03      26.0   6.81  54343278
2022 LZ13     48.054363502364   0.096188457566   0.013254611425   6.079714396539   2.649670008862  48.068718477485   0.091666239398   0.016978077212  48.068718477485   0.091466247050   0.016701541532   0.000016335310   2.390886216387 1.474920426642e-06 1.260807562561e-04 3.049840158455e-06   0.309945697128  -0.262998017284 6.934158306581e-06 7.166434181090e-06      28.0   8.85  54343280
2022 LZ14     31.555470178066   0.097994847147   0.200215896923   4.576337413694   0.039713460811 -212.710544350579   0.992851339346   0.311768531179 -212.710544350579   0.991691620194   0.019693493698  -3.139079535466   0.816696471359 1.647396593634e+01 6.282881251622e-01 1.720195637838e-02   0.446119851003  -1.241526345281 4.434313882112e-01 1.103821930609e+00      28.0  10.17  54343281
2022 LZ16     71.760552951324   0.445369110180   0.025628693589   2.427779967851   0.696871479125  71.529176439727   0.442645682217   0.026399544028  71.529176439727   0.375228866122   0.026228683438   2.127014342374   0.762926507198 2.576732289949e-02 3.909205626078e-02 1.168083617098e-03   0.154461505552  -0.117074823574 3.021358220391e-03 2.117027722366e-03      27.0   9.63  54343283
2022 OC21     60.079550650402   0.944478049030   1.648313884997   0.255865140931  -2.264205680561 -1613.405995292846   1.001561177950   1.607120439564 -1613.405995292846   0.000804745394   0.000024032868  -3.257809046860   0.272142050058 1.176290401556e+00 6.329498288876e-01 6.320236057588e-01  -1.670686644943  -1.745568824597 1.551804064251e+00 1.600264188389e+00      59.0  16.44  54297644
2022 QU62     55.113351146595   0.426967383428   0.337200220895   4.061894210134   0.555292877024  83.023425878462   0.586428876966   0.382969475415  83.023425878462   0.522978460640   0.353641796041  -1.234170774289   0.299155066101 2.641239696762e+00 5.651904543714e-02 3.286021803398e-02   0.037070457444  -0.065413169713 2.446882725601e-03 3.379979240779e-03       2.0   8.26  54302981
2022 QV62    109.250071070849   0.701399614948   0.256591703348   4.559802259088   0.035141994444 260.996267219040   0.781589049186   0.214595653311 260.996267219040   0.569275048268   0.177014128800  -1.695740923140   0.023825255600 1.271479450174e+02 8.318434197543e-02 3.161127445502e-02   0.024688110496  -0.054118665308 1.642019376359e-02 8.954413340642e-03       2.0   9.05  54302984
2022 QY7      32.823945172376   0.105830717677   0.245044203606   2.205220878364  -0.170739660898 -1909.021621872981   0.837345068006   0.373955781536 -1909.021621872981   0.778885987254   0.180782349863   2.745723947857  -0.752358480782 7.742838781811e+02 1.770283667458e-01 1.496025550995e-01  -0.002930910155  -0.002381713172 4.374700235108e-03 1.721737767237e-01       2.0   6.91  54299550
2022 UD146    46.844386169469   0.248435298831   0.133369115737   5.741613066231   1.815925590602 -535.783688412102   0.752602077278   0.198629079599 -535.783688412102   0.719237122090   0.047179875083   1.605520582399   0.671585944756 2.404676970799e+02 2.363589484158e-01 1.460784641949e-01  -0.002576957729  -0.516095572106 5.817306084191e-03 4.590283733189e-01     343.0   7.21  54392933
2023 DP5      91.828662942467   0.947703942100   2.091591157072   3.453060841868  -2.820876242174 -593.494699982431   1.000972480318   3.022028778813 -593.494699982431   0.005964934500   0.001202263565   3.413601718685  -3.003440889571 1.183376859842e+00 5.771717836497e-03 1.391056048750e-03  -0.470215265785   2.522530959389 4.914382654255e-01 2.475444921447e+00     134.0  14.50  54367464
2023 FA55     44.016656715397   0.130568182817   0.090906082032   1.037764929543   0.676463110481 -274.446575703023   0.701848321787   0.133388891412 -274.446575703023   0.677139732918   0.060718455273   2.696912641722   0.126315242830 1.551690728941e+02 4.426431303345e-01 4.489975236371e-02  -0.002392578464  -0.483690338269 8.795367901058e-02 1.299293841303e+00     353.0   7.55  54432344
2023 FB55     44.614062037369   0.099464255665   0.053835293267   1.529054826678  -2.133441092447  44.619899132595   0.109892567416   0.052740317006  44.619899132595   0.109546431802   0.052200775948   1.618199398525  -2.169931492863 3.740945193293e-06 1.175497952536e-04 1.012848765955e-04   0.406297087201  -0.407220449728 1.905099475288e-03 1.314936571052e-03     353.0   6.36  54433093
2023 FC55     79.912965608400   0.565420486193   0.391868440484   1.673910912010   1.163402282929  79.921771254475   0.576622769169   0.368894781916  79.921771254475   0.829606900058   0.356572587682   2.033021146520   1.023026603942 4.224446941831e-05 3.083528152090e-01 2.639375292011e-03  -0.017157126059  -0.054013318793 5.023737164832e-03 2.526858230576e-03     353.0   6.90  54433091
2023 FD55     52.955580973365   0.234721845802   0.138802395207   3.803281027984  -0.441824727626  52.885481269065   0.238162702119   0.132153964669  52.885481269065   0.236694013864   0.131788870015  -2.439263667269  -0.451220630219 1.201499633436e-02 1.811062520504e-03 1.510194995325e-03   0.340414766449  -0.222951213892 3.458074531376e-03 2.170370662845e-03     353.0   7.80  54433092
2023 FR54     42.541751778299   0.033784993630   0.198640901161   6.009936291184  -2.130584265497  42.536370965344   0.035976536578   0.189766469415  42.536370965344   0.035503368465   0.188782061823  -0.257340651443  -2.134262459398 1.858101638045e-07 1.977318215508e-04 1.739020277468e-04   0.352262194362  -0.424062460772 3.538782551385e-05 1.330743524327e-03     353.0   6.23  54432237
2023 FS54     53.472914977674   0.285648620297   0.041726071014   4.328783552240   0.258898638971  53.441325573010   0.286997520430   0.049481503817  53.441325573010   0.286921652119   0.049426471045  -1.950491902129   0.275553244178 1.168410561282e-03 6.439149678895e-05 2.446618718025e-04   0.244204246928  -0.249211924070 1.118068970836e-06 2.826376635918e-04     353.0   5.37  54432238
2023 FT54     44.935241870488   0.241871654675   0.194852208804   3.482286146959  -2.179778665886 -142.070772541866   0.500467799128   0.190889551162 -142.070772541867   0.454093038550   0.145420411328   2.821418642745  -2.147783865235 1.543315752877e+02 1.955522243434e-01 5.523599429536e-02   0.314248351757  -0.382705425058 1.962188369810e-01 2.046459417820e-02     353.0   7.66  54432240
2023 FU54     43.810001073956   0.500767234634   0.605259518464   5.201396225468  -2.196987943600 -130.288733204726   1.012884254887   0.345487748067 -130.288733204726   1.009461172521   0.054307203097  -1.125709794493  -1.999506837490 1.301845964455e+01 4.544771336569e-01 1.714059315936e-01  -0.564179228248  -0.544882499889 5.728239379899e-01 4.822415364921e-01     353.0   6.25  54432241
2023 FV47     51.853300178609   0.106225413147   0.039398398812   3.089834830963  -1.680713784630  51.852164810184   0.105596173108   0.036924804394  51.852164810184   0.105618335238   0.036896437310   3.054205408026  -1.652160444806 5.061800638795e-07 2.964169613568e-05 1.569374626807e-04   0.178456644251  -0.180803163880 1.099009169780e-06 1.294143418275e-03       6.0   7.20  54386889
2023 FW54     44.955558795911   0.149254549394   0.044458148306   4.043269316568  -1.614786986533  44.953104561361   0.138981498382   0.027124880160  44.953104561361   0.137859490912   0.025477093962   3.831213229945  -1.491830456505 2.341524889691e-03 1.563652597223e-04 4.884130555939e-04   0.435509946961  -0.424890508314 1.197692583656e-03 1.295885863861e-03     353.0   6.68  54432244
2023 FX54     44.144880459586   0.048352224995   0.028880215058   2.254601907258  -2.021720355197  44.147413816629   0.055480281119   0.025149369777  44.147413816629   0.055240758858   0.024039830940   2.250151003253  -1.982449428241 2.872110316563e-06 3.068626903454e-05 3.922248335512e-06   0.403686029116  -0.402359424325 1.829923803111e-04 1.449000597391e-03     353.0   6.63  54432243
2023 FY54     70.570684189349   0.513082104284   0.066618617327   4.157912174212   1.131611445731  69.563098819633   0.496704653228   0.116190313947  69.563098819633   0.358656187652   0.092638025389  -2.662306783739   1.515706206519 1.607376388811e+00 3.878726593918e-02 1.416734871790e-02   0.159221511078  -0.114075905623 6.763241221399e-02 6.847816598874e-02     353.0   7.61  54432342
2023 FZ54     41.585288986161   0.142754528430   0.081680592928   4.317361597162   1.478084170491  77.008604654505   0.531701035767   0.187512250510  77.008604654505   0.723332023288   0.142727121955   0.607060151444   0.953657208524 1.480630329081e+01 2.701325366515e-01 3.635136919256e-02   0.102608818078  -0.322452739963 2.506579156444e-02 1.213297090283e-01     353.0   7.33  54432343
2023 HA36     42.931772056807   0.169344144189   0.245718798621   0.753216110690  -2.338294585167  42.905958195941   0.166282084251   0.240477491222  42.905958195941   0.158521622948   0.237959519443   0.987178352766  -2.389002019968 2.481359963313e-02 4.105000828167e-03 2.479360597315e-04   0.370857270325  -0.446359576026 1.361973194145e-03 1.525801274680e-03     321.0   6.57  54433090
2023 QE7      67.658557454815   0.954020039397   1.782984470833   3.434873528821   1.072244945382 -397.569389802518   1.003695322774   1.828543958964 -397.569389802518   0.003744289935   0.001832231128  -3.538594215307   2.022088794757 5.803206186141e-01 3.622834932421e-03 1.713836370425e-03  -1.097301508731   0.846336283743 9.490918984422e-01 7.573450274942e-01      81.0  16.92  54378869
2023 TD38     54.177404246732   0.945520831907   2.805801945467   3.548404839544   2.700926200227 -32306.605406590272   0.999687422075   2.548678929112 -32306.605406590272   0.022477730277   0.008446720737   2.823300898631  -3.049829334133 4.402547982763e+02 2.093134838907e-02 8.041347183096e-03   1.090934148852   1.145843033236 9.186749371314e-01 1.012436665150e+00     360.0  15.89  54397473
2023 UJ31     70.381388538530   0.809530453672   0.539521642283   0.215815844082  -1.112858075240 -74.032964277577   1.021924268214   0.451470626647 -74.032964277577   0.167056240961   0.076971740387  -1.440098361058  -0.176239601892 1.233441040998e+01 8.698974985901e-01 3.042531167643e-01   0.000036795776  -0.237170408145 5.646736839141e-03 2.309863243983e-01      27.0  10.79  54406852
2024 DJ4      39.709557706590   0.920059947331   0.427355494253   5.579766897168   1.375681704126 -31.336594701744   1.119884190621   0.086608990993 -31.336594701744   0.002104655770   0.005183112384  -0.451694812211   1.163399739763 2.553193696658e-02 1.000845847436e+00 6.295432977882e-02  -8.918956420372  -5.579718315346 7.982041480215e+00 4.984908656052e+00      70.0  15.90  54437370
2024 EL7      43.060389991801   0.098522455878   0.043305016580   3.054261259261   3.089894362917  65.478283549351   0.365693904432   0.117609852422  65.478283549351   0.320417430469   0.098230720901   1.932527256136  -0.888742262740 1.541855450377e+01 1.419620250788e-01 2.922479211305e-02   0.008328030752  -0.504450916423 2.041195360672e-01 2.361690850545e-02       4.0   6.64  54433319
2024 JD27     43.309001523138   0.929301289494   0.998250815642   3.670432121281  -0.835554424273 -16597.836885249137   1.000125500293   0.842960075168 -16597.836885249140   0.000566966332   0.000123134718   3.707795745123  -1.916690023479 1.843412103870e+01 5.255358646922e-04 6.171327571082e-04  -1.409303717483  -1.409417262289 1.251519748883e+00 1.276097428613e+00      41.0  16.21  54445396
2024 JU3      73.890109348869   0.954203470333   2.787191567184   1.532396777154  -2.801150832760 -1130.482410377834   1.002822999149   2.732420277905 -1130.482410377834   0.001410627166   0.000713481215  -2.912228972783   2.394289017713 4.308271857722e+00 6.333736021386e-01 2.512609488883e-01   4.979018416179   1.992054154373 4.448632747829e+00 1.876808637094e+00       6.0  16.72  54440645
2024 PP8      78.232753627967   0.962995771354   2.365647235705   3.600927369490   1.039791766616 -4657.668106779430   1.000410576958   2.294686145307 -4657.668106779431   0.017520757592   0.025310023939  -4.023623967445   2.083036885807 1.841781436914e+02 7.615123006346e-01 5.622914084454e-01  -0.158315186538  -0.106563367733 2.088412670441e-01 1.443672648272e-01     132.0  15.68  54467487
2024 QX1     175.274498692511   0.982386163255   2.498629018536   2.808849840714   1.335887993559 -26505.421101813052   1.000066326738   2.447882255308 -26505.421101813052   0.001295762981   0.003070236011  -3.204694732744   2.488894504366 4.058533165996e+02 1.294943063844e-03 3.029388880331e-03   0.313102524408   0.364745091055 3.893603049201e-01 3.192522587962e-01     105.0  16.03  54467533
2024 RQ11     53.515521911036   0.950055090089   2.349883864960   6.072483991109  -2.777760008763 -798.286381124619   1.000286508010   2.636733513103 -798.286381124619   0.037432597160   0.012869381831   0.284399042693  -2.308034252937 3.418892452291e+03 8.614426778043e-01 4.203257624135e-01   0.000011888265   0.000034927095 8.599208389264e-03 8.449627929139e-03       8.0  17.07  54470423
