Title: On the Secular Evolution of Inclinations Among the Classical Belt TNOs
Authors: Spencer, D., Ragozzine, D., Volk, K., Malhotra, R.
Table: 2026 OSSOS Subset of TNO Synthetic Proper Elements Produced with SBDynT
================================================================================
Byte-by-byte Description of file: AllTNOs_500myr_pe.txt
--------------------------------------------------------------------------------
   Bytes Format Units      Label          Explanations
--------------------------------------------------------------------------------
    1- 12 A12    ---        Objname        Object designation
   14- 29 F16.12 AU         OscSMA         Osculating semimajor axis
   31- 46 F16.12 ---        OscEcc         Osculating eccentricity
   48- 63 F16.12 rad        OscInc         Osculating inclination
   65- 80 F16.12 rad        OscAOP         Osculating argument of perihelion
   82- 97 F16.12 rad        OscLAN         Osculating longitude of ascending node
   99-114 F16.12 AU         MeanSMA        Mean (averaged) semimajor axis
  116-131 F16.12 ---        MeanEcc        Mean eccentricity
  133-148 F16.12 ---        MeanSinI       Mean sine of inclination
  150-165 F16.12 AU         PropSMA        Proper semimajor axis
  167-182 F16.12 ---        PropEcc        Proper eccentricity
  184-199 F16.12 ---        PropSinI       Proper sine of inclination
  201-216 F16.12 rad        PropAOP        Proper argument of perihelion
  218-233 F16.12 rad        PropLAN        Proper longitude of ascending node
  235-252 E18.12 AU         PropSMA_err    1-sigma uncertainty on PropSMA
  254-271 E18.12 ---        PropEcc_err    1-sigma uncertainty on PropEcc
  273-290 E18.12 ---        PropSinI_err   1-sigma uncertainty on PropSinI
  292-307 F16.12 arcsec/yr  g              Secular perihelion precession frequency
  309-324 F16.12 arcsec/yr  s              Secular nodal precession frequency
  326-343 E18.12 arcsec/yr  g_err          1-sigma uncertainty on g
  345-362 E18.12 arcsec/yr  s_err          1-sigma uncertainty on s
  364-372 F9.1   d          data_arc       Observational data-arc span
  374-379 F6.2   mag        H              Absolute magnitude
  381-389 I9     ---        spkid          JPL SBDB SPK-ID
--------------------------------------------------------------------------------
119878        53.860439173274   0.345491952655   0.298896526280   2.688419638353  -2.672554951992  53.901261950519   0.341033222638   0.304204865290  53.901261950519   0.339169287747   0.299492896487   2.675955588572  -2.698074171718 1.021119269487e-05 4.561360865734e-01 1.088082508979e-04  -0.014095483941  -0.164368199954 6.046902082452e-06 7.419542138129e-07    8424.0   6.14  20119878
120347        42.027329111459   0.106673248952   0.445005544002   5.397139963982   3.017612493991  42.038246031410   0.107101792828   0.445956973138  42.038246031410   0.107130051684   0.431329971838  -0.955089601413   3.027490213834 5.737648983222e-04 2.495366173913e-04 3.953482089692e-05   0.185815768902  -0.300559243957 1.775628993633e-03 1.213338459878e-06   15805.0   4.12  20120347
126154        42.321443443728   0.140264369264   0.165807653833   6.194298475635   0.024787373668  42.272420781493   0.147873013839   0.153762310826  42.272420781493   0.147779137819   0.153072705694  -0.130360590924   0.060716348667 9.975967951954e-06 3.680858818052e-04 1.185971267176e-04  -0.820382439112  -0.399587219297 9.395012068710e-03 1.938602035088e-03    8789.0   5.54  20126154
131695        37.219969759571   0.052079982385   0.047920264313   0.218232500212  -0.353762338590 -1886.558034223582   0.727028551155   0.225578628904 -1886.558034223582   0.715650831706   0.059339281209   5.558344472728  -2.642855883225 9.962509789808e+02 4.586467849047e-01 9.919540724315e-02  -0.002425212145  -0.516963277613 4.037213910814e-02 4.098158736901e-01    8130.0   7.65  20131695
131696        52.913057099607   0.321699695103   0.031572466904   3.302332976404  -2.866269828670  52.899590915555   0.320222009629   0.034435143827  52.899590915555   0.253026681369   0.030203059619   2.756467145149  -2.709189564330 3.523615250175e-05 2.676919688799e-02 2.685891441103e-03  -0.088093446179  -0.211039291653 4.537145621844e-02 1.277264644137e-02    7743.0   7.54  20131696
131697        34.923683896583   0.074607619173   0.074044169461   4.057706172345  -2.739596901943  34.899340151321   0.078549121375   0.084178138913  34.899340151321   0.078360922519   0.082420936148   4.003341527354  -2.625487123711 2.379889922314e-06 2.780722723734e-05 5.620425503992e-05  -6.175382053372  -1.121951967069 2.442006392834e-03 3.987364798873e-04    8128.0   8.29  20131697
135742        43.640455544361   0.125117711982   0.115024161693   5.228049919510  -2.465270850244  43.669278294060   0.112890157701   0.121699113778  43.669278294060   0.097356786549   0.121287837952   5.404273651322  -2.469280846078 8.521064098954e-05 8.715952546455e-03 1.270453355995e-02  -0.537886550831  -0.398492047802 8.246291085812e-03 5.126924176125e-03    8447.0   6.94  20135742
143685        36.453973812548   0.235585725202   0.097126225740   3.179481382645   1.490882068057 -22562.225115215333   0.489335801059   0.243982875963 -22562.225115215329   0.448014494682   0.154361817008  -0.764707739929   2.401536792541 1.962702876212e+04 2.072660364525e-01 5.092510302580e-02   0.000900499940  -0.501999014126 2.217494809723e-01 2.230596616336e-01    7677.0   8.16  20143685
143991        44.569782901585   0.136069057478   0.318065686113   1.191592104512  -0.765138782236  44.515536356364   0.135329196138   0.317645268817  44.515536356364   0.133991799721   0.312968469389   1.304261369694  -0.772069517139 7.440474386450e-03 1.852471381332e-03 5.891853816061e-04   0.256511075695  -0.302738589075 3.871530010861e-03 1.756168708486e-03    8105.0   5.66  20143991
181708        43.719177993368   0.048049762606   0.133369037908   0.550671806470   1.604922259871  43.714251749612   0.047270811165   0.144063090861  43.714251749612   0.046782884589   0.143647218968   0.452077051880   1.582930284842 2.865737741741e-05 2.054463215516e-04 1.165950852521e-04   0.385107151217  -0.388818649689 7.299354587410e-05 9.295631685005e-04    9936.0   6.88  20181708
183595        44.547066030893   0.103451707918   0.056288386620   4.008507898175   3.044994321810  46.275074870207   0.163486452209   0.068358579061  46.275074870207   0.110083125856   0.063787289605  -1.579610141404   3.042467569931 1.743153660648e+00 3.163748284635e-02 1.631792606254e-03   0.487529306520  -0.416832818813 1.134192124496e-01 1.805407758894e-02    6310.0   6.58  20183595
184212       107.522708789517   0.671300999807   0.280344123013   0.157850743138  -2.024243658185 100.547040841029   0.654693953879   0.260004666870 100.547040841029   0.547768627718   0.227844634398   0.321181686201  -1.851277601807 1.142966876708e+00 6.557092649746e-01 2.957095507354e-02  -0.014170268402  -0.032978087036 3.755323373581e-02 1.895655708799e-02    6236.0   7.43  20184212
1997 GA45     47.177555951204   0.174562013598   0.128345323677   5.491711756411   1.413110230662  47.207722974134   0.176909323627   0.133636500600  47.207722974134   0.176395842187   0.133177843943  -0.857522099634   1.434604620921 6.760402592944e-04 1.399575999691e-04 7.578145415978e-05   0.371016877665  -0.335643099410 1.105536680737e-05 1.943448983379e-03    7387.0   8.60  50031996
1999 CJ119    45.327017160047   0.066458930464   0.081660765600   3.413206426212  -2.839497167546  45.329915527222   0.074104884977   0.085077384293  45.329915527222   0.074094413246   0.084919592020   3.455118328150  -2.884496651361 2.515339744295e-05 1.181314331241e-04 6.739056953690e-05   0.334735767034  -0.344878185837 1.243186426556e-03 1.850639998702e-03    8836.0   7.42  50030182
2000 OB51     37.794852422692   0.034519568018   0.052566262708   3.445015557225   0.508608123382  37.815854593376   0.037476389170   0.052065935221  37.815854593376   0.036161889192   0.049275823304  -3.010595973587   0.498402483971 7.704141787550e-04 2.248860851051e-03 9.558086076811e-04   1.335404489670  -1.181011131239 2.775378525502e-03 1.632381746687e-03    8439.0   8.04  50046140
2000 OP67     43.678520884439   0.189915657494   0.027272191291   0.008575027965   2.656534229996  43.669382440157   0.190775680670   0.032536854446  43.669382440157   0.190897539297   0.030471382670   0.482852849909   2.187673134868 1.232314728834e-05 4.473140229071e-04 1.085453794195e-03  -0.474533128167  -0.399323414489 1.852715833512e-04 1.134622013642e-04    8062.0   7.51  50054369
2000 PD30     46.519092050903   0.022849025636   0.102125116606   5.544233523920  -2.576015455256  46.537014422629   0.024528544766   0.099685161072  46.537014422629   0.024421951823   0.099514228779   5.575207971714  -2.592936416673 9.393047742258e-04 4.047557330995e-03 5.267293389171e-05   0.281769519682  -0.286464720367 2.642074654005e-05 6.507826617352e-06    9508.0   6.78  50046161
2000 QH226    39.515158860864   0.192020584670   0.066035201568   5.740620626642  -2.417889151569  39.405324381320   0.190389269404   0.076926020516  39.405324381320   0.190325157551   0.076440626457  -0.486880340017  -2.405040433505 2.893299142313e-05 1.111874578657e-03 5.442850691825e-03  -0.783122699885  -0.469874598474 1.041481788945e-02 6.101147145474e-04    6329.0   9.00  50046181
2001 KO77     43.901591441530   0.145902857917   0.382630066408   0.235139428029   2.453899843586  43.890602971448   0.152835115623   0.382292553757  43.890602971448   0.152705093408   0.373467931277   0.222851809561   2.449229719003 3.143931507484e-04 3.210915954891e-05 6.593771118243e-04   0.178457219387  -0.293239269740 5.702410009721e-07 1.887873176741e-03    5485.0   7.54  50102813
2001 KW76     46.013638270440   0.216190152776   0.164529611227   4.340324868640  -0.918515831189  44.359647850870   0.276268506010   0.246504508906  44.359647850870   0.233760316997   0.214689642454  -1.232688107809  -1.437672480760 1.619429889941e+00 2.589470790506e-02 4.776985381243e-02   0.351391515938  -0.402180566637 2.175380412171e-01 6.157990767567e-03    2540.0   7.60  50078935
2001 QX297    44.129277330420   0.027276039328   0.043350518495   1.849256490920   3.090076057220  44.134766484784   0.031150128120   0.045119702463  44.134766484784   0.030747684713   0.044650849890  -4.100431903718   2.940109906625 7.544873841764e-07 2.245922181531e-05 5.150542998909e-05   0.392137580850  -0.393852929088 1.264130188286e-03 6.075103403899e-04    9154.0   6.32  50092463
2001 QZ297    44.283623527650   0.064184870896   0.043108721759   5.214187858184  -2.292142888938  44.296416445533   0.056658985884   0.035287012660  44.296416445533   0.056439152369   0.034611454252   5.219568443407  -2.326350095788 3.147498861125e-06 1.525850507770e-06 4.976639682903e-05   0.394404923018  -0.394482741947 7.726876293529e-05 5.774151423846e-06    8438.0   6.73  50092465
2001 RY143    42.079913260822   0.155059437138   0.131349208308   4.418498971799  -2.069003827036 -414.035080380848   0.928424786019   0.056001935035 -414.035080380848   0.918988344098   0.022984819362   4.021235660185  -1.914135402005 5.435411293913e+01 7.141359351385e-01 2.134296256841e-02   0.601512891043  -0.541278632412 6.223107771923e-01 5.025749557686e-01    5831.0   7.06  50092483
2002 CZ248    53.039584078737   0.389172469538   0.072112650821   5.248904414541   0.658109467268  52.899242724101   0.387427563177   0.071338419640  52.899242724100   0.330287064563   0.070663356013  -0.642571757188   0.618871337033 4.925015316218e-05 2.108772667483e-01 1.707732098496e-03  -0.047452500382  -0.192403270524 1.476914207794e-02 5.155619205088e-03    6150.0   8.20  50117475
2002 PA171    44.338421665617   0.077261248053   0.016269322759   0.434959947674   0.090825846308  44.343384033516   0.080381068640   0.017197582705  44.343384033516   0.080122814115   0.015068254525   0.219206639566   0.300865391354 7.165277518976e-06 4.363800108632e-05 1.387466919623e-04   0.406293916030  -0.405918220063 1.905665827587e-03 1.549558198972e-03    8093.0   6.75  50315205
2002 PC171    44.701774709755   0.058922390958   0.083117690713   5.641841517198  -2.537663676579  44.705244009236   0.050589149582   0.076994095303  44.705244009236   0.050521978780   0.076905249035   5.657118791681  -2.572302511236 1.237178462137e-05 4.934493510223e-04 2.903705094678e-04   0.356942881576  -0.365478151080 2.941347239721e-05 7.991454226396e-04    8447.0   7.65  50315207
2002 PU170    47.765865173174   0.222029566979   0.057140725418   2.026035235648  -2.742919068393  47.734377448892   0.220448663651   0.051134137247  47.734377448892   0.191579473610   0.051118147913   2.076428815130  -2.807569441911 1.198552671833e-04 2.351182865637e-02 1.983932731944e-03  -0.112631525302  -0.230704749561 8.758588083465e-03 4.264508493474e-03    7702.0   6.92  50315200
2002 PX170    42.650075969728   0.042211324438   0.005496487709   0.457161748414   1.697852601032  42.650066298903   0.035420219166   0.032294725877  42.650066298903   0.033591587681   0.029303926563   0.831958799606   1.062763095481 1.420618650926e-05 1.356187088229e-04 1.105168808568e-04   0.488135148399  -0.486060572222 2.660086446125e-04 1.004370970460e-03    8447.0   7.31  50315203
2002 PY170    43.014618811581   0.032829634061   0.025165326617   2.122526200590   0.115838329982  43.018540751974   0.024979328470   0.032665756262  43.018540751974   0.023678405294   0.030795547193   1.675199963502   0.307038723839 4.908356254383e-05 6.327015257065e-05 2.783451678255e-05   0.457803416477  -0.457883100010 2.001647304789e-03 6.827884526198e-04    8447.0   8.02  50315204
2002 TH301    39.374565573448   0.037824982188   0.006756321315   5.595935721914  -1.791372203488  39.421503098386   0.042044669430   0.071061168291  39.421503098386   0.041118897236   0.055730749044  -3.472869710957   0.801846422686 2.749205523090e-04 7.424986566638e-04 3.558675213209e-04 -10.145371943128  -0.603462304721 3.187713995792e-01 1.344100154608e-03    5550.0   9.30  50141536
2003 FZ129    61.770174730563   0.384599885340   0.099881022475   3.090864331646  -1.663238957837  61.752905645055   0.385544664548   0.095350352303  61.752905645055   0.385793499214   0.095311787623   3.029967227494  -1.644070763815 5.674271546080e-03 6.325989956658e-04 1.332171270567e-03   0.159649567985  -0.171403398427 3.376747625160e-05 1.511487203855e-03    6267.0   7.39  50330211
2003 HA57     39.418210331469   0.171034717454   0.484032702890   0.003852425950   1.659529464638  39.403396140216   0.144456906728   0.495804357618  39.403396140216   0.139724625471   0.475759280766   0.062368131080   1.651432054471 4.457587524820e-06 4.075126062915e-04 5.242005179856e-04  -1.178919723224  -0.260641065922 1.775587361286e-02 5.170464951114e-04    7355.0   8.22  50330216
2003 HF57     39.351936286633   0.193072196627   0.026097869445   3.291769981992  -2.181079515850  39.404044061919   0.195029953929   0.026363074279  39.404044061919   0.195066063285   0.026088791229   3.290232208433  -2.192187607023 4.846580645639e-06 6.319930592230e-05 2.548348713898e-04  -0.807497857055  -0.378160030754 2.473232703897e-04 1.915679248403e-03    8011.0   8.84  50330221
2003 HH57     44.003801830888   0.086204881586   0.029664333055   3.692173247011  -2.239180894919  44.005903259292   0.085398830388   0.030002403957  44.005903259292   0.085044093369   0.028585906523   3.690678482218  -2.321972093629 1.039027433406e-05 8.171072768791e-05 3.086755131918e-05   0.425926311038  -0.427329985838 1.359421386201e-03 9.800708189291e-05    6922.0   7.41  50330223
2003 HO57     46.303447363435   0.154821885097   0.058140462872   3.823548816816  -1.711693667765  46.308688301884   0.148988392763   0.045111661723  46.308688301884   0.148971054230   0.044812314171   3.711868582341  -1.639556144122 2.777867785546e-05 1.360820018049e-04 7.376134444558e-04   0.352241282193  -0.359249594559 2.091874111309e-05 1.476734955144e-03    5823.0   8.00  50330618
2003 HX56     47.202004211526   0.224398928178   0.515936259316   4.571965164255   1.617880191179  47.230463470843   0.212701240796   0.523624685669  47.230463470843   0.586782039769   0.501286867298  -1.048723576083   1.612255445508 6.020735936235e-05 1.133359887952e-01 1.245187753220e-03   0.093328711170  -0.184134246437 1.689310812407e-04 9.384237098938e-04    5885.0   7.10  50330213
2003 SO317    39.350093118245   0.275528387193   0.112909670235   1.712266947921   1.632010020939  39.403339639843   0.276475487740   0.123811908899  39.403339639843   0.277249530838   0.123535719889  -4.662176079134   1.657612116961 6.275384981308e-06 4.175154972381e-03 4.748207132216e-04  -0.131464854068  -0.389296620115 3.650514309969e-03 4.729361817834e-04    7326.0   8.06  50330227
2003 TJ58     44.416369418483   0.086613078232   0.027003837769   1.501381170354  -2.521053286042  44.414101421846   0.094459780507   0.024478625710  44.414101421846   0.093748819584   0.023059073021   1.782362476577  -2.666433639628 3.035037237326e-06 1.697647021192e-05 1.806239986076e-05   0.425009289516  -0.410924506029 6.477814916172e-04 8.570160269967e-04    6277.0   7.51  50330234
2003 TK58     43.084319219896   0.064975436555   0.041517296355   4.078629516875  -1.143836957194  43.086981939713   0.054730486167   0.027068927480  43.086981939713   0.053640574940   0.024248665475   3.813245481172  -0.824714790214 2.846656603602e-04 7.669985578910e-05 1.344611064638e-04   0.471917692399  -0.464947367649 1.730275744369e-03 2.090566593382e-05    7403.0   6.88  50330235
2003 TL58     43.540224112826   0.045056614513   0.159015645635   3.846290145402   2.668009404159  43.535843248795   0.049333997912   0.164571693195  43.535843248795   0.049132319404   0.163854802735  -2.455038822308   2.650484361051 5.619326106143e-06 1.275071932124e-04 4.062806537799e-05   0.352348015456  -0.389798333426 8.704131900965e-05 8.338717916968e-06    5607.0   7.00  50330236
2003 UK293    42.382931913725   0.074452266681   0.047763332330   4.677866392763   1.669369864523  42.351792661762   0.046246275372   0.070028964729  42.351792661762   0.033119110447   0.069361701911  -1.662450587314   1.480545784083 5.837895385569e-04 3.215816567451e-04 5.244187181154e-04   0.867092115873  -0.497803179359 1.549314059710e-02 7.260207933008e-07    5168.0   7.53  50175366
2003 UV291    43.628692930114   0.035276587101   0.055565252528   0.414410935457   2.520516669463  43.624751058954   0.029181859154   0.064603945545  43.624751058954   0.028258041821   0.064200277273   0.428296065417   2.408797622810 6.073249164677e-06 5.017239986406e-05 3.105956132906e-06   0.429705380438  -0.415983606253 8.574547322316e-04 1.827404777183e-03    7004.0   7.48  50170275
2003 YJ179    43.634169422074   0.078583284838   0.032608042679   1.745422042711  -2.290852049591  43.670318941804   0.075583896349   0.025668664220  43.670318941804   0.068454276657   0.023502717354   1.710798847121  -2.414003042867 2.701923701588e-03 3.733511458421e-03 1.213083103365e-03   0.532236738025  -0.443181713508 1.010696370277e-02 1.906275517163e-03    5533.0   6.82  50330237
2003 YK179    41.654343832322   0.143708353815   0.364520501047   4.948906909427   2.531761620768  41.662910973270   0.132592370575   0.372991962224  41.662910973270   0.132402203993   0.364394653427  -1.311277822686   2.549381614265 1.706932422770e-03 9.364365581892e-04 2.713875864760e-04   0.220704923496  -0.366306041732 6.012677254155e-05 3.946284954462e-06    3330.0   7.53  50330238
2003 YS179    43.580336244487   0.024639382546   0.040570031601   2.494372694459  -0.614087728189  43.578405757652   0.017612017940   0.033826767901  43.578405757652   0.016432890130   0.032761699915   2.013745275931  -0.406734263291 4.731844156137e-06 4.625756424831e-05 2.560234501442e-05   0.425606056106  -0.422661207294 1.629409313821e-03 1.932321163692e-06    6643.0   6.84  50330246
2003 YV179    47.032916533764   0.218432982074   0.244164929670   1.169333298125   0.043675832397  47.045912115718   0.216603589929   0.250220983967  47.045912115718   0.216582398658   0.247732960189   1.135891015083   0.063605458482 9.598646059988e-04 4.290058365232e-04 1.417259098720e-04   0.265341707966  -0.309955931606 1.279939869097e-03 2.563003566791e-06    6643.0   7.00  50330249
2003 YX179    43.577848026571   0.042414203736   0.057225645585   0.906187083112   0.116166022453  43.579989342340   0.040791840199   0.057038896368  43.579989342340   0.040078474940   0.056504542593   0.751844423545   0.183436602445 5.397778719568e-06 9.921031235591e-05 1.164710643917e-04   0.432044817503  -0.424693076132 1.008626266352e-05 1.859802304125e-03    7385.0   7.21  50330251
2004 EG96     55.527460320570   0.422557779000   0.283680320002   0.186469455030   1.644122888145  55.388256717175   0.411182804523   0.302595513223  55.388256717175   0.407376591031   0.298672684154   0.225206610255   1.662442956547 8.947316427043e-06 8.623244367951e-04 1.236525415668e-03  -0.080027379916  -0.116099195744 1.648992812942e-04 1.230222094139e-03    6326.0   8.11  50184506
2004 FW164    39.486275999142   0.156741664603   0.161732563156   6.149544066221   1.746603210714  39.405091573511   0.154249562020   0.173373674997  39.405091573511   0.153817231826   0.172626291487  -0.085587689259   1.729811937130 3.583491115910e-06 1.998994541608e-04 3.078382710180e-04  -1.320156298906  -0.389583658646 6.234881526371e-03 2.141898407437e-04    6320.0   7.91  50330252
2004 HA79     39.338293738787   0.245100042626   0.399770912274   4.514461434831   1.733831892957  39.401862113659   0.256779372366   0.389429732652  39.401862113659   0.249007089206   0.379887630826  -1.806180724836   1.747330436763 6.101486147875e-06 1.913722144234e-04 6.025343353685e-04  -0.298172197139  -0.298172814830 1.845380273744e-03 1.839097820708e-03    7228.0   6.94  50563306
2004 HB79     39.255854624217   0.228514121393   0.033276319585   3.921335996223  -1.411553228120  39.403842040729   0.222938790031   0.065287473804  39.403842040729   0.189398630249   0.065111996805   4.160353860189  -1.287146814068 1.659788784960e-05 6.007676111324e-03 2.489261871679e-03  -0.543550384885  -0.389238032371 3.122670662805e-02 2.060884415272e-03    7286.0   8.96  50563307
2004 HC79     46.400077172934   0.160687345398   0.017836921673   4.081487522192  -2.035346558222  46.391036703929   0.156421784329   0.014958492693  46.391036703929   0.156422487431   0.012591862157   3.947148145908  -1.958283032789 3.647023935256e-03 1.622513814061e-04 2.567973387936e-03   0.362707824079  -0.382366967879 9.895234698062e-04 1.292145973505e-02    5492.0   7.13  50564169
2004 HD79     45.944493944482   0.031696170750   0.022304861721   2.739827804455   2.214780521026  45.943803780046   0.034818868766   0.027383753811  45.943803780046   0.034719245655   0.027076173412  -3.290317085943   2.042164864131 2.738605832865e-06 1.150759962709e-04 3.210588058066e-04   0.319499007889  -0.316957444233 1.469484299894e-04 1.835453250276e-03    7734.0   5.54  50564170
2004 HE79     44.307642833396   0.097919416830   0.039460850939   3.354366015955  -1.296361816296  44.306358995460   0.090089074285   0.023843142793  44.306358995460   0.089786525126   0.022263554020   3.064544620336  -1.086252046760 1.414548786160e-05 5.719517974174e-05 4.921903408343e-05   0.413287453730  -0.413276689671 1.595239265293e-05 1.216377227933e-04    4075.0   7.51  50564171
2004 HG79     44.201095426988   0.023513333124   0.050373832144   3.726899023304  -1.336527014536  44.198224529247   0.015738533433   0.040601936302  44.198224529247   0.014992331689   0.040088953430   3.392540699942  -1.213511482169 3.988709942584e-06 2.386320642378e-05 9.085620193573e-05   0.389350616569  -0.387744545603 4.211052195251e-04 1.869648501740e-03    5116.0   6.83  50564173
2004 HH79     43.254988445068   0.059091175818   0.163708560807   1.577099300621   2.154441193062  43.253585440498   0.057205517968   0.173566181854  43.253585440498   0.057029726416   0.172816943059  -4.680448632084   2.137859498241 1.018831756413e-05 1.548741782543e-04 1.113382783035e-04   0.349893130761  -0.401882597200 1.768451158718e-03 1.837609528012e-03    7727.0   6.92  50564174
2004 HK79     43.902907828905   0.079268737422   0.021206976276   4.128241836132  -1.620031634807  43.899804147696   0.070481399071   0.013345241830  43.899804147696   0.070043060961   0.006454921720   3.664570876870  -1.242640383452 6.329412214342e-06 2.004756147909e-06 1.753206663662e-04   0.427357444211  -0.435400729244 1.932934921586e-06 4.992793485690e-03    4017.0   6.90  50564176
2004 HL79     42.109264566660   0.073546924771   0.296048771778   5.374764029498   1.745885782856  42.098289717593   0.096162409170   0.309379244025  42.098289717593   0.084235483259   0.304793035925  -0.769382852319   1.736338351135 5.239796011897e-03 9.699703958085e-03 6.734197870968e-04   0.428235536640  -0.387313393221 1.857223135290e-02 1.492762902279e-03    6989.0   7.61  50564177
2004 HM79     36.441051057893   0.079877805414   0.033822381281   3.316404475356   2.492343838660  36.435343413759   0.073749599258   0.042825111076  36.435343413759   0.073581452359   0.030479218835  -3.548741720262   3.024827524365 1.544341773534e-05 8.006133100704e-05 6.163467782961e-04  -6.406470543257  -0.878226870707 2.187100081660e-02 2.372100083787e-04    6638.0   7.73  50566508
2004 HO79     55.207325420693   0.411782012671   0.084926659718   2.358792297220  -1.207293961732  55.388768063368   0.413957772040   0.084421461071  55.388768063368   0.414970541954   0.084520656909   2.424547133549  -1.244938363792 3.117398121642e-05 7.056073835861e-03 3.361809377397e-04  -0.056538263037  -0.137290203670 1.432226763451e-03 1.093395169290e-03    1476.0   7.30  50573184
2004 HQ79     63.287884353896   0.422547557674   0.106902251038   3.273986302520  -1.472931945005  65.034577322646   0.441350157590   0.140612651591  65.034577322646   0.423039741202   0.138949877050   3.388722538254  -1.516542394894 4.159966634355e-01 1.565601252644e-02 1.666483727641e-02   0.148905686183  -0.167012456213 4.859558982148e-03 5.014039749232e-03    4045.0   7.80  50573867
2004 HX78     39.411609390915   0.152717847954   0.299231071950   0.259363925947   2.194115116433  39.404184718449   0.149804971998   0.303298496644  39.404184718449   0.145121037740   0.298639152496   0.431308755784   2.187241144210 1.669853786107e-06 1.244103878106e-03 3.652452587508e-04  -1.305055759211  -0.321692859644 7.811716371166e-03 1.090399601779e-03    6525.0   8.04  50563303
2004 HY78     39.292413721125   0.195510881823   0.217701042152   3.510532455914  -1.562826549922  39.403891928928   0.193250849313   0.220461376120  39.403891928928   0.192147316312   0.218600021775   3.570109208600  -1.527108626124 8.813268308270e-06 3.120779090354e-04 2.956702464641e-04  -0.761329245459  -0.354542234007 2.603467782599e-03 2.005345679695e-03    7050.0   8.45  50563304
2004 HZ78     39.579609798564   0.150874751699   0.229995851735   3.971151758531  -1.545768193410  39.405316124324   0.150687627732   0.222770592752  39.405316124324   0.150154463644   0.220908458600   4.066554071840  -1.564906311185 9.694668480821e-06 3.099003315269e-04 4.945512372850e-04  -1.212747970635  -0.415612961803 2.639557223950e-03 1.427735517163e-03    6282.0   7.36  50563305
2004 KB19     39.491213717134   0.219062065003   0.288216386260   5.084269291811  -1.194354287750  39.402614717950   0.249637549966   0.251372060696  39.402614717950   0.221241217227   0.248462581190  -1.492609654725  -1.058018112068 7.709252375476e-06 3.671980480801e-03 1.648382637903e-03  -0.341807742278  -0.341810340756 1.017689278584e-03 1.021039663184e-03    7022.0   7.51  50563308
2004 KC19     39.259151997208   0.236059464775   0.118880423186   6.230589113506   2.490593230147  39.403509251532   0.230767892157   0.138241838896  39.403509251532   0.173324178192   0.137231675491  -0.885262212767   2.486149008795 2.716246258044e-05 2.325038167811e-02 1.186726381823e-03  -0.548659885448  -0.366436799434 1.197262568980e-01 2.953700126058e-03    6579.0   8.29  50563309
2004 KD19     38.255180628497   0.017159736586   0.050928012356   1.760122902954  -2.351739058439  38.246732591583   0.017591829828   0.075367967999  38.246732591583   0.344297333307   0.071498633030   1.137413375792  -2.314004362014 7.112601582704e-05 4.092489898751e-02 3.580153245266e-05   0.670015603844  -1.009672754134 1.979474316452e-03 2.144097678917e-05    1442.0   7.40  50563663
2004 KE19     44.367540459245   0.050141821746   0.048084400101   4.548720573680  -3.105970700111  44.364521183033   0.050731576187   0.053005026461  44.364521183033   0.050513232871   0.052647993522  -1.808819374648   3.089372200329 1.612083853667e-03 1.866741508525e-04 2.546290832513e-04   0.382782098073  -0.385666041850 1.844335048052e-03 5.461818920280e-04    5874.0   6.50  50564178
2004 KF19     44.120079505552   0.063396859085   0.029042702678   5.503018312238  -3.099940064630  44.118578572855   0.057784919088   0.034843107266  44.118578572855   0.057532812232   0.034093736141  -0.656963653834   2.948211715175 9.096653554246e-05 2.295346314251e-05 4.804929953278e-05   0.403680904739  -0.403876689398 1.882616872806e-04 4.069077065027e-06    4398.0   6.90  50564179
2004 KG19     43.282588904717   0.022292243866   0.044160574929   4.863379933674  -3.067275858210  43.278299444695   0.022912159709   0.049540763111  43.278299444695   0.021906813667   0.048709611192  -1.501718630075   3.001140321998 3.829425249405e-06 2.816779190068e-04 8.421571538638e-05   0.436621740278  -0.439095035097 9.491301634386e-05 1.387401950959e-03    3978.0   7.40  50564180
2004 KH19     40.772324623286   0.117191645822   0.631150387103   3.896535444642   2.218269624236  40.754728028114   0.117855335269   0.633165323543  40.754728028114   0.118400485300   0.591701946029  -2.424791327005   2.222920479277 1.059389398709e-04 4.614913659383e-04 1.084140960573e-03   0.046868841242  -0.241856137673 8.824348002849e-05 4.965492145507e-04    7673.0   6.33  50564181
2004 KJ19     46.974087261811   0.235727778964   0.444049081416   0.763235530566   2.296394441718  46.994710219201   0.237477218780   0.444819345022  46.994710219201   0.237749922904   0.430758106559   0.751253772404   2.297514979713 1.184308295333e-03 1.400105016016e-03 4.506868858254e-04   0.119716130534  -0.220755510037 1.834494037574e-03 2.982283925943e-05    5491.0   7.05  50564182
2004 KK19     42.385311070673   0.142753456093   0.098408491684   3.606366370129   2.490675228284 -134.297857069682   0.640587022564   0.153534092848 -134.297857069682   0.627407158621   0.068682543628  -2.761910840620   2.723029368767 1.016437190345e+02 3.653180830853e-01 4.885691512441e-02   0.000293954910  -0.596612002870 4.829747177434e-02 4.938321517665e-01    2126.0   7.20  50572743
2004 KL19     47.658285030769   0.322595264310   0.093811003875   3.755602427538  -1.482754496037  47.733090058851   0.329153092229   0.074852350676  47.733090058851   0.311288416606   0.074440898044   3.463133337471  -1.416890701654 5.494150054357e-06 5.332708710046e-03 3.131464149376e-03  -0.284015603114  -0.213561595364 6.353269844219e-03 1.973740787580e-03    1442.0   8.70  50573186
2004 KM19     47.728417975670   0.291897373910   0.056959612878   5.304440286363   3.107486707542  47.733515636693   0.293062106070   0.061919558342  47.733515636693   0.292311645360   0.061430080338  -1.030666620075   3.132667077682 4.707956607540e-06 7.075437766992e-04 3.662974764935e-03  -0.450487682305  -0.208941284952 8.656960243135e-04 2.071951119831e-03    1476.0   8.20  50573187
2004 KZ18     55.411773213610   0.381807613015   0.411436301956   0.137476809910   2.224963362541  55.387690549655   0.385510570786   0.409213314753  55.387690549656   0.384598678544   0.399041808578   0.219409049764   2.176450024289 1.090950647452e-05 1.870649211045e-03 1.479030305129e-03  -0.104514015941  -0.104533518565 1.127857755520e-03 1.145926492476e-03    4036.0   8.40  50485912
2004 MS8      39.331048742625   0.296455485209   0.241352005531   6.025608927759  -3.130779761893 -750.797655285546   0.437423112344   0.230937494600 -750.797655285545   0.350781996751   0.179579778907   5.536464528682  -2.523177622719 7.227982614788e+02 1.003209962623e-01 3.458366473440e-02   0.004020579666  -0.379815814440 7.240789373196e-02 1.587083645985e-02    7404.0   8.29  50563310
2004 MT8      43.111663941461   0.042298075798   0.016353964851   1.123117035012  -0.983607993623  43.113030234917   0.051613220074   0.016939919236  43.113030234917   0.050693694260   0.007261814491   0.426921123365  -0.246354325959 3.935024529484e-04 1.456176763786e-04 3.022150318095e-04   0.467275306321  -0.471637708302 8.418253947619e-04 5.730497984293e-04    7314.0   6.49  50564183
2004 MU8      44.869111293295   0.080721933978   0.034928756190   5.860990835521   0.065927816360  44.870559894515   0.086467961130   0.034950573457  44.870559894514   0.086370637661   0.034365585824  -0.481464349343   0.163397259136 6.416658083771e-06 1.212139506074e-04 7.189526018458e-04   0.377930463852  -0.380375814991 1.943042060203e-03 2.708618832810e-05    6990.0   5.75  50564184
2004 MV8      47.238824441313   0.175081977458   0.447265756697   3.365525439070   0.048171700802  47.200325839355   0.180985478519   0.443939571989  47.200325839355   0.181165426896   0.429879536508  -2.934448624289   0.042373899998 7.420784383329e-05 3.289605945821e-04 4.215031994565e-04   0.122116641490  -0.201952872864 1.319241771068e-05 1.307276687950e-05    6579.0   6.74  50564185
2004 OP15     38.583024402250   0.055217214844   0.428022729492   1.632365561028  -3.116217494841  38.600811440112   0.067709782138   0.426781167514  38.600811440112   0.055814434330   0.414342143354   1.523672992141  -3.081581393505 3.909941029993e-04 9.252091912794e-03 1.203767734745e-03   0.258464223235  -0.434247984383 7.642245401792e-03 3.192479746552e-03    7674.0   6.75  50563664
2004 OQ15     43.650210752707   0.125170312378   0.142254968230   4.155333783152   0.065173968976  43.668853349507   0.082928417246   0.151235197391  43.668853349507   0.069779202461   0.147706005027  -1.564170342206  -0.156515992459 2.838793097176e-04 9.333930720685e-03 6.815848714397e-03  -0.384349757382  -0.384800972875 6.460300812318e-02 4.396815628655e-03    7286.0   6.86  50572744
2004 OS15     55.779528544663   0.316962422589   0.048236471322   3.382565555946   0.436396544208  55.803185385972   0.317112342046   0.050698854492  55.803185385972   0.317082153040   0.050615853401  -2.864163412041   0.407039560797 5.097319055034e-04 3.950911006455e-04 1.686243502975e-05   0.260644565612  -0.233670130991 1.368625576827e-03 1.090043534667e-03    6985.0   7.01  50573870
2004 PT117    42.982881161035   0.041297511163   0.039800984014   4.121879198566  -2.597347755195  42.989356625513   0.043332475043   0.042795702564  42.989356625513   0.042496291938   0.041480618536   4.112048809993  -2.810508795895 6.056068178590e-06 2.189547550644e-04 1.775352803337e-04   0.462579197943  -0.464823809560 3.792040808680e-04 1.064070421716e-04    7352.0   6.58  50564186
2004 PU117    42.822110459507   0.013984279713   0.040672849305   0.277714734916  -2.214090735410  42.830451223793   0.021249618603   0.032746268538  42.830451223793   0.019455858637   0.030533817362   0.895559499105  -2.204312319669 8.927943893074e-05 3.424123423377e-04 6.817438944543e-05   0.467184873744  -0.469623579131 1.985935074088e-03 2.872215109676e-06    6237.0   6.92  50564187
2004 PV117    46.075697632266   0.153508000361   0.097780147429   5.674425597637  -2.603450273776  46.078856123148   0.148248672277   0.090722593953  46.078856123148   0.148445968148   0.090689208918   5.723415186834  -2.637465371126 8.900037841578e-04 1.797568655767e-03 3.165973801251e-03   0.340684575506  -0.355833230537 2.161571856573e-03 4.092575510553e-03    7653.0   6.52  50564188
2004 PW117    43.621586489994   0.060452553717   0.014470814676   2.282924183226  -1.460225319593  43.671171378878   0.102196776075   0.019354945847  43.671171378878   0.068046179460   0.011689173760   2.217494947504  -0.768133505661 3.162617663250e-03 3.854049959389e-01 1.279359026596e-03   0.673422088106  -0.463652806342 2.661861428373e-01 1.316244651557e-02    6172.0   6.18  50564189
2004 PX117    44.261427057436   0.099858760687   0.038941592016   1.125216746722   0.370567032679  44.257477367544   0.095117902404   0.041013309797  44.257477367544   0.094832845629   0.040073275972   0.973347154196   0.459175625661 5.513307891865e-03 7.254117738410e-04 1.216830013591e-03   0.413447418964  -0.417962742441 1.614526318133e-04 5.761861739806e-05    6961.0   6.15  50564190
2004 QE29     40.873184604344   0.083734202764   0.445037925172   6.214085085950  -2.643217648943  40.888566543428   0.089586830055   0.441646026506  40.888566543428   0.089647992027   0.427874870065  -0.077282906128  -2.640759284134 1.768841861959e-04 2.982720387026e-04 6.874392409279e-04   0.162122344963  -0.335022997325 1.932863672448e-03 1.502859792442e-03    6582.0   7.46  50564192
2004 QG29     48.486827472016   0.235712433777   0.497115654230   5.849055479445  -2.605796211418  48.557182090756   0.239869462543   0.495620582242  48.557182090756   0.239486337210   0.476618523042  -0.439092599787  -2.597684625291 2.584208058526e-03 1.437568645297e-04 1.026867606932e-03   0.079836005872  -0.177804413468 3.653275204179e-07 6.281780470878e-04    7348.0   7.87  50573872
2004 QH29     50.794453585217   0.226860223435   0.231702325382   0.402332815055  -2.533962103127  50.833710918204   0.244397491276   0.232010839715  50.833710918204   0.226304054625   0.229976142751   0.331867905854  -2.492106405544 2.746875773502e-02 1.451066397325e-02 1.511366457651e-03   0.236511927666  -0.229759156947 1.525242314045e-02 4.134694068003e-03    7732.0   7.04  50573873
2004 US10     39.542873533014   0.218947701714   0.183319449819   0.275071797886  -1.781444219185  39.404145338841   0.204889536025   0.186920091010  39.404145338841   0.202693151122   0.186059795742   0.457671260040  -1.764993185770 2.270436967788e-05 4.975460395948e-04 4.192500557374e-04  -0.637443601432  -0.386631073126 1.978529909027e-03 2.266450742043e-03    4099.0   9.30  50285426
2004 VD131    46.367817781634   0.127878687670   0.060862516377   6.199478087335  -1.690984769715  46.369375148974   0.130989043613   0.055429814034  46.369375148974   0.130983622820   0.055209072214  -0.080417673062  -1.663644650872 1.992636187837e-05 2.202616087421e-04 2.045935168328e-04   0.335752988369  -0.338176068082 1.794680137046e-03 4.053798528486e-05    7727.0   6.60  50564197
2004 VE131    42.263606820611   0.257205316949   0.104028620076   4.504748348673   2.195198733845  42.270539490168   0.253916439653   0.113193353671  42.270539490168   0.253399463725   0.112858995092  -1.775252640018   2.164369224369 1.842157078068e-06 1.520321645029e-04 7.351765663826e-05  -0.354566211464  -0.319344022997 1.100531800170e-03 2.026655674981e-06    7357.0   7.60  50572749
2004 VF131    43.651759769031   0.214133157168   0.039423180186   0.634645285474   2.901400037825  43.669135562663   0.210294882914   0.056733927150  43.669135562663   0.210688963270   0.054471876249  -5.236642648140   2.500014348234 6.767151967089e-05 1.494338596565e-03 3.109810564305e-03  -0.327764230857  -0.387965617345 3.467092749883e-03 2.799781709350e-03    3598.0   6.80  50572750
2004 VG131    64.181203641999   0.507194844729   0.227772195452   6.132665235270  -1.240625288837  33.399505868996   0.285430837695   0.295596242060  33.399505868996   0.238321594725   0.257154185421  -0.088830541085  -1.129669273744 4.700638337916e+00 1.581380268717e-01 5.183837096689e-02  -0.365669533705  -1.514023980836 2.858547203368e-01 7.579884575158e-02    6205.0   8.39  50573878
2004 VH131    60.043168673546   0.629367820492   0.200251484384   5.506749266369  -1.313109497543 148.914876322713   0.946119082921   0.269578004913 148.914876322713   0.897735508210   0.206390963918  -1.171021225856  -0.036211668621 6.438813409833e+01 1.010334126781e-01 2.494742209927e-01   0.000987444072  -0.071781695160 4.775775971913e-03 4.795170592198e-02    1037.0   9.70  50573879
2004 VK78     47.740569959180   0.329870127448   0.018322373429   0.486929784981  -2.020431653697  47.733274221074   0.328635535434   0.034597320084  47.733274221074   0.296137126956   0.032966145737   0.066096654446  -1.889874026625 5.242492978437e-05 2.519319335160e-02 5.604795830429e-03  -0.251634735046  -0.225227790367 6.765806572434e-03 2.734878630085e-03    6593.0   7.94  50272216
2004 VM131    68.404123297492   0.698335166553   0.259081192589   2.309326893105   2.156200400798 3003.529602626860   0.870514569623   0.356425443904 3003.529602626862   0.750038592140   0.445944733247  -4.432546472665   2.271643418489 2.544630441937e+03 2.249141584836e-01 3.997298358304e-01  -0.002367563439  -0.002626384198 7.087245818367e-03 2.371931813495e-02    6001.0   8.40  50605189
2004 VU130    62.261655395075   0.429091337620   0.130641171046   4.931413397248  -1.319411804758  62.547426586286   0.432838114893   0.126022057620  62.547426586286   0.357660541863   0.105289866831  -1.753566018465  -0.844583435446 3.174449833144e-04 6.032127772545e-02 1.487272679552e-02   0.021052702528  -0.098505936541 1.948871125473e-02 6.530494329138e-03    3341.0   6.90  50485914
2004 VU131    45.557783804929   0.096768304626   0.032676400468   2.213942540498   2.725501870551  45.555857034988   0.099347894692   0.033738307832  45.555857034988   0.099290925580   0.033298720939  -3.876210924635   2.562711579479 6.903254127679e-05 8.983740632073e-05 5.953887580229e-04   0.352241679061  -0.354597234204 2.134859458583e-05 1.890743474441e-03     846.0   7.63  50836205
2004 VX130    39.455596930732   0.207877953284   0.091212324938   5.357342768251  -1.375258586114  39.403600452533   0.205428034937   0.084055278642  39.403600452533   0.205161552334   0.083792623741  -0.831796878377  -1.399031203978 7.807046106530e-06 3.134649551436e-04 1.877568794546e-04  -0.695060097062  -0.359263525892 6.098741553049e-03 1.233008454410e-03    6226.0   7.93  50563311
2004 VY130    39.337974465180   0.276095369317   0.191235505836   3.022108551852   2.132366722983  39.402797724306   0.242219150467   0.226555736071  39.402797724306   0.181026980850   0.223849823655  -3.136209448264   2.173077657667 1.228043434995e-04 2.672862094626e-02 1.469148729747e-02  -0.183658185473  -0.318925248866 2.376083534122e-01 2.778317493374e-03    6621.0   8.07  50563312
2004 VZ130    39.551703353816   0.281498736866   0.193290288127   5.972023308101  -1.309586128835  39.402912213550   0.282754879081   0.182060289493  39.402912213550   0.275646254337   0.180815835059  -0.579681420401  -1.306846609776 6.635806364382e-06 3.201977074063e-03 4.258043209887e-04  -0.132982982429  -0.359247429318 3.038972135530e-03 2.047686462867e-03    6593.0   8.78  50563313
2004 XX190    45.193885714177   0.104599903661   0.016855646780   0.799114525193  -1.880884828345  45.195117539284   0.110957902523   0.015862007304  45.195117539284   0.110872747615   0.013812817675   0.647212467233  -1.690563951461 1.846383911628e-04 1.095356889235e-04 1.736980171456e-03   0.378340892201  -0.382800022767 1.878008833169e-03 6.460459321961e-04    6203.0   6.90  50330253
2005 BV49     43.688570354557   0.045164938217   0.112102649478   0.450149544987   0.183320647978  43.666254300850   0.064303783347   0.102907552798  43.666254300850   0.046400163995   0.102513631126   0.647570130991   0.179379754908 1.914714016730e-03 4.809788602554e-03 5.209691518371e-03   0.498583138651  -0.416326441951 2.510437077962e-01 4.341039381568e-03    7356.0   6.93  50564198
2005 BW49     44.083894655456   0.078191996205   0.027755154515   2.967003207576  -1.690808462701  44.084360133650   0.077341706579   0.020794020417  44.084360133650   0.077035778787   0.018792348811   2.614298370586  -1.397876530694 2.565455273388e-05 3.372903792909e-05 3.262815227956e-05   0.417944959318  -0.417976774551 2.080666657080e-05 1.717596837347e-04    6884.0   6.58  50564199
2005 CD81     39.260165103236   0.151617751565   0.396560317179   0.071507282989  -2.647145640173 -585.263058678811   0.399401806939   0.295022998043 -585.263058678811   0.373555045252   0.228708074478   4.638051551391  -2.556088096142 6.444124829508e+02 2.011904341375e-01 6.404602637578e-02   0.000503244031  -0.316788682709 6.952602907552e-01 5.459994769343e-02    6996.0   6.94  50563314
2005 CE81     42.712724641593   0.046675507418   0.026386954237   0.815756702273  -0.135510838288  42.713909185781   0.051268709841   0.027391877460  42.713909185781   0.049522517410   0.022797883449   0.418735416702   0.166509583364 1.132326185842e-06 1.146834891434e-04 2.183703051758e-04   0.495452584468  -0.488770022850 9.437405135380e-04 2.185894219918e-04    5849.0   7.40  50564200
2005 CF81     36.469210341670   0.063451382977   0.020494615214   3.224334015213   3.129273006071  36.438671471485   0.058334913230   0.041307409944  36.438671471485   0.058090739777   0.034180061404   2.824968498976  -2.778649846156 2.040503271055e-05 7.008148371614e-05 1.102716434880e-04  -9.510916714161  -0.943945502522 1.858553522334e-02 1.411956318872e-05    6266.0   8.42  50566509
2005 EE296    44.145355284511   0.068858402263   0.076917519140   5.374570551364  -2.487834493716  44.147045532417   0.059205253678   0.069350167478  44.147045532417   0.059038602793   0.069074827831   5.346929086652  -2.512443706870 3.963750588909e-06 5.608836341505e-04 4.613359061660e-04   0.389763853099  -0.396846814676 1.835104513071e-05 1.747120839162e-03    5441.0   6.70  50277456
2005 GH228    36.668746888035   0.188112956473   0.324688830753   3.692630638385  -2.752578523801 -121.775728194458   0.992002388616   0.315800739773 -121.775728194458   0.992526012165   0.025156417668   3.444180546520  -2.233172817902 9.128411396572e+00 6.274574109965e-01 1.811255448880e-01  -0.523081016086   0.042201821250 5.358057897379e-01 3.676483671860e-01    6917.0   8.42  50566510
2005 JB186    41.467943426882   0.105644803471   0.371455114874   0.585367933495   2.336119563989  41.456346574601   0.107062802654   0.375943235407  41.456346574601   0.107053475723   0.367354546979   0.527947475482   2.334510744892 1.097278317337e-04 3.193542981246e-04 3.799841527730e-04   0.209055186834  -0.363863204502 1.910537168915e-03 1.931740766539e-03    5460.0   7.70  50485919
2005 JJ186    44.638743178404   0.094015112794   0.055790977084   4.505165604733  -1.114388637654  44.635684941439   0.089776320492   0.046962063871  44.635684941439   0.089658067235   0.046415040703  -1.873717679844  -1.005157009371 1.415806643897e-05 2.550058960400e-04 3.456010503040e-04   0.388878636188  -0.392135778130 8.709876111781e-04 2.690896825476e-04    1865.0   6.60  50564201
2005 JK186    47.276106386184   0.244267765104   0.456334884614   4.048053676840  -0.815527351643  47.338880397695   0.236566188629   0.455453351226  47.338880397695   0.217824904046   0.440392217577  -2.167089674996  -0.835349076142 7.137118477513e-03 1.214206596429e-02 1.539961641080e-03   0.172608122596  -0.221199806055 1.265456066949e-02 2.874875742596e-03    2557.0   6.60  50573887
2005 JY185    44.104604630322   0.067311038742   0.040579572483   2.637190125529  -2.040038644394  44.100384720686   0.073751899888   0.038109479362  44.100384720686   0.073493155138   0.037283656160   2.586950006799  -2.000054338593 3.958853546134e-06 1.585768612034e-04 2.162993579467e-04   0.410902941774  -0.413250414995 1.693953752636e-03 2.439792487299e-05    1091.0   6.80  50485916
2005 LA54     44.313896166235   0.066978090483   0.117333550459   3.606231672391  -0.786122583206  44.309684357064   0.064144400301   0.112555950629  44.309684357064   0.063914778612   0.112227408118   3.543829945114  -0.727624452932 5.296672683431e-06 1.089509798391e-02 6.033790493265e-03   0.359295894227  -0.380540650093 1.503164707938e-03 3.140403960485e-03    2921.0   6.50  50564202
2005 LB54     43.677993229371   0.046684947100   0.026028048910   3.206198766581  -0.415474346933  43.668858378108   0.027806362696   0.019013235497  43.668858378108   0.023514055479   0.016824958581   2.528599764313  -0.122214462362 2.627203809207e-03 3.966512491386e-03 1.325484014455e-03   0.511228453324  -0.421592832515 4.397087501684e-02 9.571213577692e-04    3709.0   5.70  50564203
2005 LC54     67.381620248606   0.463301627926   0.371691470929   4.185550225293  -0.781505363968  67.326464143315   0.474655100997   0.359121376005  67.326464143315   0.422859915219   0.337320873230  -2.482856915167  -0.634937442182 1.719055239711e-01 2.766923569506e-02 3.222734911605e-02   0.076010999567  -0.103393772774 5.635563461787e-03 3.261428099877e-03    1066.0   6.70  50573888
2005 RH52    153.653682827221   0.746215643080   0.383090030425   0.590757208683  -2.840842316851 153.740271956973   0.761506953691   0.309296430826 153.740271956973   0.614121318781   0.219181782453   1.083478658244  -2.777082589941 1.796927353605e+00 1.043454321595e-01 5.041929757278e-01   0.016403273784  -0.023656561154 4.862941540752e-03 3.644445626832e-03    5818.0   7.43  50573889
2005 TV189    39.398253181791   0.188149732412   0.621144137643   3.206959495787   2.444353023289  39.402942898951   0.130461694970   0.635208174995  39.402942898951   0.096319909556   0.593732244522  -2.830110554811   2.466134866821 2.623295163493e-04 1.277969870388e-02 2.133554327438e-03  -1.201005564351  -0.215824727503 1.424309503527e-01 8.295034809193e-04    6501.0   7.62  50330258
2006 BS284    59.588770989631   0.439032570925   0.102417563904   4.514372783958  -2.612631726040  39.904131987158   0.461879347032   0.120665168188  39.904131987158   0.372907227297   0.097179693298   4.257780829823  -2.358422116480 2.049599904363e+01 3.017078099659e-02 1.633083439928e-02   0.224470090828  -0.285770657001 1.814256556696e-02 1.967501425817e-02    6288.0   6.70  50573897
2006 CH69     45.753084484820   0.036584548639   0.032448868333   2.029550932454  -2.056735336789  45.755289745059   0.041337218648   0.028627399081  45.755289745059   0.041258035685   0.028293560752   2.056243465961  -2.038826052420 3.864082395072e-07 8.063432699617e-05 3.511656305956e-04   0.328143664292  -0.324086426299 5.701499808039e-04 4.239866414563e-05    6610.0   6.58  50485922
2006 HA123    42.782258009251   0.046359994506   0.047818126843   3.366267325294  -1.465127587909  42.772268525774   0.036466541335   0.030271848766  42.772268525774   0.035126197910   0.027452734447   2.884370733173  -1.238309964255 1.948525504217e-06 2.108173072139e-05 9.469494823628e-06   0.477089871523  -0.478559932941 1.797134621397e-03 4.936824771275e-04     734.0   7.20  50335726
2006 HT122    39.319346947257   0.160841929513   0.116382452123   5.334283319210   1.330702831560  39.404830209357   0.161003965813   0.121664860982  39.404830209357   0.160882594289   0.121318557938  -0.941276329191   1.290823467452 7.653230016327e-06 8.998706589989e-05 4.621778668752e-04  -1.253911946580  -0.387410237748 1.994576273644e-04 1.802230010055e-03    5844.0   7.75  50335719
2006 JU58     46.245545838217   0.125865156011   0.142329706658   4.276037658363   2.430102836010  46.226563758315   0.124877343985   0.146154407388  46.226563758315   0.124992742109   0.145605067922  -1.993466603800   2.421464244089 3.147246581356e-06 1.116167748209e-03 8.584392296001e-04   0.290269861595  -0.316995955178 8.564044744829e-04 1.188652486880e-03    4048.0   6.67  50335731
2006 JV58     44.959002035613   0.060860707417   0.023389657597   5.551290914090   2.997854628099  44.957653397094   0.056406630550   0.028915993651  44.957653397094   0.056310487595   0.028417630658  -0.576030042434   2.771524238495 5.093966061142e-04 1.086613916888e-04 5.479167674215e-04   0.363917973664  -0.361775507581 1.853778028966e-03 1.531526833677e-04    5518.0   6.63  50335732
2006 QA181    42.349562526372   0.082455235499   0.070431751468   4.447428659826   1.207199347505  42.380348223975   0.064355390107   0.083376696890  42.380348223975   0.038146113224   0.082985152463  -1.505297941670   1.175010316634 2.727083737193e-05 4.754491728927e-04 3.205973226458e-04   0.862363910745  -0.502497195987 8.330267942410e-03 2.103909393898e-06    4404.0   7.59  50361599
2006 QF181    44.814525447437   0.075301738661   0.026157197851   5.148663147102   1.049077287176  44.817401319057   0.079534142210   0.030844830202  44.817401319057   0.079415807976   0.030182489886  -1.011753031054   0.957043877670 2.362092967118e-06 8.277959324700e-05 6.813366837281e-04   0.378020914593  -0.378461221257 1.791081234612e-03 1.823480409297e-03    4847.0   6.90  50378807
2006 QP180    38.104382729152   0.654389334244   0.106350156667   0.720643838719   2.467946844289 -3394.277023632619   0.999341797472   0.364853912619 -3394.277023632619   0.020420391444   0.006421438304  -3.675789402281   3.074635730387 1.987361903064e+01 7.600806521473e-01 2.725292524780e-01  -0.209577474054  -0.158172749599 2.628954225599e-01 1.912009631483e-01    4886.0   9.60  50351863
2006 SE415    42.600194642826   0.027135124783   0.329676897011   0.948831973227   1.848159371848  42.605947261065   0.025090348988   0.335699650785  42.605947261065   0.025069939156   0.329419415049   0.873036850032   1.850876551382 5.814852456582e-05 8.646094909753e-05 1.521131769500e-05   0.194901786496  -0.331084611575 1.568972379301e-03 2.603559197899e-04    3338.0   7.60  50715718
2006 SF415    43.158972252491   0.074647159639   0.300485455957   2.059745672988   2.847370160538  43.166851068828   0.075034264733   0.303508532280  43.166851068828   0.074997435051   0.299173523626  -4.237600957345   2.847154032720 1.361337684365e-04 1.428054510279e-04 3.712043329061e-04   0.227769800559  -0.337476071062 1.328495347943e-03 6.279327675784e-04    6197.0   7.90  50715719
2006 SG415    47.927598853720   0.291456549725   0.543157410555   3.143029191004   1.429209410860 -366.283750645719   0.640237352097   0.361801379996 -366.283750645719   0.607451713317   0.231102511319  -4.588458917069   2.253886884455 2.985736400787e+02 2.525405083272e-01 1.402470684603e-01   0.001128068884  -0.181459670034 2.689847736948e-02 7.142559638514e-01    6118.0   7.80  50716490
2006 SH415    49.754746540465   0.253864199189   0.462694917954   1.223401398528  -2.766380903097  49.768904091273   0.245448920395   0.467622139709  49.768904091273   0.245222388406   0.450223566545   1.262756618184  -2.764356120687 8.765293763346e-04 6.765975637815e-04 6.141425625835e-04   0.079886313537  -0.169065345421 4.731683868405e-05 1.869852009891e-07    5885.0   8.01  50716489
2006 WF206    43.502924912979   0.049413285898   0.027616723526   4.082618158292  -1.725736087482  43.500566698457   0.039910770089   0.017000498863  43.500566698457   0.039191218499   0.013590006885   3.689158202117  -1.502244597514 1.952880141831e-05 2.341913166216e-05 8.320506209677e-05   0.441274421849  -0.434399485561 1.661201747852e-04 1.158880226825e-03    5933.0   6.68  50564204
2006 WG206    50.397167204345   0.290226570381   0.273779023781   2.192022282182  -2.673755449573  50.386686513933   0.263821140212   0.249426023263  50.386686513933   0.256284895037   0.246207397663   2.100307570976  -2.659830396952 2.769836034989e-02 5.651672843586e-03 5.826491195018e-03   0.214991726303  -0.242871169285 1.096964790836e-02 4.853371072860e-03    6914.0   6.92  50573923
2007 CQ79     45.438092471536   0.076918741296   0.039901579074   4.837245095405  -2.636302253161  45.443053395815   0.072769310475   0.038640899115  45.443053395815   0.072709946504   0.038339638071   4.834369051221  -2.703010281685 9.343059478296e-05 5.487942552780e-05 3.164408298616e-04   0.346645788309  -0.345847429312 8.392615961345e-04 1.582021984746e-03    5882.0   6.85  50485928
2007 CR79     47.147045940926   0.218755876599   0.357034937164   6.201457571754   0.479393946759  47.113194589970   0.230525116698   0.352949590903  47.113194589970   0.230259378084   0.345762898522  -0.143574226675   0.466411671214 1.205279360037e-02 1.125962046787e-03 4.866551047742e-04   0.189840955946  -0.260634201717 2.200271323135e-03 2.015094207602e-03    6266.0   7.39  50485929
2007 CS79     44.165687772350   0.035185481239   0.050703665395   2.785757845965  -2.774187278597  44.168013587005   0.043504653920   0.051163208533  44.168013587005   0.043262983728   0.050704744436   2.943617750150  -2.880500469233 2.852371779084e-05 2.329182316939e-04 9.684451979820e-05   0.392016763733  -0.394478003348 1.926870768322e-03 7.388632052754e-06    6610.0   6.74  50485930
2007 DS101    44.002303653603   0.086130455901   0.033782093112   4.703984592346  -2.353310397323  44.004583040743   0.078601535586   0.029854056730  44.004583040743   0.078288573399   0.028624018148   4.734761285109  -2.470687890489 6.231412280163e-04 4.835315019614e-05 5.400972174779e-05   0.421284145313  -0.422654804175 1.312669277080e-03 6.535854702553e-05    6610.0   6.67  50564205
2007 FM51     45.549914328507   0.160877998084   0.482474437884   5.974331955016  -0.018318415791  45.546211229031   0.166180926777   0.480350293997  45.546211229031   0.480470624955   0.462778384862  -0.546997644195  -0.024269680232 9.017451272006e-06 8.816528155494e-02 8.198885549077e-04   0.087665765436  -0.213798044601 1.652088860093e-03 1.939989774597e-03    6503.0   6.62  50715720
2007 FN51     87.524325686112   0.618956016904   0.378126076636   0.180553835007  -0.099731676846 747.482284791849   0.856635052129   0.194645805623 747.482284791849   0.758693119826   0.144238799772   0.195824577896  -0.133373251397 4.110916472280e+02 1.313791625270e-01 2.718858798310e-02   0.002232106900  -0.059968194288 4.560538009511e-03 4.190657252349e-02    6308.0   7.51  50715765
2007 FO51     50.416494038524   0.288049346950   0.476418688970   2.679951469112  -1.172142161948  50.168817217452   0.307072155276   0.462468686668  50.168817217452   0.258937733187   0.413230502666   2.400135423412  -0.958639608483 2.658443091481e-01 3.443622411569e-01 3.678537247267e-02   0.087605398430  -0.174393164730 1.497319392147e-02 6.720324767833e-03    6978.0   7.18  50716486
2007 LE38     54.048904919384   0.226750773270   0.626277901799   0.889170959496   1.537203870926  54.043093203312   0.225592933140   0.627384079318  54.043093203312   0.225704763408   0.588319867215   0.880052827159   1.534172768476 9.674308017340e-05 2.227833570717e-03 4.109671966803e-03   0.021132676012  -0.096248851767 1.107159381016e-03 1.781334180047e-03    5501.0   7.14  50715721
2007 LF38     87.545921774414   0.555046430235   0.612604473036   0.180281456527   1.110571625428  87.954626778299   0.561562764990   0.605596172100  87.954626778299   0.438051070386   0.527818383101   0.374291327922   0.824317527874 2.954624975701e-02 7.611072710859e-02 3.870752267007e-02   0.025749937249  -0.037597224634 6.191984583435e-03 1.500043406382e-04    4347.0   5.90  50715766
2007 LG38     55.436805963325   0.433886204151   0.545404161557   1.295890237627   0.582362832109  55.387642344967   0.414789967985   0.559878799044  55.387642344967   0.330332222982   0.483554090729   1.359659866363   0.372245588948 1.429274243092e-04 2.354166822543e-02 2.613515618810e-02  -0.067494990146  -0.094484213649 1.422639940005e-02 8.794161767969e-03    5138.0   8.30  50716488
2007 LH38    133.842088045293   0.725056046084   0.570297147370   2.258113167099   0.278165669096 134.891792534962   0.728193273250   0.568000736110 134.891792534962   0.705402066521   1.430783838547   1.763615029035   0.778987255756 1.257746916416e+00 1.492778524645e-02 2.054852501465e-01   0.007012796507  -0.019146811390 2.236021058533e-03 3.593438583096e-04    4347.0   7.80  50716491
2007 LJ38     72.354990834278   0.469637968366   0.526806324565   2.031661068304   0.550320692483  72.326382001064   0.464222260003   0.532151611191  72.326382001064   0.464175900351   0.510460583250   2.038732415329   0.554626946011 7.631216422350e-04 5.276304465467e-03 4.026429466570e-03   0.025829286797  -0.058714051360 2.399258429386e-03 2.140569525809e-03    6263.0   7.46  50716492
2007 RL314    40.388476871923   0.038383075239   0.374933078222   0.333387515916   1.876805604100  40.394745193940   0.038508022715   0.382651873079  40.394745193940   0.038468035735   0.373657746543   0.238118272882   1.881920746442 3.194430708743e-04 5.877907768219e-05 4.245917864165e-04   0.241908710874  -0.386567541927 1.706555557311e-03 1.399541413811e-03    5822.0   6.96  50485936
2007 RW326    45.921617558640   0.235537842789   0.383243861283   1.224473683272   2.761589776967  46.306280534409   0.235601773135   0.388926020439  46.306280534409   0.221886343725   0.379787247476  -4.753491847325   2.751452647811 1.072385256125e-01 4.865912387855e-03 1.074279922266e-03   0.141791865946  -0.255690279734 6.226848542650e-03 3.623409199312e-03    4764.0   8.80  50715722
2007 RX326    46.104204763291   0.157491354877   0.462292370852   0.875078831748   2.758774496080  46.127771171751   0.146005871296   0.465532560090  46.127771171751   0.452392083921   0.449875164106  -5.433381150809   2.763069190745 8.507592534171e-04 2.978641715426e-01 1.224671793462e-03   0.097288714715  -0.204422318883 4.523717739267e-03 1.680390548884e-03    3758.0   7.50  50715723
2007 RY326    38.817717098748   0.068031607154   0.460875591978   3.100023132198   2.220834646806  38.804213523684   0.067248090379   0.467543004089  38.804213523684   0.066830551215   0.450741685147  -3.065038823050   2.233761503718 5.553662642760e-03 1.322966669103e-03 4.126458949078e-04   0.216024273995  -0.392130169702 1.367936931927e-04 1.222465471184e-03    5844.0   7.73  50715724
2007 TC434   129.926356617709   0.695175574751   0.463367845852   6.192373447866  -1.649978337603 129.907320798107   0.657594629922   0.516524763913 129.907320798107   0.482015128236   0.414041760217  -0.200866163025  -2.225320407632 1.905997289788e-01 5.205074846605e-01 3.188784890699e-01  -0.014136153664  -0.012082064052 2.970145426106e-03 2.248653077647e-03    4726.0   7.21  50424798
2007 TV431    39.471549255181   0.233110880558   0.031155080957   0.956675122352  -2.014232905154  39.403496032288   0.217919571660   0.054484855157  39.403496032288   0.213256460586   0.054123413389   1.421106542945  -2.352876637590 2.000751553009e-06 1.081639593608e-03 2.387115985732e-03  -0.580061710377  -0.363958758906 6.346688693008e-03 7.828859280203e-04    3713.0   9.30  50423323
2008 AU138    32.391763995593   0.374434373992   0.732784018793   4.452053135180  -1.021894102395 -2893.192032500313   0.917246468208   0.412799194863 -2893.192032500314   0.779951428739   0.231721340155   4.371704580624  -1.234252595008 2.757701642269e+03 3.744947998756e-01 1.469276934249e-01  -0.002381752555  -0.054109940957 2.167617242862e-02 2.761687393893e-02    7446.0   6.67  50716494
2008 JO41     87.370275627605   0.543262713955   0.832815275648   2.531620363620   0.810526376847  87.413114060700   0.548189904764   0.829401138061  87.413114060700   0.547991543295   0.734962070181  -3.791622436830   0.854919014132 1.770930217703e-04 4.479623582593e-03 9.161801155327e-01  -0.002348148460  -0.023719322874 2.397014283474e-03 2.257849229624e-04    2940.0   8.40  50715767
2010 TJ182    39.652285588693   0.275877608082   0.183014363787   2.851918248484   2.304519679213  39.403741868119   0.270327605887   0.187363885582  39.403741868119   0.261276375080   0.186178075678  -3.592741290842   2.208391960814 1.421316141695e-04 1.368832850769e-02 4.622859948134e-03  -0.101396119755  -0.411053044593 3.585700331235e-03 1.126607370782e-02    4748.0   9.18  50755970
2011 UA411    39.222856967308   0.244575671410   0.170015032291   2.798863808203   2.397552605616  39.403813543356   0.237715003489   0.184346528432  39.403813543356   0.182252862402   0.182231069383  -3.372140393486   2.388030138568 6.913354257220e-05 2.474358406749e-02 9.021362531905e-03  -0.239492877280  -0.377846988653 1.514084030510e-01 1.445413071682e-02    4136.0   9.30  50696047
2011 UA412    46.250508978114   0.147865541528   0.075820563513   2.355934544498   2.739647961694  46.248147420840   0.148086751967   0.072472057287  46.248147420840   0.148126457606   0.072216551144  -3.882459313427   2.695314497211 1.213730756567e-03 8.603422208898e-04 1.675959230234e-03   0.343393577469  -0.354573317242 5.456700231823e-04 1.737855573879e-03     419.0   8.70  50696081
2011 UA413    36.528797051387   0.132600727220   0.122390237430   1.485755600031  -3.077797127726  36.429523908975   0.132662946372   0.158464921763  36.429523908975   0.116098679641   0.157863300104   2.104922714686  -3.091129581445 1.367680646162e-04 2.667610978863e-03 1.323258942576e-02  -2.026587250185  -0.571485728869 1.612981211369e-01 1.233577184232e-02    3333.0   8.68  50696164
2011 UB411    39.600662878317   0.043715986700   0.263507203676   5.733656166666  -1.747223459906  39.417869700642   0.129082311996   0.264557127832  39.417869700642   0.096285651804   0.213985977127   0.493652306479  -1.996743754953 4.662220050068e-03 6.983487815960e-03 4.262783189898e-02  -0.567176363664  -0.390930958323 6.708558350234e-01 9.127817165482e-02    2979.0   8.00  50696052
2011 UB412    43.511408937553   0.059866932618   0.270116397650   4.448414986088  -1.724824312824  43.505271379864   0.056683611664   0.264250971352  43.505271379864   0.056606748341   0.261438955845   4.382722681802  -1.725617456590 2.405546529621e-05 4.465150385031e-05 2.802863687445e-04   0.260641073401  -0.342425542290 4.161724853240e-04 3.849721922724e-04    1476.0   7.90  50696084
2011 UC412    43.405485867436   0.070300141798   0.075437560038   0.862641360409  -2.554332613460  43.389473875301   0.077678092982   0.071631376985  43.389473875301   0.077146748349   0.070879570471   0.891040106596  -2.567238787141 7.405695636001e-04 3.282922240795e-03 2.336099651706e-03   0.446440203066  -0.450274369143 1.817663024455e-03 1.541625470621e-03    3688.0   7.82  50696083
2011 UD411    39.209453567290   0.288347105235   0.274655136983   2.403666728985  -1.643469475113  39.403289365573   0.285406855086   0.278816565909  39.403289365573   0.227045860870   0.273447728628   1.870021699246  -1.672816404838 8.289529251735e-05 9.819139069867e-02 1.942782650699e-03  -0.058560933885  -0.388278566532 2.261477878122e-02 2.876255467542e-03    4757.0   7.13  50696053
2011 UD412    45.412765012268   0.052296671802   0.108182570019   1.995686227070  -2.149412208468  45.425053428446   0.079832020801   0.118850833495  45.425053428446   0.079721072677   0.118826806554   2.047231975896  -2.150671704540 1.174082482791e-03 8.024434688445e-04 7.322705159242e-04   0.314670590794  -0.334035031169 2.524759362898e-04 4.336324316016e-04    1502.0   6.90  50696078
2011 UE411    47.614471661836   0.319882265885   0.165813082061   1.447139447888  -1.745576103997  47.733219687828   0.311473599161   0.179128678982  47.733219687828   0.311252152761   0.177404736296   1.524658759975  -1.732806176770 9.884500948367e-06 1.136670407688e-03 1.125548528818e-03  -0.322942934599  -0.199590316129 1.044895668251e-03 1.021933834004e-03     504.0   9.30  50696056
2011 UE412    43.497195399214   0.112193790108   0.408322633816   0.045644126840   1.988158821798  43.471087705935   0.118272112004   0.409875134246  43.471087705935   0.118146544905   0.399094643753   0.019494151710   1.992438231739 7.025932858678e-05 1.798867817216e-04 5.821927743344e-04   0.157323902358  -0.280401656583 5.035741173537e-04 1.306477281231e-03    2305.0   6.70  50696085
2011 UF411    47.799375751471   0.346379912284   0.127851510124   3.324503546670   2.784027576090  47.733017149989   0.331883328712   0.146542000215  47.733017149989   0.260151217607   0.145268493007  -3.034620263625   2.863885018428 3.004892576871e-05 4.444753253061e-02 2.075998000863e-02  -0.326532407133  -0.199614396083 4.611051783640e-02 1.540484371214e-03    3389.0   8.44  50696057
2011 UF412    45.070790643744   0.012026949493   0.063347259699   5.080904531943  -2.876167767358  45.070171766921   0.009877025588   0.062987429686  45.070171766921   0.009244825613   0.062796534525   4.829766940319  -2.939065842073 3.142130708671e-07 6.086386706078e-04 1.569593601605e-04   0.342821026039  -0.345155643579 1.938655757007e-05 1.720474782630e-03     419.0   8.20  50696086
2011 UG411    47.691509900363   0.142020372369   0.205787506424   1.888924205507   2.389620139169  47.735176863905   0.141732274015   0.211403312750  47.735176863905   0.141779931863   0.210088310360  -4.394425663574   2.427032532905 9.482740211310e-07 3.087419742734e-04 5.325989614075e-04  -0.648081116574  -0.207163242822 7.632147402235e-06 5.068362211233e-04    1445.0   8.60  50696059
2011 UG412    46.476602817410   0.156842180791   0.070439316796   0.539683833591  -2.967092050157  46.482774584968   0.153300018771   0.062875240126  46.482774584968   0.153215510596   0.062535906790   0.587279505855  -3.027542467070 2.134239195137e-04 2.205657160121e-04 7.597912920366e-04   0.345177482443  -0.352218563460 1.428502167259e-03 7.312770422348e-06    4430.0   7.78  50696079
2011 UH411    46.136043754811   0.238398670294   0.480425881889   3.402562871293   1.908328020672  46.138093543968   0.241517009222   0.479511664527  46.138093543968   0.775952978000   0.462068605741  -3.249295804689   1.912846045272 5.373302182681e-02 2.225053182802e-01 1.143061672864e-03   0.099475864633  -0.223068809755 5.214564083468e-03 1.286664456052e-03    2305.0   8.60  50696058
2011 UH412    42.602104645493   0.116200679934   0.263394956939   1.752959259193  -1.605142189183  42.595023851139   0.111826958043   0.253513049203  42.595023851139   0.111046184155   0.250871393305   1.759202954702  -1.595691914673 1.691864019262e-05 2.431313901075e-04 1.254713555539e-04   0.345164538252  -0.408917209851 1.595282849825e-03 3.289545582775e-04     523.0   8.20  50696080
2011 UJ411    42.287839905038   0.118651022309   0.092020071404   0.820318858742  -1.804038872391  42.274000636429   0.113074188759   0.084177656171  42.274000636429   0.112896007480   0.083812817876   0.829081811364  -1.806687680182 2.003288446564e-06 8.112925205015e-06 3.432755141848e-05  -1.411218231791  -0.415642857897 1.064353014275e-03 1.776186898765e-03    3340.0   8.40  50696065
2011 UJ412    42.028070858866   0.029043843355   0.515496513911   2.656621498389  -1.454711911483  42.043441261617   0.032806212921   0.512077885590  42.043441261617   0.032760338107   0.490001941241   2.683757686809  -1.458890277347 9.702139077835e-07 1.649033937706e-04 1.721290697567e-05   0.086866732079  -0.258292965941 1.660699738457e-03 1.163394335714e-06    4109.0   8.10  50696092
2011 UK412    40.737782173081   0.092031557755   0.470801570421   2.589941061409   1.993000961256  40.738741076656   0.094722553889   0.475296669954  40.738741076656   0.094746325564   0.457604880179  -3.648343513041   1.997961531752 8.485177956712e-05 4.778678977023e-04 2.658441818036e-05   0.147878588730  -0.319344046106 1.869489201267e-03 1.423831313870e-06    4041.0   7.90  50696087
2011 UL411    42.223605288403   0.071898149047   0.060998507648   1.605776466844  -2.938717770740  42.274190710104   0.060116780965   0.067144807750  42.274190710104   0.054924276204   0.065847953749   1.557465917051  -2.989370253793 6.728528337801e-05 6.579607633892e-03 2.229818453087e-03  -1.216647594893  -0.492907273044 1.633137399435e-02 1.776811697511e-03     524.0   8.70  50696066
2011 UL412    43.028175256684   0.083143431175   0.200439000072   0.946219249232   2.402157369409  43.032899409083   0.079688228447   0.208179572430  43.032899409083   0.079413253916   0.206724794891  -5.311805012988   2.372877475634 5.275788204252e-06 8.846259931613e-05 6.068737183052e-05   0.335779668302  -0.401535802456 1.194231902621e-03 1.559388182332e-03    2979.0   7.70  50696088
2011 UM411    42.218921635962   0.146699664305   0.168964988549   3.608337233222  -1.840228440337  42.272341527632   0.156794212529   0.158926845073  42.272341527632   0.156734181312   0.158256947752   3.666847247124  -1.883643640712 1.955593149852e-06 1.379378960519e-04 8.280734060942e-05  -0.923016077306  -0.363883809091 3.071496600539e-03 1.896158192643e-03    4053.0   7.40  50696063
2011 UM412    45.388570406005   0.132452010583   0.203961960137   2.047061735584   2.276054098174  45.389345469197   0.133072626281   0.211210865897  45.389345469197   0.133145824207   0.209855468979  -4.193241228116   2.258387812147 1.049180448713e-04 1.986438344246e-04 2.182238803428e-04   0.273448893817  -0.325902778284 1.020020250318e-03 1.736399484441e-03     523.0   8.50  50696094
2011 UN411    42.342277859298   0.210449042698   0.079806763714   1.280202103087  -2.681946711594  42.271551169058   0.205024793481   0.081071136456  42.271551169058   0.205095987915   0.080933300261   1.333791127024  -2.732777706997 2.341304651940e-06 1.447217283505e-04 2.266037912103e-05  -0.635623398850  -0.345254240835 1.350526143479e-03 1.866734665018e-03     526.0   9.20  50696064
2011 UN412    38.959346275206   0.057982200387   0.365975222985   5.606722845914   1.965607942159  38.941264515320   0.054140475105   0.378129174470  38.941264515320   0.053490534432   0.368567591854  -0.682505102736   2.024245055190 1.882541741499e-03 1.177317204828e-03 1.423651901454e-04   0.407818708165  -0.467276246729 1.761103919496e-03 1.298101288253e-03     471.0   8.50  50696097
2011 UO411    42.274034228724   0.205679001358   0.118243682614   1.810833663816  -2.838278719317  42.271518751121   0.197792522850   0.121181771336  42.271518751121   0.197838599162   0.120851071532   1.869870513602  -2.881626389311 6.358367369445e-07 3.934488734671e-05 3.253393671904e-05  -0.692260194406  -0.333430768819 9.793831001177e-04 3.356758102490e-06    3339.0   8.70  50696061
2011 UO412    38.028898039448   0.127716971054   0.484023648019   4.825143995723  -1.562117603263  38.534617611118   0.131013126266   0.467085194009  38.534617611118   0.104129448554   0.449971768370  -0.841795081338  -1.570369467347 3.648610628095e-01 2.090836385491e-02 5.670170406501e-03   0.432898786195  -0.425382998360 1.188905335633e-01 3.065458744100e-03    2298.0   7.93  50696096
2011 UP410    39.603176769217   0.175089939490   0.069738894786   2.841079780703   2.628066131923  39.405781716334   0.165248442433   0.078260636318  39.405781716334   0.165028076051   0.077867124312  -3.374920950766   2.521846635768 6.806602511537e-06 1.791169848213e-05 3.781238177547e-05  -1.120052136028  -0.471971830560 1.457050730141e-03 1.016376835797e-03    2713.0   8.40  50696044
2011 UP411    75.782207919187   0.491141317017   0.251035342172   2.705096871952   2.259020704294  75.769276548503   0.324738047415   0.465287623237  75.769276548503   0.285868108064   0.382549424265  -2.738367361889   1.556625102026 5.113690481956e-03 2.580878107793e-02 7.144696985947e-02   0.020944816353  -0.035524432991 3.273307680547e-02 1.920892342692e-03    1588.0   8.40  50696060
2011 UP412    56.373152101905   0.344971166027   0.342633171585   0.549910784609  -1.552678138695  56.480045252078   0.350985553465   0.334573179913  56.480045252078   0.326869396855   0.325789283463   0.639435830645  -1.649709480713 4.621289699215e-02 2.127153328468e-02 5.303660031601e-03   0.108795548252  -0.155564890907 3.495010787562e-03 2.677977099783e-03    2720.0   8.20  50696098
2011 UQ410    39.397296544861   0.263544156939   0.065871373574   6.282815390189  -2.117600794083  39.403034679760   0.264933411360   0.052678064856  39.403034679760   0.265202453785   0.052189208890   0.003221546278  -2.113475631774 2.995737439289e-06 3.697998834653e-04 9.319196519090e-05  -0.238670975415  -0.356413436071 7.536899957191e-04 4.802716987957e-04     733.0   9.50  50696042
2011 UQ411    62.248059759260   0.401347260148   0.713943064573   4.561513144173   1.913117584902  62.223970335729   0.387898934718   0.721453657268  62.223970335729   0.387576933379   0.663301617730  -1.679684185850   1.912642668269 1.899585458195e-03 1.951551810447e-03 2.499566446656e-03   0.018737381866  -0.065749404690 4.126549412364e-05 2.915365214153e-06    2304.0   7.00  50696069
2011 UQ412    67.381879895150   0.483572709986   0.303180315695   3.365758233949   2.041948844970 -195.237663220679   0.722976388554   0.229046280046 -195.237663220679   0.580147694803   0.144963904332  -3.458750515203   1.972737092964 2.262778806784e+02 1.073401440336e-01 2.407673799167e-02  -0.002387177793  -0.145647727884 6.464582947539e-02 6.416795485735e-02    4137.0   7.71  50696099
2011 UR410    39.405833063291   0.268227279591   0.298969339434   0.970281427179  -1.494723855301  39.402404133164   0.250512742268   0.310560896537  39.402404133164   0.235376836732   0.305824907804   1.372459150543  -1.502544291951 4.374270128919e-05 2.581105147946e-03 8.481072911790e-04  -0.328484739046  -0.328488749551 1.358345633433e-03 1.359771859949e-03    4079.0   9.72  50696039
2011 UR411    61.840333480199   0.433370028000   0.461946224257   0.847663003360  -1.525848733457  61.538606488936   0.432484574839   0.458474019777  61.538606488936   0.431582092973   0.443232684362   0.904549193535  -1.555030748130 1.972534238797e-01 1.485197368701e-01 3.952493197822e-03   0.057140626976  -0.112378245571 4.922714612476e-03 1.897457417776e-03    1475.0   8.50  50696068
2011 UR412    50.093970436805   0.314688672616   0.314222955115   1.038346345466  -1.696728657094  50.225679613871   0.312729706774   0.315918810888  50.225679613871   0.278377565281   0.274814504879   0.392048735339  -1.346162473219 2.735701150680e-01 1.386025467920e-02 3.117749198937e-02   0.157889355992  -0.239281557740 1.866684616174e-02 1.537180208374e-02    2979.0   8.80  50696100
2011 US410    39.511559795767   0.255569014482   0.207661639103   5.202309974983  -1.650411574959  39.403158408760   0.241354620238   0.218826357726  39.403158408760   0.223184968495   0.217085745194  -1.116162210350  -1.611908637519 1.443807816434e-06 3.727073669113e-04 7.536594317530e-04  -0.369253251677  -0.369244082119 1.610998474144e-03 1.614669836577e-03    3718.0   8.61  50696043
2011 US411    62.431501756802   0.499854432508   0.382169838601   0.235195255347  -1.513509695016  62.545562195730   0.469188840151   0.411933381823  62.545562195730   0.449271434637   0.386454291685   0.584875404858  -1.944436283978 2.106011844369e-04 3.190482148495e-02 9.546111721022e-03  -0.090023306005  -0.089739906223 1.228335163557e-03 1.261667969998e-03    1525.0   9.20  50696067
2011 US412    47.872701763810   0.160498217755   0.058055956798   2.513634164019  -2.271278310246 69212.071152061471   0.584942151815   0.081734266029 69212.071152061500   0.559831599609   0.061775047482   1.582700654877  -2.020397391991 6.043783808782e+04 2.472973766015e-01 2.060080941834e-02   0.000469860028  -0.347649039923 2.389129788344e-01 1.667779466958e-02    2980.0   7.70  50696104
2011 UT411    55.490691966883   0.402886872518   0.121125030500   2.498403268634  -2.016359970445  55.352028994188   0.396401937096   0.119548534837  55.352028994188   0.339241626312   0.100004018694   2.283835166039  -1.884268587512 6.690937912514e-02 2.697215727533e-02 1.193901377026e-02   0.019980443850  -0.197904996659 3.308782118022e-02 1.880469937195e-02    4109.0   7.61  50696071
2011 UT412    48.069520997389   0.182178454267   0.324327512557   1.313921595398   2.109973717558  48.044545530763   0.175485643502   0.330288288159  48.044545530763   0.175263044354   0.324312997617  -4.840677140485   2.072055073485 1.173295929764e-03 3.842846840338e-04 1.955668062994e-04   0.253271462716  -0.230115546232 4.865712105878e-04 1.037431885207e-06     526.0   7.88  50696105
2011 UU410    39.292514597362   0.262938020362   0.221191746449   0.394382139123  -1.663996559462  39.403206115208   0.238535165777   0.243837290107  39.403206115208   0.188603242625   0.241620190701   0.416108733198  -1.739700570524 5.851749818083e-05 1.591429616343e-02 1.363018452882e-03  -0.356821902504  -0.350472717093 7.419290231388e-02 6.424090773990e-03     763.0   9.80  50696041
2011 UU411    43.937274643218   0.029495716308   0.046991434529   2.278516068914  -2.511635008921  43.935115675179   0.038696803422   0.044886014191  43.935115675179   0.038302559380   0.044264439513   2.472888268441  -2.591734301294 2.526395223295e-06 1.146100737214e-04 9.740552274447e-05   0.403876972137  -0.406222679848 6.509152915987e-07 1.259173671661e-03    2980.0   7.90  50696075
2011 UV410    39.427138517603   0.259393230651   0.096789116521   0.725390255585  -2.565071606251  39.403278774399   0.237901364907   0.135316284389  39.403278774399   0.199453951018   0.131560430371   1.230908316806  -2.921509234215 1.189781350847e-05 1.970469630252e-02 1.637549785375e-03  -0.389245246543  -0.380381164842 1.965582293707e-03 1.764979183722e-02    5879.0   7.95  50696046
2011 UV411    43.364084880904   0.066875961098   0.080720189995   5.987046317900  -1.873824013388  43.359021977460   0.067712051783   0.068197713581  43.359021977460   0.067203529436   0.067553832682  -0.199097748849  -1.854240279119 9.619617437262e-05 5.098760473815e-04 4.974483422491e-04   0.443758364486  -0.446224661005 1.849076878119e-03 6.517919756013e-05     524.0   8.20  50696073
2011 UW410    39.594430910661   0.218369923301   0.189503826066   5.128992558895  -1.710098073360  39.403806828996   0.240125451800   0.142296720313  39.403806828996   0.211623523806   0.141059108036  -1.332763566561  -1.698449459307 3.710981454527e-05 2.194583599863e-02 7.181225976703e-03  -0.287328215425  -0.387472676021 5.283740408319e-03 2.137584007472e-03    3339.0   8.30  50696045
2011 UW411    43.846995492078   0.165968288700   0.083315485706   1.990023446742  -1.892315774707  43.538424316214   0.139373190773   0.055742546306  43.538424316214   0.107341982704   0.051967381191   1.538977525277  -1.658931447891 7.363232266475e-03 2.038722688259e-01 1.257695518457e-03   0.673846403807  -0.514609830049 2.416848458426e-02 3.249342879794e-03     524.0   8.40  50696074
2011 UX410    39.400441580898   0.327778395009   0.318215226590   4.520177157494   2.105561779243  39.402090675380   0.266806167531   0.367757516943  39.402090675380   0.206720945137   0.359370751228  -1.985426720619   2.162966901572 2.722197984059e-05 7.306790084561e-03 1.276021286366e-03  -0.293945993737  -0.293434247455 1.634026055557e-03 1.782992908734e-03    3339.0   8.36  50696049
2011 UX411    42.432440473247   0.098384641751   0.125707305596   5.730554148301  -1.675226438133 362.351221096885   0.374545837275   0.121837190278 362.351221096886   0.350921993729   0.083431597256  -0.306792988193  -1.179994174658 2.996207169349e+02 1.916181598464e-01 1.989037801542e-02   0.001282270194  -0.591975708281 4.869243003384e-01 4.513492860598e-02     504.0   8.50  50696082
2011 UY410    39.315879271483   0.136723636155   0.154865879906   0.224087467583  -1.838826128148  39.406083761718   0.133398979332   0.149463497511  39.406083761718   0.133003409762   0.148792432510   0.248626563646  -1.834665609148 5.047235982753e-05 8.800444639167e-04 7.319124848032e-04  -1.736147953613  -0.422452252814 2.098849275238e-02 2.951400891889e-04     523.0   9.20  50696050
2011 UY411    44.219467626885   0.064362941330   0.059757678625   2.862771785691  -2.933148280060  44.215903596622   0.074356301641   0.064137746139  44.215903596622   0.074111404700   0.063711325449   2.949468100483  -2.993779906535 3.547708423466e-05 5.049147333577e-04 5.882042012937e-04   0.394483768547  -0.401540727223 1.101022709359e-06 1.562702920003e-03    2305.0   7.80  50696076
2011 UZ410    39.522738400555   0.124770683345   0.094105554191   0.202035244093  -3.007525892561  39.406867016704   0.121929737417   0.096295909363  39.406867016704   0.121635132832   0.096023631787   0.326759484506  -3.087932838245 1.000930148854e-05 1.570925997899e-05 1.468158498399e-04  -2.167184926587  -0.443800082984 2.488176761727e-03 2.106323805396e-03    3387.0   8.38  50696048
2011 UZ411    45.539930707891   0.054196707947   0.047350412473   0.135565465636  -2.931949481441  45.539612620313   0.050754181282   0.046171090706  45.539612620313   0.050687891563   0.045944497331   0.209101049667  -2.991244569580 2.834734914713e-06 5.734125614816e-05 2.122217357456e-04   0.333599791469  -0.333450655557 1.584968534708e-04 1.549360085625e-05    2305.0   7.80  50696077
2011 UZ412    36.434969981872   0.133051420954   0.125640388128   0.706764528015  -1.925655560954  36.429971388383   0.126168779655   0.089474816574  36.429971388383   0.125899820348   0.087792461094   0.624339459179  -1.828522061556 5.188327161021e-06 1.049919479829e-04 5.842520600616e-04  -2.271140431722  -0.609510763130 8.589984198703e-03 8.615944430520e-04    4079.0   9.36  50696165
2012 UG177    39.303127313027   0.224725424826   0.406797444947   2.245359169538   2.719950900476  39.402381104770   0.254650939450   0.386855710769  39.402381104770   0.217534973635   0.377047697145  -4.135650747648   2.706132422312 2.977673012279e-05 5.957608691261e-03 6.063601221119e-04  -0.305259017038  -0.305260677550 4.845493848676e-05 4.644187621442e-05    1533.0   9.60  50696054
2012 UH177    39.387620344208   0.190412187189   0.437987335940   6.004483699353   2.606414109442  39.402915583861   0.180746312715   0.444768069303  39.402915583861   0.178063190650   0.430674823304  -0.143576862791   2.615731019525 2.113689968137e-05 1.191329848903e-03 1.361960552871e-03  -0.809833878554  -0.270102188636 1.213967529700e-02 1.825614882484e-03    3739.0   7.98  50696055
2012 UJ177    55.229581115766   0.433907041802   0.299909646642   0.836260455639  -2.962947559585  55.388301664941   0.433939090877   0.301289655581  55.388301664941   0.427490196675   0.296861246148   0.884139225207  -2.912655089632 1.220696694618e-05 2.485376577242e-03 1.012920821036e-03  -0.046963611754  -0.126888337409 1.122547875014e-04 6.875517041172e-05     533.0   9.10  50696070
2012 UK177    92.234158185402   0.616782789656   0.456280863042   2.796976026811   2.543953263908  88.126588258417   0.615609229987   0.421288884144  88.126588258417   0.522472638458   0.325014557503  -2.865307863677   2.119861293639 3.973380964822e-01 5.693478478569e-02 5.671276551760e-02   0.035191349310  -0.061290142062 1.616503090623e-02 7.706683858535e-03    2977.0   8.70  50696072
2012 UL177    40.665321928229   0.116638957550   0.362372554261   2.556392828276   2.891171458290  40.674418062372   0.121553538636   0.364670752945  40.674418062372   0.104162364257   0.357213594877  -3.640266896139   2.904666804634 2.205846246619e-02 1.556769998436e-02 5.887129557560e-04   0.287210161654  -0.408494716980 2.386710447458e-02 1.261912220584e-03    4726.0   7.47  50696089
2012 UM177    43.546647289237   0.057880903591   0.309906538246   0.999892054688  -3.139924718738  43.544561857063   0.057757165514   0.310616170554  43.544561857063   0.057720124360   0.305922457524   0.949971229967  -3.140459683641 5.051779180826e-07 4.393863304497e-05 3.455860083140e-04   0.227760652830  -0.316869464689 1.539094391578e-03 1.940367651280e-03     533.0   8.60  50696095
2012 UN177    43.174966382756   0.158512734268   0.367681176375   1.296865754617  -2.262949018484  43.158538791620   0.153715941477   0.365569026347  43.158538791620   0.153488527367   0.357853136820   1.217412750110  -2.262666486010 1.870878642785e-04 2.705612702802e-04 5.798360950472e-04   0.204286249430  -0.325665431064 2.659825946183e-04 1.533921519978e-03    4641.0   7.55  50696090
2012 UO177    41.562834364844   0.035098720158   0.314586054431   5.869094787651  -3.104475354531  41.562470259962   0.041318330442   0.314415401482  41.562470259962   0.032395321689   0.309569678857   0.118675999430  -3.091350961416 5.334211853799e-04 2.235444133276e-03 3.901195958201e-04   0.271972755230  -0.387594729654 1.005852829178e-02 1.761241878521e-03     532.0   8.30  50696091
2012 UP177    42.838483605474   0.100485979746   0.317093688632   1.018915151451   3.022296115556  42.829132124002   0.099485038524   0.318739827915  42.829132124002   0.096028582686   0.313393327108  -4.939057370997   3.029268404154 1.367687023977e-03 1.535362280745e-03 1.209666334377e-04   0.226656941731  -0.347520622612 4.374272237454e-03 2.167293678799e-06    2303.0   8.10  50696093
2012 UQ177    51.958166759767   0.312125393225   0.362893673349   2.147840604656  -2.448674739338  51.978166134977   0.309287473174   0.363746378271  51.978166134977   0.306982808585   0.356637744779   2.197333048734  -2.442429732712 5.748780749195e-03 3.029970547532e-03 1.678074943612e-03   0.123244079421  -0.191330437120 1.605934899127e-03 2.532736059406e-03    4106.0   8.10  50696102
2012 UR177    73.749649770854   0.491197204557   0.312915231200   2.765911000115  -3.079824539149  73.413063233688   0.483926823831   0.311155227326  73.413063233688   0.393754584859   0.296088267627   2.610435776857  -3.076268494063 1.203486279027e-01 4.734170017423e-02 1.255485434526e-02   0.065545428210  -0.078355309629 1.052447812498e-02 4.581185898420e-03    2302.0   7.90  50696101
2012 US177    56.094697593369   0.366634200232   0.327031838550   1.590601902215   2.887243283302  56.301227795731   0.353077901801   0.353115667461  56.301227795731   0.320974767126   0.343521362857  -4.843577315415   2.925949912705 9.576260999145e-02 1.994360689268e-01 2.215812353731e-03   0.103927370738  -0.154737544165 9.333535876163e-03 4.043403137564e-03     536.0   8.70  50696103
2012 UV177    30.024124344832   0.072378858387   0.389296593878   3.538411542389   2.783488297181  30.067224160666   0.060553692348   0.390506102473  30.067224160666   0.059920995584   0.380787270283  -2.832142171380   2.791458536065 2.244868489497e-05 1.941047436132e-04 5.658426141269e-04   1.551416147579  -0.530283139810 2.523077104772e-03 7.868191102536e-04    3744.0   9.28  50699471
2012 UW177    30.071612681049   0.259093414095   0.939630918974   0.633884490978  -1.549413624810 282.916472108271   0.861962617736   0.807607629521 282.916472108271   0.739867621958   0.639246384313   1.246171235966  -1.723868954390 1.142828189152e+02 1.294436535255e-01 4.651084272304e-02  -0.005382308758  -0.005378344200 2.787590997028e-03 9.847191707197e-04     381.0  11.30  50699475
2013 EM149    45.260109518631   0.057322430484   0.040863274263   5.915764036163   1.711681544272  45.260275072556   0.056575284781   0.049383836959  45.260275072556   0.056476058128   0.049143124247  -0.374364857630   1.640766962731 9.602494368212e-07 2.975960800205e-05 1.968120753792e-04   0.345203467413  -0.347493505056 1.789752446585e-03 2.856561803342e-05    7328.0   6.79  50727236
2013 GB138    42.973586915434   0.049696123668   0.049266033213   2.732247963463   1.877806884854  42.976508740995   0.052514626664   0.062653389777  42.976508740995   0.051875056689   0.061775530997  -3.216677753967   1.681465390204 1.644723076108e-04 8.514357155334e-04 6.904442254827e-04   0.457883821142  -0.464930246634 1.123081473583e-03 1.384149717224e-05    4056.0   7.30  50727272
2013 GC138    42.895428111951   0.050710012579   0.029864977924   4.833678115037  -0.813171281620  42.895397457897   0.056130614064   0.029705931735  42.895397457897   0.055039044391   0.026598911888  -1.772763392964  -0.395347527682 5.565773764872e-06 1.201222210058e-04 2.955996255726e-04   0.481379291046  -0.479026650351 1.680568355705e-03 1.452145049109e-02    4464.0   7.33  50727275
2013 GD138    43.931525033708   0.113545184974   0.079989751256   2.829550210239  -1.152301474726  64.881823739505   0.404710312292   0.210053738347  64.881823739505   0.347471216028   0.154254387760   2.765653774810  -1.206248910488 1.159113287699e+01 8.148320140942e-02 3.699616856644e-02   0.441101825274  -0.454905332312 3.402869238471e-01 1.752925417619e-01    3755.0   8.14  50727271
2013 GE137    39.335280720782   0.256765080270   0.066540500276   2.801760903320  -1.744143469813  39.403207117611   0.260480091281   0.057691240897  39.403207117611   0.260660161735   0.057215422654   2.708712113276  -1.689862371354 2.407073132496e-06 5.500429075733e-04 2.277001866760e-04  -0.255130760802  -0.366271155026 1.387516088136e-03 3.287617375395e-05    1514.0   8.90  50727220
2013 GE138    44.159857188958   0.052239632099   0.053998181726   1.491159744911  -1.845690856226  44.156656723024   0.062604569211   0.049707061843  44.156656723024   0.062384024111   0.049171055976   1.498171941994  -1.802038571813 1.122132173654e-04 1.295040038322e-04 1.711841616632e-04   0.399075726222  -0.401550413518 1.001876863972e-04 1.771150598041e-03    2282.0   7.70  50727277
2013 GF137    39.568640806089   0.157689316971   0.248972734606   1.882698591551  -1.357003640869  39.404874239335   0.159196413747   0.236323350632  39.404874239335   0.158850965462   0.234347740883   1.811876139445  -1.345464549705 1.663422559749e-05 3.792388503144e-04 5.210062353020e-04  -1.110219954054  -0.390134207621 3.224381476412e-03 5.449059070444e-04    2247.0   8.10  50727219
2013 GF138    44.044663845610   0.018655369187   0.025596933701   3.738429273435   2.784759575509  44.042756982954   0.024312219686   0.032308125982  44.042756982954   0.023756852416   0.031542801421  -2.208743971794   2.479792989545 2.432215569709e-04 3.896199181999e-05 5.006644550523e-05   0.399182034453  -0.399081781880 1.386208207381e-06 9.635574312916e-05    4407.0   7.30  50727276
2013 GG137    39.333682822719   0.135458800987   0.015741056534   1.649709956089  -0.560301225960  39.406016599668   0.139527302049   0.014443192340  39.406016599668   0.139482718792   0.012750366084   1.289879659515  -0.203951542879 1.348971947424e-05 2.969889199836e-04 4.038536513910e-04  -1.735354751413  -0.429938980831 1.034062761034e-02 1.472836729801e-03    2309.0   8.80  50727225
2013 GG138    47.455775941177   0.028042885997   0.438553400077   2.397846011837   1.933526729922  47.469510648165   0.028818800848   0.440597821373  47.469510648165   0.028861339023   0.426610748759  -3.841598873866   1.932507006340 1.169479957654e-06 1.147180339379e-04 1.245883459640e-04   0.107561023174  -0.178457341810 4.348586901757e-04 4.422599984490e-07    4056.0   6.64  50727279
2013 GH137    39.438455613168   0.228081482835   0.227981420692   2.778763604220  -1.367804003190  39.402856465820   0.245490407694   0.210239041555  39.402856465820   0.197778703124   0.208128960799   2.798415960872  -1.378706397993 8.291066847548e-06 6.007465157929e-03 3.149732010575e-03  -0.344097124270  -0.336948459834 3.425069829027e-03 1.123328013859e-03    1188.0   8.57  50727221
2013 GJ137    39.493668460392   0.266637822701   0.283981624946   4.119683750251  -1.222580225116  39.402562242984   0.248781737207   0.299331345356  39.402562242984   0.229512784852   0.294981044275  -1.934903793885  -1.189429954403 1.709320630196e-05 2.931242484083e-03 4.620076497833e-04  -0.333465330908  -0.333463543819 3.501242878120e-05 3.349808346731e-05    1160.0   8.50  50727223
2013 GL137    39.266611788331   0.200044410328   0.171500920265   4.249765509133  -1.244291645996  39.403827898924   0.230400771407   0.137111477237  39.403827898924   0.178051039136   0.135993574964   3.101396452400  -1.294869594589 5.568717603211e-05 1.482358380981e-02 1.081609596469e-03  -0.404165264873  -0.391874813629 8.136209499263e-03 3.608679160456e-03    2224.0   8.50  50727224
2013 GM137    44.107636684770   0.076430526960   0.385849755404   1.860951625697  -1.377441090583  44.108447998934   0.074872373390   0.382179065081  44.108447998934   0.074922056045   0.373476330622   1.862117990707  -1.378156912130 1.595732739912e-04 3.530942429325e-04 5.942131608719e-04   0.152646423342  -0.268224296354 1.729152409167e-03 5.158810489560e-04    1129.0   7.30  50727260
2013 GO136    38.767954306583   0.060288468277   0.414348704013   2.663718331652  -1.253670522215  38.783941191833   0.064515974557   0.401753819639  38.783941191833   0.064257651412   0.390847219420   2.565714148624  -1.240815184753 1.340175047568e-04 1.140571139804e-04 2.382715289629e-04   0.291174107909  -0.450920223676 5.630153321146e-06 7.576877183183e-05    1541.0   8.20  50726813
2013 GO137    41.420110839535   0.090892251443   0.502723702445   5.133927821016  -1.308349309527  41.429862350141   0.086602000421   0.499653823198  41.429862350141   0.086523895002   0.479479984478  -1.128721212962  -1.307174385831 2.293748033405e-04 9.641850345957e-04 8.203994706843e-04   0.108012404549  -0.284164782855 4.770673238533e-06 1.806280712289e-03    3041.0   7.44  50727259
2013 GP137    43.713030557662   0.024749462737   0.017170372118   2.388783840078   1.702061439516  43.713781390567   0.026447658958   0.029640929132  43.713781390567   0.025745981335   0.028555145126  -3.406521180422   1.385728286018 4.593717186515e-05 7.797629314607e-06 2.056017998411e-05   0.420369921836  -0.417107496727 1.878869430551e-03 8.237598953070e-04    4083.0   7.42  50727261
2013 GQ136    48.723903079274   0.173091964708   0.047004463668   2.119999367191   2.293518430152  48.714758654631   0.173124118321   0.049068851830  48.714758654631   0.173098785419   0.049036525735  -4.079465505193   2.226471385716 1.287365955548e-05 1.592380299092e-05 8.067091601413e-05   0.281774184016  -0.281996044913 1.230781448923e-06 2.118252275188e-04    4056.0   6.57  50726837
2013 GR137    42.627021964887   0.043791439238   0.062781711040   4.448969026531  -1.355301864304  42.635649612381   0.058495632045   0.063141785827  42.635649612381   0.056171837327   0.061747520412   4.003424295568  -1.060899301995 1.230176563405e-03 9.709522192643e-03 9.254723727381e-03   0.489155015301  -0.488856269432 1.079864959816e-02 5.781046290229e-03    1543.0   8.20  50727268
2013 GS136    55.629241218141   0.385473601494   0.112022118751   3.664967723020  -1.320805667441  55.389625146576   0.383601187100   0.114096672255  55.389625146576   0.340748890294   0.113966430455   3.453209068909  -1.352625258911 5.285692196637e-05 8.016262841259e-02 1.928975716457e-03  -0.044614490088  -0.157400282475 7.468073379393e-03 5.204703684702e-03    1517.0   8.50  50727072
2013 GS137    43.864060199033   0.099736454756   0.019150198341   2.408320026958  -0.503066142229  43.862611090438   0.092186931496   0.019164422954  43.862611090438   0.091228076345   0.015179376813   1.800483193115  -0.061055368444 7.460365223052e-06 5.509874324203e-05 1.710603636047e-04   0.453791176481  -0.442234391574 1.640013999390e-03 2.690558724624e-04    1517.0   7.80  50727266
2013 GU137    44.839955384971   0.074680441572   0.082476076929   4.032353277450  -1.577257306972  44.840932837215   0.065590803515   0.070687912856  44.840932837215   0.065483085816   0.070457467892   3.935289770264  -1.529586816197 4.233080578370e-06 3.391933549617e-04 3.207293975041e-04   0.359066859805  -0.366046116691 1.950314551131e-03 2.541086582705e-04    1542.0   7.60  50727270
2013 GX136    48.000653526685   0.251516360103   0.019191650702   4.763385126085  -2.371582528404  47.735052380477   0.249035349072   0.015839705926  47.735052380477   0.248784960354   0.015610680618   4.803703702774  -2.433218144310 6.129756641099e-05 1.478587251228e-03 1.806866208135e-04  -0.094449971486  -0.253985999072 1.888940767208e-03 2.101863347667e-03    1861.0   8.30  50727083
2013 GX137    43.288526444676   0.058327341225   0.061327180723   4.590676917090  -1.370012572419  43.288817901059   0.049606140610   0.046058165012  43.288817901059   0.048986577635   0.045019270232  -1.874000632192  -1.256612930581 2.955931611517e-04 4.052322989083e-05 1.838395729069e-05   0.446143745302  -0.446555315988 8.077892527050e-07 3.812220027439e-04    4491.0   7.47  50727267
2013 GY136    55.527366212130   0.413978962807   0.202338769549   0.641249249522   2.102776806528  55.388444004789   0.411443105063   0.208009062287  55.388444004789   0.411003331095   0.207006293637   0.596484066400   2.116917443143 2.271809307815e-05 2.687197708125e-03 6.691245049126e-04  -0.070525333253  -0.126567427075 1.431234659074e-04 3.025490211977e-04    2988.0   7.58  50727080
2013 GY137    44.885650823372   0.101065616617   0.086072217031   4.029037051959  -1.481643819396  44.887932444506   0.090249359619   0.070389871844  44.887932444506   0.090124861032   0.070075197166   3.895517085436  -1.396302821251 6.453844794072e-06 9.424968567990e-05 2.459570067615e-04   0.366304789553  -0.375702781860 2.865820976660e-06 1.360652088649e-05    1572.0   7.60  50727265
2013 GZ137    41.443280545629   0.048276767535   0.376357843805   4.957765548991   1.891523503477  41.433337940681   0.051692153793   0.382156892398  41.433337940681   0.051755022082   0.373187309162  -1.296203270753   1.889263936749 1.664789834040e-03 7.817486277878e-04 3.396659193617e-04   0.197230318743  -0.347651466723 1.471226806904e-05 1.219528558907e-04    1544.0   7.70  50727274
2013 HR156    45.719091868471   0.188459201216   0.365019640095   5.695502851696   1.928750173593  45.718909496457   0.210776738694   0.358833497563  45.718909496457   0.164180808862   0.349941217321  -0.756442654069   1.894805444586 2.841395415473e-03 1.753251342072e-02 7.678762549854e-04   0.180234062838  -0.276878722389 1.304732328958e-02 8.072446372577e-04    4452.0   7.97  50727082
2013 JA65     39.519813542402   0.148831697306   0.170714635805   0.648012033845   1.363186347522  39.405663616537   0.135055303437   0.193403285018  39.405663616537   0.118140923627   0.192581649567   0.941399419865   1.422606919318 8.352053710950e-05 8.461349766199e-03 1.428624716752e-03  -1.802141749402  -0.396022337036 5.140374402744e-02 1.437519170858e-03     731.0   9.00  50727217
2013 JB65     39.402599574789   0.188852516398   0.412302101384   2.944362961328  -0.649945585067  39.403220137364   0.160997179083   0.424165070310  39.403220137364   0.156210822240   0.412116693540   2.713337305605  -0.633801447163 9.552887541347e-06 4.440318610329e-04 8.494130797603e-04  -1.059859108094  -0.272994863449 3.536607591652e-03 5.856467435203e-04    1508.0   8.40  50727218
2013 JC65     39.372035271177   0.294327734535   0.260747667205   2.260617777076  -0.392975897093  39.402289148177   0.258111455739   0.296326971915  39.402289148177   0.208978801961   0.291451055330   2.012407891745  -0.312623703261 3.843727635769e-05 8.312123851826e-03 2.812397505537e-03  -0.315255790634  -0.312387853659 5.994839551143e-04 4.712415068006e-03    1123.0   9.30  50727230
2013 JD65     39.369529420937   0.093667354622   0.228993006961   0.724796394354   1.696445878373  39.407287375632   0.100510145601   0.236544506197  39.407287375632   0.100322839757   0.234408908255   0.881340744618   1.697143087695 6.788403978641e-07 1.494656710628e-05 2.194319811934e-04  -2.793853305450  -0.396822487170 3.825297495881e-04 1.603603516134e-03    2249.0   8.20  50727228
2013 JE65     39.354295251668   0.278293327621   0.113103538122   1.128672053811   0.134851302195  39.402803574942   0.243804373201   0.179832563811  39.402803574942   0.199531843692   0.178509299180   0.962631569450   0.193292828856 2.860353743245e-05 1.833499514078e-02 1.574542982668e-03  -0.353026778806  -0.341028995594 2.601914125438e-03 6.963686508858e-03    1123.0   9.30  50727232
2013 JF64     55.427894240139   0.449736382504   0.125796689177   2.249591794452  -0.049892337416  55.387921260121   0.450109293850   0.123234226098  55.387921260121   0.441700033879   0.122915463034   2.098031032911  -0.041419125565 2.999692968414e-05 2.928274989719e-02 6.923404020588e-04  -0.036171100667  -0.129122854635 7.278454735766e-03 2.030055110121e-03    1122.0   9.30  50727077
2013 JF65     39.388653560976   0.176179138608   0.117704938141   2.060280151901   0.108588869727  39.403966003218   0.183205402189   0.113656153947  39.403966003218   0.183176380289   0.113484657115   2.084806698212   0.113300406633 4.031855958960e-06 2.926889580414e-04 3.032412768184e-04  -0.934892338868  -0.360020233082 2.386393602285e-03 1.504508410971e-03    1123.0   9.20  50727229
2013 JG65     39.365497966649   0.249342166263   0.252838404124   3.089196565958  -0.431337814628  39.402577624772   0.245610081360   0.253939540194  39.402577624772   0.180629416533   0.250331078571   3.118696817290  -0.383674774977 4.434796159832e-05 9.938718900079e-03 4.567532880687e-03  -0.316925770449  -0.312304271801 1.542490394993e-01 2.483686358339e-03    1123.0   9.00  50727233
2013 JH65     39.249086584085   0.286215201552   0.117302684752   1.863458466540   1.112396631860  39.403167800618   0.287921075164   0.128670436159  39.403167800618   0.249049995799   0.128299931670   1.326228351815   1.224931516727 1.375398921359e-04 2.720764943539e-02 1.293966385891e-03  -0.087554576580  -0.392106162923 1.277825915527e-02 1.292329318686e-02    1507.0   9.40  50727227
2013 JL64     56.775776672060   0.366986603939   0.460420912353   1.850706189326  -0.628959201524  56.777007020063   0.357743800166   0.466962277352  56.777007020063   0.335008472196   0.451352877115   1.587887827322  -0.626041732466 2.182314336733e-02 1.559882048049e-02 2.499071219641e-03   0.074920133100  -0.125935843445 2.384375540126e-03 7.839059229166e-04    1451.0   7.50  50727079
2013 JM65     46.779054176423   0.123801161424   0.169169947050   5.425039313432  -0.313254264180  46.787979941770   0.114359449518   0.157989629119  46.787979941771   0.114516607716   0.157466538941  -0.852877902926  -0.298823340794 2.655069321710e-06 3.417193121569e-03 2.644187379208e-03   0.270073903982  -0.288634760747 1.599053834518e-03 2.225099237689e-03    4043.0   7.21  50727286
2013 JO64    143.269962095847   0.754774279632   0.146299618182   0.524109059715   1.537706443649 358.123427755346   0.875473451564   0.138509113237 358.123427755346   0.673139248567   0.119239757524   0.751258581660   1.403024847795 1.136324520639e+02 1.858976491003e-01 9.251974752699e-02   0.003593078435  -0.005226542295 8.634638284707e-03 9.902578803107e-03    1395.0   8.20  50727206
2013 JP64     57.372875918121   0.435742537404   0.244934390964   1.285129902529   1.837037511523 -175.454024953541   0.855009631400   0.200611510683 -175.454024953541   0.791041154482   0.078291205385  -4.856007901915   1.958693111175 7.818562727925e+01 5.154433187601e-01 6.003512571657e-02  -0.002686413094  -0.309169585679 4.481901161386e-02 2.743937941105e-01    2248.0   8.50  50727207
2013 JQ64     49.050756528733   0.544857209808   0.586646884000   0.581862239094  -0.653648303990  91.641832330999   0.649557834614   0.689037366944  91.641832330999   0.555675665797   0.543990335428   0.573470142669  -0.491737394735 4.563431750483e+00 5.934437008578e-02 8.307707356163e-02  -0.002748764888  -0.028192024855 1.225611167199e-02 7.703309529655e-04    2982.0   6.33  50727209
2013 JQ65     44.256734006091   0.122101463945   0.122128969900   0.826377290287   0.506636160361  44.252882685293   0.126341695844   0.137546705548  44.252882685293   0.125850040802   0.137044871528   0.778914261438   0.479222890584 1.105879064910e-03 1.086400073759e-03 1.605607631216e-03   0.376028156479  -0.410921587679 2.412744204746e-04 1.457869468367e-03     711.0   8.20  50727278
2013 JR64     77.562083161678   0.540583081430   0.155007896820   2.456502108028   0.039744596916  77.981674482016   0.545280337456   0.148553411323  77.981674482016   0.427408270914   0.115802014320   2.801644949690  -0.209891485585 1.488898333975e+00 4.538764601845e-02 1.410319250272e-02   0.120615191363  -0.157065481897 1.863196708655e-02 1.394468321278e-02    1141.0   8.80  50727208
2013 JR65     46.199225710098   0.189402376693   0.177191633989   3.243002431967  -0.189414211067  46.200072770099   0.188706338205   0.170057027110  46.200072770099   0.188477370628   0.169290617852   3.231882644316  -0.180045626161 2.266600553645e-03 1.877312288932e-04 1.198469964944e-04   0.307603433114  -0.357038017784 9.772005608508e-05 1.167252507583e-04     731.0   7.90  50727282
2013 JS65     40.573848352859   0.021616058528   0.243037937937   0.531812209705   1.751197853472  40.570030658230   0.014460571200   0.259624475892  40.570030658230   0.013614037636   0.256618565746   0.234238806760   1.723595603426 8.009720927573e-05 5.792335616599e-04 1.247076227668e-04   0.378002463811  -0.480983791059 1.717594852971e-03 1.817653184156e-03    1145.0   8.40  50727284
2013 JT65     46.619027680995   0.197900201488   0.139123779921   6.080572143022   1.269171377514  46.629947219379   0.200683137541   0.146247853383  46.629947219379   0.200417424425   0.145658328710  -0.239729020092   1.248870671351 1.369783019298e-03 4.012861276798e-05 1.964543782978e-04   0.331084824070  -0.368648459881 9.187047956036e-04 1.423551324643e-03     683.0   8.00  50727287
2013 JX67     46.391172307577   0.128154001605   0.155705154523   1.587781213002  -0.063107505293  46.393859420504   0.129924564596   0.159465092604  46.393859420504   0.129869409564   0.158916017845   1.545830395765  -0.044719811583 2.281558059721e-03 3.423395614105e-04 3.763609919443e-04   0.279425953155  -0.309716102420 1.240241674193e-03 2.278584048596e-04    2248.0   6.70  50831202
2013 JZ64     39.420290235024   0.232653680082   0.149654437265   2.246707790448   0.196283008544  39.402892878650   0.238230665428   0.139974064162  39.402892878650   0.201433819368   0.135762537903   2.517201077767   0.012036767103 3.861813337130e-05 2.191805048225e-02 3.662140771691e-03  -0.377227672403  -0.337902410596 7.676963492461e-02 1.326960211566e-02    1395.0   9.10  50727222
2013 PS76     43.533128043976   0.141182590312   0.071431985188   3.713340309525  -2.902626352410  43.692065293545   0.157974965067   0.096283374447  43.692065293545   0.122625420389   0.087394478692   3.789765439544  -3.124380297858 2.167895950807e-02 1.423554794265e-02 8.776672587647e-03   0.679148799989  -0.520241986718 1.459098097656e-01 9.797271269159e-03    1482.0   7.50  50790091
2013 SA101    47.741762585935   0.269973712227   0.047768523242   3.663125293079  -1.138405485575  47.733905816737   0.271703764706   0.049772234017  47.733905816737   0.271541335153   0.049805166972   3.631310645488  -1.107254525081 1.074272591681e-05 9.415760930800e-04 1.248496388238e-03  -0.460416478975  -0.204342928430 2.748917673948e-03 1.873554453703e-03    2279.0   7.25  50787138
2013 SB101    43.645017764512   0.115495539129   0.008729981422   4.813310772269   0.278663139459  43.668961564136   0.114638942973   0.019893412764  43.668961564136   0.114884293595   0.017349480938  -1.849598985017   0.586223728931 8.315771953561e-06 2.104429747940e-03 5.675261599357e-05  -0.111520561737  -0.436750098399 6.495963609279e-03 2.045768887368e-06    1864.0   8.20  50787139
2013 SC101    42.648775322577   0.040226991730   0.012004600826   2.488920948319  -0.347318842242  42.652834470714   0.032337084489   0.024960717465  42.652834470714   0.030492766218   0.020213768191   1.510299196717   0.324856896383 3.049533728887e-06 2.419263534003e-05 7.161518740116e-05   0.486066832845  -0.486055161552 1.569669101407e-03 1.570562098659e-03     878.0   7.70  50787141
2013 SD101    43.340868268835   0.021280316654   0.028894061140   0.094302527857  -2.116284150898  43.340505534350   0.024809146234   0.021530089128  43.340505534350   0.023788436331   0.019156000026   0.333545773600  -2.042518177152 2.142310565473e-04 4.680293878650e-05 6.903703305420e-05   0.441446202850  -0.439098204154 1.773115372988e-06 1.514869468256e-04    1486.0   7.30  50787145
2013 SE101    44.127893216679   0.076290778495   0.013970298105   2.229349011803   2.719094426656  44.125301198822   0.080453000561   0.018008371649  44.125301198822   0.080206513939   0.015404287425  -3.321054860275   2.031723832258 2.446426208855e-03 2.211626144997e-04 1.587498581444e-04   0.416698768496  -0.417966950698 1.307597156779e-03 4.949602853884e-04    1486.0   7.70  50787148
2013 SF101    42.441418831983   0.053359768282   0.029170272392   3.561479690862  -2.308331757297  42.431182925337   0.083470268875   0.058468436100  42.431182925337   0.069186272166   0.054905515986   3.183942279865  -1.885786596501 4.861776271799e-05 1.731935716753e-02 7.582668115628e-04   0.674317085734  -0.526079109395 9.402965597464e-02 1.088161557220e-04    1486.0   7.80  50787146
2013 SG101    46.554864438575   0.055962954070   0.022458804031   2.744380289936   1.812462584095  46.533820710314   0.058046072891   0.027778906437  46.533820710314   0.058088910703   0.027540713575  -3.423446552204   1.678487482348 6.504633325839e-03 3.907856804872e-04 3.837677609203e-05   0.305459844362  -0.300557902144 1.925493675761e-04 2.184541630534e-06    1486.0   8.10  50787147
2013 SJ100    43.563970704700   0.043344264725   0.023940566339   0.926984287903   0.094972051629  43.564036718029   0.043639907191   0.026609577124  43.564036718029   0.042849109658   0.025037164288   0.679744094665   0.256574601503 6.259824192662e-06 4.838169359793e-05 5.442977652430e-05   0.443679733648  -0.430689394202 1.940567636885e-03 1.307058540144e-03    2634.0   7.60  50787135
2013 SK100    61.910536611272   0.265684674580   0.459820788266   0.267434661834  -1.635578538256  61.898324303249   0.269730632137   0.456560708475  61.898324303249   0.271344046517   0.442588261382   0.257404487275  -1.630860677782 9.499575168313e-06 1.740892647118e-03 2.902908458552e-03   0.043644485969  -0.075239568411 1.306057967965e-03 9.521587437008e-05    1487.0   7.60  50787127
2013 SL100    43.790082245131   0.059444054344   0.035432099761   4.294851957168   0.654014499988  43.787062794508   0.066492561772   0.043599492736  43.787062794508   0.065873920627   0.042814791259  -1.823111871546   0.595165220050 5.858597262340e-05 9.194082410241e-05 9.584349304086e-05   0.434244430558  -0.425238394516 1.938535247287e-03 1.916649240667e-03    4107.0   7.70  50787136
2013 SM100    45.332516201278   0.125771422649   0.002977691874   0.835926648602  -2.235518995653  45.321014417134   0.130399641499   0.013959868951  45.321014417134   0.130255947798   0.010831032306  -2.095189567118   0.728512772703 3.026833742966e-05 7.422066851676e-05 4.146031061589e-05   0.387620748954  -0.406375315583 1.933826658152e-03 1.008896340317e-03    1486.0   8.50  50787132
2013 SN100    43.633965425163   0.025538860956   0.104670375344   5.827778314792   1.561533647872  43.631743747186   0.025236390143   0.114764821402  43.631743747186   0.024589321698   0.114497134722  -0.535481458097   1.510117241014 5.392632053927e-06 3.128848294742e-05 1.140186566370e-04   0.401515226289  -0.399437265100 1.698245110961e-03 2.450923587748e-04    1865.0   8.10  50787129
2013 SO100    45.830192335936   0.144116738196   0.049456592657   4.943070632482  -2.092477129284  45.835586340306   0.136848536446   0.036385180054  45.835586340306   0.136736416121   0.035838982967   4.936336407558  -2.088718784012 1.015747799710e-04 1.552420143916e-04 9.891521996139e-04   0.363938454566  -0.371014739981 1.759170557349e-03 4.070098963427e-05    1487.0   7.60  50787130
2013 SP100    43.778034943008   0.138646861133   0.147968238702   5.091491574252  -1.735662578365  18.693916047177   0.505353023475   0.141218988296  18.693916047177   0.475066178946   0.091886036978  -1.138067621892  -1.176799409849 2.011263336550e+01 2.539335046050e-01 2.800764613529e-02   0.000675102052  -0.489775013284 3.592291103185e-01 7.866253334717e-02    1489.0   8.30  50787128
2013 SQ100    47.847137991584   0.253432639910   0.226706162469   4.959265141115  -1.650955416122  47.733408124170   0.184586044476   0.278084839222  47.733408124170   0.131273416020   0.274287195782  -1.318454810052  -1.649398208770 6.704913584243e-04 2.191785967038e-02 9.153579935287e-03  -0.442339176743  -0.197283626045 2.743611307764e-01 3.158123552430e-04    1489.0   8.00  50787126
2013 SR100    45.591204951378   0.180132548635   0.422831064090   2.723791398379  -1.633098703560  45.622243529291   0.185947625609   0.417360253969  45.622243529291   0.186341218052   0.405424542256   2.689093742397  -1.632068701340 8.339940161874e-03 7.504639272119e-04 5.664876693854e-04   0.126434041472  -0.241856309114 3.519466084139e-04 8.977584726780e-04    1486.0   7.10  50787131
2013 SS100    43.903319569428   0.083202136282   0.018040065893   3.899468298399   0.437077648245  43.895923383577   0.087364426979   0.030796289343  43.895923383577   0.086754462999   0.029253591353  -2.283365348569   0.496240942753 1.500366843296e-06 3.762833366461e-05 8.519120219475e-05   0.439098016895  -0.434420877874 5.288716165471e-04 1.716874314492e-03    2630.0   8.20  50787134
2013 ST100    40.918987780205   0.064454671528   0.252719859531   4.896037218673   1.399468758574  40.930876735317   0.069439993257   0.268501299662  40.930876735317   0.068922748858   0.265232870953  -1.308998562424   1.370596113010 2.204870472984e-03 1.566131376765e-03 2.823883823258e-04   0.350010559779  -0.464849825330 1.635174797830e-03 7.042496717158e-05    2306.0   8.28  50787125
2013 SU100    42.297263933481   0.230371381750   0.169047994361   4.169482397960  -1.665304074510  42.271095379525   0.216285383518   0.174706901736  42.271095379525   0.198933119849   0.173923687667   4.224817697831  -1.581627575282 3.594774809794e-05 8.816434973428e-03 1.225868349443e-03  -0.515335468728  -0.338457969893 2.597556040000e-03 2.307953964546e-03    1486.0   7.70  50787133
2013 SV100    43.067261233710   0.033764408588   0.020741896064   1.337792453313   1.436385763299  43.069582306294   0.036273075148   0.044202008472  43.069582306295   0.035472404037   0.043073497714   1.584168026850   1.139111930093 1.154875601993e-03 5.475661535362e-04 6.613695451736e-04   0.454825769766  -0.455544790344 6.873529571690e-04 4.037408414118e-06    1864.0   7.70  50787143
2013 SW100    42.663836544160   0.013400144468   0.020091448865   1.183634176779   2.266449097954  42.663699790810   0.015459785123   0.038948646284  42.663699790810   0.011335393449   0.037035686974  -4.079216318441   1.732913772039 9.418153937232e-05 6.309567404526e-04 1.908926152481e-04   0.468544609533  -0.479014164851 3.125860619286e-03 4.408188543768e-06    1486.0   8.20  50787144
2013 SX100    42.765281586604   0.016122079775   0.016908764068   1.656544818800  -2.200378395037  42.766196128254   0.030118698768   0.019749465561  42.766196128254   0.028604796125   0.012084329877   1.613206949684  -1.802323264772 5.587554876003e-06 3.603018167418e-05 6.031202732448e-05   0.477226057308  -0.477440194631 1.675883804324e-03 1.835987708877e-03    1486.0   7.80  50787142
2013 SY100    43.283206062682   0.163372716870   0.474407349986   4.703926183974  -1.694165601715  43.279661309354   0.164625107608   0.470962841395  43.279661309354   0.156439117298   0.454359845474  -1.349706975083  -1.694329092508 2.110868474257e-03 9.953012765794e-03 1.220368755034e-03   0.119025817054  -0.267559821824 3.779261998171e-03 1.054728076522e-04    4072.0   7.92  50787137
2013 SZ100    43.637006643438   0.070049471937   0.145202193603   3.052636218456  -1.578909750454  43.670170406876   0.082085747644   0.131848923492  43.670170406876   0.071902694731   0.131440520904   2.974476032426  -1.530035641390 8.628566324166e-04 5.115258911795e-03 2.037411917082e-03   0.480128418273  -0.414832850465 1.597353305041e-02 2.159344951316e-03    1486.0   7.90  50787140
2013 SZ99     38.283235606207   0.017157240185   0.340340713585   0.870668810949   1.392369294588  38.288109992028   0.026443306822   0.358433626937  38.288109992028   0.025802402781   0.348613468744   0.517151369365   1.358126623361 4.624911713127e-03 1.989856153706e-03 5.220157220920e-04   0.319714272362  -0.518922660256 3.216942164698e-03 1.624865228635e-03    2273.0   7.94  50775217
2013 UA17     39.454330819594   0.150360490894   0.039167912210   6.053489511459  -2.106208183495  39.406014266165   0.148705823728   0.032442610712  39.406014266165   0.148664807759   0.031480866978  -0.241896813502  -2.066944127594 2.293539375839e-06 2.162574514150e-05 3.897162523178e-05  -1.472297003463  -0.457907819480 1.534722485483e-03 1.709427356203e-03    3030.0   8.89  50787153
2013 UA18     43.028415440429   0.018241758735   0.117241073986   2.824620707913  -1.641851269650  43.027789401437   0.032715666291   0.108831904858  43.027789401437   0.031578039360   0.108538626311   2.468462260945  -1.572520186098 6.418541520779e-05 3.184651984510e-03 8.280743299007e-04   0.420239905575  -0.439087335249 1.011693469818e-03 1.120773904669e-03     857.0   7.90  50787170
2013 UB17     62.500969871786   0.286445715143   0.575143451545   5.455361993936  -1.652559039196  62.546058402664   0.391743292057   0.499132229596  62.546058402664   0.328577470341   0.421562467087  -0.951596498717  -1.701288988096 1.219679493686e-04 1.544962141294e-02 4.095890451767e-02  -0.060837968227  -0.074402924680 6.064732597827e-03 1.904141226432e-03    1480.0   7.00  50787158
2013 UB18     45.148955326425   0.033027363703   0.039641866221   4.540360151724   0.797354276983  45.147992123492   0.037215711997   0.044516353523  45.147992123492   0.037036385657   0.044213022549  -1.625763162993   0.792722787394 1.420671117553e-06 1.767937790150e-04 2.891233216228e-04   0.347521454551  -0.347521012277 1.502489648311e-06 1.989138906644e-06    3730.0   7.74  50787179
2013 UC18     42.796504037830   0.042324888029   0.038840274074   1.510713522805   1.398945243829  42.796546798557   0.047890087880   0.066856995119  42.796546798557   0.047102136701   0.065984696554   1.599843851334   1.242688015366 1.108132007007e-06 7.614712198596e-04 4.655416177646e-04   0.464927903078  -0.473995581818 1.568056823865e-05 4.064387442883e-04     828.0   8.30  50787180
2013 UD17     55.485468871875   0.396151155735   0.461437073544   6.022720557753  -1.640645421362  55.387909538843   0.333447418765   0.504374238001  55.387909538843   0.310209221287   0.483178226428  -0.328378297279  -1.821761311935 2.901057049713e-05 2.130871495515e-02 7.767820749653e-03  -0.071147990034  -0.104827615020 2.298828481874e-03 2.164448275352e-03     502.0   9.20  50787161
2013 UD18     44.964040466923   0.098495410152   0.030169794635   0.789386755683  -1.207348019734  44.960549518324   0.106374544285   0.027795514347  44.960549518324   0.106199554304   0.026816783475   0.574527312389  -0.939569252946 1.454352132993e-03 7.677073721056e-05 2.298679495539e-04   0.389733792935  -0.389790759921 5.204942721921e-05 5.429066017241e-05    3043.0   7.57  50787182
2013 UE17     43.071807867350   0.046429143088   0.015070503798   0.583426817476   3.108922049106  43.070987832129   0.051104856356   0.036523479784  43.070987832129   0.049791844855   0.034141647743  -4.086837226234   2.063030194712 1.244618284875e-04 6.035357126377e-03 1.117086625408e-02   0.453506219255  -0.462325224286 1.030697686964e-02 2.128831100510e-03     748.0   8.30  50787156
2013 UE18     45.316798700256   0.091262249345   0.041211769506   0.009921889338  -1.852114479776  45.312622148273   0.093206841983   0.034112282284  45.312622148273   0.093171688008   0.033651897720   0.015979017531  -1.825629116504 4.103168256162e-06 4.165673921183e-05 5.251640177916e-04   0.359653453492  -0.362203763001 1.810094130560e-03 5.572317105955e-04     534.0   8.20  50787183
2013 UF17     39.441389615700   0.250782726684   0.296845566508   2.526993890278   1.542239598655  39.403488719921   0.241524507591   0.318244121808  39.403488719921   0.174915404206   0.312155312371  -4.263232722427   1.473774197022 9.108862054711e-05 1.348582987567e-02 1.509457459674e-02  -0.372124450837  -0.372313954043 1.761016125150e-01 2.673863427990e-03    2661.0   8.90  50787160
2013 UF18     46.436175599612   0.196336526292   0.182461883794   4.770434574314   1.643019697027  46.395559569766   0.202097143161   0.196923331383  46.395559569766   0.201114991557   0.195694708147  -1.492908760931   1.636438207399 2.669705956832e-03 2.327795409720e-03 7.701463089270e-04   0.280956666594  -0.346777187620 3.531200942838e-03 4.273443357615e-03    2661.0   7.50  50787181
2013 UG17     43.694251426129   0.074455139056   0.131477362673   4.048015243568   1.605657458927  43.668348084928   0.098049928790   0.115167295442  43.668348084928   0.075098355170   0.114163096597  -2.194331075601   1.495499874923 7.063561855163e-04 2.152934233515e-02 2.718828840542e-02  -0.519550255799  -0.416958922276 7.009090187705e-01 7.491044191420e-03    1867.0   8.30  50787166
2013 UG18     44.771062155877   0.108623059231   0.011732824890   6.122660842204  -2.933448665415  44.772589160962   0.103950620227   0.019622885441  44.772589160962   0.103823134536   0.017886267020  -5.680266234931   2.593177786455 1.342809856734e-04 1.025881906072e-04 4.266265616323e-04   0.395405807720  -0.398974520445 8.817805017493e-04 6.578627474131e-04    2276.0   7.80  50789738
2013 UH17     47.688998805736   0.302248372421   0.157510425501   3.662346055481   1.459435598914  47.733667717334   0.224272781267   0.249517036025  47.733667717334   0.177193445853   0.232271545355  -2.884962443788   1.509006776528 2.711937004467e-04 1.542448995330e-02 2.120555134941e-02  -0.155429887123  -0.197546214418 8.938769720263e-02 2.146765861649e-03    1489.0   9.00  50787165
2013 UJ17     39.519333935771   0.184899488426   0.113037662129   0.221344428554  -1.468921209118  39.405504658308   0.183141601898   0.093501877313  39.405504658308   0.182673599015   0.093141291294   0.117292393829  -1.406355029301 6.169006355106e-05 2.006031252065e-03 6.313818716153e-03  -0.853900293657  -0.478900452618 1.297480327642e-02 2.849811129766e-03    3039.0   9.07  50787154
2013 UK17     43.655379572259   0.285987947912   0.435123735517   2.682400879350  -1.564864993597  43.666692882349   0.229627153241   0.460943066376  43.666692882349   0.208760266717   0.444643330820   3.009590886632  -1.617470100176 1.856769196926e-06 3.797433624118e-04 2.502445290953e-04  -0.234814334871  -0.234814216390 1.356055891849e-06 1.233016912189e-06    1867.0   6.80  50787157
2013 UL17     42.711849055053   0.027174344361   0.013741166079   4.722874115995  -1.473725517688  42.710884514548   0.022120326423   0.018464781983  42.710884514548   0.020057157097   0.007028284524  -2.773207542863  -0.289621371534 1.526711982153e-06 1.191653015255e-05 8.712975832809e-05   0.477381620548  -0.479115346917 1.541760529527e-03 7.017650754185e-04    1867.0   8.10  50787164
2013 UM17     42.475525966485   0.078725817197   0.222542030002   1.842350151668   1.479252932391  42.464802118894   0.068755875780   0.233633678168  42.464802118894   0.067781827163   0.231494639512  -4.343988181239   1.461162628061 2.282774499106e-05 3.594190805410e-04 1.276533968432e-05   0.366295902794  -0.408572713831 5.930511802978e-04 1.684614595752e-06    4745.0   7.85  50787162
2013 UN15     45.132772295984   0.054190681168   0.050105307492   1.576445093315   1.507221515591  45.132914521375   0.052189730958   0.059897630772  45.132914521375   0.052088631626   0.059646368120   1.628806095028   1.445556500590 1.077578434940e-06 1.209170696232e-04 1.601526572349e-04   0.347360719724  -0.349869378049 1.545808182796e-04 8.755668628335e-04    1452.0   7.30  50766586
2013 UN17     43.522763056043   0.025334848066   0.039848361824   2.255678414196  -1.433522597759  43.523541272220   0.030170248552   0.029711634735  43.523541272220   0.029401170366   0.028376031088   1.990179059799  -1.231193720920 6.414124501156e-06 1.555672982589e-05 4.528349784995e-05   0.432171242481  -0.429075544806 1.111184530161e-04 1.615668657473e-03    1867.0   7.90  50787159
2013 UO15     43.324907907799   0.048675403201   0.048898652847   3.952205742824  -1.157916150656  43.325087055421   0.038133831906   0.035041456989  43.325087055421   0.037373543359   0.033695757560   3.660946413459  -0.949079171531 1.191739896799e-05 8.285171612107e-05 7.925548009310e-05   0.443790700875  -0.441542565100 1.402470749500e-03 8.961441216011e-05    1513.0   6.80  50766588
2013 UO17     55.005663457848   0.388511162598   0.054007514920   3.856409855153   1.299172337822  72.737862434803   0.492188238640   0.086432687684  72.737862434803   0.398845634496   0.073753165435  -1.995260120331   0.733512643187 1.265093089239e+01 1.201036931333e-01 2.563267701156e-02   0.308524104118  -0.369267212478 1.156847886162e-01 5.051157020811e-02    1869.0   8.26  50787163
2013 UP15     46.612957594003   0.079034705294   0.021764851970   0.002797991016  -1.021984395073  46.606594476584   0.082598178098   0.018620854715  46.606594476584   0.082559079483   0.018187226822  -0.147580016810  -0.837283829088 1.711085075132e-06 2.430552906517e-05 3.465439144328e-05   0.312304835008  -0.305405476300 1.481996850969e-03 1.414776036118e-04    3015.0   7.54  50766583
2013 UP17     43.845704174020   0.050090507850   0.012047929198   0.522057142557  -2.830801267116  43.843683796949   0.049253535798   0.015883672168  43.843683796949   0.048865193677   0.012975175844  -4.739827329232   2.546213429912 5.427043693338e-07 2.643698717871e-05 5.872822258449e-05   0.420196221651  -0.417946647806 1.939128891323e-03 5.710579143276e-05    3315.0   7.70  50787169
2013 UQ15     42.767514368232   0.113047929849   0.473915487954   0.215031444349   1.475567204330  42.758135845142   0.119974312106   0.475602244658  42.758135845142   0.120193773815   0.457916664865   0.237435483846   1.476214915513 1.875312288817e-03 9.671347160093e-04 6.080883057427e-05   0.114294341068  -0.267685370968 1.495469234736e-03 1.264966795859e-06    4351.0   6.29  50775216
2013 UQ17     36.566218396856   0.091195530368   0.199860829367   4.910861870858  -1.651897257362 -247.531423258862   0.687218414293   0.259681226809 -247.531423258862   0.684744587385   0.098603379916  -0.287766831001  -1.513696347976 1.293632291992e+02 3.773699927626e-01 9.229927080521e-02  -0.002486362528  -0.709252716125 6.785374940186e-02 4.200441782302e-01    4109.0   8.85  50787177
2013 UR15     55.823170100147   0.719100613484   0.387753729935   2.780973996793   1.585750278456 -2075.297561024253   0.968298628698   0.397581417899 -2075.297561024253   0.967894836331   0.210185416546  -2.988678692319   1.276225974224 1.122790348480e+03 4.339362935378e-01 1.835262281471e-01  -0.003390367323  -0.002856238881 6.058355325107e-03 2.138677205981e-02    1568.0  11.10  50775207
2013 UR17     44.320312772921   0.073098462547   0.035209758553   5.902125911717   1.056705355012  44.322927605812   0.074258021392   0.041697991774  44.322927605812   0.074066842329   0.041101880953  -0.295569253875   0.974905732894 9.715711995339e-05 6.955609573720e-05 1.469709982481e-04   0.399094750231  -0.400090442389 8.273448673142e-05 8.473084298005e-04    2276.0   7.60  50787178
2013 UR22     44.010322298409   0.082403119421   0.004927005919   6.088762877605   2.184149345889  44.008067026129   0.077243008619   0.024452855568  44.008067026129   0.076900071276   0.022830324074   0.624330591938   1.242691927800 6.274245116689e-06 4.905079694189e-05 4.988022365928e-05   0.421617719813  -0.422252918643 9.970157912293e-04 4.509363993307e-04    2128.0   7.87  50831203
2013 US15     36.378827998507   0.069899509711   0.027982342814   3.684542013400   1.768947680958  36.436569802344   0.066302494242   0.023984423863  36.436569802344   0.066109462229   0.004905520375  -3.222188534164   2.298912331172 2.130655298889e-05 1.422471863450e-04 4.026722795466e-01  -6.863404271591  -1.063938747039 7.830892971632e-03 3.672002611162e-01    2276.0   7.90  50775210
2013 US17     42.557472431333   0.036874651259   0.023683174691   2.410675922216   0.256340624277  42.559869674487   0.032107455195   0.040010469353  42.559869674487   0.030009512859   0.037727505122   2.076633908340   0.396241228884 2.419774315677e-07 1.856865603206e-04 7.093989942492e-05   0.488408504339  -0.489227363892 2.059800025214e-06 7.332234773567e-04    4081.0   8.06  50787167
2013 UT17     43.026393365279   0.026420739564   0.063691369070   3.972984827130  -1.548999266482  43.026467038566   0.014638727223   0.048702363429  43.026467038566   0.011939130951   0.047684214356   3.521341246239  -1.385900391260 5.894492537383e-06 6.475521216518e-05 2.879838868164e-05   0.448398231142  -0.453186581419 2.419923822911e-03 8.448212662312e-04    1864.0   7.70  50787176
2013 UV17     39.422478890985   0.180890449685   0.024714344917   4.451159015927  -1.604762628651  39.404247198908   0.185630333039   0.017985979517  39.404247198908   0.185643416540   0.017550720566   4.323215183766  -1.454184392797 9.872718300647e-07 3.285603600363e-05 4.313333656176e-04  -0.920484193717  -0.382850885527 1.675817155755e-05 1.936281950951e-03    3010.0   8.30  50787168
2013 UW16     44.353123014195   0.073225902610   0.017130706176   1.673999280288  -1.430602742509  44.358730898838   0.079479306306   0.014066828140  44.358730898838   0.079158924037   0.010723510833   1.208298474307  -0.949273291263 3.609458982817e-05 1.453976445342e-05 2.001022098677e-04   0.406224453847  -0.404006070500 7.378608030510e-04 1.992395581418e-04    1452.0   7.30  50787150
2013 UW17     45.319539638114   0.013668505864   0.009333733791   2.034071414007  -0.984684904004  45.320130562323   0.014694075178   0.007645563786  45.320130562323   0.014272479698   0.004213333405   1.390639512602  -0.472781403368 1.750827592429e-07 4.110818324678e-04 3.427666459364e-03   0.342845459057  -0.338647857790 1.769475975823e-05 4.935079337299e-04    1489.0   7.60  50787173
2013 UW18     39.333845891851   0.202049214230   0.112282533381   4.703104692316   1.469239901162  39.405663432034   0.181860086391   0.139011873543  39.405663432034   0.155455655503   0.137624645072  -1.052959135625   1.431121377380 4.594841901050e-05 1.981674608719e-02 3.971052163713e-03  -0.888223942687  -0.504503538622 1.570767901008e-02 4.772701885859e-03    2607.0   8.50  50799716
2013 UX16     39.230275153122   0.237949221907   0.072589886208   3.849500041805  -1.592614846090  39.403962395398   0.225698922082   0.107503524303  39.403962395398   0.163997454992   0.107279732737   4.132218773232  -1.773955863638 7.961642433457e-05 1.047989653495e-02 7.591874764749e-03  -0.544156170411  -0.399010801278 6.057071584270e-02 2.786990569324e-03    1489.0   8.00  50787152
2013 UX17     39.509662670686   0.137438996251   0.054098252944   3.652831965314  -1.877626628437  39.406303625537   0.137715363662   0.048717898429  39.406303625537   0.137661439835   0.048200525961   3.607806498345  -1.831338953971 1.293907576810e-05 3.105995594265e-04 6.917067680641e-04  -1.727233124466  -0.453200865626 1.557405679130e-02 1.539094337917e-03     857.0   7.80  50787174
2013 UX18     43.596120101775   0.057269374397   0.028206554200   2.961346675947  -0.886917053326  43.603030939083   0.048928601490   0.019491211783  43.603030939083   0.047046525440   0.016965399849   2.353631285765  -0.524446058436 2.774724182303e-05 1.611847864721e-05 2.133352719326e-05   0.468590063523  -0.432053123187 9.928396126312e-04 7.470626348794e-06    2276.0   7.10  50799718
2013 UY16     44.002379419765   0.096196563930   0.033795278584   4.594178555329  -1.682853841711  44.007481492484   0.087275961267   0.018743173672  44.007481492484   0.086832904742   0.015346958931   4.381442693534  -1.504051982793 6.298783524720e-06 6.558643167376e-06 1.127132922620e-04   0.429705830651  -0.429907307233 9.346882027109e-04 5.793893314907e-04    1489.0   7.60  50787151
2013 UY17     44.323513184863   0.052990782327   0.077103023300   4.298921690006  -1.723220666799  44.323111514563   0.042929567691   0.065764529302  44.323111514563   0.042709960937   0.065546488612   4.171353592102  -1.685089726508 2.214574105531e-05 1.993141438278e-04 2.691960451623e-04   0.378046999710  -0.382823845698 3.377316320798e-04 1.917330438584e-03     857.0   7.40  50787175
2013 UZ16     44.611887310875   0.277877470803   0.194902167328   1.883508085751  -1.615150042738  59.302251341505   0.424388486633   0.278717269101  59.302251341505   0.334531271103   0.247626731702   2.565694908832  -1.319525745368 5.220421867416e+00 1.953275734273e-02 1.796701794067e-02   0.177367103627  -0.223046307752 1.046734858562e-02 5.852698116628e-03    1480.0   7.80  50787149
2013 UZ17     47.531660613421   0.176057120744   0.126054897944   6.013666631857  -1.707408919582  47.735709744830   0.140664294719   0.131393307350  47.735709744830   0.098110481251   0.128594765792  -0.707481747689  -1.731624235107 1.782081092538e-02 8.257061825585e-03 7.333536050662e-03   0.511527271795  -0.296882283710 1.595100868743e-01 4.895596251783e-03    2661.0   7.90  50787172
2014 UA229    35.027625000427   0.376074861038   0.542473827160   0.272772219948  -1.469932809346 -41.815069012486   0.957518571064   0.259687923274 -41.815069012486   0.925362272492   0.119439103141  -0.105365404942  -1.118642400434 1.894143232901e+01 7.202881646201e-01 1.038392483036e-01  -0.139344273703  -0.464729734999 1.389722995560e-01 3.667725291840e-01    1072.0  11.40  50790113
2014 UA230    55.331946268465   0.231853000583   0.226813927694   2.418056251561  -1.814876916911  55.389264605811   0.221944834786   0.234562515766  55.389264605812   0.220836080976   0.231848447503   2.287754054729  -1.740251953835 2.882272446972e-06 3.341972861786e-04 5.508118478410e-04  -0.176107016478  -0.122091349934 1.460843631541e-03 1.046340502284e-05    1478.0   6.50  50790137
2014 UB228    56.921350777923   0.329065744458   0.141712234848   0.690712733754  -2.109015625236  56.855627908804   0.333509903859   0.129599014982  56.855627908804   0.252665509962   0.128102573299   0.910519146277  -2.049791717667 4.425717537997e-05 1.054209831315e-01 5.078542077469e-03   0.129931806336  -0.184349682735 2.677442988703e-02 4.923464364506e-03    1483.0   8.00  50790092
2014 UB229    39.559360050940   0.263200603745   0.086442713376   5.231753790231  -2.287774350431  39.403335187199   0.261368978430   0.092317153769  39.403335187199   0.261266696350   0.091951061028   5.124381633180  -2.212105758681 1.414361302434e-05 5.145647457089e-04 4.507273582782e-04  -0.235014139651  -0.376387111495 2.154250840538e-03 1.985316415337e-03    1482.0   8.30  50790109
2014 UB230    49.672294418819   0.276675071212   0.209134664662   0.945546605035  -1.951322828537  49.317243647850   0.286619842369   0.197755389618  49.317243647850   0.279861266337   0.190389685936   1.208985662149  -2.298866196223 1.807541882868e-01 1.184634311388e-02 7.061044618090e-03   0.281179484663  -0.341488515293 4.862266789322e-03 3.294830650065e-03    1454.0   8.34  50790141
2014 UC228    44.954271410323   0.047462170799   0.109958564452   2.753748094748  -2.219193690438  44.957166060854   0.070456564784   0.116473095939  44.957166060854   0.070437716294   0.116338767259   2.784347606111  -2.232460252369 5.743156311914e-04 3.953732606992e-03 2.447558115138e-03   0.331832495185  -0.350843062952 1.155828152670e-03 1.809603367844e-03    1482.0   7.50  50790093
2014 UC229    45.535706087979   0.112420285889   0.087206578077   5.928017445717  -2.512255262217  45.537776674072   0.104855975622   0.076388312535  45.537776674072   0.104915529649   0.076245519066  -0.322734663242  -2.541190809957 1.728683434203e-05 3.793206984639e-04 5.920149969131e-04   0.342755635863  -0.352225296199 6.400454661850e-05 1.060561521433e-05    1482.0   8.10  50790116
2014 UC230    45.111375959106   0.119162160298   0.064811884028   0.594620991127  -3.123038611766  45.107202588629   0.114404802405   0.060758150312  45.107202588629   0.114233820939   0.060517222518  -5.588579558022   3.085828023404 1.527404948121e-04 1.322997087728e-04 4.444290006333e-04   0.380254024955  -0.382772330959 1.363269103389e-04 1.836547524576e-03    1459.0   8.10  50790142
2014 UD228    54.885857651506   0.330496179190   0.143911215896   6.164150312421   2.544359028236  54.479484862552   0.337245428667   0.157678917799  54.479484862552   0.330861182425   0.156687104326   0.154002130987   2.443948191278 4.169547759864e-02 9.330615527864e-03 4.783690953476e-03   0.236533844804  -0.258086045869 1.716814773949e-03 1.599892849969e-03    1482.0   6.10  50790090
2014 UD229    36.394624096771   0.145300200972   0.131236594485   2.095678823924  -2.107044643683  36.429118416666   0.145537054285   0.120386689245  36.429118416666   0.145086789798   0.120095965743   2.098941343062  -2.159887071735 1.521744183237e-05 1.177731894454e-04 3.591812256571e-03  -1.588320233857  -0.575788987952 1.671872918594e-02 1.441773537370e-03    3398.0   8.73  50790123
2014 UE228    57.937948836133   0.402304778620   0.170842086046   3.542574021958   2.312612658489  57.823654234451   0.397338250631   0.179358249892  57.823654234451   0.337554941317   0.177594766412  -2.873237730542   2.384106386955 2.819982500973e-05 6.948710141930e-02 7.310873289876e-04  -0.061754941720  -0.122617548597 4.830791548103e-03 3.355656131236e-03    1482.0   8.40  50790095
2014 UE229    42.917571830915   0.035276356001   0.125036847085   3.349584093528   2.466754808330  42.914152700340   0.049886571146   0.136961165208  42.914152700340   0.049461323122   0.136535328161  -2.896476432861   2.426743660675 2.596859336563e-04 1.813379584692e-04 9.607100806444e-05   0.399194335019  -0.436786890173 4.537602092527e-05 3.232822769369e-05    1482.0   7.90  50790119
2014 UF228    39.549493017139   0.220288616199   0.226025474551   0.834877978246  -1.852117381404  39.403464317995   0.249700909994   0.174573679006  39.403464317995   0.198230908285   0.173464880820   1.329963199824  -1.855110494642 4.852976951782e-05 3.379220556005e-02 1.234209175857e-02  -0.241682141883  -0.376039273409 6.297545899990e-02 3.415673667951e-03    2269.0   7.90  50790099
2014 UF229    38.153936440551   0.092453575396   0.350074604934   5.826950748122   1.996804255289  38.142381337197   0.103497203308   0.359455187061  38.142381337197   0.092306983215   0.349182037839  -0.190825456129   1.945726531751 1.754176343024e-05 1.021255779667e-02 1.930316155144e-03  -0.521386206318  -0.521397403505 2.951883990181e-04 6.415519787385e-04     850.0   8.40  50790128
2014 UG228    54.978294454860   0.311256145263   0.086261070099   2.103679478446   2.835407911453  55.013558865867   0.313273162749   0.087209679102  55.013558865867   0.300568864443   0.087130318563  -4.133719829033   2.817609721700 9.257796825770e-03 1.473703530566e-02 1.972535037535e-04   0.285047876444  -0.251074882327 8.161536755195e-03 2.322869097052e-03    1482.0   7.90  50790103
2014 UH225    38.640452025560   0.037025425216   0.522397358776   6.069066807376   1.848754206465  38.647085798463   0.035149363486   0.528020832757  38.647085798463   0.035207511980   0.504203436961  -0.130618642894   1.855594648308 7.952024292672e-04 1.412652223801e-03 4.034694577168e-04   0.137873998494  -0.347603297650 1.556838358747e-03 7.427784916172e-05    3010.0   7.45  50775212
2014 UH228    47.624735350128   0.325800190193   0.081770357577   1.413952263912   3.083825773504  47.733032818205   0.324701512664   0.096825873394  47.733032818205   0.294694098296   0.096330115969  -4.427050533187   3.003703151154 1.275600300233e-05 3.094780153604e-02 2.599913200218e-03  -0.346295919498  -0.206619474637 1.119121891765e-02 6.684521592643e-05    1482.0   9.40  50790105
2014 UH229    43.967807009385   0.073123371781   0.157553777496   2.146519073874  -2.062577436783  43.968898230093   0.071012851791   0.147196024964  43.968898230093   0.070901370985   0.146601643811   2.155061856737  -2.043961965991 2.318769837774e-06 2.096378578674e-04 1.227490837724e-04   0.348753584439  -0.385091051546 1.167428867149e-03 2.040478455480e-06     850.0   8.30  50790118
2014 UJ228    42.912797756109   0.095244760608   0.254812213124   3.943315814355   2.084211005534  42.914287272499   0.100030582550   0.262602363579  42.914287272499   0.099908792220   0.259684998201  -2.349662470163   2.081060297886 2.513463285355e-04 3.240355958215e-04 1.541090750922e-04   0.281795774966  -0.380397197934 5.128845864806e-05 1.841734086748e-06     850.0   8.40  50790094
2014 UJ229    41.381766327114   0.096015116294   0.379264664501   3.838310841139   2.066783508430  41.373888212895   0.097974851807   0.385512892179  41.373888212895   0.097989533548   0.375996596841  -2.452163044807   2.079747651722 2.121909971088e-04 1.889311124882e-04 2.138471153372e-07   0.201503413763  -0.356913907201 4.179198692182e-04 1.616386543047e-06    3047.0   8.09  50790127
2014 UK228    58.058833557985   0.353876156517   0.142759451943   1.730888904970  -1.983373661104  57.856296044520   0.349349757788   0.145168905348  57.856296044520   0.292108969354   0.140160734881   1.727555007328  -1.993398774998 4.286842138818e-02 2.584881623531e-02 3.854124134769e-03   0.288128900443  -0.212991810679 3.025444288340e-02 3.101281935588e-03    1482.0   7.54  50790100
2014 UK229    42.713936675816   0.068669120106   0.068216904354   0.795739364253  -3.057906919849  42.702878760954   0.060322779745   0.063822094021  42.702878760954   0.058953056044   0.062641508583  -5.210820995721   3.078755772747 4.160656869704e-04 1.039316284724e-04 1.368432595656e-04   0.487896182779  -0.487286544658 4.977349986810e-04 1.159185354689e-03    1483.0   8.50  50790120
2014 UK231    43.772954140703   0.065559901748   0.137469180029   3.132111638536  -2.220170092480  43.767319560450   0.073589711171   0.132876765187  43.767319560450   0.073193456914   0.132670661448   3.114683365052  -2.211034709972 2.289575226198e-05 6.885576854243e-04 3.185665354677e-04   0.393653378137  -0.401996080214 1.776897400551e-03 1.754683226864e-03     853.0   8.10  50799009
2014 UL228    46.581228295016   0.142092747932   0.113071621525   2.793146586518   2.715742394842  46.569253512183   0.154408603149   0.126469734875  46.569253512183   0.154431852192   0.125989436124  -3.467227548633   2.694985213935 3.398549379145e-04 5.354334467819e-03 6.356995648967e-03   0.309946979884  -0.331799183419 1.895865997719e-03 1.792377575987e-03    1482.0   8.10  50790098
2014 UL229    42.676708964724   0.099000341650   0.069317349550   0.378428160906   2.753820692181  42.673598903816   0.091558802560   0.087913144903  42.673598903816   0.087913568156   0.086563679513  -5.601303431799   2.517185996892 3.292087043229e-05 3.801802953855e-04 3.820095075899e-04   0.518737410025  -0.507040433389 1.941168698686e-03 1.744769281311e-04    1890.0   8.00  50790125
2014 UM228    39.309231555841   0.290820081894   0.112039047132   1.987827373850   2.926925571188  39.403464864114   0.284881848314   0.122119012862  39.403464864114   0.223043310338   0.121639466758  -4.978516461881   2.883819122250 1.450762818292e-04 2.306591610508e-01 2.434546411712e-03  -0.078051072831  -0.403518737906 2.836199515368e-02 1.715138035347e-02     850.0  10.20  50790096
2014 UM229    43.662162860716   0.133005398400   0.095419477200   2.706897010125   2.593094801959  43.669355210869   0.127596176982   0.092714327186  43.669355210869   0.112318626824   0.089998009227  -3.777276657012   2.669170438897 8.844013406238e-05 9.963803025823e-03 7.432942787230e-03  -0.538469292533  -0.392720364969 8.473654758966e-03 1.284096973371e-02    2987.0   8.53  50790122
2014 UN228    45.875461662017   0.173188242341   0.419693725680   0.881397698367  -1.617022265695  45.869188868673   0.171923090396   0.417038921791  45.869188868673   0.172289447556   0.405468892737   0.862839783918  -1.617754228752 2.913107276492e-04 1.163836397411e-03 9.714937705744e-04   0.119786216132  -0.232498137367 1.691227545001e-03 1.811676144412e-03    2245.0   7.50  50790102
2014 UO228    39.570679725035   0.123220999432   0.126829328111   5.988793787025  -1.955306897525  39.407367527681   0.116455335758   0.111447262636  39.407367527681   0.116304230834   0.110993527329  -0.374229491802  -1.944736883870 2.143370120365e-05 4.282930830292e-04 1.284019532785e-04  -2.074112176702  -0.509242376909 1.304910610599e-02 1.775996765766e-03    1482.0   9.00  50790097
2014 UO229    39.450221793529   0.161041102043   0.184783343434   6.230680928828  -1.964062910411  39.405138223206   0.153381898116   0.183487384511  39.405138223206   0.152774790981   0.182573782253  -0.129807273755  -1.937784411184 2.028536433859e-05 1.212183487263e-04 6.965922193677e-04  -1.304186147298  -0.396936995149 2.659299535281e-03 2.027759670488e-03    1483.0   8.40  50790121
2014 UO231    55.405942402256   0.236787878002   0.412577716437   4.016586685182   1.911374977612  55.384340159234   0.216116627732   0.424501201337  55.384340159234   0.206488294620   0.412017068765  -2.299443976448   1.895241571285 1.418315114205e-02 1.101862983223e-02 1.805093092570e-03   0.175430637034  -0.117539243801 4.013881711973e-03 9.979109969950e-05    1460.0   8.30  50799717
2014 UP228    42.447670092124   0.128665012645   0.079475020379   3.614435522984  -2.512035985227  42.287391078084   0.148305433895   0.128268901486  42.287391078084   0.112246471105   0.101911803345  -2.334013316499   2.890583163197 1.844598735985e-02 7.557605027734e-03 1.262523897815e-02   1.101168572789  -0.543001312220 1.226909401202e+00 2.220019007408e-02    1482.0   7.60  50790104
2014 UP229    45.665631995611   0.175100983414   0.119700747446   4.408392631177   2.375120510051  45.620968238398   0.193062316994   0.162733869144  45.620968238398   0.191520036583   0.161987377656  -1.997384602459   2.386826095816 1.290793175662e-02 2.052605374807e-03 1.095257193447e-03   0.349715113912  -0.396832465228 1.477338335294e-03 1.124770431957e-03    1478.0   7.70  50790129
2014 UQ228    43.674837089684   0.125634128621   0.098525644763   5.978088552365   2.872585858701  43.669046160416   0.032242328341   0.153486703721  43.669046160416   0.023732109116   0.153078800088  -0.075427782214   2.737990195598 1.090391440824e-04 9.300821579174e-03 2.487834127007e-03  -0.514294706392  -0.392204646367 5.895138397485e-01 4.904500406509e-03    1458.0   8.10  50790101
2014 UQ229    49.915129018966   0.779409302927   0.115530423361   0.887223337458   2.310275433028 -3230.967605346773   1.001803860743   0.194414925196 -3230.967605346773   0.006755389388   0.001223460705   1.762314621527   1.004291332346 1.050951004814e+01 7.714420228678e-01 1.214900305817e-01   0.996766758510  -3.621570976253 1.091193370701e+00 3.240452998562e+00    4123.0   9.60  50790136
2014 UR228    38.941118411399   0.098324282834   0.172937751742   2.560453973175   2.300325735234  38.968310969893   0.091208683135   0.152158678316  38.968310969893   0.081543040419   0.140385286154  -4.502185653056   2.633785415870 2.170215099618e-04 5.604922706440e-01 1.399780761052e-04   1.249052669820  -0.904018615757 4.867668928676e-03 1.771939417081e-03    1482.0   8.70  50790111
2014 US228    47.935589082997   0.325139421420   0.134309026284   5.264205857569  -2.011346882143  47.733320549971   0.272992834216   0.208446489742  47.733320549971   0.206976138941   0.183155940773  -1.601727215934  -1.516405111325 4.149894491821e-05 3.296954459065e-02 3.800305271373e-02  -0.224049161201  -0.197219346596 8.081852767540e-02 1.207179024163e-02    1458.0   7.70  50790114
2014 US229    55.264735053752   0.398129997552   0.092464400202   2.245362595908   2.729727674743  55.388948502111   0.398643252928   0.092393981511  55.388948502111   0.399276311067   0.092403216863  -4.062305035503   2.728676424595 2.435564695020e-05 7.596495191305e-03 3.132378535480e-04  -0.068130343966  -0.138341549923 1.850647987094e-03 1.745242085254e-03    3399.0   8.31  50790138
2014 UT228    48.822776789931   0.096936206886   0.087566840981   0.912087088268   3.140331668076  48.815253076934   0.095278436029   0.086726790997  48.815253076934   0.095418642557   0.086591393876  -5.343307809969   3.115555776600 2.383177731366e-06 1.598794464530e-04 9.464864649916e-05   0.230562493946  -0.237159899031 4.279925179452e-04 1.670361236945e-04    1477.0   7.30  50790108
2014 UT229    39.447308855942   0.131261888900   0.763975083529   2.524324295711   1.791471423811  39.402034262097   0.138922808574   0.762316697505  39.402034262097   0.122503000041   0.691859589426  -3.558536949472   1.794766070421 1.418408629791e-05 4.153864514946e-03 2.070845163650e-03  -0.980314684687  -0.180599614732 4.814105994092e-02 1.925561179071e-03    1103.0   8.70  50790132
2014 UU228    39.614202163692   0.296827028565   0.097905510874   2.649580217628   2.690182130070  39.403467893929   0.288726793527   0.095754599502  39.403467893929   0.260790595649   0.095460856111  -3.354857903176   2.611558132842 1.322512922504e-05 1.899801850043e-01 3.026866938308e-03  -0.022079751596  -0.417717788001 1.179466743928e-02 2.123935253428e-04    2269.0   9.70  50790115
2014 UU229    39.475206021520   0.217085688690   0.137216477366   3.010660636180   2.337245889565  39.403773843998   0.222669958828   0.131680762697  39.403773843998   0.181822122136   0.130686106189  -3.381932467459   2.276269067154 1.827887671258e-05 2.194145669368e-02 2.487188879463e-03  -0.602335827733  -0.378339995375 2.340754420477e-02 2.459776604862e-03    1269.0   9.20  50790133
2014 UV228    39.491097095927   0.228129175436   0.184971971586   6.230441023454  -1.939764888485  39.403711945026   0.217417658171   0.189448200602  39.403711945026   0.185283938892   0.188375142503  -0.590174234014  -1.853666245207 9.557254315787e-05 1.804490739890e-02 6.468909942989e-03  -0.620451098160  -0.363923728726 1.424570245930e-02 1.738295591218e-03    4094.0   8.60  50790107
2014 UV229    72.397206049314   0.498662159177   0.490054533319   3.521480166044   1.841325367636  72.196545286761   0.545678942401   0.397198310745  72.196545286761   0.464107389833   0.322377901258  -3.447597991155   2.156031459036 3.626604552918e+00 3.951119714611e-02 4.439844608675e-02   0.056606127894  -0.084363582172 9.309014939304e-03 2.505650460783e-02    1478.0   8.50  50790135
2014 UW228    36.417521415915   0.128008679099   0.105784464501   0.921990896284   2.830526834537  36.429476268335   0.134684308725   0.112595560379  36.429476268335   0.130793731829   0.111941952749  -5.180116974189   2.676535408197 4.238292273740e-05 2.237428750362e-03 4.365782398772e-03  -1.928207598950  -0.588634351120 3.649064911253e-02 2.050805292710e-03    1482.0   9.20  50790112
2014 UW229    47.716996290952   0.169977960037   0.261412093151   2.876178928971  -1.857907877159  47.734679897641   0.180587706319   0.256092609432  47.734679897641   0.180683218833   0.253561153548   2.893814067965  -1.821761509444 1.158832986538e-06 9.968558136171e-05 3.997027412829e-04  -0.629833250955  -0.197136542524 5.101217879704e-04 1.015178676500e-04    4079.0   7.03  50790131
2014 UX228    36.350009834171   0.166468464341   0.359329745883   4.513065916842  -1.558734095808  20.383344855267   0.512636259911   0.260469652075  20.383344855267   0.477724552616   0.215969010120   0.028116449776  -1.115543550491 1.353491467268e+01 2.541255032262e-01 7.503721313913e-02  -0.002400911164  -0.458146934245 3.546187999456e-01 6.280002820182e-02     850.0   7.55  50790106
2014 UY228    43.352399013765   0.052158596882   0.068058124239   1.287216375078  -2.704450626185  43.348225981857   0.056603682105   0.063609432118  43.348225981857   0.056076095745   0.062980759846   1.540321673484  -2.818966081943 3.500799859945e-05 3.508055559095e-04 3.634867518472e-04   0.439097691076  -0.442974109863 9.499319092938e-04 1.427569677957e-03    3398.0   8.01  50790117
2014 UY229    47.629766994610   0.213694494670   0.078101893342   3.679878528284  -2.455610540135  47.734508341454   0.225203363114   0.067802064132  47.734508341454   0.225124468426   0.067678644469   3.757707568207  -2.507402683698 2.169328553247e-06 6.050259142535e-05 1.952500793807e-04  -0.502496962157  -0.212510255278 2.001606727470e-06 1.125528679402e-03    1483.0   7.00  50790139
2014 UZ228    39.574389518139   0.213112775381   0.072606555431   2.280940430375  -2.908572563642  39.404594010854   0.206549516014   0.070807148287  39.404594010854   0.206249549257   0.070586453389   2.404594368871  -3.014938189437 9.097910478730e-06 1.078092854662e-04 6.921063817832e-05  -0.643468827199  -0.427332794562 3.056098553098e-04 3.996781386618e-04    2269.0   8.80  50790110
2014 UZ229    41.664560879803   0.048568600093   0.215406301007   0.804516746548   1.943950104215  41.657487397299   0.040446785414   0.228182404009  41.657487397299   0.040075581707   0.226189324575   0.727305094399   1.943798069062 2.004660489985e-04 1.364998783448e-04 1.218169965526e-04   0.364173821323  -0.448489440371 1.920826745216e-03 1.177653745229e-03     500.0   8.20  50790130
2015 GA55     62.632811688814   0.387243039672   0.309113737703   3.830452001744  -1.456249957399  62.546727581088   0.388457306662   0.305896580607  62.546727581088   0.390097466044   0.301272742401   3.689005741986  -1.431460996112 1.281666985211e-05 8.752142802812e-03 1.170982050283e-03  -0.046970039546  -0.084433952638 2.732286444805e-05 1.012410811328e-04     860.0   8.20  50831023
2015 GA56     51.377808183902   0.305607807896   0.252072134374   1.980472880486   1.582191371765  51.142756551801   0.303708707964   0.264333281475  51.142756551801   0.261087397227   0.260253183169  -4.031577428031   1.638738285422 7.204801574362e-02 2.778644912020e-02 5.688364005088e-03   0.205113639048  -0.251036906219 1.931172449758e-02 4.942789228173e-03     856.0   7.40  50831166
2015 GA57     43.895306490532   0.077982552701   0.027247072487   4.134914787403  -1.811175645676  43.895179953546   0.069480181336   0.017202150030  43.895179953546   0.069056176717   0.014061540156   3.873135142407  -1.654631290029 2.065105994420e-06 2.105411478823e-05 2.117522839511e-04   0.427108112777  -0.424871091425 2.405157271503e-04 1.324438419210e-03    3394.0   7.97  50835548
2015 GA58     41.851629335692   0.147153303322   0.300046092630   3.885170029754  -1.472058645986  41.881506937445   0.156691203992   0.292145830653  41.881506937445   0.155492568139   0.287744975534   3.865644995123  -1.435952800249 8.468218679306e-03 1.704862397361e-03 1.759928513713e-03   0.355684492020  -0.446837658617 1.897175975161e-03 5.425460256854e-04     858.0   7.40  50835579
2015 GA59     44.348637967571   0.101715273727   0.057557562151   3.841081259303  -1.290621430557  44.346741580329   0.091565107735   0.040849994385  44.346741580329   0.091266963233   0.040121741891   3.650055925900  -1.139820208203 2.187365155071e-04 2.880423134651e-05 1.280146670019e-05   0.410297181842  -0.410762228693 1.618126190530e-03 1.966257553764e-03     772.0   8.80  50835605
2015 GB55     62.100394277274   0.410734192403   0.186043037518   1.292048762700   1.565285182372  62.347272378244   0.413629808690   0.198645665770  62.347272378244   0.327577154580   0.158708304356   1.711703535784   1.005676337499 1.361384087747e-01 5.141816178278e-02 2.825508567098e-02   0.200316999982  -0.191561812240 2.389204091971e-03 1.307793794576e-03     772.0   8.50  50831024
2015 GB56     91.064172577144   0.543795360754   0.510287674911   3.362368941475  -1.455780595708  91.045791331504   0.549146723340   0.501470871233  91.045791331504   0.546437374163   0.481169653613   3.269065855433  -1.437048705918 1.464040023481e-02 1.504876963964e-03 5.210086979769e-04   0.016380261120  -0.032896802917 2.292617026032e-03 2.119212043731e-05     858.0   7.90  50831167
2015 GB57     44.156484001705   0.070988262663   0.018184633755   1.539192956466   2.227367698526  44.159604726132   0.069454066130   0.029777531097  44.159604726132   0.069232157094   0.028832869524  -4.300885167912   1.854292809355 6.238947608365e-04 3.014883770289e-05 3.021817866114e-05   0.406655027002  -0.408556567962 1.784242378115e-03 3.572643843339e-05     771.0   7.80  50835549
2015 GB58     43.982935858772   0.109740842834   0.066869416570   3.409044580137  -1.366924794569  43.979994467339   0.099045733952   0.045553068994  43.979994467339   0.098593507627   0.044617598001   3.189339776812  -1.241292861038 2.491640984914e-04 1.060028384418e-04 1.731205387518e-04   0.436040133006  -0.436751267669 6.826443071932e-04 5.885548759524e-05    3394.0   8.40  50835580
2015 GB59     42.889215470115   0.075818330522   0.066137893951   3.396517616383  -1.226784077527  42.894408577021   0.060437570542   0.042236264856  42.894408577021   0.059305533490   0.040273972640   3.033198288230  -1.011366836671 1.346803991596e-06 1.311940802741e-04 1.814850070908e-04   0.480932136699  -0.479018618467 1.784715562734e-03 4.163711952731e-05     859.0   8.40  50835604
2015 GC55     43.673676135961   0.081820349999   0.045285408556   5.123467911183   2.249547756047  43.668537629629   0.080825113522   0.057750506656  43.668537629629   0.064547423230   0.057118631256  -1.099695018323   1.996794117098 2.766820582227e-04 4.629153127568e-03 2.169750571063e-03  -0.179441504745  -0.429926925950 2.226640749630e-01 2.196164384942e-03     738.0   8.40  50831044
2015 GC56     70.389241987303   0.464337523513   0.481707555970   3.318701222091  -1.439920354123  70.362189166862   0.473941939812   0.469393280869  70.362189166862   0.389582721694   0.442790398052   3.428565163031  -1.519326623732 1.163726321458e-01 4.409479787883e-02 3.876085366970e-03   0.039902797008  -0.075116606022 1.449002392533e-02 4.021858313040e-03    2652.0   7.41  50831168
2015 GC57     44.206612595894   0.076705489683   0.029496171408   5.945262772240   2.203739867875  44.207327493929   0.074759766935   0.045751380523  44.207327493929   0.074529695941   0.045076750486  -0.225857562987   1.984404800998 1.360613960741e-04 1.714102671196e-04 2.638510913362e-04   0.402741971877  -0.406224433846 1.083067275800e-03 1.557517278509e-04     771.0   7.90  50835551
2015 GC58     44.114525954515   0.025263353860   0.025224808459   0.073520077164  -0.502834586424  44.114149485970   0.032740134874   0.022627164036  44.114149485970   0.032308859890   0.021408696648  -0.100624330498  -0.223778496166 1.467728349689e-04 4.459296609490e-05 5.730833230967e-05   0.399180024314  -0.396837589713 1.796297583182e-06 1.520823672260e-03     856.0   7.70  50835583
2015 GC59     43.389865717041   0.033716808931   0.017047340706   2.309009153957   1.420795803410  43.388953598033   0.032895281864   0.031546234694  43.388953598034   0.032139292629   0.030133721702  -3.449703524740   1.136912597022 5.555859125682e-04 1.394906805550e-04 1.951765921216e-04   0.439056372238  -0.436752261128 1.642560145162e-03 1.735389332426e-06     859.0   8.40  50835606
2015 GD55     43.561044434497   0.111868651293   0.102003065940   5.961657076684   1.848729446656  43.668139981630   0.115377668478   0.118761451833  43.668139981630   0.087838632290   0.118104166986  -0.728491772821   1.775359234912 2.569698451163e-03 9.998784916239e-03 2.051897569131e-03   0.545094671483  -0.446924890990 9.184201687961e-02 4.469172801598e-03     859.0   8.90  50831033
2015 GD56     65.046031492219   0.412406546761   0.104160903278   5.745610004417   1.468973765500  64.978455469148   0.411580587759   0.104668385360  64.978455469148   0.388145678587   0.103052911105  -0.478932800417   1.479152237382 7.868281474015e-02 3.161601155308e-02 5.237681798322e-04   0.134895581420  -0.142165332675 2.328440436250e-03 1.014860198114e-03     858.0   7.80  50831170
2015 GD57     46.319373064526   0.082606851280   0.042436050736   2.786755247945  -1.644797708345  46.323646688070   0.082478089345   0.036766342473  46.323646688070   0.082472951559   0.036533943472   2.692278939529  -1.587146168483 4.663362866296e-06 1.155466936003e-05 2.632794428107e-04   0.317129689796  -0.314655885580 1.942506988254e-03 6.050904312464e-06     771.0   7.50  50835556
2015 GD58     43.580335517843   0.080795203196   0.032649537688   3.428482039085  -0.670965599083  43.573351260060   0.068783893993   0.026623338235  43.573351260060   0.065472947343   0.024515059811   3.051765647532  -0.265811608817 3.444645466694e-04 3.396253249006e-05 1.009685100469e-04   0.492795712640  -0.443799973256 2.733840159235e-04 1.521716391906e-03     856.0   7.70  50835581
2015 GD59     44.693792203728   0.088490627212   0.042430239643   0.300397378792  -1.334342533526  44.689447299977   0.097447526508   0.040297270052  44.689447299977   0.097244207010   0.039695788324   0.234651816810  -1.188833682380 6.705250983594e-04 1.077663294612e-04 1.923632840306e-04   0.392133246421  -0.395635781909 1.321336690337e-03 1.064092960608e-03     769.0   7.30  50835607
2015 GE55     43.627390083781   0.058205610047   0.024822185691   3.647292599062  -1.880387163834  43.666988046991   0.058440451837   0.018314569515  43.666988046991   0.045953498926   0.015439505453   3.095611195911  -1.688008552580 4.914084530873e-04 4.962240335929e-03 2.153249224552e-03   0.422283949796  -0.430221461808 5.458404766208e-02 1.634727754540e-03     859.0   7.90  50831040
2015 GE56     43.092577394032   0.053131350968   0.027096497190   5.541961622700  -3.126382045575  43.094245033246   0.046389764440   0.038236818810  43.094245033246   0.045604538765   0.036773076759  -0.506582042559   2.729735884267 1.315489355154e-05 1.676471605021e-05 5.498590793578e-06   0.460211708742  -0.460023973223 1.633978902242e-05 2.061522841815e-04     507.0   8.60  50835542
2015 GE57     42.951354566916   0.016274227199   0.051341739644   4.494797291847  -2.046025916831  42.952514275198   0.012094226413   0.041038983167  42.952514275198   0.007417415355   0.039726335291   3.961344806626  -2.015890224513 1.154404135903e-06 2.441167171261e-04 2.170841624206e-05   0.453523903404  -0.458025487558 1.793774801585e-03 1.939195189290e-03     827.0   8.10  50835555
2015 GE58     42.785841596364   0.030362578131   0.039926382707   4.157259747054  -0.836070957339  42.786789386783   0.028713550115   0.033137587011  42.786789386783   0.027234764127   0.030793108043  -2.362823229485  -0.516021850682 5.149260684466e-06 2.659820124134e-04 2.070526279295e-04   0.471970888474  -0.474319929800 9.809250750710e-04 5.166978641545e-06     856.0   8.40  50835582
2015 GE59     43.170142754343   0.031860536535   0.221093799590   4.780513348961   1.687575346128  43.169977802607   0.034592984254   0.229605548065  43.169977802607   0.034468919339   0.227654602167  -1.483168275226   1.683479395707 3.440785926524e-06 3.893513394482e-06 5.530070900739e-05   0.291166613926  -0.370998651712 1.313679954945e-06 5.421650912938e-06     859.0   8.00  50835608
2015 GF54     39.325192880937   0.275955180670   0.190518154523   4.218527304788   1.773549685383  39.403258385449   0.235462053494   0.235628706246  39.403258385449   0.170252937330   0.233690661140  -2.665842334958   1.714084523825 3.767161533604e-06 1.516048607075e-02 9.185959354392e-04  -0.549356651244  -0.347468066336 8.526108565300e-02 4.147433481488e-05     768.0   8.50  50830921
2015 GF55     43.606570509063   0.247361485353   0.098806003836   5.366343079092   1.927638824086  43.668723023771   0.154356576660   0.198713119250  43.668723023771   0.140059835173   0.197088687415  -0.597057922186   1.744837997655 8.151405716376e-05 6.997578284748e-03 7.798355153063e-03  -0.341227378420  -0.344347109635 4.306144293837e-03 2.059754869325e-03     773.0   9.20  50831038
2015 GF56     42.681092761502   0.010508909169   0.035868619590   4.430634467554  -2.230325813289  42.682187194604   0.014861118995   0.030681715867  42.682187194604   0.010650619909   0.027951487700   3.758817697059  -2.328064024407 1.567058227250e-06 3.217693575729e-04 3.972800865670e-05   0.471875867568  -0.479008882376 1.341843959463e-03 9.609804344018e-06     771.0   8.10  50835534
2015 GF57     46.678480736405   0.161417306196   0.031843117065   5.625596173922  -2.682444313225  46.682201994180   0.156198956422   0.028523193607  46.682201994180   0.156152704114   0.027994880065   5.709980950147  -2.772942683324 2.395436336326e-05 2.793628087712e-05 6.978162647701e-04   0.354656613206  -0.352219121759 1.928225796944e-03 2.050570186537e-05     827.0   8.30  50835560
2015 GF58     43.951672421994   0.082274410557   0.031466831970   2.873153483009  -0.782687681144  43.949274462401   0.078895503790   0.024273160315  43.949274462401   0.078657903221   0.022397126439   2.508283015192  -0.478224336359 1.373190911573e-04 6.590898824305e-04 2.121081021656e-03   0.422995751491  -0.427047919016 1.448000965180e-03 5.218414334123e-04    3394.0   7.60  50835584
2015 GF59     42.995687508035   0.070053886718   0.025705709349   3.605303532401  -1.258076675919  42.998417521121   0.058511734811   0.018225039279  42.998417521121   0.057432961236   0.007446221221   2.864524152209  -0.660607778808 2.937038871404e-06 4.895754910636e-05 9.706038635185e-05   0.479047495193  -0.497560837428 2.778033371346e-05 1.533520927158e-03     506.0   8.00  50835611
2015 GG54     39.504493476625   0.262680428829   0.019288168948   3.076179784840  -2.562987603422  39.403795664607   0.261952350545   0.020390336393  39.403795664607   0.261024327140   0.019928995005   3.214690594708  -2.656631454995 4.368952044094e-05 5.285457771787e-03 9.457245486386e-04  -0.195292873095  -0.419878335944 2.316411534208e-03 5.451298073077e-03     771.0   9.30  50830920
2015 GG55     43.522742836819   0.162087397599   0.028010634110   0.509309298539   0.763297952254  43.668037477336   0.172319298343   0.085154743602  43.668037477336   0.142615101238   0.073071721537   0.130193236943   1.219298976568 9.195600958316e-04 1.179110586478e-02 2.052865893727e-02  -0.226934451655  -0.428465854641 1.593696451148e-01 2.817198628077e-02     856.0   9.10  50831034
2015 GG56     43.516398274119   0.086527226155   0.062558647285   2.346239802081  -1.828671023019  43.518854189490   0.103225285245   0.053203912297  43.518854189490   0.091247502892   0.051229021168   1.942260497835  -1.511046441341 2.232637969821e-05 1.775164261101e-04 2.287439994666e-04   0.540282768637  -0.476649771932 9.377651730363e-04 1.683586667383e-03    2273.0   7.99  50835533
2015 GG57     44.040736080664   0.062461907235   0.025976609255   2.169304408671   2.349803946768  44.041519388612   0.064498881221   0.033029912649  44.041519388612   0.064261661912   0.032180423109  -3.658051488351   2.033259654705 2.717288823888e-04 3.498961998740e-05 3.013031829357e-05   0.410916495745  -0.411042491223 1.393411824181e-03 1.911018277804e-03     771.0   7.60  50835559
2015 GG58     44.163265601376   0.065709193167   0.013544283029   5.940832003158  -1.235574856899  44.165792402744   0.071431541567   0.013385822189  44.165792402744   0.071171968660   0.008998441437  -0.819301216951  -0.621426947683 2.502863368823e-04 4.337341528284e-05 6.673798716595e-05   0.410920434555  -0.411154545492 8.596499766091e-04 4.370006051629e-04     417.0   8.00  50835588
2015 GG59     46.785908589798   0.163631674405   0.121474396398   1.712976149780  -1.287406313539  46.800996052571   0.177080453512   0.132310574257  46.800996052571   0.177062307318   0.132167955519   1.702327592755  -1.265328032046 4.667295457807e-04 1.783682066909e-03 2.412107104006e-03   0.323946504574  -0.341852304696 1.425358209105e-04 2.673260635565e-03     772.0   8.40  50835609
2015 GH54     39.375027615114   0.259361324333   0.312942215247   3.512128027379  -1.539599520575  39.402917229470   0.236822527570   0.329899371819  39.402917229470   0.179720019600   0.323749279873   3.520078785081  -1.552670229807 7.867841579468e-05 9.558717400330e-03 4.479166924131e-03  -0.328355626975  -0.326830293293 1.263067786310e-01 3.902284125639e-03     506.0   9.70  50830922
2015 GH55     43.769851624575   0.118891099571   0.066379619205   2.643773775905  -1.250106509813  43.671701167581   0.092559603483   0.034519318783  43.671701167581   0.057610707029   0.032260765734   2.520994236700  -1.061700480876 3.745012600717e-03 2.929863603085e-01 3.948515497580e-03   0.550788264005  -0.460330229371 8.327891932370e-02 6.305808162609e-03     771.0   8.80  50831046
2015 GH56     46.177201865585   0.233701314675   0.656385379652   4.327896661265   1.675077362238  46.190680883949   0.227610957018   0.659480345021  46.190680883949   0.227596273822   0.613435687087  -1.958446043268   1.673965306582 5.808156248936e-04 1.390079478020e-04 7.337071505124e-04   0.018784827414  -0.159683655576 1.875637844625e-07 1.032423148795e-05     856.0   7.50  50835535
2015 GH57     42.841630991374   0.020234526948   0.013697471499   2.460403001873   2.110670954382  42.842724998513   0.026003579787   0.029785095306  42.842724998513   0.024530898676   0.027293911845  -2.770410713086   1.421674486992 2.476048314433e-04 1.067355334695e-04 2.140852600160e-04   0.468337960999  -0.469642069954 1.193858748587e-03 9.804898524424e-06     771.0   8.40  50835561
2015 GH58     43.498885733182   0.029059627912   0.017462679498   2.922985896285  -1.148368885508  43.500344391819   0.024194043425   0.013160553432  43.500344391819   0.023227238827   0.005298363315   2.085102839423  -0.577672746884 1.265547898963e-04 1.055519170324e-05 1.135156851273e-04   0.434404543380  -0.429709233390 1.366006026774e-03 1.846507929565e-03     821.0   7.60  50835585
2015 GH59     43.353104502891   0.045906711409   0.076831256804   4.223323576829  -1.140945934222  43.354025961187   0.037331501606   0.064118210343  43.354025961187   0.036711004022   0.063511317096   4.112736686427  -1.027436128050 4.749172429206e-05 2.151285905308e-04 1.006580897817e-04   0.429698488450  -0.434402597107 1.547933171559e-03 1.065960211131e-03     772.0   8.40  50835612
2015 GJ54     39.205625940796   0.200157073686   0.331580819237   0.662429670664  -1.519059871386  39.403552202487   0.208431250429   0.321692902623  39.403552202487   0.179406141970   0.316547887733   0.901691844876  -1.571169850819 1.137281914123e-04 1.562653899982e-02 5.404124443368e-03  -0.593334163147  -0.347521851423 1.526053147447e-02 2.118925427959e-03     771.0   7.70  50830924
2015 GJ55     43.792447946790   0.170499540158   0.059015677925   2.678228106497  -1.441136583643  43.836966217211   0.175332851825   0.061566393086  43.836966217211   0.148790170720   0.051948561488   2.684662024848  -2.141361943366 1.628841044270e-01 8.518581699494e-02 1.384328394395e-02  -0.091343092804  -0.478957973126 2.191001775217e-01 1.247250925139e-02     772.0   8.30  50831035
2015 GJ56     43.811057237822   0.068015387427   0.057924679493   4.730323561173  -1.601440484070  43.816593945034   0.059302360253   0.043503432469  43.816593945034   0.058900164709   0.042684779654   4.617360597534  -1.492147398860 2.265973243448e-04 1.031845762113e-04 2.106954067533e-05   0.420401808152  -0.420313216358 1.939497734293e-03 7.102051001942e-05     855.0   8.20  50835539
2015 GJ57     43.323972095124   0.031211665837   0.012011158100   2.289068286947  -2.158016018073  43.322933896503   0.040169863024   0.015887521470  43.322933896503   0.039393462289   0.009980561691   1.509387637176  -1.274885898572 6.661988977772e-05 2.639975164022e-05 1.022221307692e-04   0.448494066419  -0.445451126036 1.425314877171e-03 8.920134509450e-04    3394.0   7.69  50835562
2015 GJ58     45.313453104190   0.119050082637   0.048718026035   4.250345652412  -1.293771263684  45.316727700830   0.112309836700   0.035592653910  45.316727700830   0.112223214724   0.035044200603   4.107368201415  -1.156359216443 1.144974604769e-06 7.245058884682e-05 6.048413565345e-04   0.370862655386  -0.375678075695 1.351786589321e-04 6.305812847555e-05     821.0   8.30  50835586
2015 GJ59     45.084345784231   0.044279505660   0.064542190540   2.552676379114   1.349025233487  45.086309412519   0.045450863524   0.072832871574  45.086309412519   0.045328162930   0.072610111097  -3.618929976269   1.298528118269 2.476354228408e-06 1.451192219038e-04 1.737366998240e-04   0.342823276161  -0.347521472357 2.602325377815e-06 1.580029591374e-06     772.0   8.10  50835610
2015 GK54     39.503067942137   0.313409541838   0.536890544955   0.955671991437   1.741379067849 188.107511475543   0.632889967148   0.346706820864 188.107511475543   0.592009363235   0.286972757795   1.585375531503   1.543994491862 1.137961827326e+02 2.089278863804e-01 1.171703427846e-01   0.004499470418  -0.255248617813 4.834773184934e-03 1.006909578200e-01    3310.0   8.79  50830923
2015 GK55     43.688085171809   0.263892181441   0.478078666029   0.669790190249   1.666169671521  43.666520064845   0.232320776313   0.489851456769  43.666520064845   0.204935754493   0.470060134998   0.265358150699   1.710848928546 3.263149635246e-06 1.128756792180e-03 1.947623426166e-04  -0.225419304073  -0.225419309465 1.000872688575e-06 1.017948827009e-06     772.0   9.30  50831041
2015 GK56     44.534873739975   0.107333072753   0.038774268403   1.839170250960   2.034168020102  44.549293806571   0.108304339491   0.049979188808  44.549293806571   0.104501484275   0.049268272569  -4.037283311198   1.791268514876 3.213483771850e-04 2.133456913943e-04 1.889834197113e-05   0.464907740965  -0.413293701330 8.194441694501e-04 2.057387900101e-05    2276.0   7.71  50835537
2015 GK57     44.030204305549   0.094717859589   0.033145228570   3.381954017432  -1.643220847477  44.028251802019   0.089364315568   0.022157869971  44.028251802019   0.088941094838   0.019793085340   3.046585975362  -1.398080472521 5.837298275994e-05 5.427028971402e-06 5.135569184536e-05   0.429700191763  -0.429751710234 1.500521461809e-03 9.541596287010e-04     859.0   8.80  50835563
2015 GK58     44.085482129994   0.092265953571   0.095485895786   4.438962152892   1.647547675271  44.082591410109   0.110673651291   0.119060194868  44.082591410109   0.110400636934   0.118630607124  -1.795039147552   1.623557437391 1.703417753363e-05 1.580139675380e-03 1.517425142204e-03   0.389780074009  -0.415405860071 3.239391734311e-05 2.365076686763e-03     821.0   7.90  50835587
2015 GL54     39.510470987916   0.237950736117   0.007408933658   0.438023823179   2.557442298552  39.403953595589   0.239057183527   0.016239717030  39.403953595589   0.238928406700   0.015157618665   1.124978384365   1.908202098066 8.582805899323e-06 2.141875863891e-04 2.973944950930e-04  -0.371097510197  -0.398860309945 1.223919317616e-04 2.050439780329e-03     771.0   8.50  50830929
2015 GL55     43.665173708961   0.052811344705   0.188750414118   3.132071287820  -1.330763116230  43.669103993390   0.048528097210   0.183640593522  43.669103993390   0.037874259969   0.183000737830   2.166984342123  -1.234779317014 4.786604488629e-04 1.403264754328e-02 4.920378730223e-03   0.415300816827  -0.370047099680 5.109927736585e-01 3.854561234094e-03    3394.0   7.58  50831042
2015 GL56     40.060053208619   0.083709110796   0.307564152483   4.342559380431  -1.514892275348  41.384824169132   0.154160075567   0.269944918130  41.384824169132   0.139522487111   0.244314130941  -1.500558178098  -1.615377543855 1.095656859225e+00 3.883253790464e-02 3.706593188419e-02   0.429270877955  -0.506795119120 2.432720847405e-02 2.866403621614e-02    2276.0   7.72  50835536
2015 GL57     43.110124665544   0.015068846076   0.020732592294   3.376559446107  -2.247805780834  43.112039456514   0.020426048648   0.019889047189  43.112039456514   0.018939761325   0.016446329527   3.280908121373  -2.391875260778 3.874457584275e-04 2.327340638181e-04 7.207047535958e-05   0.453192245354  -0.453132156683 1.445539607387e-03 1.884290172157e-03    3394.0   8.03  50835565
2015 GL58     44.367910377319   0.059100866335   0.015923566148   0.943140953224   1.367164634509  44.372715103180   0.054042792209   0.029152289540  44.372715103180   0.053826830028   0.028310879540   0.972906462913   1.217423626612 7.966128803825e-04 3.787821396812e-05 2.348648803644e-04   0.390366612003  -0.389787630075 5.535105009638e-04 3.296565281830e-06     821.0   7.80  50835589
2015 GM54     39.540491921561   0.234298925871   0.165861314906   4.380349101786   1.884704326299  39.403597679840   0.235304002074   0.162170797671  39.403597679840   0.225481872307   0.161511388769  -1.536640959975   1.925594730887 1.723225613112e-05 3.666750973813e-03 1.331113794118e-03  -0.399838224746  -0.399803883666 1.725948405657e-03 1.739566808100e-03     772.0   8.20  50830925
2015 GM55     55.426271366522   0.436636638957   0.153973473732   2.901132763591  -1.526025919213  55.388443141018   0.435526065848   0.157423528091  55.388443141018   0.418679342040   0.156947777079   3.020754016895  -1.530190384310 9.713997559328e-06 1.525823035924e-02 2.415002294973e-04  -0.037605922801  -0.136209247665 2.665670213643e-05 1.487752794987e-05     773.0   9.40  50831062
2015 GM56     43.810169719484   0.048958535534   0.025108183815   0.534074634927   1.690474883990  43.811512705016   0.044649425836   0.040687977099  43.811512705016   0.044251105975   0.039920925536   0.601586923637   1.484540860222 3.144915207825e-05 5.229660607446e-05 6.641253599660e-05   0.414347172804  -0.415603861372 1.035384302145e-03 1.603677234702e-03     771.0   8.20  50835538
2015 GM57     44.035537860117   0.068790915715   0.047625898555   4.559406781304  -1.518895961154  44.041000110938   0.060743286071   0.034103323555  44.041000110938   0.060416985394   0.033190666527   4.375590081107  -1.392217776565 5.184101964281e-04 7.490553446700e-05 1.122512131886e-04   0.408572504461  -0.409859807485 1.785270155291e-06 1.203824790449e-03     859.0   8.40  50835564
2015 GM58     43.773539513711   0.054625930403   0.023914396466   3.726690387488  -0.572682436748  43.778664127698   0.049629207866   0.022431929929  43.778664127698   0.049109590896   0.020676538602   3.366973181570  -0.250014875618 5.254096330560e-06 9.202552150364e-06 4.597297389252e-05   0.425009469883  -0.420346489991 8.360078088027e-04 1.823992301266e-03    3392.0   7.80  50835590
2015 GN54     39.553122233495   0.168055217725   0.028738202666   0.950393118507   2.362542009673  39.406502856568   0.166474761971   0.063830445562  39.406502856568   0.164129792391   0.060347920959  -4.916530951534   2.082435144564 1.356908017947e-05 4.952752390158e-04 1.032186282858e-03  -0.955302578352  -0.570245625414 1.661423737399e-03 1.823499099184e-03     859.0   8.80  50830926
2015 GN55     55.310902683416   0.413415636004   0.143618182829   2.683782326336   1.604440923119  55.388198469163   0.412727550521   0.146669107647  55.388198469163   0.411861280845   0.146066134544  -3.610848883811   1.609141550241 1.546545168429e-05 8.480056957774e-03 5.665948153499e-04  -0.077630573218  -0.122098868141 2.013873950122e-03 1.091668126967e-05    3727.0   6.07  50831073
2015 GN56     42.653227850377   0.046179705538   0.039290417090   3.393823638729  -1.507452336861  42.655795546309   0.038106118556   0.024048589305  42.655795546309   0.036289479493   0.018483563348   2.729673870982  -1.155053010672 4.421474507177e-06 9.595023560157e-05 2.202967112027e-04   0.490760368652  -0.488189037062 1.410479787980e-03 3.142620057693e-04     771.0   8.60  50835540
2015 GN57     44.933746517634   0.045296266817   0.011826322071   3.930080346060  -2.396554683318  44.935200225205   0.043201145993   0.012495629379  44.935200225205   0.043029513555   0.010995916644   3.980170871602  -2.529323395835 7.893669881457e-06 1.764190194044e-04 1.557655285777e-03   0.363840028900  -0.360236789838 1.940056769286e-03 1.319165257918e-03     859.0   8.20  50835566
2015 GN58     46.063461912475   0.104985988706   0.027702525174   4.321536776978   0.517291176940  46.062389837215   0.108562055520   0.032757823720  46.062389837215   0.108485699367   0.032431433790  -1.936686318097   0.542865219045 7.208974404896e-06 8.111926822196e-05 3.441606681394e-04   0.338128939270  -0.338263725869 1.554094168367e-06 1.252413860405e-04     506.0   7.30  50835596
2015 GO54     39.223249305374   0.273289006727   0.173225570086   4.954954381863  -1.468510987851  39.403663032137   0.274106652917   0.171437793358  39.403663032137   0.229874659459   0.170590751005  -1.514374604350  -1.489348363072 6.232373316674e-05 3.489434732588e-02 8.693444709663e-04  -0.109807747240  -0.411353615673 2.971114552821e-02 1.346461188159e-02     859.0   8.60  50830927
2015 GO55     42.395662361313   0.121437553734   0.136500845211   4.047030759433  -1.295593057725  42.274429070292   0.094189325893   0.109015818738  42.274429070292   0.069187443501   0.103616236508   3.824221749083  -1.238332861032 2.796771729549e-03 7.172205108905e-03 1.332332636797e-02   0.323034442409  -0.531283566704 8.219285484463e-01 9.900348269177e-03     853.0   8.30  50831074
2015 GO56     46.610604100960   0.061720929730   0.189465250024   2.458558897970  -1.576300655207  46.614269449749   0.060942639962   0.184487187683  46.614269449749   0.061090299498   0.183561935834   2.455485105590  -1.568553941241 3.996136662622e-06 4.578377692204e-04 2.185942644599e-04   0.243758072793  -0.270037106067 4.309560272309e-04 1.401438858209e-03    5847.0   8.06  50835541
2015 GO57     43.187293561370   0.037334494179   0.017256108543   2.207215637533   2.385576715147  43.188538220778   0.041934359423   0.028873049184  43.188538220778   0.041210914255   0.026951894648  -3.332689411138   1.810669949996 5.668501154099e-05 5.278981079212e-05 8.818647674674e-05   0.454578341283  -0.453183742093 9.100700295889e-04 1.053754159637e-03    3394.0   7.56  50835568
2015 GO58     44.271084916068   0.044611889495   0.061718148810   5.612901949790   1.281645211947  44.266358750401   0.044355146038   0.068780332455  44.266358750401   0.044159271311   0.068525267394  -0.572244777387   1.215263968246 4.359528864072e-04 4.133773774739e-04 1.720868946756e-04   0.380296714002  -0.385476854306 8.623188487358e-05 3.659894369803e-04     741.0   8.10  50835591
2015 GP54     39.384715475620   0.294616750494   0.184855989805   1.847173726525  -1.439996859035  39.403317469691   0.291909448861   0.179181171764  39.403317469691   0.231350686452   0.177983218339   1.565160107915  -1.503300140889 2.715695818524e-05 2.171374672685e-01 3.064870247187e-03  -0.014091529735  -0.406810473636 1.951487251944e-02 3.004226398229e-03     860.0   8.80  50830928
2015 GP55     36.389919249220   0.119393618961   0.184078008941   2.679643032331   1.753252873024  36.429884553093   0.113708326697   0.214199882255  36.429884553093   0.112902644758   0.211706202533  -3.706172313853   1.741502638022 1.358207514822e-05 3.388176687811e-04 3.097244581401e-04  -2.507909461588  -0.565941569186 1.829255046621e-02 1.819883712731e-03    2689.0   8.45  50831106
2015 GP56     41.732357821143   0.171089421438   0.529829045455   5.209442449882   1.701681791458  41.755858779083   0.184310747560   0.529910093195  41.755858779083   0.158273821922   0.505806899992  -1.339933565000   1.672267209528 1.389950833969e-02 6.583605424710e-03 3.050506049299e-03   0.110291781521  -0.281069118225 3.916592108888e-03 3.091838066498e-03     821.0   9.00  50835545
2015 GP57     45.272562212311   0.170200952830   0.075508858395   4.131666819544  -1.669759079911  45.221407592123   0.153546399424   0.040856482771  45.221407592123   0.153019463271   0.039650951547   3.989280324944  -1.610553780689 1.186337882694e-03 3.178515722459e-04 1.690593486130e-03   0.415616948274  -0.423114427395 7.022678271908e-04 6.338153561284e-04     860.0   9.00  50835567
2015 GP58     44.036423008436   0.072189799965   0.033335416879   0.070447234999  -1.456052180325  44.038771095465   0.080564676326   0.028679143943  44.038771095465   0.080210964111   0.027280893833  -0.092478485421  -1.240782805080 1.309320318564e-03 5.519054437640e-05 6.171067660097e-05   0.420316689380  -0.422058301210 1.405477458992e-03 6.252779402798e-04     771.0   7.10  50835592
2015 GQ54     39.372085448540   0.177581944845   0.186294658171   3.823820509542   1.612851051415  39.404004534730   0.172281006009   0.191156478440  39.404004534730   0.171938674027   0.190081579710  -2.403491204532   1.600336135840 5.684641448346e-06 5.931620608687e-05 1.295972024392e-04  -1.049578301274  -0.346945099834 1.903450852987e-03 5.522289207136e-04     891.0   8.00  50830932
2015 GQ55     42.825688662895   0.096685029498   0.363263758878   1.749490275577   1.683100239349  42.830753139929   0.091700318218   0.369606231323  42.830753139929   0.079783673139   0.361254858705  -4.615668190690   1.685238188344 1.868234987577e-03 4.737239045869e-03 1.744031612535e-04   0.184619847903  -0.314648060544 5.808471334546e-03 3.685731613659e-06     858.0   8.10  50831110
2015 GQ56     42.986569542132   0.104585767590   0.314271334930   5.919731516691  -1.531725482350  43.010501898514   0.108210239941   0.306766926947  43.010501898514   0.108222693667   0.302211015084  -0.326321621745  -1.527092958681 2.082305792259e-03 2.879920237573e-04 2.257304172924e-04   0.244501287769  -0.349987462657 6.758997300604e-04 1.922708592749e-03    2223.0   7.37  50835543
2015 GQ57     44.994842736289   0.108568552679   0.012101311123   6.015373778691   2.900066374055  45.003709733859   0.102755229693   0.021961427739  45.003709733859   0.102378986293   0.020860565656   0.326687598567   2.262511422353 3.006438115137e-04 5.700651178511e-05 1.103036895407e-03   0.394499088694  -0.385113949281 1.176984928972e-05 2.512764881820e-05     856.0   8.40  50835570
2015 GQ58     45.642095459210   0.127174716091   0.008795950884   4.235568661461   0.074939757564  45.649207243107   0.129956377259   0.020749622253  45.649207243107   0.129926723072   0.019546846282  -2.349235976438   0.394383027874 4.108395754975e-04 2.100092635678e-05 1.118095136086e-03   0.370433349602  -0.375620775976 5.477332178416e-04 6.951507980080e-04     821.0   7.60  50835601
2015 GR54     39.277134842835   0.224534219722   0.167395190529   3.870575730282  -1.396226085761  39.404104371825   0.248234140377   0.116313719631  39.404104371825   0.237930801622   0.115666217006   4.131363124763  -1.450758865815 9.295768681059e-05 1.624115397925e-02 9.827276651072e-03  -0.229472144296  -0.428975175238 5.517976000458e-03 9.550378385118e-03     771.0   8.60  50830931
2015 GR55     38.570410769474   0.097788206677   0.412792281758   4.228283362531   1.662009059954  38.595415714041   0.102479100549   0.423584354833  38.595415714041   0.068414899534   0.411186793828  -1.815865103086   1.686780802440 5.565605291678e-03 1.807384419450e-01 5.980497399896e-04   0.268185033465  -0.444655989459 1.777171711465e-01 3.300316358435e-03     829.0   8.80  50831111
2015 GR56     44.143128812488   0.033742406223   0.028350261898   1.792434155951  -2.331594391717  44.141696143838   0.041607427043   0.025281037713  44.141696143839   0.041254311120   0.024251449887   1.969327132086  -2.400491302910 4.730100764740e-06 3.055335664928e-05 5.263481682848e-05   0.399180026362  -0.397896287307 1.784515757565e-06 1.235901249700e-03     771.0   7.60  50835544
2015 GR57     43.953440145035   0.056092315339   0.026235371422   1.813648335414  -1.984665792462  43.949296235435   0.071317031165   0.025679410126  43.949296235435   0.071047279551   0.024261252278   1.824344371211  -1.915709435400 3.395419040176e-04 1.777760380039e-03 8.950218011365e-04   0.420510689606  -0.422116167484 2.331809756831e-03 1.142477100882e-03     859.0   7.60  50835572
2015 GR58     44.005283808363   0.081116140907   0.017349056328   2.801190013377  -0.882618110641  44.002593268993   0.074449972200   0.013722021057  44.002593268993   0.074098676595   0.008008193142   2.220230318094  -0.374816999647 3.629388130978e-04 5.957447724318e-05 5.637961805402e-05   0.422626978613  -0.424209915526 3.445343938531e-05 8.423715705343e-03     506.0   8.80  50835600
2015 GS54     39.604823633868   0.237699497587   0.041273562216   0.386779846058   0.890014223629  39.404937733812   0.236547199805   0.052875552475  39.404937733812   0.228256394735   0.052109765973   0.685934750392   0.824587674418 3.799579676770e-05 7.008818051968e-03 9.847253357067e-04  -0.302448500562  -0.486417461264 2.432322408200e-03 2.883292793877e-03    3752.0   8.53  50830933
2015 GS55     44.146541338301   0.194806573148   0.434351502116   0.781446769731   1.635113791452  61.328810634134   0.379576560336   0.379054495465  61.328810634134   0.322647323252   0.308119979080   0.772837724851   1.865723413507 1.397753072165e+01 1.064800066956e-01 6.547790680779e-02   0.128890384966  -0.271033243936 5.747184585692e-02 3.581691009610e-02    2652.0   7.26  50831112
2015 GS56     43.232929367795   0.018639160259   0.017475815291   0.783457000591  -3.027191533492  43.233973058411   0.020093196073   0.023031407621  43.233973058411   0.018782542897   0.020754009918  -4.524191407657   2.597545472549 6.953224002090e-07 3.206373736856e-05 1.408006083940e-05   0.446142280614  -0.443928696620 1.187265070974e-06 1.942845557027e-03     858.0   7.90  50835546
2015 GS57     43.985233821163   0.043525790895   0.010074545962   5.853827219658  -1.281153877164  43.986282972666   0.048136906844   0.011644863148  43.986282972666   0.047776490487   0.004895458317  -1.181036898155  -0.416973842022 7.560888029654e-05 7.044276682370e-06 1.300868148645e-04   0.410921596881  -0.410442221249 1.151074576743e-03 1.311658430822e-04    2625.0   7.89  50835569
2015 GS58     43.264481677328   0.064580362677   0.005312445952   5.567908228767  -1.899065205231  43.266479142570   0.062411283352   0.019243803529  43.266479142570   0.061673836653   0.013904127378  -3.183682444992   0.649196178165 2.133922175830e-06 6.207693752505e-05 6.225635970300e-05   0.464116843357  -0.458832555965 7.786884712620e-04 2.549978121018e-03     771.0   8.30  50835594
2015 GT50    311.228364911124   0.876579072011   0.142439932462   2.422793239186  -1.244249496131 469.023474349704   0.907914904632   0.141033541898 469.023474349705   0.829680978900   0.138287538197   2.035941931662  -1.118836932059 8.288348614589e+01 8.153651436376e-02 1.599919679310e-03   0.002346727574  -0.004958411044 2.349529315112e-03 1.751115445091e-04     824.0   8.50  50775278
2015 GT54     39.240428718826   0.184150269521   0.101244076689   4.170783915543  -1.367008354380  39.405481107301   0.188502586934   0.092057163550  39.405481107301   0.186788316194   0.091452391674   4.179986084282  -1.338827346501 7.928530767512e-05 2.514182212729e-03 2.958716770680e-03  -0.744179232340  -0.494856933815 4.252315887407e-02 1.258474151126e-02     821.0   9.40  50830930
2015 GT55     45.968456790028   0.249364703047   0.199833038013   3.590187994120  -1.449216379286 -3777.247980873766   0.942201268909   0.676391979327 -3777.247980873766   0.935409218432   0.137210469760  -1.240330827890  -0.237628119994 3.631009567382e+02 5.939286907178e-01 3.933337311760e-01   0.745475389813   0.000008162568 7.612926603818e-01 1.121677598992e-02     859.0   9.40  50831113
2015 GT56     45.708926810090   0.062424543168   0.194932104261   3.063335693429  -1.551913087150  45.710420302106   0.063284888780   0.189717904893  45.710420302106   0.063317930126   0.188814156925   3.053467996673  -1.548184720538 5.554869663847e-06 8.017356442843e-05 2.908899070457e-04   0.258492868880  -0.296683669251 1.894681838715e-04 7.851193049485e-04     771.0   8.20  50835547
2015 GT57     43.918877074782   0.067298623718   0.015261056324   1.706942590069  -0.778025350764  43.920990585793   0.068434078537   0.013150577786  43.920990585793   0.068053264621   0.006416621213   1.104699903288  -0.213437427551 1.579430484871e-05 3.159104466291e-05 9.400895332684e-05   0.424990822661  -0.428477994974 1.727857360045e-03 7.856761683927e-04     856.0   8.40  50835571
2015 GT58     43.874389683373   0.068417815684   0.012829951373   1.964986877216   0.715351481028  43.878064112247   0.062469592137   0.028055265320  43.878064112247   0.062118377561   0.026683411112   1.811432292385   0.816886891085 1.999960430512e-04 6.185812234267e-05 8.235283969327e-05   0.421157198049  -0.420313440792 1.427428558386e-03 5.537903304462e-04    3718.0   7.48  50835593
2015 GU54     39.394751070469   0.099125029867   0.087379601536   0.730929794952  -1.340912534166  39.409067375693   0.093820902975   0.075429649676  39.409067375693   0.093727114726   0.074970978869   0.549089646856  -1.217399850972 2.334846015445e-06 3.293445015982e-06 6.687625641211e-06  -3.555089810353  -0.464904274486 2.175825025987e-05 2.391163199786e-05     821.0   8.40  50830934
2015 GU55     94.667468637636   0.629209010075   0.432616571982   0.285887019232   1.699919391180  97.572882051373   0.647333637183   0.412353902934  97.572882051373   0.515074709557   0.349986213003  -0.328816532259   1.805374440046 1.479005743372e+00 4.308765073293e-02 3.917444912419e-02   0.025300966126  -0.044946798731 3.839115843734e-03 5.423193447037e-03    3719.0   7.76  50831143
2015 GU56     43.436898128070   0.046360775287   0.038086050702   3.945270252522  -1.674324793540  43.439171157626   0.036931455588   0.025043446515  43.439171157626   0.036233308113   0.023245641796   3.629809841094  -1.513280983463 1.550580879886e-05 2.909152930922e-05 4.485964447001e-05   0.439195483568  -0.436676685248 1.929279180934e-03 7.641530366891e-05     858.0   7.20  50835550
2015 GU57     44.124349461920   0.079415248682   0.025377173634   2.826009860709  -1.338685594263  44.127437831484   0.075895725890   0.016030475508  44.127437831484   0.075639603153   0.012816195744   2.416084623816  -1.014549562409 4.551330089823e-04 1.837025332222e-04 3.202460446587e-04   0.413269578060  -0.415462776333 2.452329774005e-06 6.154817317243e-04     771.0   7.80  50835573
2015 GU58     44.264184073294   0.079104901635   0.025607758539   5.069958618323  -0.888277986592  44.267228733654   0.082046050886   0.023829699648  44.267228733654   0.081791682498   0.022387844657  -1.535859768726  -0.560793672857 5.398518646187e-04 3.548196683567e-04 8.615183817394e-04   0.408574367255  -0.410682594716 7.942140383226e-07 1.569303701422e-03     858.0   6.80  50835597
2015 GV54     39.549690895039   0.234902741719   0.027001546286   2.927740117993   0.254221421858  39.404646613402   0.216736446174   0.081653524591  39.404646613402   0.190536964864   0.081499191170  -3.104952693545   0.407873856754 7.670805976198e-05 2.516680932475e-02 6.728901536620e-03  -0.562041935488  -0.443536210528 8.450490722613e-03 1.973421317587e-03     858.0   9.10  50830936
2015 GV55     31.381466868734   0.302872628998   0.498705636301   4.041816479980   1.777989603340 -110.617436982513   0.977177695515   1.392331361274 -110.617436982513   0.129533753474   0.038890426401  -2.674423811030   2.616002814786 7.433187112492e+00 5.434955856289e-01 5.773130366516e-01   0.000009221002  -0.147843019028 1.458879067930e-02 1.386875153340e-01    3365.0   7.77  50831144
2015 GV56     45.921338593178   0.111220156374   0.008877983009   4.558781581522  -1.981289747347  45.923217860136   0.106393209002   0.009140484941  45.923217860136   0.106295526358   0.006304037914   4.127745260898  -1.591806036617 2.054379336379e-05 6.265341628919e-05 2.843917319028e-03   0.345173084036  -0.345625015332 9.150597327593e-04 2.281601560352e-03     771.0   8.60  50835558
2015 GV57     42.962607201999   0.048020306947   0.022932703158   1.866702636973  -1.315779489493  42.963772654505   0.056441854785   0.019592209267  42.963772654505   0.055379635034   0.011097482877   1.185646501278  -0.617800421944 2.272272678628e-06 7.877535773247e-05 1.598339443724e-04   0.479526763699  -0.477236949058 4.883354619283e-04 3.537111542764e-03     771.0   8.50  50835574
2015 GV58     42.960967657092   0.018039660244   0.016980731852   5.132219831830  -1.225369938075  42.961981840717   0.021755065759   0.016451561752  42.961981840717   0.020137595331   0.006641776812  -1.579787411353  -0.443104192995 2.792287299937e-06 1.042126480913e-05 1.183008706076e-04   0.463730361307  -0.462587202722 1.142544899620e-03 1.755345967271e-03     506.0   8.40  50835595
2015 GW54     39.378750350926   0.185034102590   0.031773336917   2.628666757277  -0.117942446790  39.404638525312   0.190184859976   0.032332558540  39.404638525312   0.190176691543   0.031934306819   2.558243626756  -0.029093682972 2.065118234725e-06 3.990730404916e-05 1.420225932354e-05  -0.847671775725  -0.415560280909 1.191918039428e-03 1.868698714766e-03     720.0   9.70  50830935
2015 GW55     85.719958551180   0.605308022453   0.241892161488   1.384829879014  -1.376178389400  78.898498642117   0.553480534961   0.282220720728  78.898498642117   0.477879367880   0.261232795912   1.409577850224  -1.194293590422 1.261638514990e+00 2.655960993075e-02 1.733093899630e-02   0.059386749244  -0.086749707168 9.118098505300e-03 6.366807744331e-03     821.0   6.70  50831145
2015 GW56     45.321543872068   0.105669848125   0.022750971898   4.275022132376   1.944707925183  45.322711891131   0.110026301146   0.028463776876  45.322711891131   0.109986070359   0.027723349318  -1.723818307287   1.690837562229 4.592077898274e-07 4.136161659588e-05 5.115285001661e-04   0.370678767161  -0.373365774199 3.119472747219e-04 1.776002136344e-03     771.0   7.90  50835554
2015 GW57     44.923174815621   0.049783249094   0.049186756976   2.216532474477   1.071984812569  44.925579931225   0.048811708023   0.058321843524  44.925579931225   0.048676714073   0.058116809651  -4.005204528072   1.021651383878 1.527700553193e-07 1.297501565835e-04 1.617464088704e-04   0.354595480095  -0.357867434542 1.797852153361e-03 9.108006741818e-04     771.0   8.10  50835575
2015 GW58     45.387138726082   0.127122506044   0.206833511669   4.706573814394  -1.373933628436  45.389658198040   0.124048523162   0.202903160984  45.389658198040   0.123949842380   0.201608304897  -1.582147547713  -1.365697909655 1.243194017907e-04 1.667205642257e-04 9.073462882699e-05   0.274729783353  -0.324054253148 3.113634868218e-04 1.180389453617e-05     771.0   7.90  50835598
2015 GX54     39.353920803782   0.160079313778   0.228526389672   3.169247522329  -1.359454199744  39.404835303110   0.155989697270   0.233840806934  39.404835303110   0.155603503306   0.231942971076   3.111121639043  -1.333094819685 2.912048605448e-05 1.098366114983e-03 1.163514306093e-03  -1.195335017423  -0.381379244382 2.146727190986e-02 3.946769563019e-03     856.0   9.00  50830937
2015 GX55    184.001449302662   0.919559016147   0.926265976599   1.473321280829  -1.425870795567 -271.702392055603   0.907773409166   0.861576686943 -271.702392055604   0.550172491025   0.513443081852   2.323335694155  -1.602783983885 2.742473561664e+02 1.665004976784e-01 1.879310189917e-01  -0.054757257910  -0.037573699461 5.928121466679e-03 5.688935296557e-03     858.0   9.40  50831146
2015 GX56     44.321222504279   0.077622995462   0.042988142647   2.778156119208  -2.160015124460  44.324942958173   0.083950024641   0.041738538736  44.324942958173   0.083697441034   0.041078170596   2.751167459995  -2.155375507181 2.034041425494e-05 1.088103934543e-04 1.862383292082e-04   0.403876845593  -0.406224435754 1.229301538030e-06 9.602351880461e-04     771.0   7.90  50835557
2015 GX57     45.629768522972   0.180629561803   0.247590684784   5.422068463816   1.511152456517  45.607734048954   0.179961831312   0.254278609452  45.607734048954   0.180211301411   0.251825566396  -0.939869749193   1.517549802750 9.377332069912e-03 8.353917848781e-04 5.623510352681e-04   0.243838727827  -0.323444554063 5.688165374029e-04 5.302226863047e-04     771.0   8.60  50835576
2015 GX58     43.724043388685   0.072835792235   0.046650900023   3.335485095911  -0.836262180490  43.722233624575   0.061414982851   0.036136534053  43.722233624575   0.057101678378   0.035021611293   2.828317679012  -0.578284050733 1.786460813877e-05 1.145242816854e-04 4.451738729671e-05   0.488408443144  -0.429705399353 2.304844314442e-06 8.476160138229e-04     858.0   8.00  50835599
2015 GY51     47.537987296180   0.309620376651   0.150775463595   1.383367710445  -1.457119327369  47.733563578982   0.261102820796   0.182389267083  47.733563578982   0.211799191357   0.182028976170   0.952776557308  -1.324917111600 8.053902053262e-05 1.870234590871e-02 1.330777681062e-02  -0.160955634358  -0.204921796455 2.129488096373e-02 3.807439442449e-03    1146.0   7.60  50797889
2015 GY54     39.302652178309   0.118597688406   0.043735273257   2.295755926202  -1.042582313162  39.407117769579   0.124994787823   0.030872237286  39.407117769579   0.124955798035   0.028629959153   1.944805948280  -0.719805732931 3.528337480659e-06 1.237616362752e-05 3.021953133924e-05  -1.998177010700  -0.497187895420 1.690099142133e-03 5.807435448798e-04     824.0   9.10  50830938
2015 GY55    100.904535285589   0.642784831095   0.067540801055   3.007005139621  -1.122936508068  97.271808706025   0.627261849801   0.082312674908  97.271808706025   0.573469386902   0.076705247000   2.817529177371  -1.011277926155 1.308993063887e+00 2.162623606562e-02 1.559659931727e-02   0.068864191187  -0.083325210695 5.112044151779e-03 5.425291887944e-03    2278.0   7.38  50831147
2015 GY56     43.348156646681   0.047964163025   0.026650711529   0.722826696466  -2.641402720055  43.350543088453   0.050652217639   0.023511428481  43.350543088453   0.049976694167   0.021109434875   1.099288716645  -2.879463354098 1.252743997550e-05 4.245443680782e-05 1.915564818212e-05   0.450838838381  -0.446270924934 1.780843875930e-06 6.648178623322e-05     771.0   8.10  50835552
2015 GY57     43.885822128592   0.071843578702   0.013202535363   6.273645373988  -0.308826302101  43.882107419308   0.080539236730   0.016369153715  43.882107419308   0.079980432433   0.011772482640  -0.340523828221   0.122648536606 1.858236443326e-06 2.521571478634e-05 2.372013912150e-05   0.436754082342  -0.432214683747 1.968587843255e-06 1.484257769156e-03     856.0   8.30  50835577
2015 GY58     44.527134305223   0.064968119687   0.031941585646   5.910376614286   1.094430769126  44.524585729621   0.066389730509   0.039147032848  44.524585729621   0.066003671814   0.038636934905  -0.286664132721   1.020177552539 6.276831730063e-04 9.986570556820e-05 5.322863958302e-04   0.398083537277  -0.386528935469 8.371821958663e-04 1.362949917575e-03     858.0   8.30  50835602
2015 GZ54     47.753635854047   0.276464925500   0.009177539434   0.628202872554  -0.879886015749  47.733849859494   0.274569558670   0.028224095997  47.733849859494   0.274759354863   0.027458152182  -0.027439124262  -0.222111765731 4.119472932316e-06 2.852251303738e-04 5.311761945581e-04  -0.460850011589  -0.230116123976 5.919380569247e-04 4.349401759892e-04     891.0   7.70  50831006
2015 GZ55     64.770684431685   0.420090962406   0.079239890291   5.365744106325   1.947400455035  65.285498249489   0.424161808990   0.088211123940  65.285498249489   0.390391840536   0.085995086729  -0.700039067343   1.869519571647 1.673579887573e-01 2.454841602492e-02 4.688438253857e-03   0.150993213060  -0.153917369853 4.282365374336e-03 1.585267928008e-03     859.0   7.90  50831165
2015 GZ56     44.125600200156   0.067191822385   0.018729886814   2.426419653330  -2.716898370013  44.129454049504   0.075246529287   0.022659715595  44.129454049504   0.074950252636   0.021085276907   2.819133465146  -3.030399818525 2.007995113553e-03 1.110509233834e-04 7.618574046530e-04   0.413287753812  -0.413284854011 3.903982801448e-04 6.534647687161e-05     768.0   7.00  50835553
2015 GZ57     44.237494444912   0.064632035754   0.049933447209   4.231407993294  -1.231246445316  44.234659924758   0.056820345399   0.038405431934  44.234659924758   0.056610010034   0.037748997229   4.102729218232  -1.097466496123 1.474724764806e-03 8.670968569155e-05 1.818354548464e-04   0.396403197018  -0.396832416806 1.793994417466e-03 1.025868770489e-03     768.0   8.20  50835578
2015 GZ58     42.756904297475   0.061028782409   0.079327279537   3.539515742145  -1.427557320168  42.761417914374   0.044903033597   0.056504862853  42.761417914374   0.043881718245   0.055328927131   3.181272949083  -1.269952351940 1.311820300523e-05 9.627726816028e-05 5.640139222008e-05   0.471972311428  -0.476672974887 1.002799639827e-03 1.531131630508e-03     859.0   8.20  50835603
2015 HZ196    43.143666155239   0.042371032724   0.029482966232   3.788004263725  -1.960458482791  43.146244476943   0.037242472896   0.022339127328  43.146244476943   0.036325444351   0.019337707481   3.464848197140  -1.854375245229 5.314565858828e-07 9.550670096984e-05 1.571739383245e-04   0.456074474893  -0.455012429642 5.170824678548e-04 5.422975828902e-04     771.0   7.00  50835828
2015 KA174    43.670118101432   0.122435733423   0.214179329177   1.001126757088  -0.527086250604  43.668817775681   0.155048245332   0.181838712470  43.668817775681   0.134854706478   0.179874313273   1.116194598752  -0.521633355435 4.896508961408e-05 8.302843191344e-03 3.776408542183e-03  -0.356717895347  -0.358204787369 3.579846392385e-02 2.257305924197e-03    3628.0   7.78  50831045
2015 KA175    43.333156901450   0.072184704364   0.144485764693   1.950613686016   1.341462206462  43.334454655333   0.062642940917   0.153462171116  43.334454655333   0.062384408779   0.152799585331  -4.282600304723   1.315726610906 1.446113863824e-05 3.045035426467e-04 1.580169352295e-04   0.370817674396  -0.410920540513 1.819697910803e-04 8.013698196220e-04    3275.0   6.92  50835614
2015 KA176    44.287758352820   0.143497294529   0.093847037132   2.866609120698   1.145175022201 -237.231325668522   0.655096423830   0.100369738864 -237.231325668522   0.607656650494   0.064836084693  -0.017014885345   1.920028580475 1.706306686039e+02 3.462341948338e-01 3.081783003878e-02  -0.002359253034  -0.439523433734 2.084380272985e-01 2.188761551931e-01     731.0   8.50  50835637
2015 KB174    43.636417374771   0.068208538556   0.087454050327   4.263890576544   1.028320974192  43.669102707489   0.076186494118   0.080484697038  43.669102707489   0.058455095759   0.078780924113  -1.463076090638   0.948863481176 1.329698479885e-04 8.728275240818e-03 1.168392447057e-02  -0.418466741084  -0.424829877014 2.812567938877e-02 1.432075072716e-03    1184.0   8.10  50831037
2015 KB175    42.129323481963   0.106931285322   0.135718546857   2.424868037403   0.012391183522  42.144041746515   0.113117033022   0.155249625135  42.144041746515   0.080454703106   0.136604792860   2.794742939209  -0.026829417962 2.572112948195e-02 4.839467362998e-03 1.508826075876e-02   1.108755191458  -0.511410688387 3.387442995451e-01 3.471128896998e-03    3751.0   7.12  50835613
2015 KB176    45.178621199386   0.181728072373   0.491621297825   6.115593916787   2.036697889613  45.163304879330   0.192019011515   0.489736111296  45.163304879330   0.686920905599   0.471086410692  -1.065905457626   2.037276752596 1.356898057582e-04 4.220578721192e-02 8.061939496232e-04   0.092928677049  -0.223188297699 1.602016596882e-03 1.929510231866e-03    1189.0   9.20  50835638
2015 KC173    39.375920419328   0.134071942012   0.275291385996   1.708664063682  -0.631118304265  39.405165545769   0.129106260203   0.277937189874  39.405165545769   0.116394222486   0.274807022805   2.120518445169  -0.556292018663 1.056233512605e-04 1.063041135815e-02 1.762175805817e-03  -1.842092982202  -0.347501109971 3.543765054433e-03 1.140240436991e-04    1183.0   8.60  50830940
2015 KC174    55.564674742379   0.407595522618   0.135500245493   5.904804391507   1.241679123204  55.388626516785   0.403774355110   0.142770877017  55.388626516785   0.403620141537   0.142558714604  -0.339635168391   1.214311841352 1.103436537206e-05 3.721175399780e-03 3.870247355280e-04  -0.072791878369  -0.129616094764 9.981523833433e-04 1.726593523669e-03    1184.0   7.90  50831067
2015 KC175    46.222396765035   0.209646393760   0.499519094313   4.647273416906  -0.750959989833  46.217330667077   0.200267892670   0.502201116354  46.217330667077   0.201152506891   0.481443850657  -1.643013681098  -0.751235946864 5.752913002228e-04 3.156144497692e-03 6.729842319712e-04   0.077605329010  -0.201937570357 1.676082367903e-03 3.115168384460e-06     766.0   8.20  50835615
2015 KC176    41.968092256263   0.104841394712   0.197937714234   1.352923774312   1.834141860269  41.931476910850   0.097766593272   0.218316352452  41.931476910850   0.095794839749   0.216515144607   0.802359311013   1.994551954666 6.121262995901e-03 5.543474461694e-03 2.927908989633e-03   0.431843781517  -0.469272752789 1.702883383981e-03 2.074677720536e-03    1087.0   8.80  50835639
2015 KD173    39.464961786071   0.250332125153   0.105721535615   2.150050960499   0.997699541114  39.402978956898   0.238727895495   0.129664719528  39.402978956898   0.190233227692   0.128632459242  -4.271722797803   1.140856473574 1.799803164227e-05 2.024189539771e-02 3.777130861175e-03  -0.382712148866  -0.350680912556 6.119889487904e-02 9.222935947580e-03    1034.0   9.80  50830939
2015 KD174    55.318796853890   0.420519107287   0.304311725957   0.805291291014   1.884553387198  55.387932687987   0.421601699704   0.306108593346  55.387932687987   0.417450954689   0.301129464186   0.637730233361   1.941243693553 6.386568658042e-05 4.612208710284e-03 1.481615463737e-03  -0.072822949711  -0.115266714858 3.772110935795e-03 2.170097385869e-03    1189.0   8.90  50831071
2015 KD175    46.003612136274   0.185587588822   0.468815831326   0.959985031704   2.002817812540  46.000008908771   0.182612818810   0.472052179632  46.000008908771   0.860673057529   0.455611553296  -0.433453798854   2.003639007321 2.739406990756e-04 6.138664836178e-02 1.256671787333e-03   0.089870026596  -0.212587871514 4.055109550509e-03 1.197625571169e-03    1190.0   8.80  50835616
2015 KD176    46.136986287280   0.151986899483   0.175653228303   3.167728936884  -0.438693760728  46.130698979784   0.152296884533   0.168862740724  46.130698979784   0.152242465630   0.168110523490   3.210651997384  -0.400016692966 2.563145897845e-03 4.940438798276e-04 1.084674404041e-03   0.280061304918  -0.328745838526 4.263243510560e-03 2.979056439175e-05    4044.0   7.59  50835640
2015 KE172   129.796390137524   0.660000122363   0.683646638486   0.231505811430   2.122956380862 130.118043450822   0.660858819206   0.683754705342 130.118043450822   0.658628339488   0.631583823232   0.312037536142   2.120402634428 1.414567482128e-02 2.918501714679e-03 2.196447123500e-01   0.004647552788  -0.011740589050 4.870410160545e-05 1.522436430343e-03    1189.0   8.10  50819602
2015 KE173    39.352021248761   0.254077632155   0.114131278573   4.363535383333   0.048954443758  39.403377936875   0.235847248594   0.137930059173  39.403377936875   0.197860370720   0.137807074275  -1.927395973102   0.163619406383 2.643575562262e-05 1.206328672705e-02 2.922924938046e-03  -0.387763046115  -0.370405850340 3.885093852397e-03 7.726276706452e-03    2888.0   8.14  50830941
2015 KE174    55.444036313065   0.290081339086   0.427899784617   0.092392401494   1.890193664519  55.388218738770   0.327358429524   0.398753563034  55.388218738770   0.328134502800   0.388924426282   0.127109150883   1.874212667869 3.116933430308e-06 1.047835571561e-03 2.190974432057e-03  -0.157022382139  -0.100940530685 1.594843335948e-03 1.787410624557e-03    3003.0   8.07  50831063
2015 KE175    45.736141416069   0.121831982691   0.107252697092   1.985420995028   0.910300415514  45.730245105089   0.166773388112   0.173388925853  45.730245105089   0.166533073080   0.172916018385   2.097110105146   0.906032113505 8.215371272819e-03 9.026632997253e-03 1.118935172389e-02   0.323648859356  -0.356807211294 5.182351326351e-03 4.946941617257e-04    4044.0   7.30  50835617
2015 KF173    39.360776179016   0.257192448114   0.243414216367   2.784279737380  -0.521975372041  39.402676520578   0.238599379287   0.258975730318  39.402676520578   0.169195462321   0.254886907947   2.991814099065  -0.395360090719 9.179576472010e-05 1.652787259046e-02 6.947945916601e-03  -0.324538820038  -0.312800674560 1.881280903635e-01 3.375412050166e-03    1092.0   8.50  50830942
2015 KF174    55.636482596239   0.469363039230   0.146615963833   0.640661841364   1.283619218511 -3910.596998481002   0.897161940861   0.178314820242 -3910.596998481003   0.871725108904   0.041881165922   0.233551850217   1.653565877318 8.434224323346e+02 4.018082584824e-01 6.990283902303e-02   0.000003780539  -0.158124895168 6.818645645898e-03 1.163980672326e-01     740.0  10.00  50831064
2015 KF175    45.211193437830   0.181298107021   0.143933204975   5.886761241559   1.433574487727  45.241566478199   0.188086407752   0.156103813035  45.241566478199   0.187232480551   0.155393044998  -0.260354674251   1.408501609413 2.225737949902e-03 6.941915499269e-04 9.704361572126e-04   0.372589965907  -0.415592135988 1.560192629013e-03 1.866431204022e-03    1184.0   8.60  50835618
2015 KG163   680.161958583250   0.940465058677   0.255595308009   0.458591798912   2.043984899738 819.197193092001   0.949335019350   0.247896873500 819.197193092001   0.942568425412   0.172827698323   0.883288479531   1.546539231427 6.147004301991e+01 6.150887333016e-03 7.097372412226e-02   0.000123671998  -0.002353117074 4.572584891591e-03 2.539016265761e-03     739.0   8.20  50775279
2015 KG173    39.466007681203   0.281662691776   0.115318848461   1.521068490053   1.331867942765  39.402782342941   0.243999010254   0.191217584666  39.402782342941   0.197290904680   0.189511772427   0.933761999065   1.442301853447 2.904340958471e-05 1.267543541643e-02 1.971848230449e-03  -0.347569177390  -0.335574947151 3.559328196575e-03 4.808480377516e-03    1185.0   9.60  50830944
2015 KG174    55.472617004093   0.455992652863   0.303678961391   3.609832786727  -0.723495139667  55.387835344683   0.449460202872   0.315438770551  55.387835344683   0.373804744351   0.309971313784   3.058856931028  -0.710014343829 1.115797736375e-04 3.392849134132e-02 3.620291955386e-03  -0.044965238143  -0.121608211414 4.220030239539e-03 2.125290312004e-03    2540.0   8.72  50831066
2015 KG175    43.466789043198   0.076054608514   0.116502269733   5.274758427911   1.248196253917  43.462504494473   0.103144667620   0.144244556099  43.462504494473   0.102953531008   0.143536038538  -0.968239920869   1.238648388062 3.589035994854e-04 2.889050229519e-03 2.021898365583e-03   0.412776626927  -0.433971067969 5.154476751395e-03 2.450996427291e-03    2539.0   7.52  50835619
2015 KH163   153.009985206560   0.738976975815   0.452862765980   4.069093007685  -0.735441309156 153.218572738798   0.728924504501   0.483914840176 153.218572738798   0.581311980212   0.456021582157   3.840612282603  -0.749076077384 2.848169380324e-02 8.365475324579e-02 1.700639317650e-02  -0.002348122206  -0.011789917467 7.215598367249e-03 2.292287768654e-03    1085.0   7.90  50775281
2015 KH173    39.510904467008   0.286774464840   0.169776762442   0.008516607869   1.663506307707  39.402657481911   0.293894367173   0.162035850222  39.402657481911   0.283599255892   0.161308257157  -0.099904065933   1.649446315137 1.538556469887e-05 6.820704718815e-03 3.104290757249e-04  -0.092763496912  -0.358620788610 2.722782942773e-03 1.281016966648e-03    1035.0  10.00  50830945
2015 KH174    55.343123723251   0.428323927020   0.186615836799   1.309468134385   1.870360753201  55.388120115276   0.430650987901   0.186825903943  55.388120115276   0.409674978006   0.186688619581  -4.950913783625   1.879180192222 8.910668793116e-05 1.671954550018e-02 1.503613054613e-03  -0.061220503043  -0.127609189641 4.899905158525e-03 3.572752776062e-03    1184.0   7.78  50831070
2015 KH175    40.283589300410   0.070728293891   0.316757405257   5.421799857351   1.975432842149  40.266815874529   0.069379372963   0.328263347016  40.266815874529   0.069087950324   0.322386717528  -0.898572661935   1.989264818525 2.862038464444e-04 7.956687426744e-05 2.233009395913e-04   0.316932135012  -0.443871493956 1.902261845698e-03 1.915468777686e-03    1087.0   8.90  50835620
2015 KJ173    39.315239077406   0.109055202579   0.166380372335   0.854534842564  -0.128694912739  39.406871951708   0.113976451859   0.163823652065  39.406871951708   0.113425725830   0.163165729545   0.878493499387  -0.114928961833 8.593405399140e-06 3.665867909242e-05 1.590347886376e-04  -2.366904395804  -0.420614787880 1.320160476347e-05 1.691320756748e-03     912.0   8.80  50830943
2015 KJ174    42.369953155948   0.097674081428   0.185510727430   5.320350660366   1.686441951636  42.270573221450   0.099347005647   0.169915784495  42.270573221450   0.078475431671   0.168381616956  -1.159794531351   1.794932901828 2.119817155408e-03 9.540094415622e-03 1.851761454501e-02  -0.742267960270  -0.439236196951 7.529614147648e-02 1.136983708316e-02    3003.0   8.04  50831075
2015 KJ175    42.917994941914   0.115953105997   0.669643127728   0.153447578156  -0.827172820791  42.930194270676   0.125661336473   0.666696112700  42.930194270676   0.125524573740   0.618587711014   0.151586396130  -0.825094152998 1.936561112626e-03 1.373751937931e-03 1.374762811488e-03   0.016436820092  -0.190197857080 1.159178497977e-03 9.478083247929e-04     496.0   7.80  50835629
2015 KK173    39.230525964405   0.255627710949   0.155210139404   1.663147961789  -0.132433341753  39.403527270940   0.236304218019   0.185221570348  39.403527270940   0.170541238589   0.183550540709   1.844359982208  -0.102702813040 2.476367214509e-05 2.272432718446e-02 3.856808835554e-03  -0.384351517834  -0.373801910612 9.229036781822e-02 3.483745809687e-03     816.0   9.10  50830947
2015 KK174    42.298257724438   0.238447199659   0.140406547151   6.093544063610   0.076016897175  42.270640595309   0.237208390271   0.136972032732  42.270640595309   0.237138920763   0.136693155638  -0.240542304972   0.083480336671 9.543434267017e-06 4.452650127659e-04 3.972877126461e-04  -0.446054676914  -0.313114519900 2.308378986930e-03 1.453392226855e-03     889.0   8.30  50831084
2015 KK175    45.145270097525   0.143023186381   0.137681485927   5.386444561240   1.012177535072  45.095164989635   0.153114080432   0.154012574445  45.095164989635   0.151624057687   0.153323914320  -0.959976665246   1.011124359664 2.214392570575e-02 3.718667613452e-03 3.435144227001e-03   0.365066041348  -0.385874498869 7.199941597556e-03 2.931945181768e-03     911.0   7.80  50835621
2015 KL167    47.435695709072   0.255429530913   0.176680361710   5.623799214535   1.532383242848  57.851068937206   0.330053174341   0.175586417764  57.851068937206   0.280044644184   0.151417010774  -1.621914644283   1.523993996618 9.888851170028e+00 5.438906158900e-02 1.222010950374e-02  -0.068249729706  -0.263954375001 5.258261394551e-02 2.632954333969e-02    1189.0   8.30  50797890
2015 KL173    39.432292007873   0.326475096392   0.153617373976   1.355294163224  -0.031228152148  39.402269126891   0.323942397531   0.161696181129  39.402269126891   0.264649867218   0.161025537393   1.394830562061  -0.042103544255 1.857821080093e-05 5.913153790759e-02 7.413758604781e-05   0.013205503362  -0.361686381058 4.649145288765e-03 4.365908874408e-04     827.0   9.90  50830946
2015 KL174    42.351984081498   0.142619991281   0.360498233889   6.087965162116   1.964197733849 -5904.175672068021   0.682080676499   0.252617050349 -5904.175672068021   0.660446342788   0.155431258057  -2.986463614513   2.404630052065 8.839279692599e+03 2.528233882806e-01 8.071189935238e-02   0.000183061291  -0.335407283570 4.513195598291e-03 1.956139185188e-01    1184.0   8.90  50831077
2015 KL175    44.810842295053   0.127714640960   0.128469458958   2.530135437052   0.690132336122  44.814269990047   0.115413489698   0.124701734871  44.814269990047   0.115208779559   0.124302911648  -3.749082626926   0.686775423795 2.217667797199e-04 3.484365304229e-04 3.810242739009e-04   0.349869456089  -0.378046420542 7.998289831606e-04 1.041692284003e-03    2268.0   7.95  50835623
2015 KM167    47.767165396000   0.333820358699   0.121557770435   2.759950684169   0.288608201909  47.732896531041   0.328551708749   0.134930608288  47.732896531041   0.318896356569   0.134334567907  -3.472570351353   0.332115571344 5.070204989835e-05 6.341360496325e-03 1.884128658974e-03  -0.335304298829  -0.201939399203 1.667902387359e-02 1.423526651752e-04     740.0   8.90  50797891
2015 KM173    39.470442459778   0.227907027299   0.144003407274   5.264465835510   1.657567817495  39.403004996302   0.239813192764   0.126872013017  39.403004996302   0.214941668873   0.117055566554  -0.955703859438   1.598322756214 1.866557455505e-05 9.238333053000e-03 7.421295651393e-03  -0.387908735256  -0.385735191156 6.036227510189e-04 6.654891382273e-03    1036.0   8.70  50830948
2015 KM174    42.238750907848   0.211654165112   0.227812906563   1.479241441021  -0.553184563750  42.270768429327   0.230703432853   0.206402168468  42.270768429327   0.210074569972   0.203775598584   1.171594683878  -0.267118993756 1.657527066573e-04 1.245600879627e-02 7.901188545506e-03  -0.335108089510  -0.335318953338 1.258748739321e-03 6.049806696259e-03    1182.0   8.30  50831076
2015 KM175    46.476369243720   0.081054657779   0.120991717099   1.339455954170   0.642065310637  46.476310261825   0.080431596228   0.125804460719  46.476310261825   0.080413529982   0.125585813548   1.321243273301   0.635655998613 4.600398550471e-06 9.191050255619e-04 7.904969276906e-04   0.281772158523  -0.293771856945 2.343235812156e-06 1.875870525469e-03     762.0   8.40  50835622
2015 KN173    39.556127119220   0.193186587183   0.112716339087   2.630935608165  -0.293667311508  39.404380169934   0.192487704691   0.113735755864  39.404380169934   0.192383352717   0.113389577071   2.621894439298  -0.294504082616 4.963161383372e-06 4.988548101152e-05 2.932275031060e-05  -0.803227235391  -0.396831909962 1.587666397004e-04 2.740005012034e-04    1183.0   8.30  50830952
2015 KN174    45.677767009487   0.195493497800   0.168130181404   1.205417549780  -0.237268077580  45.706769648670   0.158138764986   0.121683437887  45.706769648670   0.155530880568   0.121338558934   1.250042578005  -0.224307333306 1.075353986643e-02 5.373082361303e-03 5.855543465452e-03   0.351696463386  -0.374431837331 5.026448040693e-03 4.560999773547e-03    1185.0   8.10  50831114
2015 KN175    47.275862327488   0.121714669767   0.196201363659   4.383178876138  -0.280948802213  47.278896080445   0.122824465352   0.196888202506  47.278896080445   0.122790992213   0.195812935092  -1.860301918681  -0.283976571402 1.045605788357e-04 9.351033543967e-05 2.343867205035e-04   0.274742455265  -0.269922570735 1.658050324424e-03 1.937559640929e-03    2617.0   6.96  50835624
2015 KO173    39.464884876057   0.194125238649   0.203839742277   2.575842151592  -0.555640239837  39.403642574591   0.189937543545   0.207320574890  39.403642574591   0.189161930884   0.205751850426   2.577029631262  -0.604075214037 4.931048410325e-06 5.545646319285e-05 1.698622774833e-04  -0.819908126026  -0.340476594989 1.762339377988e-03 9.199577869978e-04    1183.0   8.80  50830954
2015 KO174    69.530238812124   0.524476829854   0.115208635609   2.029475534874   0.349339407758  69.316113735061   0.523794867641   0.113295074849  69.316113735061   0.501555779842   0.113051952421   2.136284693781   0.324788683088 4.593723830598e-05 5.065256807547e-01 1.155840565021e-03  -0.014224373323  -0.077598521166 9.734982597102e-04 2.060000791698e-03    2268.0   8.14  50831117
2015 KO175    40.369817172479   0.086530967443   0.519880579608   1.046752605711  -0.706293118812  40.391909475418   0.104265838029   0.513854627335  40.391909475418   0.096729718690   0.492146261359   1.678138917627  -0.706959405157 1.084838299917e-02 1.201081091436e-02 1.209232759721e-03   0.149448937912  -0.309798209540 1.772752726631e-03 1.603272555183e-03     891.0   8.20  50835625
2015 KP173    39.322549638277   0.222900377266   0.100478378681   1.666371022853  -0.091384900915  39.403178699968   0.235326309889   0.074126383402  39.403178699968   0.198784701412   0.073555820437   1.682457697309  -0.130758135595 2.731117597573e-05 2.710770708099e-02 4.006946916569e-03  -0.399576201852  -0.357189607862 4.005568492041e-03 1.756495338939e-03     766.0   9.20  50830951
2015 KP174    38.790890037717   0.064565507544   0.114755539790   3.914460902669   1.298464813378  38.757103703212   0.049179656470   0.088427513857  38.757103703212   0.047177084799   0.082732535978  -2.671855844463   1.429130749471 5.619811120312e-04 5.677145283262e-05 5.213328343184e-04   1.129273213087  -0.941571890351 2.080530920376e-03 1.952442719615e-03    1183.0   8.70  50831135
2015 KP175    44.833109026353   0.125664089994   0.183345583362   2.000149363695   1.574960855914  44.834613091864   0.121526282119   0.191220253536  44.834613091864   0.121462129198   0.190211941834  -4.239099174934   1.552484080970 2.044268012929e-05 3.872716730506e-05 1.394055878736e-04   0.295869420451  -0.350077406656 4.865008386787e-06 1.924346269145e-03    2538.0   8.01  50835626
2015 KQ173    39.350911883663   0.257367819276   0.653316281790   4.151259359855  -0.791235518111  39.400630850047   0.295115466729   0.635445473703  39.400630850047   0.270121651713   0.593813889472  -1.978220319980  -0.811519149087 1.374738001957e-05 1.314973300788e-03 9.611465876492e-04  -0.216151761399  -0.216148020989 1.185344941856e-04 1.147036588743e-04     767.0   8.90  50830949
2015 KQ174    55.003619990755   0.111377972777   0.434336357559   5.002088258703   1.913098072740  55.003309625973   0.109630765658   0.435671454457  55.003309625973   0.110302865328   0.422297080113  -1.277971170175   1.912373775624 2.841903599460e-05 5.926210983131e-04 2.608665878528e-04   0.061043158779  -0.103317963742 1.286313079701e-05 2.787424544335e-07    1183.0   7.30  50831142
2015 KQ175    42.947611677855   0.103123208744   0.200552197244   2.843940775124  -0.262577413177  42.951997882577   0.101983499561   0.195016763243  42.951997882577   0.101460333899   0.193698246489   2.827885413117  -0.284876440500 6.023416935491e-05 3.709010368858e-05 3.039161425170e-05   0.362318651912  -0.427357439084 6.769487274782e-04 1.947961207718e-06     740.0   8.90  50835627
2015 KR173    39.308098105361   0.112954275568   0.095063007913   0.217840374676   0.363472383171  39.407218395126   0.115049689233   0.099809183189  39.407218395126   0.114993862785   0.099466400129   0.216377223813   0.404179952136 8.105745731715e-06 1.467562886915e-05 5.609425752306e-05  -2.402133679933  -0.448478890916 2.508266004712e-03 1.772998590574e-03     768.0   8.50  50830953
2015 KR174    89.168628592633   0.873789737973   0.688079404387   5.693170196518   2.088252160168 -12987.644315627540   0.945552316528   0.665842252748 -12987.644315627538   0.891586310010   0.284952811317  -0.677810402868   2.881429785512 5.574459914110e+03 7.429926109678e-01 2.325747963688e-01   0.000004519166  -0.002852919214 6.563901563344e-02 8.373275539338e-02     764.0  12.90  50831148
2015 KR175    44.074298840347   0.101779571806   0.279479014602   2.671223734499   1.865485815911  44.078009962569   0.104943225451   0.285000221845  44.078009962569   0.104895642620   0.281458287189  -3.537411126986   1.859461199842 5.880204751697e-05 1.643652706214e-05 2.908756259013e-04   0.230113909883  -0.323620371981 2.584066553556e-06 4.042211384306e-04     731.0   8.10  50835628
2015 KS173    39.346737218229   0.182802830933   0.555573726366   5.885794930733   2.036351474693  39.402445594640   0.165890838196   0.563221530412  39.402445594640   0.162353853979   0.534172151115  -0.472939181019   2.031266163776 1.080455645266e-05 8.580765876993e-04 2.788700023575e-04  -0.918758055609  -0.230120284681 6.449197444808e-03 3.331200333777e-06    1184.0   9.80  50830950
2015 KS174    32.489209404511   0.225400357547   0.095132406669   1.503677049846   0.075827637564 -197.995452922825   1.002408683602   0.160666832974 -197.995452922825   0.115962425319   0.010066864038  -1.072935565560  -1.949438045073 7.449340838633e+00 5.667142815406e-01 6.672890914988e-02   0.008233576300  -2.288228519395 2.825779621764e-02 2.051471346553e+00     918.0  10.60  50831150
2015 KS175    45.283590708211   0.104094554144   0.106719179844   0.687596884704  -0.058730084987  45.277811427870   0.102904043235   0.103210479469  45.277811427870   0.102926735548   0.103004422796   0.670458486778  -0.030373916576 1.577298905571e-04 7.755151006470e-03 7.829954481557e-03   0.338202232818  -0.357463412304 1.071879293392e-03 3.842105803827e-03    1183.0   8.00  50835630
2015 KT173    39.598412692418   0.246078227464   0.089930247946   2.892750572779   0.271501949905  39.403774879175   0.247365849129   0.087778616730  39.403774879175   0.246522203947   0.087367526886  -3.493215433832   0.380328309439 8.330712622981e-06 4.475727829802e-04 7.237460910868e-04  -0.305543072166  -0.396549625424 2.327810231574e-03 1.792004022051e-03    1088.0   9.30  50830955
2015 KT174    52.202956442867   0.273683238520   0.490321113728   5.430771137180   2.010266611004  52.262075297618   0.285870075356   0.485586659018  52.262075297618   0.276968554857   0.467263475687  -0.788101266615   2.006500008177 5.351182408243e-02 2.893908619440e-02 3.020034297075e-03   0.064586067467  -0.145755763724 2.859775135939e-03 2.059583294167e-03    1184.0   8.80  50831169
2015 KT175    45.301149989787   0.068735343726   0.096945937762   1.392101930752  -0.116721561949  45.298654704259   0.061817341535   0.092310944885  45.298654704259   0.061766197762   0.092168159465   1.316208958679  -0.085467351317 1.529284872903e-06 2.588762467022e-04 1.492095893975e-04   0.328740693157  -0.340187205798 4.876298059119e-06 1.871208926019e-03    3628.0   7.69  50835631
2015 KU173    39.416450249065   0.212699304339   0.220583932770   3.362732364377  -0.522019034942  39.403207054883   0.202480550022   0.234250321268  39.403207054883   0.200093376832   0.232117413182   3.336168625304  -0.446046885533 5.556666495767e-06 1.980717682168e-04 2.980902745025e-04  -0.692567171711  -0.319594855735 1.835940264287e-03 2.380938181816e-04    1185.0   8.30  50830956
2015 KU174    79.407438440376   0.535323403279   0.133002002603   2.515709381407  -0.091333143147  80.120119453404   0.538434196131   0.129487935993  80.120119453404   1.246796089021   0.121809586606   2.689343375230   0.056987378939 2.877306423306e-01 6.633192052808e-01 1.734108611340e-02   0.101731507052  -0.106091581626 7.351410965926e-03 3.082157713735e-03    1184.0   9.10  50831171
2015 KU175    43.928696723231   0.048158776477   0.116521190135   1.506577159712   1.434450126195  43.927971255859   0.028000713686   0.122251071847  43.927971255859   0.027619295043   0.121985415075   1.495170133878   1.396409071875 2.983981997854e-04 1.685352720002e-03 3.603950108239e-04   0.359381276604  -0.384926564931 3.545932631020e-03 1.612987475789e-04     768.0   8.40  50835632
2015 KV173    39.536776498499   0.174445244741   0.107657642734   0.437417266918   1.319845935180  39.404681549479   0.174957079942   0.115750790169  39.404681549479   0.174851241576   0.115444790567   0.434909179535   1.323848451110 3.496910949345e-06 7.884843289356e-06 4.751168688115e-05  -1.028477657179  -0.396838729146 2.781499567928e-06 1.491922699560e-03    1087.0   9.00  50830957
2015 KV174    52.050079494918   0.300039515655   0.383653485236   3.468647270481  -0.661888467227  52.002250475322   0.305065672698   0.378035976296  52.002250475322   0.305102366262   0.370084357279   3.401012016462  -0.661613361484 1.989193532927e-02 3.875788938727e-03 1.288838735327e-03   0.116219239748  -0.184197678889 1.114315637343e-03 1.646133675945e-03    1184.0   8.60  50831172
2015 KV175    45.440606316725   0.161187345285   0.314912835948   2.602790752349  -0.704330052407  45.416034225299   0.164448217308   0.309638737483  45.416034225299   0.164468010127   0.305023795181   2.552022641384  -0.700233806105 1.697353329442e-02 8.520432027450e-04 3.393444215213e-04   0.218066741779  -0.290905276641 1.885796667770e-03 2.283598047670e-04    2540.0   7.16  50835634
2015 KW173    39.424395953730   0.198616191631   0.318585060717   1.994892173671  -0.639671610211  39.402881362140   0.208560388478   0.300711219788  39.402881362140   0.196729082186   0.296529042447   1.453194488691  -0.633148155200 4.930335738546e-05 4.211606991828e-03 3.279534510413e-03  -0.673060878039  -0.298204524564 5.731415748987e-03 1.138933627431e-03    1182.0   9.50  50830958
2015 KW175    46.274880545088   0.148028602457   0.083827366056   1.960865893255   0.225220490553  46.274936260601   0.157495747935   0.107784355318  46.274936260601   0.157327295026   0.107421900205   1.948550437333   0.273905637810 2.376190664192e-04 3.099779321758e-03 4.862784020199e-03   0.327344569675  -0.352447763991 4.250626281685e-03 6.430307842331e-04    1185.0   8.60  50835633
2015 KX173    47.908489282607   0.238179478801   0.246854729662   3.947463264321  -0.525957823597  47.733423176056   0.260394014487   0.234693072070  47.733423176056   0.203780594759   0.227914226373  -2.045861799813  -0.527806497357 5.469009988097e-05 9.720487546062e-03 1.509923437530e-02  -0.170874694187  -0.200345263685 3.354245407765e-02 4.308525525696e-03    1184.0   8.40  50831010
2015 KX174    51.846196411264   0.272575662654   0.182931883596   1.320458245989  -0.309001947798  51.867804325566   0.276235150428   0.195212321283  51.867804325566   0.276629316225   0.194493574272   1.308711127180  -0.290346236802 5.490750528923e-04 5.303959657564e-04 3.882429007523e-04   0.217979569058  -0.241747772638 1.682991575482e-03 1.513041615842e-03    4044.0   7.49  50831174
2015 KX175    45.681973127538   0.072132638812   0.076802676926   0.065693815390   0.380470394854  45.674794557046   0.071354550798   0.076193063845  45.674794557046   0.071340342950   0.076031368696   0.059334472592   0.392395357171 1.473521637515e-06 1.433404297675e-04 1.217495529374e-04   0.324248432393  -0.331083859235 1.985451139598e-04 1.116079354087e-03    1184.0   8.20  50835636
2015 KY173    62.668955116036   0.436175993151   0.138965014872   2.220276450033   0.928595548174  62.547021574850   0.434768937085   0.138582667771  62.547021574850   0.363290555745   0.138599854295  -3.653795381068   0.818609342554 2.911979844974e-06 4.310011445864e-02 6.371936962157e-04  -0.054148794311  -0.094952207976 1.341094429661e-02 8.369564147228e-04     913.0   8.80  50831022
2015 KY174    54.103751891484   0.337123941490   0.323722398563   1.089672625614  -0.563931490047  54.092384597490   0.331330529205   0.329362404570  54.092384597490   0.331452183993   0.323578322114   1.136938465869  -0.565821615611 1.116426407577e-02 1.230353016272e-03 1.328025075324e-04   0.133885708104  -0.183149901773 1.936961180496e-03 3.507798836203e-06     891.0   7.60  50831176
2015 KY175    44.519164531316   0.049626050739   0.137584309079   1.207506559054   1.801761964891  44.505128644101   0.052300697526   0.147899843618  44.505128644101   0.051618107587   0.147534109804  -4.509546543104   1.786161182457 7.235128520968e-03 9.254960306117e-03 3.002322380760e-03   0.340206834232  -0.354359207282 8.752607517909e-03 2.111599486618e-03     822.0   8.00  50835635
2015 KZ173    75.639649626947   0.591544055245   0.373331440889   5.924266358200   1.934734793425 -134.304463973077   0.658634753231   0.315603905698 -134.304463973077   0.561470175430   0.215559474884  -0.951486524977   3.117036083356 1.819559842191e+02 1.133814572369e-01 4.370386365039e-02   0.001334358854  -0.121482409589 4.701898397187e-02 5.659013356428e-02    1156.0   9.60  50831031
2015 KZ174    48.371713535614   0.296508865087   0.265903888875   5.644515367192   1.952792250272  48.952326791273   0.295316707754   0.267951721792  48.952326791273   0.249512838125   0.238695446048  -0.468835333513   2.013633056675 2.746766418993e-01 1.624593514241e-02 2.857182098707e-02   0.201552550948  -0.285862514956 2.268473065062e-02 9.211053975232e-03    1178.0   8.90  50831177
2015 KZ175    46.944390747411   0.194459118566   0.303689643284   5.583830034055  -0.657827541082  46.964269595594   0.196531185354   0.299413810746  46.964269595594   0.196538406904   0.295016555348  -0.678226909201  -0.659691767606 9.970397906683e-04 4.764010987212e-04 3.628426682073e-04   0.204291933834  -0.270032724418 1.520071225120e-03 1.130837474571e-03    1124.0   7.40  50835641
2015 ML150    43.626856200944   0.044897599795   0.129485938451   3.642190645386  -2.295932690835  43.622734465523   0.047239489079   0.122905987705  43.622734465523   0.046020479562   0.122624091690   3.539816004808  -2.307836065192 2.407605506248e-04 2.086648339806e-04 1.548288059927e-04   0.429044761169  -0.402372905319 1.785569328197e-03 1.421962311203e-03     822.0   8.10  50835642
2015 RA278    62.622134745641   0.427917251554   0.201941345447   1.824226025453   1.781888602442  62.546963509451   0.433752270231   0.188576852255  62.546963509451   0.404794374779   0.187688349784  -4.693797696475   1.713136130608 4.327622290734e-06 6.930623961354e-02 3.131712467723e-03  -0.061086995471  -0.091811513064 7.934427521908e-04 1.840394859893e-03     893.0   9.20  50831026
2015 RA279    59.829530334410   0.687820777299   0.525071517900   5.251620511634   1.478576869134  99.499305736947   0.679845900277   0.717474604539  99.499305736946   0.474625470840   0.505316455044  -1.684343506160   1.885949031214 2.200701936146e+01 6.262004830644e-01 4.591441308781e-02  -0.061231204553  -0.059613129205 2.941494772123e-02 2.379000388589e-02     822.0   7.60  50831156
2015 RA280    44.851025634229   0.095968924766   0.052161901261   4.095888795355  -2.498421662309  44.850381021372   0.096225443771   0.055601651229  44.850381021372   0.096122171961   0.055304506940   4.030216658166  -2.542773087726 3.593241339707e-04 4.030339540558e-04 1.014351851541e-03   0.375791573026  -0.383775502394 8.562891989187e-05 1.279532948883e-03     914.0   7.60  50835657
2015 RA281    42.728984190063   0.047498139128   0.171946593056   1.133991679592  -2.133082433905  42.730547830854   0.051144871301   0.161602008217  42.730547830854   0.050773371295   0.160907755860   1.159154168334  -2.128790556965 2.833483491711e-05 5.503858724357e-05 2.213471803286e-05   0.383467581745  -0.434411183495 1.545401291067e-03 1.599271248752e-03     801.0   8.70  50835679
2015 RB278    75.671505631065   0.439051920241   0.490832434246   5.414065994237  -1.870658594923  75.768854538548   0.423185670624   0.505380748213  75.768854538548   0.407993228236   0.483232952497  -1.044128004890  -1.841974913717 1.003080286612e-05 1.240080284645e-02 4.014270115775e-03  -0.035397205562  -0.035403523526 2.192447270148e-03 2.185908076667e-03     883.0   7.60  50831030
2015 RB279   126.435257169539   0.735028632301   0.344643370768   3.047288907295   1.556254713340 811.501353149633   0.920349372520   0.219623450713 811.501353149633   0.895411885759   0.202680251649  -3.460687144797   1.587740774229 3.141342828643e+02 5.070906384399e-02 5.305933001428e-03   0.002174587952  -0.002776551119 2.521668937090e-03 2.438476928779e-03    3419.0   9.14  50831154
2015 RB280    43.791459542515   0.072725879409   0.048380217217   1.361772569510   2.245237510164  43.788734463445   0.069149509019   0.060041855319  43.788734463445   0.068543037725   0.059546173095  -4.707095201010   2.125175400757 5.015381742953e-06 5.266810482140e-05 4.749322743850e-05   0.429675276897  -0.424248233546 1.807373841028e-03 1.494377276772e-03    2495.0   7.65  50835658
2015 RB281    43.257909415175   0.053482128242   0.065878133164   1.445864240677   3.053781124885  43.257905086462   0.050158975219   0.064706432589  43.257905086462   0.049554625258   0.064069373877  -4.584241135731   2.916054428157 1.017407361912e-06 5.044552764709e-04 3.603927565480e-04   0.439097881025  -0.445472271919 3.030497879050e-04 6.553097745822e-04    3388.0   7.62  50835680
2015 RC277    46.393983962107   0.160405238803   0.423767718659   2.168094645212   1.584572610689  46.398037956764   0.158590458626   0.427222900433  46.398037956764   0.158890591865   0.414399644857  -4.133164661466   1.581723815679 8.006226226301e-04 1.877698308439e-03 1.082186120407e-04   0.110336339686  -0.216026773453 1.918544534461e-03 1.020834959077e-06    1971.0   8.00  50825073
2015 RC278    43.705414186527   0.084244830116   0.086114396947   4.031585911447   1.961559991483  43.668913961710   0.092759825077   0.092045740362  43.668913961710   0.082447328470   0.091461649200  -2.817468857435   1.897114629234 9.374367589029e-04 6.969393181733e-04 2.482674364329e-03   0.506972730525  -0.438901993684 4.745689732017e-03 1.960693234026e-03    2294.0   7.89  50831039
2015 RC279   101.324231026159   0.687435608721   0.325320749405   5.989732937750  -1.989159209669 -2626.159247224749   0.876566285063   0.192779797984 -2626.159247224750   0.836378145958   0.139716451451  -0.579296418476  -1.664839468993 2.558209407423e+03 5.631874419504e-02 2.807484571211e-02   0.001262310225  -0.028180876116 4.095918442509e-03 1.755421597947e-02     822.0   9.10  50831155
2015 RC280    43.288099049108   0.047342985764   0.033888007473   0.914663953546  -2.978397182299  43.288278724938   0.047160664474   0.033466760656  43.288278724938   0.046561143510   0.031996558957  -4.906702784508   2.966098451767 1.625782518977e-04 7.250603372514e-05 1.079892056612e-04   0.450245256758  -0.448485655936 5.663540131206e-04 1.276194997743e-03     862.0   9.00  50835660
2015 RC281    46.065340793120   0.017086070579   0.098234707865   5.087007677243  -2.569898207754  46.067608727586   0.013151626124   0.095900661804  46.067608727586   0.012935972899   0.095803265544   4.965170008858  -2.586031996230 3.347179898690e-08 1.617001673917e-04 8.794660814997e-05   0.295854126062  -0.300782546472 1.627003373239e-05 2.128060333822e-04    2294.0   7.49  50835683
2015 RD278    43.652781706958   0.112771088590   0.050948523256   2.474006374681   2.043894348156  43.669274478899   0.110182798760   0.065286230282  43.669274478899   0.106090737836   0.063188557546  -3.930953185826   1.854694746907 1.583123227979e-06 1.171134882430e-03 1.597837237844e-04  -0.291416178664  -0.425011533768 3.488688800536e-04 1.461203102993e-03     796.0   9.00  50831036
2015 RD279    50.821078370828   0.394714250114   0.275539196277   1.129828879150  -2.024923534027 -359.343826586841   1.002479387180   0.223608540543 -359.343826586841   0.057535997763   0.012079368628  -0.055403697215  -1.590444431319 9.063029073019e+00 6.061639619142e-01 1.331688023622e-01   0.156157750783  -0.348015625293 1.472607939227e-01 2.640386372239e-01     822.0   9.30  50831157
2015 RD280    44.646536901920   0.108870669513   0.039339896529   4.980572495120  -2.421461592836  44.643737105179   0.101188533380   0.034115392227  44.643737105179   0.100972063687   0.033320949535   4.978093820838  -2.476753004260 3.549318499898e-06 7.849884617292e-05 1.117978722945e-04   0.400536072643  -0.401527519161 1.286143690155e-03 9.513568287315e-04    2685.0   7.65  50835661
2015 RD281    41.343652524838   0.112273427823   0.307175425786   1.838885084633   1.687944855273  41.358178198436   0.125577316647   0.310901033962  41.358178198436   0.125048854455   0.306035495106  -4.252933165769   1.692598829858 1.565228195348e-02 5.117782606909e-03 2.398437682589e-03   0.300919813682  -0.431719095871 5.772170908732e-03 5.241581215391e-03     764.0   9.30  50835684
2015 RE278    43.633547543994   0.074236220522   0.124565286044   2.425312413863   1.848966114192  43.667710388716   0.082937551487   0.144015290151  43.667710388716   0.059745729956   0.143825582738  -4.029344187173   1.706214389669 3.316827036101e-04 8.047290333605e-03 8.711156670983e-04   0.468308772593  -0.409840698864 2.784842541400e-01 5.021045452941e-03     914.0   8.90  50831043
2015 RE279    57.673283986621   0.427576156253   0.255960454247   1.834369749314  -2.002438493302 -288.756289403034   0.621993936919   0.214353095995 -288.756289403034   0.445289707381   0.146807860408   1.546009298485  -2.376900255247 3.264113741254e+02 9.598175990765e-02 2.306922567039e-02   0.148230461894  -0.242240206381 6.425681387780e-02 1.105204216515e-01     862.0   8.30  50831152
2015 RE280    44.310050506792   0.043380173658   0.036731363311   4.644839355931  -2.672519234713  44.311112618570   0.039371491505   0.036300814783  44.311112618570   0.039088265599   0.035718649730   4.594850500102  -2.753374828304 9.440822521705e-08 2.061668007840e-05 1.217937412184e-04   0.387449754921  -0.387439491846 1.577288920357e-03 5.855088663957e-04     914.0   7.90  50835662
2015 RE281    45.855857775100   0.157249869597   0.163938066921   2.277555223805  -2.234338064629  45.857743392091   0.156457372541   0.155038500693  45.857743392091   0.156500456698   0.154388612310   2.294500579647  -2.213560617678 8.075193288526e-05 2.392619759192e-04 1.658349514295e-04   0.309580932867  -0.349868067106 3.565609396491e-04 1.253688069312e-03     822.0   8.90  50835685
2015 RF278    43.635249026387   0.082828184685   0.066068379579   3.069664711514   2.770635822410  43.667617499890   0.078808862173   0.066172971993  43.667617499890   0.060404600275   0.065721680075  -2.936547535756   2.592078130340 4.896907278447e-04 4.828584523412e-03 1.532075585127e-03   0.441918602517  -0.435340629675 1.239869480779e-02 4.043507827552e-03     822.0   8.20  50831047
2015 RF279    42.889143787874   0.240899321387   0.138269943835   1.832548053413  -2.328195265877 -65.027436713028   1.013039350905   0.043585782442 -65.027436713028   1.008171074113   0.013059104516   2.613389607148  -2.151650029655 7.932256524086e+00 7.804397349915e-01 1.594373755590e-02   0.546880164236  -1.646671029762 5.539790540908e-01 1.517086718467e+00    3777.0   8.47  50831153
2015 RF280    42.977218089648   0.086701537670   0.357420739214   6.203084569158  -1.780572782468  42.977049462195   0.090829666746   0.351329728538  42.977049462195   0.090906535555   0.344447454183  -0.050280254607  -1.774116354378 3.057252287936e-04 1.398995196390e-04 3.037711013792e-04   0.194753949546  -0.319443980949 1.939206383643e-03 9.410558599425e-05     914.0   8.80  50835663
2015 RF281    46.093319897220   0.175723055116   0.145126612277   2.807363799591  -2.199337898087  46.137422790550   0.165802202990   0.114869054945  46.137422790551   0.148551213294   0.114550981831   2.729223830651  -2.181816580420 7.841727514235e-03 1.342917282265e-02 3.668677490878e-03   0.341102887897  -0.364618345450 4.755820957625e-03 1.783473466784e-03     822.0   7.50  50835688
2015 RG278    43.628340208495   0.168578185126   0.083888386202   0.710056000504  -2.590815598077  43.669061527640   0.140429731637   0.117242803413  43.669061527640   0.125123314714   0.115892676461   0.757169775256  -2.482917163444 1.359697548979e-04 9.512849561978e-03 8.925126008562e-03  -0.372332791180  -0.374892780341 3.836568572318e-03 1.585020736759e-02     822.0   8.90  50831048
2015 RG279    59.819032136217   0.424634303769   0.247166546970   4.705211850226  -1.822986917053  60.796771250341   0.420827802545   0.249040875309  60.796771250341   0.372959884279   0.199441209690   4.849979459478  -1.881949906884 3.574880271694e-01 2.486050060681e-02 3.175441766930e-02   0.118065817146  -0.156372794356 1.692475691397e-02 2.597805155256e-02     914.0   6.70  50831179
2015 RG280    42.631944140849   0.055093962832   0.052563916502   1.685392051955   2.554742420709  42.635029653993   0.061119386483   0.075546899803  42.635029653993   0.059613585751   0.074746264264  -3.958739766106   2.270345954535 8.713400044580e-04 3.547729340518e-03 2.660709257511e-03   0.490620074289  -0.488868259096 5.623994360060e-03 3.514859315064e-03     796.0   8.70  50835665
2015 RG281    46.164277631330   0.221768297529   0.163099208064   1.203874931637  -2.220945361406  46.209383887476   0.233501700813   0.171357849544  46.209383887476   0.225151225309   0.168106960175   1.589788880938  -2.429648943228 2.354338431781e-01 1.204441089005e-02 3.545008779636e-03   0.373081425215  -0.416969816198 1.575826264086e-02 7.610312311991e-03     883.0   8.40  50835689
2015 RH278    55.475835783785   0.385150648004   0.089106437676   5.025003602890   1.768989003012  55.388567114016   0.384680466836   0.084014655959  55.388567114016   0.384576531768   0.083440064891  -1.236810636645   1.758751572062 6.763237178956e-06 2.720515151568e-03 5.973432591135e-04  -0.105870069737  -0.122102305488 4.153907780497e-03 3.687556216290e-07     883.0   7.20  50831072
2015 RH279    70.856094422326   0.464860346366   0.179555334689   3.648343691124   1.707680550032  70.742585142612   0.459996400545   0.196641374527  70.742585142612   1.468642010822   0.194445478973  -3.167192338188   1.826702006366 3.366785954204e-02 3.499282977173e-01 4.484237497661e-03   0.095682593055  -0.105713576296 1.559804229581e-03 1.466821052278e-03     914.0   8.70  50831178
2015 RH280    44.952098315440   0.106541734080   0.059854429658   2.713001802056   2.473961397013  44.947579032384   0.107870738070   0.059795276441  44.947579032384   0.107744267268   0.059444807483  -3.437967682105   2.386451873318 8.231164225060e-05 3.116459803194e-04 5.308807854670e-04   0.380360251355  -0.386764924646 3.421874955602e-05 1.502311563765e-03     893.0   9.00  50835664
2015 RH281    46.931802774834   0.172644291586   0.100480436619   2.262484809617  -2.326866263590  46.917173324108   0.181031122872   0.104031981266  46.917173324108   0.180836378342   0.103752285740   2.277501000898  -2.332724374402 6.213595605182e-04 2.081208759904e-04 3.173862338363e-04   0.352219123490  -0.354564111466 7.640768593519e-08 1.329806255157e-03     801.0   8.40  50835690
2015 RJ277    46.697249778797   0.203524660995   0.111768644545   1.462119501646  -2.270448804805  46.662767380550   0.202844710103   0.092588251263  46.662767380550   0.202468852700   0.092517429225   1.548418822599  -2.304712361168 9.290047742603e-03 1.642498660427e-03 3.791586532724e-03   0.376955160855  -0.398450767248 1.206370676038e-03 4.253626451803e-03    3633.0   7.41  50827141
2015 RJ278    42.183759656681   0.156155633328   0.103326968015   3.630966909771  -2.160819887743 -812.281313947065   0.787056440050   0.088942257427 -812.281313947065   0.764923973986   0.035898299873   1.038890166125  -1.781493429708 2.692317355210e+02 3.457692570526e-01 3.203856423982e-02  -0.002480941483  -0.617037573719 2.198133203309e-02 3.212665381723e+00     914.0   7.70  50831078
2015 RJ279    56.514503105837   0.332456794162   0.527664276147   3.355897748396   1.545067233484  56.431299354473   0.342941614743   0.521596412664  56.431299354473   0.278382821758   0.498415631032  -2.677245552486   1.538653818538 2.701311641277e-03 3.594231170637e-02 1.266116124183e-03   0.052151970399  -0.112757657809 9.932184157092e-03 2.353477791621e-04     888.0   9.50  50831175
2015 RJ280    45.357218870907   0.067233121893   0.049083882004   0.047856061368  -2.771105627094  45.357664363628   0.063409385631   0.045830015451  45.357664363628   0.063337480680   0.045588104156   0.124799761537  -2.830295824380 9.100427487236e-06 7.484748439968e-05 2.556644902701e-04   0.345142608402  -0.345174563888 1.795718545253e-03 1.158073626666e-03     539.0   8.30  50835666
2015 RJ281    46.133137849927   0.175343696660   0.200755755784   4.060166287069  -2.045287671635  46.126461063429   0.169478175585   0.202931249717  46.126461063429   0.163724378479   0.201948911181   4.128633884142  -2.064202316771 2.938200060462e-03 5.546819865064e-03 1.799148597523e-03   0.270988391049  -0.324537692071 6.582060075442e-03 1.584008767141e-03     801.0   7.50  50835699
2015 RK278    42.311891576510   0.154030464898   0.184612795407   5.451057196406  -2.166275351406  42.272309535871   0.151536611384   0.181584287434  42.272309535871   0.151397962529   0.180702079627  -0.817499559498  -2.163147820419 1.825623424556e-06 7.103841254598e-05 1.930468113132e-04  -0.951028784676  -0.357842632391 1.680020202128e-03 8.616712861697e-04    3777.0   8.30  50831079
2015 RK280    45.403774513323   0.062294744864   0.421233822059   4.139971133883  -1.801952828944  45.400401111333   0.061057433707   0.418753098568  45.400401111333   0.061191291343   0.406876960617   4.095639121565  -1.801705456590 5.962717686459e-05 3.214349411870e-04 4.385352192166e-04   0.119375672100  -0.223076012244 1.821622466791e-03 1.468826451933e-03     539.0   8.40  50835673
2015 RK281    44.311525267415   0.075212639751   0.065135896576   2.315401060278  -2.836113119090  44.314377038103   0.084936148672   0.067535164606  44.314377038103   0.084686719612   0.067127127199   2.438905526803  -2.900150616208 2.344291597840e-06 5.719021005891e-04 7.438714277581e-04   0.394483752829  -0.401560350232 1.408315345983e-06 1.754107979482e-03     893.0   8.60  50835691
2015 RL277    34.559880507318   0.849628358786   0.081468934723   0.261212523102  -3.004172665767 -358.551942472159   1.014304489993   0.115557843361 -358.551942472159   0.000083286380   0.000078289507  -1.547576577194   2.930862569782 5.998524051288e-02 4.535759630286e-01 6.738571285998e-05  27.657510283328 -13.199874454024 2.473304349944e+01 1.176824837808e+01     462.0  16.40  50827137
2015 RL278    79.055536549608   0.534457918269   0.313371577205   0.424330801509  -1.820536982720  78.824729458400   0.548100300893   0.272601143601  78.824729458400   0.432379932988   0.243565393310   0.152355029768  -1.597289648308 2.029345295875e-01 4.208191761663e-02 3.737802315737e-02   0.080897505663  -0.078201329129 1.539401099180e-02 1.366180407871e-02     893.0   8.80  50831118
2015 RL279    44.205310529332   0.033073864855   0.035572727927   1.588732004471  -3.129554986295  44.207282959117   0.036050994887   0.036808751040  44.207282959117   0.035696544737   0.036162300114  -4.334593254252   2.948663698501 4.731734686134e-06 1.219862218644e-05 3.374936258685e-05   0.392135647242  -0.392135605681 3.076532810207e-04 8.784313585634e-04     822.0   9.10  50835643
2015 RL280    45.082932404621   0.065548024323   0.081177371003   1.536014710189  -2.531182656615  45.084185859018   0.071237984314   0.079189348265  45.084185859018   0.071195255626   0.078957281794   1.574027996845  -2.555139539577 2.020598555004e-06 4.031239133725e-04 3.594331459603e-04   0.347348427921  -0.354567423036 1.647997025388e-04 1.186434236242e-03     822.0   8.60  50835667
2015 RL281    40.297546067233   0.046478191799   0.434268843073   2.202227282526   1.582120323245  40.296391559638   0.044937469574   0.440612495125  40.296391559638   0.044967197359   0.426676920681  -3.990494490007   1.571531317393 7.134593816983e-05 9.889824163371e-05 4.223196216901e-04   0.184594636280  -0.349846873400 1.368550242942e-03 1.761789030140e-03     893.0   9.00  50835692
2015 RM278    45.765625328490   0.183746817960   0.386543318305   3.562979741586   1.564304909842  45.724512704705   0.204149197701   0.384430076698  45.724512704705   0.174754239434   0.374993544441  -2.343136572741   1.550293003540 8.735406256090e-03 2.685087822032e-02 9.332384207726e-04   0.156640493574  -0.260640977324 2.224384132245e-02 8.914254177075e-04     893.0   8.50  50831116
2015 RM279    44.107017053448   0.064038232898   0.028097873382   4.288890207710  -3.045660453778  44.110470714487   0.065434287969   0.035677159424  44.110470714487   0.065138761969   0.034859841212  -1.825209620602   2.952317807679 1.238293383563e-05 8.018394890226e-05 1.002529509497e-04   0.406224903690  -0.408549978424 1.050069848079e-03 2.765984417549e-05     893.0   8.20  50835644
2015 RM280    45.574548672223   0.059679210520   0.086896174334   1.994310745082   2.675213490692  45.574280563343   0.057730591806   0.088282436929  45.574280563343   0.057751079315   0.088142177946  -4.216925793435   2.625197812874 3.339639785900e-04 2.802130929205e-04 1.700152787322e-04   0.319479860454  -0.328695732454 1.304707618845e-04 4.059417681805e-05     816.0   8.20  50835668
2015 RM281    45.794653757205   0.150500971895   0.195564011006   4.485760503743  -2.077575464817  45.795810821485   0.146670773411   0.193186062116  45.795810821485   0.146764067347   0.192034075377   4.478052873805  -2.076729967928 3.198794152143e-04 1.693884199429e-04 1.174149130129e-04   0.274945652756  -0.326392878360 1.919455544219e-03 1.455333162176e-03     801.0   7.90  50835693
2015 RN279    42.850213867344   0.111681777479   0.277420944085   5.485878080722  -1.865186898924  42.844418569750   0.110327801902   0.270045747034  42.844418569750   0.109638607641   0.266915425764  -0.886500414226  -1.845614231857 4.148906102805e-03 8.154500698994e-04 1.455874550104e-04   0.288830752051  -0.382760985752 1.618775836347e-03 1.609429552874e-03    2294.0   8.12  50835645
2015 RN280    41.367850932142   0.126182112453   0.343375887328   6.103382447174   1.604640440238  41.344438309310   0.128574598244   0.350357544513  41.344438309310   0.128303763909   0.343502832862  -0.091089535041   1.588755358618 8.389329023964e-03 5.458384391059e-03 2.664417521826e-03   0.252031226519  -0.398508788177 7.255822462794e-03 5.248332186012e-03     822.0   7.80  50835672
2015 RN281    42.529999830184   0.128177741391   0.703891055428   5.594716990777   1.567227911283  42.510216785428   0.131918271821   0.704693637432  42.510216785428   0.131640522837   0.648030194229  -0.688036340052   1.568285450486 1.521970971753e-03 2.174505093784e-04 1.494923216808e-03   0.018783575570  -0.185501904895 1.708640992169e-06 1.067655310985e-03     893.0   8.30  50835696
2015 RO278    45.437072977463   0.238303781666   0.440202820160   2.494450610058   1.510989448853 -639.199983720065   0.576671572503   0.235612559740 -639.199983720064   0.549959162816   0.201946436006  -3.038698971465   1.781653242842 5.256568689502e+02 2.299007542316e-01 1.168516783407e-01   0.000509772006  -0.243715178217 1.855310300670e-02 2.583523388343e-02    1592.0   8.87  50831115
2015 RO279    45.492919946818   0.062798470822   0.029108964987   2.021257251008  -2.817841461391  45.494844952813   0.067533417230   0.028675167558  45.494844952813   0.067494848699   0.028199566928   2.169626133559  -2.918388706406 2.213828099653e-06 9.972325069081e-06 4.521184428982e-04   0.343381531631  -0.342825221587 5.326525425859e-04 2.037792883794e-06     586.0   8.40  50835646
2015 RO280    41.397360655211   0.045205582349   0.606762470330   3.054903258731   1.486492506402  41.396785295065   0.047511036016   0.609030131435  41.396785295065   0.046731713988   0.572257412226  -2.988367722986   1.486980978634 6.202504842971e-04 5.924968410188e-04 1.337388323751e-03   0.051687937193  -0.232464658522 4.334487539328e-03 1.157236034189e-03     914.0   9.10  50835670
2015 RO281    43.853257210880   0.169728365947   0.068873579022   2.116410168776   3.075206316077 -152.548020445824   0.346657890546   0.085243979430 -152.548020445824   0.319536381944   0.059988479089   1.508056255763  -3.074035588913 1.762396000540e+02 1.768098875905e-01 1.091140245267e-02   0.001551439824  -0.536409832270 6.686853610149e-01 2.884736711822e-02     801.0   7.50  50835695
2015 RP278    43.126485341739   0.166253436902   0.138414347171   0.723537830515  -2.152645998512 -267.262284750398   0.876926765770   0.246416993627 -267.262284750398   0.853946613946   0.026737374721   1.673401471152  -2.568535978128 5.734237146148e+01 6.654922099844e-01 1.321619318133e-01   0.338016010284  -0.533806766873 4.294925456740e-01 4.908064178218e-01    3367.0   8.71  50831119
2015 RP279    44.069232018836   0.061548597692   0.045589842930   6.256320932334  -2.318021841084  44.067898482742   0.058746589023   0.036640864825  44.067898482742   0.058453400154   0.035871458862   0.091590995352  -2.362412232176 1.578601965626e-06 6.137200863395e-05 1.040908765471e-04   0.406217225659  -0.406426642965 1.576995228370e-03 1.959651678953e-03    3756.0   8.31  50835647
2015 RP280    45.415740066558   0.093639309973   0.079783979870   0.486998869648   2.467115731624  45.425267609115   0.105279423121   0.099023463490  45.425267609115   0.101865570591   0.098694265891   0.692218950244   2.433568106902 2.329973694624e-03 5.654516695162e-03 7.642499915615e-03   0.338152100899  -0.350807561221 2.372362348268e-03 2.861025872459e-03    1917.0   7.30  50835669
2015 RP281    44.939968947025   0.116989584438   0.079737915620   5.510965867656   2.973553436420  45.732969801583   0.198838891179   0.148177941186  45.732969801583   0.182018462610   0.147675984837  -1.004535259094   2.781919739873 4.336760380631e-01 1.948310842550e-02 1.045486165805e-02   0.367241142685  -0.421539916479 9.619593307285e-03 3.693945414556e-03     862.0   7.70  50835694
2015 RQ278    45.952873131488   0.100961105361   0.330483556957   1.669865174661  -1.979866096888  45.947716909337   0.098613329032   0.327953988776  45.947716909337   0.098589605965   0.322292582086   1.660153483384  -1.976527420524 2.093307839910e-04 2.678019435538e-04 1.880650665330e-04   0.164310318713  -0.248894637066 1.043515392932e-03 6.530056474556e-06     883.0   8.40  50831120
2015 RQ279    46.747033163722   0.170755278610   0.068907783799   5.712010848027  -2.437377273872  46.760675487981   0.165186860232   0.058460376174  46.760675487981   0.165145125607   0.058241129811  -0.545716966911  -2.459683869343 2.173973080199e-04 1.931981676924e-05 1.971210308285e-04   0.354770303922  -0.354564718175 1.921018418652e-03 1.155816101015e-03     893.0   8.10  50835648
2015 RQ280    44.019342909562   0.044028777525   0.061977606269   2.201586279630  -2.851402676318  44.022371043282   0.052441156377   0.062220832110  44.022371043282   0.052174330900   0.061854375403   2.360419447724  -2.943662382556 1.681345525402e-06 3.381190319301e-04 2.899387456942e-04   0.396831586573  -0.402460089621 9.044040865048e-04 1.356112274823e-03     883.0   8.80  50835671
2015 RR277    39.381679081883   0.241196303486   0.146632397707   3.782137508075  -1.918378159900  39.402821036208   0.243348312993   0.146010233978  39.402821036208   0.208386135289   0.144441184940   4.081838545271  -1.895217662223 2.124830653445e-05 7.579545870596e-03 2.457172057660e-03  -0.364450204639  -0.356890569160 4.664127495345e-03 4.513696063422e-03    3364.0   7.88  50830961
2015 RR278    34.790374026944   0.100251458815   0.072275190640   0.090944292294   2.848858177892  34.896882764665   0.107158839660   0.071648183713  34.896882764665   0.107061923166   0.068678289869   0.003888998163   2.949185972440 3.317884028887e-06 3.686885292443e-05 3.840807610018e-05  -3.312593905443  -0.972120400486 2.301870879621e-03 9.209214648756e-06     862.0   9.70  50831121
2015 RR279    44.209314722516   0.083159625418   0.041154853553   0.097091770988   2.993528797889  44.210444009920   0.077529459253   0.046376585022  44.210444009920   0.077279321686   0.045892974492   0.235727095089   2.822518359305 4.161096029621e-04 1.850413991572e-04 2.920925145079e-04   0.403876266664  -0.408110605415 1.614256949339e-06 4.644724406008e-04     914.0   8.70  50835650
2015 RR280    41.477486876017   0.073169895118   0.579155268622   2.059215297536   1.500558029532  41.471906231037   0.069598713842   0.582272142411  41.471906231037   0.069895239285   0.550526085167  -4.212836722103   1.495415975171 2.303046039635e-04 7.005606306457e-04 5.995127685466e-04   0.058689561509  -0.244144750994 2.189399079995e-03 5.787679597160e-05    2294.0   8.24  50835675
2015 RS277    39.416519430326   0.184923570362   0.076439617570   1.046887188003   2.043510750508  39.404727566144   0.188563045371   0.083823348844  39.404727566144   0.188559820662   0.083647533580  -5.139568793918   2.000066498969 2.018851382697e-05 9.623760709319e-05 1.140954371472e-04  -0.847728272649  -0.419812606871 1.685774729588e-03 1.638706645829e-03     857.0   9.10  50830959
2015 RS278    53.893889256581   0.411286528268   0.242341127829   3.271622162658   1.678445627550 -1756.858738324320   0.898765933805   0.211641979147 -1756.858738324319   0.882414980900   0.055147145983  -2.508750289757   1.667806207643 3.739442098070e+02 4.061311884784e-01 1.181159573990e-01   0.215117704953  -0.179636432129 2.199007263837e-01 2.375678860849e-01    1565.0   8.70  50831123
2015 RS279    44.165274369810   0.039132041867   0.039942605114   4.286302494590  -3.085972981348  44.167627065598   0.041327729173   0.044522086731  44.167627065598   0.041033935711   0.043974142638  -1.947396631511   3.054147217199 5.806118115190e-05 4.936970158055e-05 2.901951091648e-05   0.392576853996  -0.394483798298 1.771000413453e-03 1.952449884937e-06     914.0   8.00  50835649
2015 RS280    41.283382000275   0.032176796997   0.557172339568   2.831656103075   1.516801748857  41.276249594696   0.033105434846   0.560113267703  41.276249594696   0.103824128880   0.531608949203  -2.938277812796   1.510691044168 3.009616383606e-05 1.260508994574e-02 1.336413266253e-03   0.097531471992  -0.255932280458 3.596400226204e-03 1.653496797997e-03     862.0   8.80  50835674
2015 RT245    44.387895698879   0.084225751166   0.041419268257   0.178682883034  -2.864020290154  44.385557366742   0.079268492048   0.037824065587  44.385557366742   0.078996260465   0.037181234597   0.371248744541  -3.011657872063 3.656794542826e-04 7.703594163800e-05 6.089545171875e-05   0.401528127104  -0.400579794027 5.691028203475e-04 1.310175284257e-03    2567.0   6.76  50775214
2015 RT277    39.567785454037   0.175318623814   0.096972324713   0.868119450637   1.776203631769  39.405205381652   0.176380174848   0.107139458602  39.405205381652   0.176212874859   0.106787270940   0.968591252650   1.733024922457 4.207839593906e-06 4.516624677057e-05 9.385227251902e-05  -0.969698651212  -0.441446548763 1.762096663850e-03 1.746477195088e-06     888.0   8.50  50830960
2015 RT278    45.055127637111   0.194182735259   0.316130819141   3.286206393806   1.709677622152  45.042915295541   0.172166791403   0.333958068579  45.042915295541   0.134399082535   0.328033998867  -2.750990101250   1.683392529229 2.633348315004e-05 1.119268129594e-01 8.347116332408e-04  -0.030602952651  -0.286433956323 2.328166168718e-02 1.899309196413e-04     862.0   8.60  50831124
2015 RT279    43.790995479544   0.035078877770   0.050627437755   6.122123855276  -2.288898180438  43.790766455995   0.031587000589   0.042593539073  43.790766455995   0.031041722954   0.041925194063  -0.044184926472  -2.347987122581 7.651299330478e-07 7.331239149311e-05 6.508821312367e-05   0.410920578730  -0.412487386106 2.199690432549e-04 7.538673635878e-04     914.0   8.20  50835651
2015 RT280    41.394978036807   0.051042329771   0.192387489345   0.357595436663   1.723960109628  41.385203155666   0.041854052537   0.208768313301  41.385203155666   0.041001382487   0.207313952443   0.233757985637   1.718144197005 9.151989963007e-05 6.215570883180e-05 1.461097683773e-04   0.403876299505  -0.480667352056 8.373784847151e-06 1.556326161409e-03     857.0   8.70  50835678
2015 RU245    30.990584122449   0.289857458567   0.235767013820   3.557683230090   1.475634139887 222.019593774504   0.717685556878   0.293161755738 222.019593774504   0.625894589142   0.160589659653  -2.024269378528   1.470389467250 1.203783533072e+02 1.101803573317e-01 4.858478046020e-02   0.001378182757  -0.528660975614 4.654826140019e-03 4.141476961839e-01    1670.0   9.30  50775218
2015 RU277    39.331145559744   0.249274224831   0.283439833320   3.196736782251   1.598690591697  39.403400829209   0.266589398864   0.254575393425  39.403400829209   0.203625114302   0.249923274076  -3.001660411778   1.478341623088 5.470230284568e-05 1.876121284007e-02 1.365131901445e-02  -0.078054027854  -0.392044891202 6.652365028487e-02 1.032525959424e-02    3419.0   9.03  50830962
2015 RU278    50.848259398001   0.246875827114   0.475626829745   4.356678078663   1.632563866846  50.859499666256   0.237089852741   0.482050084505  50.859499666256   0.175066741587   0.463658220776  -1.987990382787   1.626477202965 5.003334738805e-03 2.267214506286e-01 9.708368747997e-04   0.057941628669  -0.150279278891 1.984119294820e-02 4.710480687168e-06    3367.0   7.01  50831125
2015 RU279    46.216199819119   0.132170772193   0.101089268382   0.985780970551  -2.158367051506  46.202723229894   0.142864635103   0.106723628476  46.202723229894   0.142749560638   0.106493732539   1.034625813556  -2.174359946272 2.125331180213e-05 3.838846904717e-04 4.928388436030e-04   0.324045166442  -0.342885021317 6.036704535022e-05 7.473712589080e-04     914.0   8.70  50835652
2015 RU280    47.039567668041   0.115746146137   0.061676911738   3.828465822096   2.721119713514  47.050926787574   0.119497307024   0.065244927078  47.050926787574   0.119418749464   0.065081780690  -2.376981164199   2.655512414732 9.888644534540e-07 3.902842563757e-05 1.740282936516e-05   0.321694615286  -0.305255325635 1.336035346085e-03 1.381941615313e-06     566.0   8.80  50835682
2015 RV277    39.320388413341   0.164809018139   0.118744438661   4.815542810187  -2.374001851695  39.404471467512   0.175283651539   0.110643895465  39.404471467512   0.175246434619   0.110417895748   4.840355505442  -2.367666962664 4.934859057158e-06 7.866650798860e-05 6.598499655321e-05  -1.037572567824  -0.382923454027 3.127259074597e-04 1.751324957586e-03     862.0   8.20  50830963
2015 RV278    50.373374522679   0.277362948798   0.171306076659   1.975824896414   1.929901113308  50.080743781162   0.272878446812   0.149092963531  50.080743781162   0.193667966797   0.108850225879  -4.290547710051   2.277635213807 2.012608391764e-01 2.541817203885e-02 3.158642019457e-02   0.322578220261  -0.267921944790 1.119297977951e-01 4.110166938152e-02     862.0   8.40  50831126
2015 RV279    45.466398842022   0.138948120592   0.053066808141   0.407054139970   3.093536294397  45.472578534693   0.134560005159   0.051623026059  45.472578534693   0.134200603335   0.051251275576  -5.742072299690   2.970094304054 1.009042767345e-04 3.989698354199e-05 4.040327052020e-04   0.385120063857  -0.385091824734 2.527517195540e-05 1.204927363134e-05     914.0   8.30  50835653
2015 RV280    42.780934766729   0.117598184290   0.197243450880   0.212811815522  -2.030910576216  42.780335664541   0.126794880495   0.184903623001  42.780335664541   0.124925622071   0.183591655113   0.226848347877  -2.052599191717 3.756762999516e-04 1.480882021029e-04 1.558612563502e-04   0.417988474520  -0.467275226681 7.326979013445e-06 1.379616445383e-03     565.0   9.40  50835681
2015 RW245    56.468390272380   0.531096847523   0.241778726051   0.452542953638  -1.978749988681 -53.953898050463   1.080019452412   0.530676743989 -53.953898050463   1.046527983359   0.187447759806  -3.791711473910   2.653655020671 1.919708504988e+01 1.820589248107e-01 2.557380702230e-01  -0.225771603185   0.000833367657 2.282293529525e-01 2.599695012023e-01    1501.0   8.82  50775219
2015 RW277    30.015394902177   0.076617437790   0.546349716513   2.363865644040  -1.899243205798   5.498290982951   0.557405080071   0.397156614833   5.498290982951   0.551345708647   0.295390221344   1.151206295076  -1.706214984100 1.807057007114e+01 3.562465372417e-01 1.640518120102e-01   1.209866958648  -0.475512847960 1.080486595132e+00 1.038182306523e-02     559.0  10.20  50831001
2015 RW278    37.849915893668   0.051623006889   0.047400648669   2.973076403036   2.634487886462  37.850151165408   0.038111738751   0.037559625781  37.850151165408   0.037308482106   0.033700310983  -3.587662576931   2.871175440649 1.443267163448e-04 6.739637179591e-05 6.737300045287e-04   1.327596105756  -1.190515928830 2.959993279258e-03 2.501178521316e-03    3777.0   8.90  50831136
2015 RW279    43.909106654173   0.079019126851   0.049739659779   0.889231271436   2.764878231472  43.906381271362   0.074235176960   0.054950172828  43.906381271362   0.073945451988   0.054484331788  -5.180263808591   2.621193529294 1.832240688512e-05 2.360129768208e-04 3.092568351407e-04   0.417954963473  -0.420509425132 1.085611392037e-05 1.963351641818e-03     914.0   8.20  50835654
2015 RW280    41.355351980683   0.139710148987   0.562443595752   0.286624030695   1.508605995860  41.374749027602   0.148279091081   0.562796163285  41.374749027602   0.140832309518   0.534233215404   0.478629660289   1.508075776760 2.381643378733e-02 8.409335814264e-03 1.200842312697e-03   0.079932193375  -0.265146707269 2.914111221587e-03 1.508983954126e-03     893.0   8.40  50835687
2015 RX245   423.538943757316   0.892448791599   0.217850648508   1.262859110128  -1.851710095377 393.932574725541   0.883956924747   0.220907161758 393.932574725541   0.881976458451   0.218001516462   1.296841303556  -1.858518992475 5.491649215882e+00 1.211640172923e-02 1.638776681990e-03   0.002347618101  -0.002348267550 2.348638788114e-03 2.391824705777e-03    2327.0   6.20  50775282
2015 RX277    47.640468808953   0.206235434003   0.026522732804   3.169358192119  -3.114154263710  47.734805226962   0.207628574090   0.029680711120  47.734805226962   0.177370086960   0.029552582494  -2.563233661835   2.925106247156 5.147378318424e-05 1.337347904935e-02 5.747287545354e-04  -0.109779230005  -0.255680701613 5.592882144611e-03 4.257672881051e-03     801.0   7.90  50831007
2015 RX278    37.732647798323   0.068408402798   0.409466767677   1.218515133009   1.534219322552  37.753546034692   0.056223140230   0.424704543037  37.753546034692   0.055188043131   0.411662289637   0.860946619415   1.566360888982 1.252146510619e-03 7.664906074442e-04 3.378475197439e-04   0.204342805775  -0.474532863845 6.939201343357e-03 1.868682492562e-04    3388.0   8.15  50831137
2015 RX279    43.171743865905   0.042413177514   0.286719774592   0.486408606735  -1.874881122240  43.171078432010   0.044479293484   0.280380686632  43.171078432010   0.044426914786   0.277044765871   0.479718439212  -1.873447660364 1.934534946749e-06 1.001876566599e-05 3.353783425590e-04   0.244203595040  -0.343966110094 1.723759964627e-06 1.088764704425e-03     560.0   8.70  50835659
2015 RX280    43.927460634710   0.134353106787   0.393591700579   0.337885588667   1.582730567688  43.915965087064   0.139112824880   0.395587578814  43.915965087064   0.139254388809   0.385922796914   0.313134510287   1.587773158349 2.578297550287e-03 2.844131568050e-04 5.597195250662e-04   0.159492821337  -0.280517378929 1.645870835561e-04 1.189798201553e-03     883.0   7.30  50835686
2015 RY245   225.128194706152   0.860901111415   0.123510831151   0.086611659100  -2.381399723933 3497.038346605415   0.919960909201   0.145055001003 3497.038346605415   0.789916407114   0.116337590047  -0.381811576667  -1.993405145330 2.494071955382e+03 1.200168825272e-01 1.521025909190e-01   0.001249342608  -0.010431542790 5.462917529669e-03 3.386480217982e-03     538.0   8.90  50775280
2015 RY277    47.450984068089   0.277103175427   0.085052867056   6.229256886751  -2.761427761782  47.734037108671   0.294436489468   0.091169449973  47.734037108671   0.236842974882   0.087625498030   0.648671051655  -2.618143402730 2.048293576534e-04 2.647919862141e-01 6.017662181320e-03   0.037567619566  -0.224632913506 5.098236410822e-02 4.779511305328e-03    2685.0   8.09  50831008
2015 RY278    38.847683208785   0.056738337504   0.043238598335   1.328211520304  -2.821538279922  38.828246348224   0.049603461789   0.063307313114  38.828246348224   0.048337033001   0.057900459954   0.934631776738  -2.634307459553 4.726190917288e-04 5.433421738607e-05 4.020947994224e-05   1.261716492894  -0.967872437002 1.330910076070e-03 4.262094029124e-04    3388.0   8.19  50831140
2015 RY279    44.792399207175   0.175393890632   0.308558678304   2.236228699598   1.565675934740  44.796868617162   0.172458551240   0.316431312314  44.796868617162   0.171947528056   0.311436668949  -4.080004477543   1.567835807748 5.521829529133e-03 9.902454713854e-04 7.854876220682e-04   0.208619501911  -0.309962615873 1.960207135699e-03 8.015130933263e-04    3756.0   8.48  50835655
2015 RY280    46.339460523369   0.139038212956   0.308929470738   1.177124330303  -1.986795795192  46.330088755388   0.137215536630   0.306294810505  46.330088755388   0.137197132395   0.302009122302   1.150590823548  -1.983314796819 3.877491195458e-06 2.645124983816e-04 5.752278337638e-04   0.180805237499  -0.256419277278 8.510446542493e-04 1.746697753376e-03    1877.0   7.60  50835676
2015 RZ277    62.250017438722   0.444895282947   0.103735900977   0.530309479158   1.778041911996  62.547429452028   0.446689739513   0.101788136213  62.547429452028   0.325931997150   0.101174143000  -0.123809924958   1.851264138505 2.855269289140e-04 6.030813801799e-02 2.291140009364e-03   0.023481129969  -0.104658445833 2.598405739702e-02 4.154406878610e-03     914.0   6.80  50831028
2015 RZ278    72.067597853189   0.534500490856   0.220746627972   6.146928720465  -1.836220034909  85.412667489393   0.613992133866   0.167544734076  85.412667489393   0.530571638344   0.145539970746  -0.044561365206  -1.643237500749 8.915858491759e-01 2.126127010931e-01 1.251936621482e-02   0.024811796862  -0.057236610340 6.332113015046e-02 7.699315411307e-02     822.0   8.90  50831149
2015 RZ279    43.558966779706   0.070828365194   0.077711295709   4.148091216388  -2.321933365734  43.567551460690   0.066674578566   0.071327591651  43.567551460690   0.065167449356   0.070854782950   3.905450305763  -2.347002529425 2.973077546232e-06 3.006713994644e-05 7.551292761745e-05   0.458008201641  -0.433861374659 1.938389925096e-03 1.689945309898e-03     893.0   7.60  50835656
2015 RZ280    43.971623519779   0.136616302290   0.212141719443   1.581627563263   1.791820991282  43.973270355665   0.134119832866   0.221848583727  43.973270355665   0.133921358264   0.220190988136  -4.578487412983   1.770127615306 7.521788489317e-03 4.754791685725e-04 2.648032089242e-04   0.309918026986  -0.378677675748 3.119192429375e-05 1.508922460169e-03     586.0   8.50  50835677
2015 VA164    45.766329115134   0.072085004543   0.447631915505   1.121269248861   2.247900845850  45.764642100444   0.070272064781   0.449915288153  45.764642100444   0.070472692883   0.435310837820  -5.180852814380   2.247975924663 6.076795636586e-05 1.664570517518e-01 4.737913163221e-04   0.100577350323  -0.206654085118 1.810391600393e-03 1.780052096611e-05     846.0   7.20  50825071
2015 VA165    39.614477923286   0.281795325611   0.261059678916   1.967994493599   2.140630136981  39.403220840158   0.279822676839   0.262018180553  39.403220840158   0.216905406207   0.258342693149  -4.245457989936   2.200710627412 1.574475375687e-05 7.387920696232e-03 5.006457461762e-03  -0.092357962393  -0.382015872060 1.925211689891e-02 1.569087393276e-03     828.0  10.00  50830981
2015 VA166    47.766399877144   0.418376090143   0.215404523238   5.145494299378  -1.084407150163  47.732243745053   0.328523143153   0.319655733771  47.732243745053   0.294106744239   0.281010412860  -0.923340979246  -1.389978623410 4.352373603823e-04 3.943442474181e-02 1.360259327263e-02  -0.202429048640  -0.202129965959 1.836285299319e-03 1.712746966480e-03     764.0   8.90  50831005
2015 VA167    43.691831561091   0.094790550430   0.211657313931   3.833845663858   2.114530551659  43.669047815051   0.127501029717   0.177673225474  43.669047815051   0.105903535866   0.174983924819  -2.136690828259   2.067948797855 3.594548433290e-05 9.814123627226e-03 5.320444041310e-03  -0.346308957843  -0.368933564894 3.427150893338e-02 2.112006890178e-03    1034.0   7.77  50831060
2015 VA168    71.886726457427   0.528527392684   0.081235059927   6.119500827156  -1.047502777937  67.404169507146   0.485041893315   0.079287458797  67.404169507146   0.420664083316   0.067893003727  -0.377578895028  -0.626005283044 1.447518830703e+00 3.147429789616e-02 8.312923228730e-03  -0.005154853745  -0.102241452773 1.398907496208e-01 1.382655090219e-02    3421.0   8.48  50831159
2015 VA169    43.869273660886   0.038949177870   0.011879241094   6.183754936792  -0.597691111166  43.864777198015   0.047108540090   0.013795412340  43.864777198015   0.046697323275   0.009674903909  -0.571091778228  -0.028428928658 3.885053867342e-06 1.182732067485e-05 1.055270860525e-04   0.417961285501  -0.415633248568 5.341713242173e-06 8.180769874532e-04    1125.0   8.10  50835709
2015 VA170    43.481454511118   0.047641327289   0.021257524710   2.237881131873   1.913778228163  43.480007492889   0.049128167308   0.034844710530  43.480007492889   0.048520569771   0.033641398506  -3.518907195319   1.518937642957 1.134287903811e-05 7.768749840568e-05 4.638810905233e-05   0.442088213021  -0.436750456689 6.145619541968e-04 4.393172141227e-06     526.0   8.50  50835734
2015 VA171    42.931195432936   0.037746099527   0.032168101969   1.611171876451   2.436330499269  42.929316247393   0.036710723585   0.044516504473  42.929316247393   0.035752065283   0.043216694900  -4.013363812562   2.025681079116 1.720092842010e-06 4.172235604757e-04 3.112010682682e-04   0.462578521905  -0.464930383647 1.132294935228e-03 2.376308314981e-06    1123.0   8.90  50835759
2015 VA172    44.216792796606   0.067011374033   0.025232695897   5.666090412458   0.208645881580  44.209920985305   0.073519587747   0.027246926507  44.209920985305   0.073304848864   0.026176209879  -0.650260592923   0.319481828870 6.037103312467e-04 4.302212435777e-05 4.235144430628e-05   0.406528651955  -0.408406133486 1.876395624327e-03 2.034534434262e-04    1125.0   7.57  50835785
2015 VA173    43.023060303954   0.010071332450   0.029273069644   2.585958324901   2.053172727486  43.020556280510   0.015242048995   0.043356257919  43.020556280510   0.012928880336   0.042220768805  -2.630893773619   1.767500032279 2.439030648790e-05 2.383115125895e-04 4.497630427650e-05   0.450836498410  -0.454643598736 3.475583223602e-04 8.560349809737e-04    1125.0   8.20  50835809
2015 VB164    44.885585351381   0.079637282014   0.445473906426   2.524910184056   2.157892537217  44.885897058410   0.080715787037   0.447943258884  44.885897058410   0.081001183755   0.433225657028  -3.759317176796   2.158404053240 2.537013186068e-05 4.718317717747e-04 1.096779854972e-04   0.106481823084  -0.225419714206 1.453191692074e-03 6.397225576298e-07     846.0   7.80  50825074
2015 VB165    39.628104347697   0.204014072835   0.019977653160   4.092263369839   0.481546717345  39.405150175241   0.197611155109   0.032203864555  39.405150175241   0.197618310311   0.031268055670  -2.295918091587   0.552948393984 1.119012065809e-05 7.130542461634e-04 1.456952491864e-03  -0.725576359077  -0.463872303855 8.777694420841e-03 1.535926254174e-03    1040.0   9.30  50830982
2015 VB166    47.646545431821   0.326628612635   0.009418918379   2.196728557431  -3.021211743781  47.733016664859   0.326073983896   0.008413079695  47.733016664859   0.325300541786   0.008154796604  -3.715235012727   2.894123768306 1.562289992317e-05 1.404000723650e-03 6.565719781693e-05  -0.347350805996  -0.209213424121 3.894527211210e-03 1.326898152764e-03    1938.0   8.94  50831012
2015 VB167    43.641044273464   0.068598613636   0.024088558754   5.855189478728  -0.232403031818  43.668354156818   0.072745838207   0.026874672727  43.668354156818   0.058262591849   0.025246353910  -0.509365742282   0.067445362033 2.374022696146e-04 4.687442807674e-03 1.076464078975e-03   0.209516702128  -0.431603030638 1.838567433570e-01 2.601889139728e-03    1125.0   8.90  50831059
2015 VB168    98.332430702825   0.645980210431   0.051167770068   1.112458613338  -0.663533360424 281.850001845323   0.820473581924   0.032723836664 281.850001845323   0.789737015716   0.028729353110   1.615691593093  -0.953083559524 9.347163485097e+01 8.650135880832e-02 4.323625621699e-02   0.010679867643  -0.014379585283 5.999199427223e-03 2.820488149149e-02     828.0   6.70  50831158
2015 VB169    44.008535826754   0.080335819123   0.008899049507   2.399512190837  -0.194376826723  44.009819270142   0.073813123852   0.019039923098  44.009819270142   0.073457144206   0.016651720474   1.758922719756   0.361249497274 6.036704389902e-07 1.368479014050e-05 3.051817412542e-05   0.420313087408  -0.420339103419 3.764325887455e-05 9.170481458032e-04    1125.0   7.60  50835710
2015 VB170    43.789077605603   0.009415185267   0.024290670076   5.695840997865   0.296382951590  43.786671218805   0.016705484737   0.029099135059  43.786671218805   0.015760674615   0.028019595892  -0.441356697716   0.400355715113 2.656834890513e-06 1.482223091380e-05 3.707857514371e-06   0.412983034438  -0.410926605894 2.658512974123e-04 1.540251114658e-03    3064.0   7.51  50835735
2015 VB171    43.816709021054   0.079113832882   0.019973045880   3.589465032436  -1.016191582185  43.823736232554   0.070753448256   0.014694279969  43.823736232554   0.070139398671   0.009274249311   3.005895928166  -0.514100478203 8.531796109862e-05 1.838499790024e-05 1.483087849072e-04   0.436751173582  -0.429901476359 7.869769412159e-07 3.884898908834e-03     832.0   7.70  50835760
2015 VB173    42.551907194418   0.025919836937   0.038156354842   4.918409614447  -1.068448916836  42.550175758515   0.032270017645   0.029696633017  42.550175758515   0.030036105251   0.025859336464  -1.564172091653  -0.665801622215 1.234028029081e-05 1.727143472377e-04 1.660428573274e-04   0.493270251479  -0.492160743383 1.592707418269e-04 9.827588898776e-04    3697.0   8.21  50835811
2015 VC164    45.302796506651   0.143236239924   0.433439259313   5.563551694609  -1.033832118156  45.305675851958   0.144437366017   0.430491817304  45.305675851958   0.144764832219   0.417907752198  -0.673190802558  -1.032312035123 1.628147265393e-05 8.278572632333e-04 8.371542319186e-04   0.116255042664  -0.232636503554 1.099455251849e-03 1.934685691615e-03     801.0   9.40  50825072
2015 VC165    39.348857279074   0.099454872498   0.249790538117   2.599955965374   2.264453075590  39.407582134050   0.094824774919   0.257138031873  39.407582134050   0.094614646554   0.254495296822  -3.709614930635   2.253683060591 1.710803529358e-06 1.760904295577e-05 2.102202157293e-04  -2.968081028114  -0.396430420730 6.253624716581e-04 1.801315168248e-03     828.0   9.70  50830983
2015 VC166    48.101413674769   0.240315955933   0.042880091738   1.077664685581  -1.572957037885  47.733410875990   0.235114269873   0.276212013478  47.733410875990   0.173266188656   0.269270787166   0.988789241128  -1.682570777267 3.810168527376e-04 2.078605173439e-01 5.072575949426e-02  -0.224684471360  -0.190683163623 1.045724534054e-01 2.079986954536e-03     739.0   9.00  50831015
2015 VC167    43.694603279273   0.140101873446   0.054220205442   4.440178423032   1.413594308725  43.669388320092   0.126098362809   0.078054318002  43.669388320092   0.121929069902   0.077611549798  -1.842192523662   1.328016191743 1.429061798065e-06 6.831590118220e-04 6.998093309610e-04  -0.361610744634  -0.361611280443 1.019880500075e-05 1.084423934170e-05     747.0   8.40  50831061
2015 VC168    44.203443671574   0.278047504161   0.142796904284   4.196811540152   1.961374063613 -11528.719368413917   0.917795812264   0.306898264448 -11528.719368413907   0.215487048677   0.205313645500  -1.595723271509   1.473922436321 2.631354119352e+04 7.228154986220e-01 8.301284854822e-02   0.004378963466  -0.011777467235 7.165679920114e-03 3.503304574264e-03    1122.0   9.20  50831160
2015 VC169    43.478351089807   0.173412546549   0.048051473283   4.372233654621   2.023281735168  43.596346832375   0.146023243086   0.072129911572  43.596346832375   0.101113277333   0.062725304138  -1.798036559496   1.667920614026 2.260423937042e-02 7.927547641584e-03 3.011247559882e-03   0.673901625149  -0.539332051188 5.135333312379e-02 6.118317394501e-03    1041.0   8.50  50835711
2015 VC170    43.593459404938   0.052809833739   0.015802143957   6.262502894878  -2.000024689248  43.591645354609   0.058142421572   0.014236885127  43.591645354609   0.055494106266   0.006625917919  -0.242867472837  -1.481360074185 1.439313001115e-05 4.861679883891e-05 6.364492304275e-05   0.483701536745  -0.437260051819 1.233035116418e-05 3.419414621125e-04     846.0   7.54  50835736
2015 VC171    44.426843888771   0.054403228704   0.045261599448   1.189901637464  -1.102441698368  44.421922492410   0.060636570320   0.038721561771  44.421922492410   0.060404122452   0.038193011915   1.042250068655  -0.907908960120 2.464853430928e-06 1.798135801896e-05 1.211284004383e-04   0.389787604027  -0.389635427180 1.713970651620e-06 1.472855795732e-04     826.0   8.40  50835761
2015 VC172    46.736598413244   0.139346915603   0.043536193978   2.440717468759  -0.068060879272  46.745025266006   0.134984748010   0.042741416473  46.745025266006   0.135029740476   0.042452077386   2.315387388915   0.030245112733 3.972667987876e-04 1.088862941732e-04 2.018782621178e-04   0.334112042558  -0.328736571354 6.507275555785e-04 2.177462053525e-06    2694.0   6.78  50835786
2015 VC173    43.070869320157   0.036493946669   0.019608026604   4.939416942472  -1.142180424206  43.069964104452   0.032775121765   0.018418319402  43.069964104452   0.031721972673   0.013085222471  -1.793789285887  -0.476974748757 2.388873652223e-04 2.091184850523e-03 2.305507938840e-04   0.459912599376  -0.458009599369 8.132121052391e-04 1.799489322606e-03    1125.0   8.50  50835813
2015 VD157    47.703827372492   0.310273704833   0.017330157297   2.298271658712  -2.597748655120  47.733280131025   0.307229125208   0.021025296428  47.733280131025   0.307363368632   0.020225884611   2.412214982105  -2.711024527725 2.904962512354e-06 3.165557940139e-04 2.673839402904e-03  -0.413162964351  -0.204649293191 9.403147876840e-05 1.712942011635e-03     762.0   9.20  50797893
2015 VD164    45.825941071742   0.071857402510   0.501937001231   2.527392573127   2.172756904533  45.824929411423   0.072562319022   0.503755968160  45.824929411423   0.072622068975   0.482712659491  -3.733951584818   2.179143140887 6.766808803614e-06 1.103486482907e-04 1.024669929224e-03   0.075138229307  -0.190197542612 1.776502333601e-06 8.997308865037e-05     831.0   8.50  50825075
2015 VD165    39.522324640820   0.223357465577   0.195947050546   1.930211083370  -1.111955218097  39.403472818933   0.234667030916   0.165963576167  39.403472818933   0.189787117244   0.164771873859   1.587744095515  -1.090788662634 6.869816092110e-06 1.280742787638e-02 9.887614875652e-04  -0.385551135350  -0.368032227840 1.777068785674e-03 2.305624972228e-03     831.0   8.50  50830985
2015 VD166    47.669530857831   0.358513383198   0.049891293226   2.199306244098   2.460437567705  47.732408001965   0.361060437729   0.039685437681  47.732408001965   0.361398608333   0.038191525402  -4.035908105503   2.389056339296 1.312327716694e-06 6.149611975211e-04 2.225663680633e-04  -0.254100006484  -0.219075261244 4.824811484220e-04 1.557267095398e-03    1122.0   9.30  50831013
2015 VD167    55.477977475309   0.414977293835   0.269009953618   5.456058902158  -1.035051939804  55.388048678600   0.411523613846   0.273428897818  55.388048678600   0.409730829828   0.269769257707  -0.722439713415  -1.051040953502 4.508371083558e-05 1.091150186063e-02 1.590345980012e-03  -0.084513671934  -0.115057743524 3.338256780127e-03 2.055659077331e-03     746.0   9.10  50831065
2015 VD168   115.382727347577   0.777611584639   0.404977227825   1.901349275586   2.074268912186 -55600.010554812368   0.942613492929   0.081296929495 -55600.010554812376   0.924972101516   0.057007221527  -4.617305189484   2.207116567823 2.460535405087e+04 7.182769329829e-01 4.469111081020e-02  -0.003325217468  -0.483329647013 2.668607308678e-01 2.465479099138e-01    1039.0   8.10  50831161
2015 VD169    42.741107673230   0.055601348152   0.032073771252   3.758236126647   1.714122578133  42.732367487988   0.065056273322   0.045750844127  42.732367487988   0.063243964606   0.043620793960  -2.004546213104   1.368278434394 3.804073254919e-05 2.112342926212e-04 2.680587631721e-04   0.500148417895  -0.493111321100 1.100526100486e-03 2.213480861829e-05    2571.0   8.10  50835713
2015 VD170    45.658475208247   0.156686271170   0.161675469796   3.962731536491  -1.068653164915  45.653953957372   0.155702944561   0.157174446962  45.653953957372   0.155739546173   0.156446151136   3.935483838652  -1.079751630625 4.302502689685e-05 1.825441165230e-04 1.188090333585e-04   0.315712999086  -0.356913916002 1.017252703353e-03 1.680189414687e-06    3361.0   7.34  50835737
2015 VD171    46.534786871436   0.106618847085   0.062481730882   3.592396174547   2.297709189325  46.537592836906   0.109136582327   0.065498888929  46.537592836906   0.109181985370   0.065363048884  -2.630457423096   2.230376004434 1.115501506392e-03 1.254864494135e-04 8.593135956426e-05   0.315044310792  -0.316959373625 3.731347708681e-04 1.795548443001e-03     831.0   8.50  50835762
2015 VD172    42.076713198889   0.117666743370   0.065411669593   0.845602094714  -0.613509468415  42.115633958418   0.093620973540   0.087186143763  42.115633958418   0.082742163177   0.068298947848   0.673476972757  -0.385722679492 1.073073433144e-03 1.652102945684e-02 1.856877747441e-02   1.077305575839  -0.586859367719 1.132952704330e-02 2.986558404797e-02    1125.0   8.10  50835787
2015 VD173    44.369395568027   0.071824167052   0.011474462233   0.323493004638  -1.137391318659  44.362759001782   0.079396647283   0.012317021600  44.362759001782   0.079097617251   0.007415157144  -0.303675183801  -0.434380904306 1.439035603290e-05 2.528641884758e-06 2.115287470689e-04   0.406225463381  -0.404767972516 1.176189039965e-03 7.948190622733e-04    1125.0   8.80  50835810
2015 VE165    39.571983595108   0.213258101349   0.021432962964   0.928666809282  -2.766331312305  39.404354715003   0.207892201111   0.022241822512  39.404354715003   0.207762122899   0.021696108472   0.980664948762  -2.874143400351 7.222631942115e-06 1.273610494275e-04 1.814974602288e-04  -0.652352608807  -0.412434936400 4.016546564423e-04 7.627568176091e-04     846.0   9.60  50830984
2015 VE166    47.838264226418   0.212601599714   0.059632982185   5.987530076470  -1.119092681629  47.734645384282   0.214783163744   0.050203714076  47.734645384282   0.214806930487   0.050039828466  -0.244094389150  -1.162831374791 4.432335463968e-06 6.793717096563e-05 5.633907369632e-05  -0.518948222992  -0.213696493921 2.152137718522e-03 1.712610908821e-03     823.0   9.30  50831014
2015 VE167    55.289351367040   0.386254804656   0.501769686776   0.108959720775  -0.931870093113  55.387477015921   0.385669378311   0.501459563577  55.387477015921   0.384944721340   0.481353613859   0.101877100306  -0.933199193006 9.771215482462e-06 1.321423463861e-03 9.043383747878e-04  -0.098626081031  -0.098626114135 4.288909903535e-06 4.289574516203e-06     828.0   9.30  50831069
2015 VE168    68.619730413759   0.487810080314   0.046107182431   2.620872461353   2.219780784833  69.287008973849   0.503004231852   0.139675427226  69.287008973849   0.397476763910   0.111007182787  -3.349451674852   1.578352273258 2.038599151902e+00 2.477990979533e-02 1.548127581865e-02   0.179005420456  -0.198546324793 2.354807081642e-02 2.870981921038e-02     801.0   8.60  50831162
2015 VE169    44.310162470472   0.033120520479   0.018199191677   3.876870853588   0.551112343342  44.307866403593   0.036452062137   0.025507681479  44.307866403593   0.036131663136   0.024588303781  -2.307840697859   0.587267894364 3.207413579234e-08 4.120601024826e-05 2.319842198253e-04   0.389787554339  -0.387459790124 1.754745906368e-06 1.748017284559e-03    2304.0   7.90  50835712
2015 VE170    42.473741099740   0.130792647694   0.185913379698   3.035325887581   2.174637576544  41.261164196121   0.147125588812   0.183310544907  41.261164196121   0.116432199024   0.157308432029  -2.519653395066   1.515226473289 8.069669744108e-01 1.860398631661e-02 1.124381331657e-02  -0.381235726670  -0.523249843446 6.317568475992e-01 1.206497003995e-02    3064.0   8.26  50835738
2015 VE171    43.981308501861   0.088935943794   0.014135032594   2.986670284681  -1.498949624277  43.986575645417   0.086500089426   0.014828933801  43.986575645417   0.086068129088   0.008842817619   2.160931483779  -0.748025944544 4.814448989659e-04 4.895027225836e-05 1.093754029817e-04   0.432053543015  -0.444791052112 2.078468262621e-06 1.484200081594e-03     831.0   8.00  50835763
2015 VE172    43.824360141877   0.067023774640   0.037038321384   3.153923889320  -0.070401012030  43.823751195776   0.062809919660   0.041029734345  43.823751195776   0.062406189163   0.040171306496   3.005784215840   0.075782586586 8.128492028810e-05 8.320492293441e-05 8.319448177867e-05   0.422916492282  -0.422632430705 2.439504820351e-04 3.730398197952e-05     858.0   8.40  50835788
2015 VE173    44.714800939805   0.086819509107   0.013687677992   5.045611272416  -1.572352961336  44.715125789371   0.083355130508   0.010362040202  44.715125789371   0.083165487321   0.004856041214  -1.765188544638  -1.036222307935 1.431469823821e-04 1.938984173740e-05 9.994317034451e-05   0.387442757300  -0.405967159676 1.393332589957e-03 4.786950295573e-04    1125.0   8.30  50835812
2015 VF165    39.331868729189   0.345552018143   0.424456730137   4.926378468779   2.157571872210  39.401581448835   0.279306852723   0.466221321733  39.401581448835   0.209966984446   0.448477386209  -0.742408655485   2.100145211704 2.436573892223e-05 9.306795004897e-03 2.538613593738e-04  -0.265326261180  -0.265319966369 1.179127267252e-03 1.286084105006e-03    1119.0   8.40  50830986
2015 VF166    47.696698452145   0.315540180365   0.029876335465   4.124775308610   2.150741671454  47.733203230414   0.311365560711   0.040054056911  47.733203230414   0.311494750142   0.039859516169  -2.373485935463   2.358017741359 1.130887570543e-06 2.701617437480e-04 1.198193926659e-04  -0.399787341694  -0.205422127061 5.048024278066e-04 1.155574492646e-03     828.0   8.90  50831017
2015 VF167    55.507993257851   0.272845449509   0.625114323749   0.358946872287  -1.021381152136  55.387372465293   0.417939901714   0.528420929017  55.387372465293   0.354781312828   0.497223403372   0.850068636374  -1.057268308923 1.984380262635e-04 3.255872895847e-02 1.342830331344e-02  -0.080630990384  -0.096201376452 1.059478381788e-02 2.075997674354e-03     801.0   8.50  50831068
2015 VF168    41.041048753475   0.301833678546   0.621002287747   3.410067497628   2.091501144670 -911.458608257132   0.951635415065   0.273405944459 -911.458608257133   0.944572625778   0.056247308063  -3.666708730585   2.234166300652 1.471531723629e+02 5.958389064001e-01 1.335588098809e-01  -0.113772928430  -0.217259467843 3.228551662995e-01 3.397288776601e+00     777.0  10.30  50831163
2015 VF169    43.830890097279   0.060419534356   0.028318971082   3.351632257855  -0.124051565674  43.828285002106   0.056583732606   0.032587515004  43.828285002106   0.056207907301   0.031474169601  -3.140787210949   0.098496597196 2.677949532117e-06 8.056208562489e-05 9.746855024666e-05   0.420858958737  -0.420312054164 1.692243524001e-03 1.265910780151e-03    2961.0   7.98  50835714
2015 VF170    42.765225266181   0.021158601756   0.025789463044   2.774139925673  -1.487640831094  42.764808056414   0.024091386376   0.018932142378  42.764808056414   0.022260636786   0.010312938239   1.971676798368  -0.913345643998 8.349767905596e-07 3.810808445738e-05 9.441664956054e-05   0.474664714071  -0.476660188287 3.286012384010e-04 1.196827599399e-03     765.0   8.10  50835739
2015 VF171    42.704057925104   0.097092801431   0.300425916398   0.475302710540  -0.989784287030  42.690347742965   0.100336074184   0.292433544055  42.690347742965   0.100319877756   0.288441532888   0.464640496698  -0.986592093267 2.007264927130e-04 1.494051487044e-04 1.714435099421e-04   0.266810423446  -0.370944215961 8.367336576687e-04 5.714252969998e-05     855.0   8.12  50835765
2015 VF172    43.429869052887   0.021772023598   0.041993595107   4.311504357848   1.535530074917  43.426643328027   0.026446559004   0.053077811317  43.426643328027   0.025663418203   0.052377634414  -1.582868648373   1.367801731570 1.411350060206e-06 2.373725882814e-04 9.951563749985e-05   0.427358322945  -0.429705772736 6.936014176125e-06 9.427831934974e-04    1123.0   8.60  50835789
2015 VF173    43.387990807235   0.067260322291   0.016239178145   2.744575009579  -0.870193292302  43.388266212361   0.060009649641   0.016330654046  43.388266212361   0.059237306480   0.009327813403   1.943509207457  -0.196313989342 6.646685532468e-04 1.032888403416e-03 4.755823435758e-04   0.455510199345  -0.450768099589 3.736931780384e-05 4.297733752182e-03     858.0   8.30  50835816
2015 VG165    39.289724027806   0.216921234786   0.190420168221   3.559621179536   2.074901149899  39.403222330361   0.237724780320   0.175986978428  39.403222330361   0.192577692134   0.174321147594  -3.271798788305   2.046950734527 4.147706854482e-05 1.121943859970e-02 3.226426388429e-03  -0.371771356904  -0.356070639685 2.878732451258e-03 1.778294926081e-03    3340.0   8.96  50830987
2015 VG166    47.803300640037   0.209739079823   0.285305054381   5.854660984839  -1.057549947297  47.733955258486   0.232688544856   0.267066632343  47.733955258486   0.232695676442   0.264260864635  -0.487916902262  -1.039906425569 3.085121505913e-06 1.837337289046e-04 7.891894873503e-04  -0.537874666377  -0.189757421762 3.743542678051e-03 1.760250051239e-03    1125.0   9.00  50831018
2015 VG167    42.312992228116   0.253467107553   0.064273301970   1.485049649305  -0.973865026043  42.270580167562   0.251866485666   0.061961391816  42.270580167562   0.251925722585   0.061936788394   1.437197040488  -0.927893458117 2.158202163007e-06 8.147545161155e-05 1.919611697012e-04  -0.375694422186  -0.320361191162 4.739439523894e-06 9.719461277847e-04    3721.0   8.19  50831080
2015 VG168    64.989441022785   0.470190853295   0.224727951035   4.450885240123  -0.984800052511  62.774091366880   0.417392921259   0.282743584619  62.774091366880   0.353289201623   0.221748002740  -1.379680312608  -1.419964060159 2.149427249645e-01 2.714759945963e-02 3.040244831098e-02   0.032348951473  -0.111776911506 1.048071475640e-01 3.071452174118e-02    1125.0   5.86  50831164
2015 VG169    46.571895483707   0.054464281275   0.015245734073   4.090577886475   0.996730013424  46.572694004849   0.057615151293   0.019777204864  46.572694004849   0.057594315835   0.019423645752  -2.100174812869   0.941028875995 5.639725340776e-05 2.551513245140e-05 3.831649775358e-05   0.305356570650  -0.298584754335 9.535707843171e-05 1.825644393800e-03     801.0   8.10  50835715
2015 VG170    42.051234044484   0.075148092085   0.018735550701   2.756894441418   3.139836262386  42.060456208526   0.079317557784   0.046466046895  42.060456208526   0.073254817326   0.032145931830  -2.600237638137   2.063547812859 1.574800837405e-04 3.159426659556e-03 6.289640660209e-04   0.673885392765  -0.573008557001 3.456404528953e-02 4.766702398068e-03     846.0   8.20  50835741
2015 VG171    42.594813315852   0.018825167376   0.090729115617   3.301668170312  -1.074875308777  42.592747853146   0.037232787886   0.084880309431  42.592747853146   0.036046002116   0.084147225201   2.704083763341  -0.944923221102 3.286010042146e-06 1.182676838358e-03 4.974211424587e-04   0.463806692383  -0.476760620562 4.096628293271e-03 1.805140637969e-03     828.0   8.90  50835764
2015 VG172    44.012095008233   0.087285098559   0.033241686454   2.700770841413   0.357007906883  44.010401722587   0.084735259984   0.046870143712  44.010401722587   0.084374095708   0.046058561249   2.644120687924   0.421871503611 2.160565611598e-05 1.659503113279e-04 3.162541894423e-04   0.420296841211  -0.422776525188 1.710462354976e-03 8.694738232326e-05     858.0   8.60  50835797
2015 VG173    44.167365678430   0.066621347138   0.026153832271   1.538692700474  -0.716262304048  44.164162576386   0.067624124365   0.018914123069  44.164162576386   0.067362878371   0.017047099502   1.236668718009  -0.416383650647 4.261872623073e-04 6.126169942075e-05 3.493497589821e-05   0.408566865487  -0.408444387357 7.170846810153e-06 2.485559898951e-04    1125.0   8.40  50835814
2015 VH165    39.459016454248   0.154108937822   0.222510839970   0.216277938679  -0.993839620138  39.405432644249   0.133379399310   0.224101134545  39.405432644249   0.131521180467   0.222322482192   0.258478803590  -0.965813423681 4.973398449794e-05 5.747756401708e-03 2.303758347735e-04  -1.738595450506  -0.375600876706 3.338658628467e-02 2.229685244304e-04    2247.0   8.85  50830988
2015 VH166    47.750939833794   0.315375289546   0.041266928782   0.561073676024  -1.096905429895  47.733153528626   0.313238138581   0.038679437025  47.733153528626   0.313215917051   0.038363662638   0.501885726666  -1.059728813671 1.187116131222e-06 2.089762012819e-04 8.935812623935e-05  -0.401540856352  -0.204304134725 1.655767351115e-03 1.724324628620e-03    3697.0   9.27  50831016
2015 VH167    42.291043140256   0.139689071652   0.020245535134   0.896279363832  -2.748392037457  42.273028933924   0.137709191243   0.024061332177  42.273028933924   0.137656891204   0.021555589819  -4.966124646749   3.104483107910 1.836773145328e-06 5.024324751280e-05 1.729317342071e-04  -0.857989532864  -0.455539298836 4.356369515745e-03 1.155608510015e-05     828.0   7.90  50831083
2015 VH168    48.755800087355   0.251866422194   0.291254835618   2.915825081587   2.153541447784  48.741487318816   0.258772216205   0.291057867692  48.741487318816   0.258624947778   0.287357925999  -3.240413660547   2.138330281559 2.579721965519e-02 3.980354474233e-04 8.247041410108e-04   0.190714754637  -0.262792973730 2.197788955256e-03 1.720480308793e-03    3340.0   7.54  50831180
2015 VH169    42.878030071095   0.027193855036   0.016455408589   0.775655341659  -0.043201831379  42.877186917431   0.031334829059   0.022424572635  42.877186917431   0.030037564262   0.018242297091   0.444252429934   0.267604846360 8.894128170158e-08 6.215808291305e-05 7.233544226321e-05   0.469884951664  -0.469647607076 2.522805485968e-04 2.868222348951e-06     801.0   8.50  50835716
2015 VH170    44.778938875849   0.062897514694   0.012969344394   3.913730767957   2.180117612830  44.772346975336   0.067825838363   0.020188937727  44.772346975336   0.067719681809   0.019144752023  -1.864959852777   1.724170041026 2.911782890914e-06 9.686983572564e-05 1.018692182971e-03   0.376396007999  -0.375728264913 6.671746400147e-04 2.228821582909e-05     765.0   8.40  50835740
2015 VH171    44.857389302651   0.099170202192   0.027055373503   1.058467282614  -1.331909071545  44.851588208114   0.106863011025   0.026449025686  44.851588208114   0.106785018699   0.025329596796   0.892510521243  -1.092760033351 3.498264254447e-04 1.557995927624e-04 1.489066684165e-04   0.392023917453  -0.396452137020 1.887077763008e-03 1.522113855459e-03     828.0   7.70  50835767
2015 VH172    43.863801759246   0.066804661393   0.038172596957   6.070701129541   1.424248449394  43.866891828842   0.066626156326   0.051000274773  43.866891828842   0.066237279778   0.050352858228  -0.215753407488   1.347099459554 6.840253337545e-07 2.456823804705e-04 3.128511266031e-04   0.417964014451  -0.420306276848 2.571803788601e-06 1.506806730793e-03     826.0   8.60  50835790
2015 VH173    43.819808469388   0.088837825563   0.030812441615   3.387488523791   1.695228856793  43.819060352455   0.098464870799   0.042039435663  43.819060352455   0.096086332301   0.040744023458  -2.299488298434   1.385653077660 1.111964060179e-03 1.268688115975e-04 6.058936588144e-05   0.476666711511  -0.448494866483 1.980185167042e-03 1.450130051109e-03    1041.0   8.08  50835815
2015 VJ164    39.359813763077   0.204294719219   0.095737657908   3.851815931175  -1.101092751378  39.403699209002   0.208761119560   0.093186099007  39.403699209002   0.207940830412   0.092860650994   3.890987213736  -1.068187393711 1.739773887041e-05 9.612393443612e-05 8.655490532680e-05  -0.654119139233  -0.368682202956 1.071221074529e-03 1.986374022525e-03    2961.0   7.88  50830964
2015 VJ165    39.211118617023   0.108799651678   0.085095115492   5.688859434066  -0.808131527476  39.407855786281   0.110709189946   0.069474828812  39.407855786281   0.102263672860   0.047749811208  -0.894057015270  -0.385520692190 6.061070022320e-05 7.217708175270e-03 4.977675496730e-03  -1.809407088066  -0.602521505353 3.329485118393e-02 1.070171725236e-02    1122.0   8.30  50830990
2015 VJ166    47.595274746490   0.295518182452   0.070955661094   2.826453611623   2.028215155544  47.733507119563   0.300070830940   0.063786821570  47.733507119563   0.300314485239   0.063506468340  -3.440659759492   2.018633670250 8.319333598187e-06 3.631202705780e-04 1.041759547823e-04  -0.342268770005  -0.211418834964 5.160667608560e-04 8.337457297481e-05    1125.0   9.30  50831019
2015 VJ167    42.188336393765   0.205735882091   0.034525685532   0.856660059376  -0.329942262175  42.271652401920   0.205769571433   0.035140868917  42.271652401920   0.205748461628   0.034758309861   0.765329653883  -0.258992545742 1.732858962239e-06 5.689053687694e-05 3.128097383880e-04  -0.615206069461  -0.363958257527 1.223492185484e-05 8.206728416523e-04    1125.0   8.20  50831081
2015 VJ168    59.569306176819   0.365136442018   0.156308908553   3.836323807498  -0.989169208817  59.588846614607   0.362423570493   0.148111526686  59.588846614607   0.362231909453   0.147545153460   3.826111856532  -0.983466433609 1.464899727347e-03 1.016757882455e-03 7.697318154647e-04   0.166700939143  -0.173760817811 1.464412138563e-03 7.463201007058e-07     846.0   5.80  50831183
2015 VJ169    42.899175590826   0.060689857087   0.048649171848   3.994809084913   1.792861007342  42.890999834643   0.064646888343   0.058232418926  42.890999834643   0.063849554296   0.057078903274  -1.978867798203   1.649043361582 2.155436756604e-06 5.595179107420e-04 5.806821825152e-04   0.476049479432  -0.479000954517 1.653641938424e-03 6.189055950182e-05     801.0   8.50  50835717
2015 VJ170    42.857865973063   0.042719861045   0.061909464048   2.663943619888  -0.831498423814  42.858607798050   0.030045054570   0.046409564637  42.858607798050   0.028819707327   0.045025789333   2.198451983587  -0.592887899348 9.993268480319e-07 3.065074908168e-05 2.230387584540e-05   0.462574443333  -0.467275756004 9.534981943007e-04 8.357457314756e-04     828.0   8.10  50835742
2015 VJ171    46.288265593187   0.167008812093   0.362984502511   0.037510346607  -1.001412901944  46.275079357326   0.174871762733   0.356365923740  46.275079357326   0.171547118087   0.349464424265   0.172322112675  -0.998650809753 1.316511954507e-03 2.249640147466e-03 7.647892476245e-04   0.152586190037  -0.249685552724 1.406071905537e-03 7.229656712888e-04     744.0   8.90  50835766
2015 VJ172    43.923289890532   0.080853129077   0.025536489849   2.079561131036  -2.151603122086  43.911386662050   0.090634094082   0.025804777607  43.911386662050   0.089976137554   0.023776656905   2.056536677750  -2.046874476215 5.527486515392e-05 2.485857659513e-05 2.605954862078e-05   0.441446215128  -0.436787617345 1.929341417170e-06 2.144882251739e-04     855.0   8.50  50835791
2015 VJ173    43.312335998193   0.153315533997   0.379351084015   2.110063646232  -0.982775205165  43.314495792753   0.150769119001   0.375459530809  43.314495792753   0.150581463110   0.367047902331   2.080110407869  -0.982579958891 5.576184937550e-03 4.627756326752e-04 5.018558370004e-04   0.187849454235  -0.312496419743 8.451824370036e-07 1.926294053742e-03    1125.0   8.20  50835817
2015 VK164    39.216547451954   0.246843082964   0.039454497097   3.708366585004   2.121277541148  39.404114608225   0.240050773130   0.076042642400  39.404114608225   0.214570041107   0.075452939588  -2.270737767693   1.875667554184 2.532413244232e-05 2.046973524164e-02 1.569224828879e-02  -0.290338261051  -0.422469796855 2.529008391143e-02 2.917631902537e-03    1040.0   9.55  50830967
2015 VK165    39.551260629454   0.253279040593   0.050657921854   3.303797238971   1.697198913611  39.403675784977   0.229668533550   0.104756817631  39.403675784977   0.172621464577   0.103604487378  -2.869044143707   1.572141070752 6.096078550485e-05 1.020769255619e-02 6.798924211841e-03  -0.407467882209  -0.381499583367 8.152860630538e-02 6.630161126271e-03    1122.0  10.30  50830989
2015 VK166    48.038547822088   0.202462555717   0.020530214110   3.411551664323   1.149739233499  47.729637627413   0.180063616498   0.055789162082  47.729637627413   0.134219288246   0.049822478521  -3.358640343963   1.301602425187 9.727838537379e-03 1.285106145279e-02 1.148289329201e-02   0.525017610497  -0.325884703777 1.874529669940e-01 4.984800284420e-02    1125.0   7.64  50831021
2015 VK167    42.294710997926   0.265656113261   0.221656813139   1.965095471299   2.087192683057  42.270107451943   0.262056050871   0.227083817236  42.270107451944   0.214744287986   0.225274932837  -4.048435669316   2.118674796905 2.690820673201e-05 3.122820972245e-02 4.696521365627e-03  -0.296705145869  -0.295950945013 2.306956328644e-02 8.108606694429e-05    1125.0   9.40  50831082
2015 VK168    58.825197601203   0.346050216213   0.261997758682   3.086766065926   2.083523665862  58.791753719830   0.352663502824   0.258941099544  58.791753719830   0.347819914313   0.256098212305  -3.148674113933   2.061569167371 3.586111971456e-04 6.997593508404e-03 3.090346951998e-03   0.124359705119  -0.149976250303 1.427361286318e-03 2.642668354447e-04    3340.0   7.85  50831181
2015 VK169    43.802983654113   0.059831260323   0.014995211960   1.751728390926   0.611911989849  43.805982081243   0.053542229751   0.027581382769  43.805982081243   0.053084866284   0.026234270971   1.557677066861   0.702114725170 3.493003820084e-04 4.873838780412e-05 1.339015834458e-04   0.422666916274  -0.420313801074 3.548600585261e-06 7.176687344719e-04     801.0   8.20  50835718
2015 VK170    43.356903235227   0.045462337118   0.011495848552   4.177422463695  -0.322510009993  43.355725747415   0.046108031501   0.020342260005  43.355725747415   0.045412054481   0.017318850792  -2.521715401875   0.182720888870 2.439518250357e-05 6.167010224450e-06 7.167905581897e-05   0.448518852739  -0.444809239077 1.784535637859e-03 1.319478058311e-03     828.0   7.40  50835743
2015 VK171    43.137785710673   0.067229165431   0.070783199488   2.123895040711  -0.959006705465  43.140478537491   0.063980384171   0.055203075917  43.140478537491   0.063426292602   0.054261831161   1.838557445430  -0.754681195015 1.108019669646e-05 3.959129786195e-04 4.779051307260e-04   0.459797671389  -0.462564724372 4.114042254004e-04 1.387232874904e-03     826.0   8.50  50835768
2015 VK172    45.975644830010   0.131153488601   0.055244296572   3.042063713479   2.639657920176  45.971316489356   0.134440285178   0.055012088049  45.971316489356   0.134302421183   0.054692801343  -3.079226897358   2.512064415989 1.314954859894e-03 2.926062296242e-04 7.996027938736e-04   0.352217764777  -0.359262398591 1.353854125515e-06 8.894252157840e-04     508.0   9.70  50835801
2015 VK173    43.702800364907   0.058416073649   0.186405670351   4.264060024761  -0.933936675164  43.689524068298   0.052249014637   0.179307873354  43.689524068298   0.050775827305   0.178384435936  -1.880049233808  -0.962123782583 4.690645939862e-03 4.905042793244e-04 2.993341910946e-04   0.398876041218  -0.373330196936 5.379327689844e-04 1.608959671262e-03    1119.0   7.90  50835818
2015 VL164    39.322460845113   0.237719244203   0.214612503349   2.831575512250   2.085767078144  39.402967223511   0.241887538725   0.210060896505  39.402967223511   0.194945876127   0.207918757816  -2.870331194290   2.034850870568 7.026598575925e-05 1.225428202848e-02 1.882908975424e-03  -0.352592120185  -0.345345433678 1.526300304462e-03 5.614675801256e-03    1125.0  10.20  50830966
2015 VL165    39.460303338388   0.158762378543   0.408649646112   3.375883084407   2.083078974966  39.404476494038   0.124384852279   0.421091508870  39.404476494038   0.121835688587   0.409192932388  -3.086691045917   2.107572482914 4.453589383916e-05 1.194200466067e-03 5.764509121688e-04  -1.636219239024  -0.300140339275 1.458304399305e-02 3.912534087414e-04    3340.0   7.86  50830991
2015 VL166    47.797412550397   0.321986917431   0.098664456880   3.845537420340   1.835184365743  47.733160875640   0.311788977119   0.116336089904  47.733160875640   0.311996349902   0.116161760479  -2.439163346524   1.829280922981 1.297755839151e-05 6.052639675218e-04 5.834030344119e-04  -0.372767589125  -0.202921122612 5.840566627102e-03 8.487257745258e-04    1125.0  10.10  50831020
2015 VL167    36.466667860151   0.145902237385   0.172159940669   0.396490117246  -1.143535556745  36.429242844248   0.134503953601   0.172405174584  36.429242844248   0.108883395770   0.171497973876   0.806030658209  -1.155123336780 4.180902528227e-05 3.820695504586e-03 7.864649849881e-03  -1.696729160609  -0.557803302613 8.080835432128e-02 3.635593994598e-03     534.0   9.60  50831107
2015 VL168    87.514661842300   0.568507103179   0.297994608913   4.979613328906   2.206130006560  87.913679126867   0.563531387364   0.316005977582  87.913679126867   0.479883370737   0.283533594423  -1.017137115362   2.094473945259 8.311891402405e-03 6.295298364133e-02 2.043906611812e-02   0.020754894077  -0.040466391927 2.189253387116e-02 7.375650681249e-03     831.0   6.10  50831182
2015 VL169    44.875490193405   0.106000704721   0.103348704011   1.886209318998  -0.828481345990  44.876549530923   0.103905146384   0.094993457768  44.876549530923   0.103986432872   0.094781412946   1.772634269167  -0.731148541529 1.847266092540e-05 4.657584070318e-03 5.284171198603e-03   0.361245797523  -0.376732217305 4.281106568320e-04 4.945146639898e-03    2304.0   7.66  50835719
2015 VL170    40.072786950229   0.059615106575   0.451473397719   0.016894431568  -0.962508226566  40.064467683268   0.064828537121   0.445094957657  40.064467683268   0.063812409049   0.430561006108   0.060422148746  -0.974337792033 2.242250135549e-03 1.668913121086e-03 2.410869988668e-04   0.215977518148  -0.356913855194 1.909168833128e-04 1.671578475699e-06     846.0   8.50  50835744
2015 VL171    46.844846084308   0.043557849976   0.003912334876   5.402675745047   1.550199309469  46.839627347468   0.044351546327   0.009512034289  46.839627347468   0.044260681084   0.008800490968  -0.531372587042   1.187775419591 2.136326648410e-06 5.900038483386e-07 3.582152941050e-05   0.298210945361  -0.287724713631 5.581791002855e-04 1.194054019886e-03     746.0   7.70  50835770
2015 VL172    43.600244310735   0.110482169140   0.055463179551   0.285720743569  -1.461823345639  37.392110596628   0.173704715734   0.069161484969  37.392110596628   0.127093140865   0.057580300832  -1.511318329223  -0.892469744617 6.271525582212e+00 3.461704370388e-01 2.058649779798e-02   0.673184176878  -0.474761411039 2.992317946459e-01 2.579540110239e-02     734.0   9.30  50835792
2015 VL173    44.597137146755   0.073973925605   0.031534812511   4.807382318014   1.628794246630  44.588669446835   0.077198708545   0.038835528576  44.588669446835   0.076965595138   0.038272916820  -1.285466018240   1.478661133817 3.365677363494e-06 3.298639317683e-05 1.284282068491e-04   0.387440418801  -0.387832180831 1.156476860116e-03 1.815336914596e-03    1125.0   8.50  50835819
2015 VM164    39.238167628355   0.252438282520   0.303535862261   5.877616387035  -1.003997996639  39.403163493032   0.268185651433   0.285850307699  39.403163493032   0.206998474191   0.278163284477  -0.606674360812  -1.279847733942 4.429186072466e-05 1.439309199130e-02 3.531065411216e-03  -0.152844414248  -0.375619781006 2.891550905293e-02 1.135708433675e-02    1125.0   9.90  50830969
2015 VM165    39.457081490689   0.206815235552   0.103340199705   0.344853068368  -0.685014909613  39.403795188143   0.198052583131   0.106407478196  39.403795188143   0.197854095284   0.106116124531   0.335881725146  -0.633267604846 5.849593926702e-06 6.061817657694e-05 5.397350917022e-05  -0.761062236528  -0.364009962250 2.482674847058e-04 1.683204706163e-03     823.0  10.10  50830992
2015 VM166    63.019400710110   0.441136050773   0.013588957553   1.250646238144  -3.014813905773  64.952140485747   0.451560715714   0.040548912355  64.952140485747   0.355741252039   0.034877705837   0.396494380567  -2.450061565403 5.635813293266e-01 3.158651650738e-02 6.299643294317e-03   0.184133223204  -0.214467308502 2.155128184051e-02 1.027120780425e-02    1041.0   8.30  50831027
2015 VM167    36.387262803343   0.207299895339   0.081275951667   2.669063503955   1.935862266741  36.427794479918   0.198302782073   0.105671087133  36.427794479918   0.179009736023   0.104487564344  -3.823283103100   1.941334212696 1.771190120170e-05 9.421168350021e-03 6.034985356535e-03  -0.578399148272  -0.563466706022 6.831668085583e-03 5.438377469097e-03     831.0   9.80  50831108
2015 VM168    63.376560607368   0.407725060215   0.251247779161   3.185669462473   2.070044925829  63.591436866004   0.419840566581   0.245976276355  63.591436866004   0.419271598122   0.244102315882  -3.058852695788   2.028672223705 7.959854308463e-02 4.898291771887e-03 1.397730920572e-03   0.107727783376  -0.135913122246 9.987716642382e-04 1.460601253127e-03    1120.0   9.60  50831184
2015 VM169    40.676583055795   0.012389651940   0.502938237411   1.260391013871   2.051371312523  40.674223139873   0.012556299364   0.506831794237  40.674223139873   0.012455961870   0.485441153423  -5.176150069168   2.058044640604 2.789492406300e-04 2.226011692055e-04 4.712436424954e-05   0.079788441466  -0.295862768895 1.447950529653e-04 1.410449127841e-06    3697.0   8.39  50835720
2015 VM170    45.259823377012   0.129438562504   0.107075857543   3.559522120771   1.957797567820  45.247944365248   0.140459623996   0.120389846404  45.247944365248   0.140250300521   0.120094310804  -2.608482585998   1.953697706838 1.396587474522e-03 1.188175401226e-03 1.104462041487e-03   0.349871433661  -0.379670983809 1.549129853832e-03 6.984113562395e-04    1122.0   8.30  50835745
2015 VM171    43.996857746624   0.100938527431   0.014325331837   2.550859669872  -1.170143667352  44.003168120318   0.098994462836   0.015756322805  44.003168120318   0.098391795944   0.009592795770   1.630089987708  -0.392608290385 3.694676849461e-04 8.212340553385e-05 1.432623331181e-04   0.441446258561  -0.460083157987 1.902457799710e-06 4.137311817442e-04     831.0   8.30  50835771
2015 VM172    45.859240570465   0.077472221688   0.025056139402   0.670819014984  -2.102774303009  45.857456721110   0.080795218864   0.020615994879  45.857456721110   0.080747342834   0.020022876386   0.686145412228  -2.069481741045 3.999815509959e-05 1.912299369832e-05 6.021759925487e-04   0.335768735534  -0.333433150322 1.648089749680e-03 2.240327530362e-06     855.0   8.50  50835793
2015 VM173    43.920862768083   0.054116307188   0.044683430413   1.024249637456   1.968436417750  43.920991436890   0.052288324153   0.059825531195  43.920991436890   0.052009172079   0.059346906589   1.133065700166   1.830204675850 4.344022035634e-06 1.327501119028e-04 1.310388177039e-04   0.403729934458  -0.408572523114 1.359451501290e-04 3.271940044538e-06    3697.0   6.33  50835820
2015 VN164    39.448590563514   0.241531422009   0.146614516711   1.710084882123  -0.929492960110  39.403149609275   0.239607739361   0.144108213217  39.403149609275   0.235720186411   0.143629643747   1.551844329477  -0.890532555633 1.206836155669e-06 5.972078522347e-04 3.501886017120e-04  -0.393772373599  -0.393771676109 6.117020454164e-04 6.104281984351e-04    1125.0   8.70  50830968
2015 VN165    39.224108620817   0.228637809419   0.042030395218   5.623839192903  -0.281221546588  39.404219890461   0.220363756835   0.063695175733  39.404219890461   0.178416115167   0.063677132657  -0.795845020372  -0.024306768953 1.932313462785e-05 1.472483579725e-02 7.284635653899e-03  -0.494330903493  -0.411015588572 5.432054129593e-02 1.042123480968e-03     773.0  10.00  50830993
2015 VN166    62.703482025646   0.480821303291   0.121275893287   1.879988228167   2.287456927294  62.546539045968   0.478594148706   0.129479328504  62.546539045968   0.479247581929   0.127061881651  -4.400359716606   2.205465253622 3.482407883691e-05 5.639227152916e-03 1.204645912784e-03  -0.075877581423  -0.093943805975 6.909918819774e-04 1.717982963913e-05    1125.0   9.20  50831025
2015 VN167    36.477758097178   0.072241864838   0.073505541075   3.974090099386   1.678258836378  36.437021612866   0.064459975542   0.047919140492  36.437021612866   0.064265720041   0.040008928885  -2.424667031695   1.804839672470 6.091794603929e-05 2.875755904115e-04 5.630299861044e-04  -8.086935210817  -0.900819540774 8.127962917551e-02 2.618638389392e-03     858.0   8.30  50831109
2015 VN168    61.351611473701   0.402016257544   0.367892036512   1.293424065117   2.158476992882  61.619973911890   0.398690220414   0.375686165017  61.619973911890   0.399579178197   0.367466657773  -4.985302113286   2.158675282635 3.985764896615e-02 3.137509187483e-03 2.505451421081e-03   0.075057242167  -0.115065898542 7.197958467015e-05 1.583231641887e-03    1125.0   7.40  50831185
2015 VN169    42.503567716449   0.034659923866   0.085141641433   3.991689650253  -0.696815708019  42.501056996529   0.035039980964   0.075897700912  42.501056996529   0.032866212505   0.075072219850  -2.347572080040  -0.614781878597 7.188355370875e-06 8.686457553807e-04 3.414324487349e-04   0.481376201716  -0.484370309215 2.495456732913e-03 6.229450187459e-04     533.0   8.30  50835721
2015 VN170    41.607681167657   0.103738673424   0.300202522255   4.013995423380   2.100492137922  41.606214208904   0.107301647693   0.309977407602  41.606214208904   0.107098735754   0.304984102433  -2.286452011164   2.115117532011 1.674045579886e-03 1.244641650227e-04 4.844433712537e-05   0.297848144881  -0.408572125056 2.238005082473e-03 2.183413690687e-06     828.0   7.90  50835746
2015 VN171    43.719719249402   0.030908013006   0.022390659829   2.852988273524  -0.815013837481  43.718253157542   0.024182955226   0.016230560277  43.718253157542   0.023393100762   0.013659958694   2.245404563352  -0.434570966071 5.406747014149e-07 2.003018933373e-05 4.320009758473e-05   0.420482743541  -0.417909802222 1.938451237377e-03 5.696798965381e-05    3370.0   8.09  50835769
2015 VN172    45.624198954963   0.051252664224   0.031682364409   4.736228490605  -1.871451505887  45.624563013420   0.046507498372   0.025003303179  45.624563013420   0.046415083944   0.024548876368   4.648609886217  -1.804473671944 2.922550511248e-06 8.321824254926e-05 4.397979899691e-04   0.333470854985  -0.331084620199 3.476969986285e-05 5.086801953772e-04    2278.0   7.64  50835794
2015 VN173    42.721749914335   0.051184895331   0.069264412726   2.716698872336  -0.688656995157  42.719431426884   0.034226450254   0.053483691723  42.719431426884   0.032961080630   0.052134664145   2.329625162540  -0.505374059732 5.400452203988e-06 7.133807077478e-04 4.159136801841e-04   0.469624858677  -0.476668903561 1.882663763589e-05 4.747242318283e-04     801.0   8.30  50835822
2015 VO164    39.535452137769   0.301439311088   0.230195088334   0.027371782347  -0.952857196979  39.402532816866   0.301155248050   0.220455465179  39.402532816866   0.300462282560   0.218495100301   0.045284024273  -0.904113812340 1.670325798827e-05 1.035214219595e-02 1.014104121840e-03  -0.064294699994  -0.349911594456 2.398659741262e-03 1.804110574260e-03    1652.0   8.92  50830971
2015 VO165    39.475684531525   0.210328021880   0.158178723791   1.011749992068  -0.989566108906  39.403189481046   0.237491709145   0.110635165268  39.403189481046   0.189149176930   0.108398595924   1.125683100254  -1.036379630718 1.300182806501e-05 1.677071482275e-02 1.457313852558e-03  -0.387385293387  -0.361922799140 6.090417617366e-03 3.936406880416e-03    1125.0   8.60  50830994
2015 VO166    75.675055082363   0.490873810069   0.206129436774   1.027567393080   1.981217274964  75.769472431644   0.493870754999   0.197931504212  75.769472431644   0.422129102934   0.196446981416  -5.001718491235   1.980321944469 4.637096287627e-06 3.744690418914e-01 1.320819014827e-03  -0.025834182164  -0.054007434798 2.233789924983e-03 1.740935340227e-03    1122.0   5.90  50831032
2015 VO167    58.907204613531   0.406842881254   0.293184182621   5.316271011715  -1.054994410240  59.120994009130   0.396254527167   0.319593204709  59.120994009130   0.341961514100   0.265344191413  -1.210332514122  -0.784323005360 3.876419466756e-02 2.316081650127e-02 2.867432725548e-02   0.142777245064  -0.165808569645 6.739373376996e-03 6.001255984505e-03    1122.0   8.20  50831127
2015 VO168    53.656811380836   0.288415329796   0.089021449381   3.773700250020   2.087168831478  53.583664273283   0.285480666865   0.086721872852  53.583664273283   0.251219081574   0.086366306584  -2.343277760049   2.005844690516 4.331368302568e-02 3.399226490580e-02 4.144172354079e-03   0.221111579519  -0.234230760995 6.052485702968e-03 2.583401422510e-03    1125.0   8.10  50831186
2015 VO169    45.650648114266   0.116235729065   0.038505417214   4.075228308992   0.090343423771  45.651425704038   0.119618194732   0.046916451130  45.651425704038   0.119526750542   0.046646258885  -2.211893437482   0.158786040989 1.863074316438e-05 2.186460849300e-04 6.403743089752e-04   0.356913700806  -0.363798460294 1.738539356147e-06 1.888878498693e-03     502.0   8.10  50835722
2015 VO170    43.928709305166   0.039346726828   0.023260846693   2.800300380380   0.081658168511  43.928341918943   0.034188891742   0.028160926238  43.928341918943   0.033729697146   0.027104966814   2.579066319324   0.233642675524 1.324032593534e-04 1.680262468577e-05 3.967059088656e-05   0.408550794366  -0.406415581144 2.233716449347e-05 1.933373866335e-03     740.0   8.00  50835747
2015 VO171    44.068301161374   0.054997294196   0.025582826181   5.164204130459  -0.693190916484  44.065918473108   0.059912466700   0.024619495951  44.065918473108   0.059627293463   0.023307609593  -1.356146732493  -0.381757519760 1.293712229125e-06 6.762809944209e-06 4.310888672821e-06   0.408595266676  -0.408581551758 1.978885577885e-05 2.019278393829e-05    1036.0   7.70  50835772
2015 VO172    43.414674718088   0.123739860350   0.165575249008   1.325292527888   2.218646475399  43.425733868367   0.119604533191   0.178211367784  43.425733868367   0.119099760050   0.177236312565  -4.912723243092   2.199766182966 1.333225056570e-05 2.429277033543e-04 7.649527229671e-05   0.390689734240  -0.427359198422 7.821344675891e-04 9.125366993942e-06    1125.0   8.40  50835795
2015 VO173    44.860640827497   0.152419246848   0.348192508319   5.363322410507  -0.962431817754  44.867234833427   0.151705272369   0.344672600599  44.867234833427   0.151853145906   0.338176624852  -0.877525954537  -0.955128333025 1.626009179922e-04 2.372361939350e-04 5.771352025498e-04   0.178357551867  -0.284066633376 9.565649675505e-05 1.883989338549e-03     858.0   9.00  50835821
2015 VP164    39.220721066676   0.252707457732   0.107399234041   1.979587173889   2.256546353531  39.403892756341   0.227713908351   0.156795542458  39.403892756341   0.174250638767   0.155626890469  -4.314224870198   2.260626404831 2.962893690455e-05 1.005085450694e-02 1.829934941604e-03  -0.403244264413  -0.391977949323 6.331678267781e-02 2.349455360344e-03     764.0   8.90  50830965
2015 VP165    39.394771091297   0.335250420579   0.277792906191   4.594108828031   2.140681374089  39.401882110295   0.308561907367   0.309523136028  39.401882110295   0.303761595645   0.303697145524  -1.630596842103   2.121450194193 1.234916856788e-05 1.372156219326e-03 1.158341344539e-03  -0.105663022153  -0.300561262334 1.569156942867e-03 1.142587208602e-06    3697.0   9.54  50830995
2015 VP166    75.196568261444   0.524213286491   0.357761820156   5.330874634083  -1.074914636717  75.754722996499   0.531639406359   0.348735847328  75.754722996499   0.468075028836   0.298013069698  -0.691715124725  -1.100283609125 1.754564016303e-02 6.964975296942e-02 3.277635111730e-02   0.021127245338  -0.061546951368 2.741462904889e-02 1.321361990145e-02    1125.0   8.20  50831029
2015 VP167    40.647106403792   0.117174298515   0.362761191463   5.528603149247  -0.967373060354  40.644334164104   0.127748625984   0.350122932756  40.644334164104   0.112754001521   0.343033924806  -0.906158231488  -0.945476288246 3.848817417679e-06 8.495677744669e-03 3.368688100672e-04  -0.110104655460  -0.420230875153 6.901012161442e-03 1.745064421793e-03    3369.0   8.70  50831129
2015 VP168    45.491816142859   0.003725193612   0.027417873307   3.044951410494  -1.763591535042  45.490742397146   0.006397934490   0.021725974904  45.490742397146   0.005356752137   0.021215241151   2.505985325578  -1.662260366767 4.511471837078e-05 1.040985189040e-03 5.205481470023e-04   0.335723750643  -0.331084638917 1.878056389573e-03 5.976780620507e-04     801.0   7.90  50835698
2015 VP169    42.679513232565   0.057860629518   0.054271743247   4.357553767045  -1.494002144394  42.675135540128   0.042520023014   0.032952306546  42.675135540128   0.040907618077   0.030002061851   4.059289065325  -1.275454824077 5.605248178877e-07 2.166730417433e-04 2.184862849038e-04   0.488680956524  -0.486143063596 2.589122543677e-04 1.989489019925e-03     526.0   8.20  50835729
2015 VP170    46.070905247528   0.128398132321   0.079930441345   0.847894425808  -0.631803561121  46.054961680523   0.142257459536   0.093229914237  46.054961680523   0.142483996831   0.093063658013   0.785892122648  -0.537023120530 4.625786581820e-05 5.747347472905e-03 9.297548156691e-03   0.333675687503  -0.353451277436 2.262489605590e-04 2.897483422881e-03     828.0   8.10  50835748
2015 VP171    43.339015599742   0.044900630839   0.047447375174   0.767547434395  -0.851912272671  43.334575990070   0.055934562696   0.040619045670  43.334575990070   0.055318957973   0.039424234147   0.586938606686  -0.601649442523 8.449727182793e-06 9.316302023324e-05 1.744794423084e-04   0.450296702518  -0.448489987428 5.187688567292e-04 1.121225758597e-03     858.0   8.40  50835773
2015 VP172    45.353975202073   0.144047858341   0.077440959511   0.562900754560   2.376508412229  45.383820382882   0.188209169487   0.156183164149  45.383820382882   0.179201550820   0.155661853877   0.681534299792   2.136971391866 3.819251241700e-02 1.009660754995e-02 1.899291672687e-02   0.378965226114  -0.415466076541 1.289966658033e-02 7.268153517890e-03    1122.0   7.40  50835796
2015 VP173    43.886621750247   0.056292486032   0.032250658774   1.675930565416   0.095963737452  43.886050019822   0.050421766115   0.033871647434  43.886050019822   0.050046549543   0.032917145411   1.422036719236   0.230132927578 1.337071814012e-06 1.689143940236e-05 2.341974219416e-05   0.413270880388  -0.413342726775 3.125897948119e-07 6.416026304754e-05     534.0   7.80  50835827
2015 VQ164    39.580674141756   0.244808535175   0.246406602029   0.253870940496  -0.994157605092  39.403275918793   0.259096448964   0.218391493593  39.403275918793   0.225660227766   0.216296854079   0.920312172155  -1.096316046995 2.257000165833e-05 1.555634612235e-02 3.276959887354e-03  -0.208683080525  -0.368618612812 9.219033672452e-03 1.377545129291e-03     448.0   9.80  50830970
2015 VQ165    39.250383412745   0.279347691052   0.346690325128   4.975234927338   2.106677727619  39.402536204508   0.249526351394   0.368967344486  39.402536204508   0.221277650048   0.360714446427  -1.398509638012   2.137675371363 1.113462710402e-05 5.064745209855e-03 2.682260082625e-04  -0.316952231564  -0.316953165982 1.806852136655e-03 1.814306229990e-03    2990.0   8.41  50830997
2015 VQ166    43.663885016719   0.047917553905   0.027145529828   5.687012922302  -1.738569997249  43.668269463318   0.046625255966   0.018784815898  43.668269463318   0.038814724738   0.016528844236  -0.712540950267  -1.562812864818 2.824096830783e-05 5.751493341054e-03 9.582615691516e-05   0.122230877814  -0.424992949091 9.635967358309e-03 1.691246851854e-03    2571.0   8.21  50831049
2015 VQ167    85.483001900373   0.555445922206   0.515476730163   4.327394213913   2.153008638154  85.713674749557   0.549794114495   0.526308915111  85.713674749557   0.550396650199   0.505156571931  -2.014898255223   2.148294986872 6.097387116345e-03 9.232929084899e-04 4.631455392856e-02   0.018783163596  -0.040141100102 1.452959714500e-06 7.258496765882e-03     831.0   8.40  50831128
2015 VQ168    43.547161022012   0.043226748353   0.026225628695   4.719765568729   2.986289063847  43.549331694703   0.043302776893   0.035434952489  43.549331694703   0.042539192401   0.034350392104  -1.400372366123   2.666458206316 4.213706813778e-06 3.347945580471e-05 4.747497011795e-05   0.439098028744  -0.429845051653 1.947461385211e-04 1.935277540142e-03    2961.0   8.03  50835697
2015 VQ169    43.855012495829   0.032456797385   0.024716935656   5.839105353755  -2.675196155675  43.854224370342   0.026392703876   0.023701019745  43.854224370342   0.025838806495   0.022419039401   6.014957997234  -2.896824808919 9.309542973565e-07 1.024845041930e-05 1.651553523811e-05   0.410922030643  -0.409642184849 1.140481586862e-03 1.010696424098e-03     526.0   7.50  50835723
2015 VQ170    42.522669190555   0.141602699679   0.170909934947   0.830177462818  -1.117851142180  42.186425986921   0.103721635188   0.123057677154  42.186425986921   0.076586466071   0.116320386683   0.341883253600  -0.860053826827 9.722021027662e-02 1.116074399463e-02 4.078751510032e-03   0.758256672175  -0.539626438198 1.044364038185e-01 3.309574906137e-03     802.0   8.70  50835749
2015 VQ171    45.183536651889   0.121889959409   0.214523520455   4.859707811856  -0.934326428220  45.181941015374   0.118657002197   0.209987324167  45.181941015374   0.118724126963   0.208422643688  -1.405275091675  -0.939683918376 6.182291875319e-06 1.633796221527e-04 3.230084342214e-05   0.269508120284  -0.326388375667 1.704818716154e-03 1.844367728472e-04    1125.0   8.20  50835774
2015 VQ172    43.793517917131   0.035585741205   0.023590615069   3.160198151365  -2.490750475957  43.792385789829   0.040830387481   0.024071672712  43.792385789829   0.040362245311   0.022635583455   3.330105906799  -2.671600660423 7.981676588375e-06 4.412213129828e-05 6.616033076831e-05   0.418006718417  -0.416892094853 3.827517947649e-05 1.044867714020e-03    3370.0   7.59  50835798
2015 VQ173    44.716380135592   0.101795990831   0.027525533882   4.352302101627   0.978263055776  44.712279016062   0.107519616394   0.033408957509  44.712279016062   0.107340630464   0.032598920335  -1.766223044580   0.899740876417 6.958194847240e-05 1.015826804192e-04 4.719926196931e-04   0.399942121435  -0.403806330416 7.305485404036e-04 1.503965140872e-04     801.0   7.71  50835823
2015 VR164    39.266864884839   0.206156017373   0.003908398895   0.419431325652  -1.292255054064  39.404186069310   0.204897654578   0.006699100899  39.404186069310   0.204893652380   0.002589947180  -1.106262660312   0.182298206438 3.826972828637e-06 2.111583910959e-04 2.683795221144e-02  -0.691038650978  -0.399113980125 3.834269379695e-03 2.866499399425e-01    2269.0   8.27  50830972
2015 VR165    39.500266248904   0.046356621237   0.204170962441   5.430416543879  -0.909727537011  39.425363608605   0.036044595769   0.151677794097  39.425363608605   0.027240352385   0.124984005798  -1.113538162397  -0.454017373146 2.661218274865e-03 3.350611042043e-03 3.473732810652e-02  -7.636813169792  -0.554791066129 1.128699178925e+00 2.153040858586e-02     801.0   8.70  50830996
2015 VR166    43.578764423776   0.167722382539   0.135009370689   3.090100779636   2.264328742862 -206.695850104738   0.672009158686   0.114237905749 -206.695850104738   0.613343563404   0.048381085970   5.140342501263  -3.093082045970 1.410751169026e+02 3.443522608371e-01 3.058840152713e-02  -0.002363620323  -0.421870075465 7.296655433974e-02 1.841960488144e-01    3073.0   8.19  50831050
2015 VR167    69.429799817943   0.546081797839   0.234740232504   1.414479768617  -0.975205288751  69.315560824590   0.547003223398   0.228568708450  69.315560824590   0.548282841286   0.227149554184   1.401756052123  -0.982638725934 2.074078107829e-05 7.403230814836e-01 1.498277662207e-03  -0.014466023294  -0.076049100385 2.937392200187e-04 1.990040425834e-03     858.0   8.30  50831130
2015 VR168    44.408881340931   0.071787345790   0.013980645888   4.827827131861  -1.700072898834  44.407141143799   0.066093750439   0.010380131322  44.407141143799   0.065879567972   0.003525330791   4.342381953001  -1.218541284083 2.112099863526e-05 6.740378331988e-05 1.183421007177e-04   0.398088222721  -0.416463327440 1.045280883248e-03 1.382763396567e-03     801.0   7.80  50835700
2015 VR169    42.659084775289   0.155184629277   0.318262502967   0.441104651207   2.291209587091  42.636882820859   0.158128172806   0.320110285869  42.636882820859   0.157894944105   0.314569029655   0.386250481963   2.311143024177 1.696736268061e-02 8.586311445264e-04 4.462750922207e-04   0.287456715195  -0.383112682614 4.363837217342e-03 2.187254814408e-03     846.0   8.00  50835724
2015 VR170    43.274108477239   0.039409990556   0.025496301547   5.530995833668  -2.026180800843  43.272920526885   0.034408959338   0.017254218609  43.272920526885   0.033573137967   0.012757119229  -0.883086011987  -1.847811786630 3.367758561677e-07 2.988801535699e-05 1.029273882370e-04   0.448544499812  -0.446145529780 1.870648980105e-03 3.169437315409e-05     828.0   8.50  50835750
2015 VR171    45.166555034476   0.066190474989   0.107919769012   1.627402704157   2.032291889559  45.165492719742   0.066307488336   0.116643562941  45.165492719742   0.066387272339   0.116374152332  -4.577238174020   1.985923767101 6.332029333014e-06 5.637534799744e-03 3.403568470541e-03   0.322463286929  -0.339806112325 1.274184112303e-03 2.529479896560e-03    1125.0   8.30  50835775
2015 VR172    45.445388228535   0.034001516536   0.012894411404   2.746015324543  -1.788284994865  45.443584587063   0.034699130942   0.009107161851  45.443584587063   0.034516652587   0.007362946269   2.430588021959  -1.535264195803 1.488297065496e-05 1.752656843111e-04 1.749385374496e-03   0.340477082454  -0.336049621421 5.511989962681e-05 1.897786104690e-03    3637.0   7.11  50835800
2015 VR173    43.568552126951   0.027882242676   0.046631121933   2.898352968106  -0.291055610162  43.566581337308   0.020824838236   0.044213707178  43.566581337308   0.019880499118   0.043447898736   2.579806304037  -0.144813453516 2.435500079797e-06 8.227417883273e-05 3.682647748324e-05   0.424427015828  -0.422659782768 1.692726156197e-03 3.346203412253e-06     772.0   8.70  50835824
2015 VS164    39.357037061572   0.153995074038   0.376606397950   4.078443088449   2.173771718750  39.403631119327   0.162334648255   0.374226203062  39.403631119327   0.160816919975   0.365911841632  -2.265705873095   2.187929578125 1.076460112952e-05 2.328521077780e-04 6.336709717061e-04  -1.035538811769  -0.302678915656 1.730444473153e-03 1.742649931498e-03    1913.0   8.60  50830974
2015 VS165    39.468940107262   0.184625284926   0.027408709707   3.040884652200   0.444837627939  39.404170007685   0.185527089140   0.031255667645  39.404170007685   0.185531090710   0.031036063470  -3.283058716276   0.487276175778 3.146607799563e-05 3.582021831841e-05 1.825187333638e-04  -0.922791112281  -0.376241866423 1.737743383306e-03 5.189279546665e-04     858.0   9.20  50830998
2015 VS166    43.669927597441   0.133317138866   0.031039736619   4.017404138635  -1.237747337929  43.668092666260   0.131225277586   0.020270016931  43.668092666260   0.103300226071   0.016158190497   3.627057499201  -0.846664225776 7.273881576540e-04 7.214504843637e-03 1.514606908754e-03  -0.145651348802  -0.456568482967 1.879837495997e-01 9.581349671869e-03    1125.0   7.50  50831052
2015 VS167    80.482342578263   0.514082260429   0.130413304582   3.225939924923   1.905352239474  80.652038592501   0.515901159385   0.127827653086  80.652038592501   0.505813043438   0.127473547171  -2.903282482232   1.912017125716 2.319667630761e-01 4.330325881228e-02 5.489834358124e-04   0.075114208510  -0.079843080421 2.562774665289e-03 1.190815509816e-05    1125.0   9.00  50831131
2015 VS168    46.858100373028   0.178764457529   0.046621559620   2.774467742833  -1.258263967269  46.870407365742   0.175678867679   0.033787512571  46.870407365742   0.175341278777   0.033217009733   2.568143341097  -1.114643709080 2.533874817875e-05 6.725591663449e-05 6.140435829968e-04   0.378046966657  -0.368383649283 2.003444235351e-04 1.850281564446e-03    2901.0   7.29  50835701
2015 VS169    43.383387815561   0.041150435705   0.015288598184   5.856677520273  -2.007779265605  43.386412433761   0.038976885681   0.014426888710  43.386412433761   0.038333550405   0.006596771443  -0.701542073274  -1.576609821424 5.496853584967e-04 7.418813600422e-04 2.834640999727e-04   0.445492969800  -0.441511301092 5.710469656364e-04 1.130637860720e-03     828.0   8.70  50835725
2015 VS170    41.436516777608   0.021270949120   0.303284514026   5.629300782390  -1.075107963724  41.436655349738   0.021283897662   0.294179404667  41.436655349738   0.021154082649   0.289924109256  -0.492279735913  -1.090163232508 1.054434627671e-04 2.791545275952e-05 6.408066165942e-05   0.286470372800  -0.406224381044 1.297430287173e-06 2.063314307490e-04     831.0   8.50  50835751
2015 VS171    44.143590934586   0.076528116876   0.029040822123   4.402445677401  -0.856102804968  44.140509571937   0.073891919314   0.025230092944  44.140509571937   0.073619085156   0.023851308598  -2.124514477617  -0.572967901238 9.212440406313e-06 4.832501577739e-05 2.440676069973e-05   0.410962161700  -0.411928428207 1.831074286406e-03 1.326807709886e-03     858.0   8.40  50835776
2015 VS172    46.258088003317   0.048778893209   0.026420012364   0.027091853623   2.758558557176  46.258832252673   0.045440282464   0.030189652010  46.258832252673   0.045401353797   0.029962214877   0.140190544880   2.617253391190 2.979224980494e-06 3.432500015117e-05 3.921749790482e-05   0.310876585822  -0.307318328899 8.850480721375e-04 1.881619736913e-03    3370.0   7.71  50835799
2015 VS173    45.592183951564   0.133610875983   0.214707104877   1.577824085757   1.945181028948  45.593273643065   0.129605385993   0.221736346480  45.593273643065   0.129636643495   0.220098140859  -4.742384827450   1.930257993130 8.433656137493e-04 2.042163122021e-04 2.405655790563e-04   0.251259788599  -0.312209630108 1.598675846166e-03 1.901906006574e-03     773.0   8.50  50835826
2015 VT164    39.272292734707   0.260350486479   0.100170984655   4.566859562539  -0.684933411107  39.403392336213   0.234744995816   0.148934325839  39.403392336213   0.186830053484   0.147754602764  -1.914813194266  -0.588962635841 1.253666314168e-05 1.281156584559e-02 1.238551293903e-03  -0.386766003615  -0.368911682150 2.237191170061e-03 3.436008488382e-03     526.0   9.30  50830973
2015 VT165    39.328036795589   0.277984330215   0.246107945573   2.776662882794   1.972861383079  39.402548693083   0.251672539066   0.273153838980  39.402548693083   0.213357204176   0.269672835764  -3.905773071797   1.994491511216 5.730425561930e-05 6.884473581750e-03 1.345952909849e-03  -0.330351508219  -0.329278386155 1.244656015733e-03 3.455642819077e-03     771.0  10.00  50830999
2015 VT166    43.693437009365   0.202106670627   0.124647915879   1.391878551141  -0.852076132289  43.669198324330   0.130702168331   0.158087166250  43.669198324330   0.105653359565   0.155479587079   1.345486828725  -0.715535303611 4.178446561058e-05 1.007094808233e-02 4.738261749807e-03  -0.505432128338  -0.369999229115 8.863942716024e-02 6.064336492403e-03     828.0   8.00  50831051
2015 VT167    50.373017168590   0.190447134701   0.084398427674   5.566484371609  -0.594404876993  50.348664761520   0.190011571918   0.081559066966  50.348664761520   0.142757997574   0.081525941178  -1.158924721460  -0.580710395222 1.297251232646e-04 2.272423829713e-02 1.130293320212e-03   0.202399460830  -0.239358376075 2.809788053302e-02 1.594977518050e-03     832.0   8.80  50831132
2015 VT168    45.291520748488   0.035249443374   0.041279005136   2.635422678081   2.666962101924  45.288331991510   0.038642938848   0.044894794929  45.288331991510   0.038515392336   0.044669517921  -3.482295471070   2.570373608993 9.470245695258e-07 9.519709008066e-05 1.949691274902e-04   0.342738216422  -0.341311098561 8.499488977409e-05 1.435452734459e-03    3637.0   6.81  50835703
2015 VT169    43.797957259191   0.075042371168   0.013647204581   1.096748787559  -2.179877016522  43.794782301045   0.086021873234   0.015356230630  43.794782301045   0.084016842987   0.008099678847  -2.458330025370   1.600183546364 2.724606635785e-06 6.702940564102e-05 9.025429435186e-05   0.471971704530  -0.443602309640 6.958965665354e-04 1.134188950756e-03     846.0   8.50  50835726
2015 VT170    43.431267227067   0.026096627237   0.045237485633   0.280792667751   2.864450111648  43.429631720698   0.020633807290   0.052054351644  43.429631720698   0.019654959553   0.051421991753   0.444671903986   2.672792411537 2.920571407979e-06 2.856310860025e-04 9.686114512897e-05   0.427225223381  -0.429501226108 8.542791432263e-05 1.920208728606e-03     831.0   8.00  50835752
2015 VT171    43.344143846759   0.047820451585   0.038328662482   2.610140472509   1.828655272951  43.340822993779   0.050088443582   0.050944571496  43.340822993779   0.049599068352   0.050210549797  -3.379459710589   1.645456645877 2.818883839951e-05 1.027910077506e-04 1.380370918328e-04   0.441468895686  -0.443750418923 2.224413248501e-05 1.880435527713e-03    1125.0   8.70  50835777
2015 VT172    44.336670539208   0.040784094505   0.038053649110   3.580882571720   2.715562228534  44.332200064914   0.046222742186   0.044004738695  44.332200064914   0.046015747360   0.043482465779  -2.470766625953   2.539962484411 1.125536441605e-04 7.485252600808e-05 1.082686383052e-04   0.387088976508  -0.387439471538 1.854366382495e-03 4.933463332758e-04     858.0   8.70  50835802
2015 VT173    43.206248708624   0.033336891308   0.044663354568   4.186853942737   1.194856420971  43.201975176824   0.038643554147   0.055409935954  43.201975176824   0.037973717164   0.054556477631  -1.738071233078   1.070218743768 5.580663628454e-06 1.655381611768e-04 8.147842696091e-05   0.441538864987  -0.446142384473 1.103835418464e-04 4.133764447113e-06     832.0   9.10  50835825
2015 VU164    39.518822061423   0.139117009842   0.670301066021   1.464496571422   2.196190202838  39.401897258289   0.177456465954   0.662501060019  39.401897258289   0.174409089696   0.616237740676  -4.766096291864   2.193989506518 1.455214717887e-05 2.792958133643e-04 1.707570797096e-03  -0.718966193719  -0.208407648798 1.025767326933e-03 1.652062884067e-03    3064.0   7.82  50830976
2015 VU165    39.227159411924   0.159544724843   0.066331108612   0.345386605495  -0.665197692423  39.405875355593   0.159666539055   0.057939484911  39.405875355593   0.159507979779   0.057307823235   0.175548438437  -0.529225529679 2.142978016665e-06 3.691352022586e-06 3.117822104675e-05  -1.225719722188  -0.474316898750 3.581118577101e-06 4.872184323096e-06     858.0   9.10  50831000
2015 VU166    43.709337228562   0.088031430618   0.040972763486   3.001432873592  -0.896156393795  43.669499250742   0.079931707741   0.036857220948  43.669499250742   0.059945474453   0.035655120332   2.620496349958  -0.636217142384 2.625436321588e-03 1.068084471113e-02 1.325712349519e-03   0.492287692633  -0.438546037102 9.119514396414e-02 3.665409250339e-03     828.0   7.80  50831054
2015 VU167    46.268822349312   0.174220066540   0.102371416333   2.816152822841   2.293614728963  46.291100903812   0.176414395784   0.098296293020  46.291100903812   0.175886751124   0.097922973232  -3.355696945742   2.213181491099 7.980631919822e-03 6.853884378259e-03 1.376161296341e-02   0.352202527320  -0.376571159717 7.450461047396e-04 4.090803908560e-03    3283.0   7.21  50831133
2015 VU168    44.355018424192   0.072261568026   0.018956407516   4.507007581541   2.317636338058  44.350831962313   0.075868515139   0.029352523355  44.350831962313   0.075569246350   0.028365545062  -1.423924738776   1.928938741945 6.817799751927e-05 1.212419940671e-05 3.535828082506e-05   0.401528162811  -0.401529485895 6.064470541036e-04 1.146727020973e-03    1119.0   8.00  50835702
2015 VU169    42.509295503921   0.027878530537   0.023718436322   6.198553774503  -2.008237791689  42.507935393209   0.035125138076   0.021667816627  42.507935393209   0.031913039114   0.009858766351  -0.069641167025  -1.527565832635 3.796460600222e-05 6.806542871353e-05 1.456699168293e-04   0.509536381281  -0.497919103442 1.483169451078e-03 3.180615420048e-04     846.0   7.60  50835728
2015 VU170    42.709725687818   0.031952939102   0.029566405715   2.752838400296  -1.944913188560  42.709772949584   0.041573270742   0.026015474848  42.709772949584   0.040056108639   0.021602838547   2.376731694333  -1.646648571792 3.277617618446e-06 9.048750871782e-05 3.097622991818e-04   0.487786003749  -0.485408895167 5.997042788694e-04 1.342125957772e-03     739.0   8.90  50835753
2015 VU171    43.610000083155   0.019474738820   0.021189604491   5.900975530695  -0.744537285734  43.606990482799   0.028827472872   0.017813896240  43.606990482799   0.027883693939   0.015328211271  -0.428457451272  -0.323342671758 4.417449148790e-06 2.842121986133e-05 5.722706919689e-05   0.436875234801  -0.425004212971 1.178928842274e-04 1.477359475035e-03     773.0   7.50  50835778
2015 VU172    39.537997041100   0.017063223484   0.012024432899   0.703278958844  -1.772239885510 112.367480047581   0.532581485095   0.207848146869 112.367480047581   0.475492717084   0.155336255837   0.573012277906  -0.999373873228 3.726607745757e+01 9.493130278903e-02 4.705267974973e-02  -0.002377953586  -0.607860692074 1.192622356192e-02 3.200381345257e-01    1042.0   8.40  50835803
2015 VV164    39.509798758953   0.089440352027   0.028842130938   1.486434446870  -1.986812761777  39.411035065768   0.078817118758   0.029652407001  39.411035065768   0.078695512831   0.014752219290   1.024590101753  -1.547953106710 1.927670448469e-06 1.804830558485e-05 2.305712790872e-04  -4.263283173734  -0.549463948797 7.175292268971e-04 1.593882713480e-04     846.0   8.60  50830975
2015 VV165    30.119904248701   0.085978173998   0.307851128669   4.207132067088   2.128127846404  74.463812507811   0.179001515373   0.291242386588  74.463812507811   0.154162497931   0.278114409700  -5.445858106280   2.456522564691 4.429494959121e+01 8.812337442806e-02 3.035531320003e-02   1.746364836151  -0.608538117401 7.777663455682e-01 3.105765472684e-03    2304.0   9.02  50831004
2015 VV166    43.681574699557   0.077469634353   0.032726536490   0.228130650894   1.292834699646  43.668901831744   0.074632615924   0.048072484453  43.668901831744   0.059171164419   0.047192340410   0.653258107409   1.059629596305 9.178921022571e-05 1.176667537836e-02 2.244048120221e-03  -0.244806025514  -0.425011322013 6.274959766019e-02 1.645455868328e-03     828.0   7.90  50831053
2015 VV167    44.141729969610   0.144167176569   0.189593209050   0.358197272436  -0.879423614726  44.167720852166   0.158405030628   0.179954161336  44.167720852166   0.153635228563   0.179272335128   0.309784557507  -0.834413523689 2.981899070055e-02 9.419457561386e-03 2.803365306832e-03   0.373092649450  -0.422831757023 9.447178918464e-03 9.816081371898e-03     858.0   8.70  50831134
2015 VV168    45.487605691002   0.060903465166   0.015412192017   0.134871517701  -1.119713144353  45.484007309774   0.065815565322   0.012169662177  45.484007309774   0.065724854887   0.010918254347  -0.138627464951  -0.789419574492 9.876784138622e-07 9.209540373568e-05 1.282118681490e-03   0.345180896662  -0.342876742795 1.559777594798e-03 3.373386425979e-05    1125.0   8.80  50835704
2015 VV169    42.991934526472   0.079944818601   0.036925787743   3.677476416575  -1.257911268043  42.988207522564   0.066440196403   0.021034546708  42.988207522564   0.065187125346   0.012834808048   3.140440798760  -0.862836360845 4.144460117107e-06 7.152581481414e-05 1.941705178207e-04   0.486060386325  -0.484618199268 4.129212261598e-05 1.885043283056e-03     846.0   7.70  50835727
2015 VV170    43.212894842326   0.029021747087   0.028451704601   0.083481730077  -2.566048217588  43.211156026493   0.026449276200   0.025189294325  43.211156026493   0.025425081827   0.023083919084   0.383296926391  -2.755631823864 5.707148979767e-07 5.384723726363e-05 7.152928684733e-05   0.448490461661  -0.446541661425 1.366235016815e-04 3.734867886535e-04     739.0   8.80  50835755
2015 VV171    45.892167265178   0.172139951614   0.048066548654   4.398639136075   1.873793817019  34.124927049332   0.546535909324   0.120881082996  34.124927049332   0.468627177442   0.088396168870  -3.044568997853   1.985967699642 2.772121013604e+01 2.088842322379e-01 2.156893551724e-02   0.004633239538  -0.424100170514 2.600488741037e-01 2.288196972142e-01    1125.0   9.00  50835779
2015 VV172    42.576111312251   0.164994116725   0.363439311018   4.937926460544   2.130936405121  42.565331259869   0.157081222577   0.372570751007  42.565331259869   0.157030906955   0.364281263314  -1.385145407587   2.138937834429 1.751637945478e-03 3.075608897746e-04 4.043272207641e-04   0.253958451065  -0.345286022808 4.735521450495e-04 1.920728415180e-03    3637.0   7.66  50835805
2015 VW164    39.433009189236   0.159299427406   0.036595308860   2.064098173845   2.422248759423  39.405015244350   0.155811046918   0.040106630852  39.405015244350   0.155791870943   0.039855048780  -4.115020123535   2.305842322697 5.235674796953e-07 2.357211893065e-05 4.206010901697e-06  -1.390142873059  -0.392185972283 4.612653176934e-05 1.870635293651e-03    3064.0   8.31  50830978
2015 VW165    30.101704653282   0.051013940607   0.064425766507   1.344050993689  -0.707519342683  30.068162302135   0.046148067797   0.103987219178  30.068162302135   0.045395377660   0.103779700200   1.409097185174  -0.772668135411 7.461041065954e-05 5.308554476273e-04 1.190971723720e-02   2.072494544599  -0.684966135286 2.629462461950e-02 1.047677977351e-02    5895.0   8.39  50831003
2015 VW166    43.656638148068   0.092253892426   0.022186807449   2.467490773312  -2.035858405386  43.668600875249   0.093060347040   0.017251009827  43.668600875249   0.075178310001   0.014000741785   2.676458691524  -1.996868648268 3.317133648691e-05 8.990982915500e-03 1.446156958426e-04   0.067098694106  -0.436535944495 5.582023902206e-02 1.723815998777e-04     831.0   9.00  50831056
2015 VW167    38.078056476052   0.008010403027   0.012868565592   2.691126011066   2.217041770617  38.074036603808   0.017608464443   0.026131920113  38.074036603808   0.012731747869   0.014373708741   0.873334704236  -3.140342676774 6.447387588201e-05 2.406929058819e-05 6.167779377064e-05   1.211628777548  -1.108311808345 5.497438748443e-06 4.885953867045e-06    1125.0   8.50  50831141
2015 VW168    42.672948417000   0.041712626621   0.008752467393   4.157891703638  -0.827046117669  42.672826242790   0.038032907828   0.023780305155  42.672826242790   0.036354218915   0.018069889595  -3.224509147221   0.257316561408 4.132269087985e-07 1.541618635715e-04 2.650234304281e-04   0.488412150031  -0.486092558802 1.561169559344e-06 2.177995933339e-03    1125.0   8.10  50835705
2015 VW169    45.244979253671   0.181265138534   0.329781058191   5.390357477252   2.243225095674  45.256469933453   0.174238379875   0.336330914903  45.256469933453   0.174151938890   0.330657919901  -0.922423106013   2.249648508315 5.390395329653e-03 2.475953478747e-03 1.254361295392e-03   0.180525545671  -0.285263744113 2.152130813909e-03 1.763491604766e-03     846.0   7.20  50835731
2015 VW170    45.760024642886   0.040036347416   0.040623434298   1.139200105419   2.764642064957  45.759115369673   0.038743046799   0.043510469166  45.759115369673   0.038655135709   0.043335240704  -5.028223900872   2.679576357130 6.359210205532e-07 1.046617921467e-04 1.844893147526e-04   0.324046805628  -0.322841108737 4.700330296937e-06 1.145292966352e-03    3403.0   7.97  50835756
2015 VW171    43.254392630396   0.005423543008   0.025947213884   2.042680408516   1.394568467380  43.252538433278   0.010469551523   0.040196017267  43.252538433278   0.175752574900   0.039160965213   0.191707333094   1.174653845622 6.569533630252e-07 6.675053266310e-02 1.485505594845e-05   0.669784933392  -0.439353610765 2.212455586579e-03 1.896269724918e-03    1125.0   8.30  50835781
2015 VW172    44.361648454754   0.041088199702   0.004947011300   3.550206121296  -1.994746798265  44.363406023164   0.038750345413   0.011068466482  44.363406023164   0.038444296746   0.007488090386   1.131736017544   0.334972903890 1.426467497014e-03 1.288609246856e-05 3.356983903939e-03   0.389786677104  -0.387312239856 2.560316832939e-06 1.733983834756e-03    1125.0   8.10  50835804
2015 VX164    39.266636610766   0.329836151336   0.310156631743   3.120443868880   2.211629716994 -203.646970826749   0.600165782652   0.218925924625 -203.646970826749   0.521033093705   0.181618028885  -4.249193807059   2.463269727389 1.965235863147e+02 1.941655372333e-01 8.399453390430e-02  -0.002390751964  -0.340055216155 2.044147143055e-02 1.463331081670e-02    2269.0  10.29  50830977
2015 VX165    30.073742294686   0.075207601168   0.313447535417   0.061099519949   2.153432460830  30.067639721753   0.075650400452   0.313078057055  30.067639721753   0.075251611422   0.308201604106   0.058685466256   2.158750054270 4.260883354769e-05 3.100911998380e-04 7.579910322057e-04   1.719326610823  -0.592834634526 6.455681663524e-03 3.891575327648e-03    1938.0   9.17  50831002
2015 VX166    43.580929569123   0.124871458245   0.048154221370   3.225388504187  -1.647607095691  43.666502974061   0.109175150030   0.046825426202  43.666502974061   0.079266800951   0.045492962378   3.314675865599  -1.546562635368 1.001974001236e-03 1.578409126053e-02 5.733897694038e-03   0.365533743819  -0.460911131315 2.098713150753e-02 5.066193367622e-03     746.0   8.40  50831055
2015 VX167    38.695666138218   0.043921031612   0.367524340377   2.929937003606   2.249885298572  38.703165379856   0.050015012745   0.379341219083  38.703165379856   0.049694335945   0.369918562552  -3.528005998974   2.315126420490 3.648648759295e-04 2.083226431029e-05 2.996780819689e-04   0.305496561527  -0.474874059983 2.231047640239e-04 5.297685678625e-04     846.0   8.00  50831139
2015 VX168    43.114982316058   0.027763155848   0.028599252562   2.756655706000  -1.205452530815  43.112084033681   0.023796544900   0.018092456784  43.112084033681   0.022526473330   0.013555837831   2.110036784644  -0.793635682359 4.372987233855e-04 2.256930006478e-04 1.042290129041e-04   0.455524409889  -0.453187724621 1.079272166393e-05 8.605896598136e-04    1125.0   8.10  50835707
2015 VX169    43.906744041724   0.059228172585   0.038224242625   2.645449705356  -1.148703193149  43.908120255246   0.055297204650   0.026200852359  43.908120255245   0.054922032574   0.024868727106   2.313907028770  -0.939034216716 6.155752816718e-07 1.938017516771e-05 3.454109153197e-05   0.415623475747  -0.415617691900 1.532816241132e-03 2.153473210236e-04     846.0   7.80  50835730
2015 VX170    46.654245013748   0.066056909526   0.039807950733   1.739405624930  -1.666180964508  46.646269128298   0.069155539475   0.035800683261  46.646269128298   0.069077157087   0.035627746914   1.699207588678  -1.620827737612 2.627188279072e-06 6.088126786600e-05 6.240867546507e-05   0.305255315306  -0.298381565153 1.382400840469e-06 1.937501787356e-03     744.0   8.60  50835754
2015 VX171    45.211256400379   0.106034796538   0.119376798434   1.156625642535   1.859829453443  45.211250504056   0.082041201361   0.112359000101  45.211250504056   0.082129611513   0.112314611553   1.169793538751   1.823140320418 1.489333576045e-06 3.308602866385e-03 2.467033960244e-03   0.328435089061  -0.344445665680 7.613121504835e-04 2.810038853100e-03    3370.0   7.22  50835780
2015 VX172    43.532554356077   0.032110487048   0.014719454848   5.518689435781  -1.119091454909  43.529696310860   0.036949547548   0.013876547989  43.529696310860   0.036201214024   0.007465865927  -1.228022967438  -0.441041679040 3.092953711344e-05 2.563594708392e-05 1.118127121482e-04   0.439098030772  -0.432074574098 2.129309089558e-04 7.784628572844e-05    1125.0   8.80  50835808
2015 VY164    39.363615175800   0.184654321394   0.024901404974   2.842495020463   2.263536937171  39.404281139971   0.180571167656   0.030038118573  39.404281139971   0.180589007690   0.029801666396  -3.341837125089   2.133062770594 3.608798309604e-06 5.712885880607e-05 2.102809382207e-04  -0.988358614202  -0.381498934583 1.920312728067e-03 1.050388977754e-03     846.0   9.90  50830980
2015 VY165    47.730726557947   0.302714659477   0.011762120427   0.265016185497  -2.220730047079  47.733348756221   0.302795758779   0.024426038559  47.733348756221   0.302977669997   0.022339668184  -0.096765778399  -1.852869844708 1.141797499012e-06 2.212766353867e-04 2.056468365429e-04  -0.427459002824  -0.201966418721 9.530689052023e-05 2.597101637377e-05    1125.0   7.70  50831009
2015 VY166    43.661653630187   0.074275419476   0.020264518276   0.045083898412  -2.259588635218  43.666919108067   0.072668212193   0.024679932148  43.666919108067   0.051495587795   0.022636033684  -0.710503809843  -2.174065338933 1.444493423583e-03 4.564938997231e-03 1.540680833093e-03   0.549845526311  -0.435768608496 1.880545553190e-01 5.050578557752e-03     828.0   9.10  50831058
2015 VY167    38.803883228386   0.016505188849   0.595176565096   4.095276636449  -1.015128695489  38.802151046384   0.016788174901   0.591506602710  38.802151046384   0.016831340856   0.557940723209   3.932528814659  -1.011519870189 7.152266546334e-05 2.041812959763e-04 4.620442628043e-04   0.105903607388  -0.302922663453 1.882161296185e-03 1.697207564447e-03     831.0   9.10  50831138
2015 VY168    42.782509067246   0.021517056510   0.008629711727   3.667303485892   1.345395801696  42.779021143572   0.030533732979   0.026037036080  42.779021143572   0.029175915751   0.022691774711  -1.928254390572   1.030067656726 4.580149113161e-07 1.066411159796e-04 1.368048236672e-04   0.474738158340  -0.476655530488 4.014282806673e-04 1.623478584904e-03    1119.0   8.80  50835706
2015 VY169    46.777803518305   0.153846434327   0.211886717384   3.277993633076   2.253857613302  46.783239411909   0.160779447291   0.216111501347  46.783239411909   0.160801391351   0.214705973967  -3.001050624917   2.248160609835 3.215731792544e-06 5.091672219578e-05 3.146821082655e-04   0.248906132316  -0.292039184267 4.217117235501e-06 8.350478911700e-04     492.0   8.30  50835732
2015 VY170    43.171977574036   0.020154225473   0.030980858137   0.246889701016  -2.036682873341  43.169399475470   0.026540834559   0.022916058780  43.169399475470   0.025451038235   0.020307110625   0.583512372214  -2.003044195815 1.007854609156e-07 6.128953954036e-05 5.498987057121e-05   0.450877244094  -0.450530996622 3.694591104083e-05 3.118816886011e-04     744.0   7.73  50835757
2015 VY171    43.102264643529   0.025998535205   0.025172093108   3.753066479163   0.214166431998  43.100052835631   0.030533564058   0.034691890903  43.100052835631   0.029524031240   0.033096020192  -2.429875903004   0.314558347917 3.425247329491e-05 3.714469050001e-05 4.985923440138e-05   0.453189477246  -0.453314151194 1.286405348853e-03 1.961778207895e-03    1125.0   8.60  50835784
2015 VY172    45.349118673093   0.039233902331   0.008216006060   0.714783794137  -1.335624473670  45.345292531809   0.044206170144   0.007441583261  45.345292531809   0.044103510356   0.002632386676   0.128268558347  -0.675483769247 3.102637737803e-06 1.087014979277e-04 4.818416783707e-03   0.345914899009  -0.342886041189 1.518903868624e-03 8.345193977443e-04    3697.0   7.81  50835807
2015 VZ164    39.437325224215   0.219023653621   0.044898548039   4.272030406086   2.408084527545  39.403538644959   0.214955692539   0.049571156878  39.403538644959   0.213747925733   0.049236612305  -2.011920108526   2.544055101480 5.437870538224e-06 3.272579997454e-04 6.213689246828e-04  -0.600987692943  -0.366306391402 4.087662333159e-03 2.029725567929e-06    3371.0   8.76  50830979
2015 VZ165    47.691057674208   0.368131536428   0.044432842072   4.664077959399  -0.146286058696  47.732274492939   0.365805333872   0.066592795603  47.732274492939   0.362367292878   0.063659902595  -2.059305129025   0.441708254897 8.911889637340e-07 7.557276161669e-04 3.116891177065e-04  -0.247204665096  -0.213646341798 1.578724841266e-03 1.817950453871e-03     771.0   8.00  50831011
2015 VZ166    43.687873794673   0.061738671816   0.062280844658   0.211392685081  -1.138652716630  43.668159928895   0.064153137426   0.050847376145  43.668159928895   0.050408540085   0.050152945157   0.654116761297  -1.030629588457 6.361815047023e-05 5.701615016058e-03 4.560190532179e-04   0.185030439064  -0.427366525479 1.428396862759e-02 6.321388056180e-06    1119.0   9.40  50831057
2015 VZ167    33.554603742382   0.524814675760   0.254603099552   5.564835248477  -1.064986937531 -121892.455626968862   0.987200728098   0.217029394896 -121892.455626968833   0.064500364797   0.050421834212  -1.646386627671  -0.565409266413 9.138946015262e+04 7.191736074433e-01 1.073640580559e-01   0.000031430971  -0.003384791239 5.624212617104e+01 1.054648137199e+00     762.0  11.30  50831151
2015 VZ168    44.194359271287   0.150265310511   0.118960528343   5.827299365913   2.075254298677  44.204633321225   0.144476536267   0.113368538371  44.204633321225   0.142597806333   0.113020541463  -0.583100538644   2.111492126381 3.775599678808e-02 4.186389766704e-03 5.327284816740e-03   0.427412784214  -0.443688444155 5.105398440255e-03 9.615000104235e-03     801.0   7.60  50835708
2015 VZ169    45.262313282282   0.086832247416   0.016852086464   5.681097076141   1.765269520175  45.260678697036   0.086518846782   0.027045361726  45.260678697036   0.086457997690   0.026408479900  -0.376825114850   1.515178307196 5.429993536450e-05 2.007861668757e-05 6.204301288623e-04   0.361470714595  -0.361611556279 1.346934326957e-04 1.045458726613e-05     758.0   7.80  50835733
2015 VZ170    44.249903587739   0.086947950785   0.059715391830   4.708345078963  -1.254865864715  44.242133537909   0.081818699814   0.048417866379  44.242133537909   0.081551360155   0.047769130094  -1.685006835398  -1.106116823768 1.312976509142e-03 1.368500473062e-04 2.269462629724e-04   0.403876293840  -0.408562850572 1.824574626092e-06 2.740311778509e-05     828.0   8.30  50835758
2015 VZ171    44.293879593675   0.086173636009   0.022765059145   1.343397108382   0.399873429224  44.296682765497   0.081684079200   0.029553984559  44.296682765497   0.081439638159   0.028511931824   1.148042424293   0.484839676313 6.816117488611e-06 9.254123891616e-05 3.875947779042e-05   0.406470465995  -0.408215448879 1.899843641037e-03 3.655671174421e-04    1125.0   8.00  50835782
2015 VZ172    43.040392196871   0.035752320583   0.017313645015   3.318036844218  -1.102049020226  43.039515155293   0.026923871203   0.015922336198  43.039515155293   0.025649028854   0.005847828226   2.359682867253  -0.400300633765 9.076121711624e-07 4.407955865711e-05 1.168564372042e-04   0.460259792999  -0.459354764571 2.533921526079e-05 2.860246540941e-03    1125.0   8.80  50835806
275809        43.843399051555   0.083092819117   0.000767377358   6.115545277737   2.385388504769  43.846565563746   0.075803704415   0.021395866293  43.846565563746   0.075186845456   0.019120037539   1.227661209923   0.871442384131 1.738116859208e-05 2.653511867698e-05 1.088430939834e-04   0.436749921579  -0.430322725751 1.968294920629e-06 1.896079807536e-03    8742.0   5.69  20275809
306792        39.503876833440   0.156481411622   0.294428718825   1.070480400840   2.515907190719  39.404045304076   0.162882521020   0.298199719184  39.404045304076   0.161916005349   0.293796009193  -5.130608021393   2.527252821142 1.309202369145e-05 2.598088553411e-04 6.652643391478e-04  -1.086479122989  -0.331132350394 1.995401420061e-03 2.044781268616e-03    3010.0   7.10  20306792
308634        43.404563281223   0.104138128506   0.161572066149   1.861066701440  -2.690844798506  43.399401026037   0.118309406437   0.164993851937  43.399401026037   0.117388453548   0.164165922081   1.985486725992  -2.690616920253 6.692965893192e-03 2.765478296067e-03 2.698641356549e-03   0.400219030252  -0.436789832562 4.228722175567e-03 3.979372561677e-04    6610.0   6.41  20308634
32929         39.640757417225   0.263133544463   0.102874284754   0.658879064594  -2.410642361372  39.404379044881   0.256595237298   0.098091316210  39.404379044881   0.257062771553   0.097747739784   0.685254283530  -2.428147380082 1.456793270711e-05 2.679321434590e-03 5.559694469103e-04  -0.159291807971  -0.461090685312 3.784471626953e-03 2.505727300978e-03    8907.0   8.66  20032929
363401        45.589489474573   0.131270433278   0.034572202572   3.466155599803  -1.753851102806  45.603732861076   0.128343406473   0.026298881294  45.603732861076   0.128269181307   0.025471771598   3.260149832657  -1.609443510758 1.570510594358e-03 1.005392906575e-04 9.564454411844e-04   0.370667582426  -0.375705631647 3.221535400778e-04 2.097480097162e-04    5429.0   6.71  20363401
385266        42.618696640378   0.096238402354   0.058937444516   0.064864398251  -3.104149864292  42.625074031972   0.065874923880   0.053524636972  42.625074031972   0.062220862816   0.051444111161  -5.832497520128   2.980074726245 6.302382556965e-03 3.194144367550e-03 3.347955864289e-03   0.521836263899  -0.501731394345 1.039006901865e-02 1.930699515309e-02    8833.0   6.81  20385266
385362        46.245595697813   0.144227447081   0.087248967262   2.552159441072  -2.632501565306  46.271828131010   0.166289108877   0.110533346665  46.271828131010   0.166051861540   0.110430927483   2.546566950378  -2.618050171664 1.925744374950e-03 4.409397790381e-03 7.450309745110e-03   0.333569722259  -0.360990552118 1.490030716237e-03 2.253419446992e-03    8093.0   6.44  20385362
385363        44.862556056062   0.072261137083   0.088244726158   3.796868907429  -2.479672273694  44.866789940347   0.091838826724   0.102703937804  44.866789940347   0.091872281503   0.102524887764   3.705727647739  -2.478355274144 1.836673329817e-04 4.723180400372e-03 4.358280576206e-03   0.349921525850  -0.367761316058 1.690668036835e-03 3.510252154324e-03    8093.0   6.25  20385363
385458        45.964532379864   0.169823577764   0.105377814772   1.919595256787  -2.330247135672  45.947736036470   0.182618889957   0.109894103387  45.947736036470   0.175244243583   0.109695331079   2.132309644356  -2.355942141786 4.305424696064e-03 7.632921219235e-03 1.726982649790e-02   0.374889437387  -0.395028671239 1.919807954655e-03 7.578467240150e-03    6583.0   7.22  20385458
385528        56.245456216845   0.338787542246   0.148295532462   0.219230019117   3.107280391563  56.850306252839   0.355960834770   0.148980536809  56.850306252839   0.327394649643   0.147179238780  -5.965766307231   3.067270810511 3.161946726147e-01 2.964647431434e-02 7.012253542723e-03   0.204695016177  -0.215437397387 7.625111098904e-03 3.797934809451e-03    6556.0   7.63  20385528
385533        43.034344272432   0.114372823023   0.392246923543   1.966761617501   0.513226642734  43.071033683423   0.108875568226   0.396021182875  43.071033683423   0.075979935854   0.386405276914   1.824757843064   0.512344563782 8.888941804838e-05 1.341622002180e-02 7.506985085698e-04   0.052817948281  -0.296404046222 5.217407844190e-02 5.171537287829e-04    3335.0   6.94  20385533
408832        44.088836299379   0.039960914128   0.031377692032   4.350905451967   1.765232056776  44.094723830326   0.044911424899   0.040067939774  44.094723830326   0.044575161201   0.039439262956  -1.669952623905   1.559501669043 8.568347749322e-06 3.324006784980e-05 4.283048162396e-05   0.399179834506  -0.399278624613 1.683352171198e-06 9.081416515413e-05    7734.0   6.11  20408832
415720        43.044807640318   0.069897472431   0.139365789381   5.956422820590  -1.826562129946  43.062814518657   0.088611803661   0.144969549638  43.062814518657   0.082220703936   0.144254832870   0.348236002833  -1.831765610073 1.049870597667e-02 8.682212838840e-03 1.465355658173e-02   0.412557232933  -0.446661591381 2.601825703609e-02 5.064243926288e-03    8062.0   7.28  20415720
418993       351.914151245865   0.968738215194   1.197807657141   2.217535280080   1.975306765449 -16527.043975262488   0.999638390984   1.218775081071 -16527.043975262488   0.999909764101   0.010767572091  -2.603549178929   0.493436025189 4.439116776928e+03 7.745259498391e-01 5.869490702612e-01  -0.003371235202   0.000049403893 6.253727845094e-02 6.446467379622e-02    7090.0   9.74  20418993
434390        55.201309840538   0.318629596298   0.063478942966   0.152876031107   0.378215691652  55.143246110894   0.318562411441   0.056912750188  55.143246110894   0.283879878284   0.053428838222   0.332519946832   0.283692774681 9.402101150358e-02 3.091539451889e-02 6.026565257087e-03   0.338279312573  -0.278255966549 5.515974109655e-03 1.175787059624e-03    6266.0   8.16  20434390
434709        42.172621124033   0.228122518383   0.287472061906   0.998894851764   0.433873404537  42.397797368774   0.236143366086   0.278513823149  42.397797368774   0.179750379288   0.247267131624   0.806206691985   0.482854290982 1.273281069208e-01 2.159683337846e-02 2.298742203586e-02  -0.419555451792  -0.303509399093 1.121074980061e-01 1.794814796183e-02    8308.0   7.39  20434709
439858        42.630327391621   0.040849623147   0.032931078057   2.895626261859   0.811076353263  42.647776319627   0.045203062055   0.052670460102  42.647776319627   0.043545701166   0.051214791180  -3.158902083143   0.822625960236 3.474366083539e-05 2.917611945619e-04 1.972265972213e-04   0.489860116970  -0.486060885176 1.377372632219e-03 3.734895569516e-04    8056.0   7.46  20439858
443843        46.442998598004   0.118044547235   0.191468534385   5.693714451640   1.854224860435  46.447925996435   0.117245573458   0.195226576873  46.447925996435   0.117225414492   0.193983189197  -0.605515544218   1.854904147077 3.710710487160e-06 8.308618612473e-05 2.124620373803e-04   0.251248273351  -0.288818486322 9.753203174232e-04 4.423312887804e-04    7016.0   7.27  20443843
444018        44.152551804887   0.044218470984   0.034173583612   2.690274277256  -1.303312155258  44.152273273386   0.041754958185   0.024241676995  44.152273273386   0.041452858350   0.023184064264   2.386273067871  -1.092165260809 1.582453417604e-04 1.516644417759e-05 7.141375508276e-06   0.399179586053  -0.396926784633 2.155675254112e-06 1.939078974112e-03    4729.0   7.00  20444018
444025        43.964865171983   0.046363571446   0.051249060119   5.428414297735  -1.583861906701  43.966249964782   0.045252659279   0.040878559393  43.966249964782   0.044942710713   0.040201979063  -0.850669758270  -1.491603527132 2.474232214866e-06 5.160970790346e-05 4.942132365619e-05   0.406155624198  -0.406245130786 1.942710812302e-03 1.801082185437e-03    4686.0   7.18  20444025
444745        39.348585536053   0.183359989942   0.269267780670   2.041593607134   1.841585188438  39.403261694578   0.203112220269   0.259195952978  39.403261694578   0.197966969124   0.256303430739  -4.230891295267   1.876275485303 2.139342274493e-05 2.243150360006e-03 1.333759852196e-03  -0.689083492448  -0.319331641634 1.955853166920e-02 8.601146554387e-05    8142.0   5.40  20444745
455171        45.976300336617   0.119989266763   0.009503293098   1.996630547617   0.424020818584  45.985523699539   0.115627433412   0.018662400840  45.985523699539   0.115594903050   0.017799272798   1.809327180235   0.575650118002 8.180420347315e-05 4.225001227531e-06 8.511533339887e-04   0.347363142760  -0.347528373917 1.528680688161e-04 7.584792146680e-05    5792.0   6.95  20455171
455206        46.668938479799   0.124209184220   0.036524574051   5.322298861047   1.412090555320  46.678595844905   0.126310422659   0.041231545072  46.678595844905   0.126338120029   0.041021162582  -0.897993368577   1.344386001609 4.506866426101e-06 5.068058680628e-05 2.160288264429e-04   0.328911746484  -0.325103919283 1.663811077433e-04 1.013432686712e-03    7727.0   6.98  20455206
469333        54.316019861705   0.342039037756   0.295564901665   2.542339308477   0.374586985457  54.676606935465   0.352933886104   0.279325668355  54.676606935465   0.344882628612   0.275462458192  -3.461866079317   0.325493803029 4.337455307468e-02 3.977050370021e-03 3.057398773923e-03   0.166238510938  -0.211128092826 4.265977805202e-03 5.610493056644e-03    8800.0   6.12  20469333
469442        34.421946462360   0.589658889145   0.130012196620   5.009345636060  -1.507549232408 -87.818876268222   1.032853626388   0.132211049757 -87.818876268222   0.156384251241   0.008459605422   0.077388500837  -1.606950667335 5.646143094867e+00 1.441259514905e-01 7.696835234425e-03  -0.003494513541  -2.400997702087 1.084913980850e-02 2.173924489333e+00    7375.0   8.23  20469442
469509        44.026840434836   0.067043329786   0.041026455725   0.223638283706   2.776288182958  44.028766526271   0.062139255992   0.049305975933  44.028766526271   0.061977828616   0.048764562030   0.405350406450   2.576095817255 1.982616033936e-06 1.128230967769e-04 2.476288196408e-04   0.405268503376  -0.408573634071 1.325289138858e-03 3.865587294752e-06    8093.0   5.92  20469509
469584        42.163469687853   0.153283822640   0.015367847843   0.656694615628  -0.513483948781  42.284882085191   0.095336856546   0.066431322431  42.284882085191   0.071179142212   0.063375498714   0.715707396585  -0.580500889279 1.389635918007e-02 3.514318671718e-03 3.096649232568e-03  -0.690986176409  -0.527794555940 1.333484184221e+00 7.786637488696e-03    7377.0   7.09  20469584
469610        43.273344564281   0.027646423832   0.014372833525   4.833894434202  -1.951641261296  43.271087160438   0.019883499287   0.014538723173  43.271087160438   0.018523257838   0.006753492249   4.006682226620  -1.264443205749 9.991875520091e-08 5.757594323408e-06 1.284645981446e-04   0.446140138350  -0.443658827361 4.058194917111e-06 1.749050362351e-03    4430.0   6.44  20469610
47932         39.342340275362   0.281041255621   0.186675676340   3.553219678578  -1.567854136148  39.402475687103   0.280848889112   0.192912191010  39.402475687103   0.232934700119   0.191151181138   3.687005139644  -1.535209637827 1.363608245129e-05 3.915724022435e-02 1.174192491682e-02  -0.135722635223  -0.332980622921 1.807278759609e-02 2.315125211612e-03   12105.0   6.28  20047932
48639         52.529062832418   0.237418771392   0.031431494409   1.059987057096   3.079532757557  52.509055809992   0.236837541754   0.030001087860  52.509055809992   0.237041907215   0.029909649172  -5.145645693547   2.992089959558 1.105073308446e-03 3.182967216416e-04 1.388648492886e-04   0.223079686195  -0.225405344533 1.451931595485e-03 1.513377561313e-05   11012.0   4.84  20048639
488644        42.592312652876   0.036526544156   0.044872535819   4.948785589513  -1.879813199998  42.592300493603   0.023695265690   0.028164312867  42.592300493603   0.021506245985   0.024514171440   4.730037442549  -1.724410062391 4.526681958768e-06 1.290613329567e-04 1.148980748961e-04   0.482901280842  -0.486170007576 7.590369854752e-04 1.996849270934e-03    5113.0   7.93  20488644
496315       150.224955891163   0.726837053809   0.592150869535   0.695092266325   1.839353379277 153.374610391450   0.744368266098   0.559737089604 153.374610391450   0.586946890906   0.502784580765   0.318096245141   1.982972190972 1.425405330819e+00 1.364067362779e-01 4.613260891739e-01   0.004696225065  -0.011933645793 1.618299336449e-03 2.199637313749e-03    4457.0   6.70  20496315
500828        43.647076271925   0.076397870931   0.040176655856   0.213504747414   2.345609256006  43.669056649535   0.076853781842   0.055344768637  43.669056649535   0.054688081501   0.054169957436   0.556561426983   2.110402603993 1.294585841373e-04 4.200412432785e-03 8.962327791415e-04  -0.298032775782  -0.427325865204 3.884624082010e-02 3.722091546031e-05    4436.0   7.88  20500828
500829        42.368298249274   0.154004253603   0.202104102058   0.059114658359  -1.289273700065  25.676305887724   0.309989603708   0.174575559443  25.676305887724   0.261632186477   0.135682896854   3.715430428209  -0.615028024123 1.679871891841e+01 1.153718739378e-01 1.975097088151e-02  -0.003322614608  -0.500992626556 4.700431643396e-01 2.213769339622e-02    1457.0   7.46  20500829
500830        44.119881703846   0.167547606725   0.132846888235   2.374999442552  -1.196934684333 -1765.678127372704   0.675656435851   0.151096819849 -1765.678127372704   0.628908869973   0.062729147084   1.816451288993  -0.806401739879 1.064627372908e+03 2.686228559155e-01 5.394202272170e-02  -0.002354142119  -0.498833197987 4.398547957563e-03 2.505182684115e-01    1566.0   8.04  20500830
500831        41.098584475594   0.034952824118   0.141175501026   4.853140888710   2.077380969195  41.134438762448   0.132899946543   0.137081948139  41.134438762448   0.100871590423   0.105165234877  -1.092764544222   2.374533139038 2.700131523320e-03 2.037160467753e-02 2.538952662928e-02  -0.268599319717  -0.495529527196 2.321747482144e-01 7.533225042071e-02    1543.0   8.27  20500831
500832        86.731823796074   0.609273534279   0.329243386126   0.555886774226   1.932783777821 -300.357178727153   0.740688735126   0.204054005032 -300.357178727153   0.597257486002   0.163813379502  -5.268584037508   2.129313833279 3.117271895226e+02 1.074550771962e-01 6.699607370950e-02   0.001432300104  -0.083582467231 4.472268256647e-02 9.201704265506e-02    3724.0   8.20  20500832
500833        39.373148560593   0.103744038176   0.127385708869   5.930128760269   1.904970559646  39.407473202283   0.108376236803   0.138991594851  39.407473202283   0.108314097632   0.138594502782  -0.324608903828   1.870910892838 7.628098808695e-06 5.105838426363e-05 1.573515074101e-04  -2.604009038959  -0.441749081090 2.213940253175e-03 4.495069533835e-04    1566.0   8.40  20500833
500834        39.170050646941   0.178533423235   0.161589433278   0.364395669594  -1.243918872907  39.405537398179   0.201949345564   0.098209066755  39.405537398179   0.159376625386   0.097245399330  -0.187579131341  -1.076619575947 8.582843657378e-05 1.164664124504e-02 5.942285949121e-03  -0.589486610786  -0.511757883151 4.742651400317e-02 8.396919876365e-03    1543.0   7.26  20500834
500835        44.093403286568   0.065074737499   0.030193555814   2.351869952741  -1.169071881286  44.094978668673   0.063987847645   0.020058443378  44.094978668673   0.063732813489   0.018292257101   2.017892928123  -0.880936532524 5.760867477252e-05 4.746230111710e-05 3.356532645602e-05   0.410689734677  -0.409536620433 1.913815098034e-03 8.547982978025e-04    9236.0   7.14  20500835
500836        45.684017711349   0.131303025457   0.024746524378   1.551437159868  -0.634519318957  45.684469839043   0.131289116606   0.016595267722  45.684469839043   0.131214363218   0.014833227942   1.220674524291  -0.355723456284 7.307889008033e-04 4.029145588064e-05 1.961019480758e-03   0.371917688042  -0.375454938629 8.715195572667e-04 1.437674003276e-03    1511.0   7.44  20500836
500837        44.593296264969   0.105891338129   0.045486779406   2.539815939202  -2.081311304056  44.598101629657   0.113320164972   0.043429958623  44.598101629657   0.112583666494   0.042667664116   2.531541956761  -2.058010144537 1.403127639489e-05 4.576786878415e-05 6.115479344930e-05   0.422662010550  -0.413352468853 1.154951700800e-06 5.788466106812e-05    1542.0   7.51  20500837
500838        43.793756980117   0.082917265290   0.037976471044   5.531196833368  -1.121262122787  43.790795601033   0.090501533155   0.030585805431  43.790795601033   0.087709840791   0.028641696172  -0.907518651732  -0.847211371537 1.109894569476e-05 1.400790837966e-04 2.023307232773e-05   0.483405274984  -0.446141959061 2.964737361403e-04 1.863037357112e-05    3319.0   6.85  20500838
500839        42.857967995016   0.062207838865   0.078167599061   3.620315870682  -1.384108260317  42.863583603450   0.045109002089   0.055391594650  42.863583603450   0.044269255955   0.054384088409   3.335553067561  -1.264588105550 6.820538383002e-05 2.238091805890e-04 1.017090223986e-04   0.464963740425  -0.470166073793 5.795244925193e-05 4.869475218310e-04    1572.0   7.79  20500839
500840        43.797097008393   0.045310248633   0.051990933337   3.624299299617  -1.149942508393  43.795671081188   0.035429621821   0.039620504967  43.795671081188   0.034980072127   0.038871177065   3.316329556405  -0.997748834947 7.345179698833e-06 3.494194308111e-06 2.417830721622e-06   0.413232189432  -0.413268758670 3.599662365034e-05 2.245972672809e-06    1429.0   7.82  20500840
500856        44.022052399100   0.016679559570   0.052508874626   5.851337274452  -1.360276218538  44.022140108257   0.023123063288   0.044025434033  44.022140108257   0.022570146574   0.043491657804  -0.258128328217  -1.241001668032 3.354646535018e-06 1.967882168145e-05 6.803370345610e-05   0.396835840157  -0.397676267297 1.310481950232e-03 1.432048153402e-03    4423.0   7.73  20500856
500876        72.273834299443   0.410644943247   0.857285851547   3.131617097528  -0.715054534403  72.265898147493   0.421050679427   0.852497764785  72.265898147493   0.418597983407   0.752936488171   3.089721322891  -0.717187287441 1.299433650724e-04 2.446177149651e-03 2.870297461376e-05  -0.009422155340  -0.032873649377 2.534934631844e-05 1.488525354288e-07    1141.0   8.05  20500876
500877        47.788944866116   0.285219335465   0.117916935317   1.557680379799  -0.011569617614  47.733564861691   0.289355822977   0.118901908891  47.733564861691   0.288734184312   0.118285637692   1.607103270838  -0.026058194490 6.045773743436e-06 2.908170877028e-04 1.211872784701e-04  -0.403895225002  -0.204286249578 2.099541191341e-05 2.902925575864e-04    2249.0   8.31  20500877
500878        41.724818923295   0.108583409665   0.323838790991   3.134367886207   1.831839974520  41.755796339293   0.111346298298   0.333010382764  41.755796339293   0.105976376609   0.327004204025  -3.079795437799   1.836896033105 3.152584707664e-04 2.792189812882e-03 2.153091055343e-04   0.231349043541  -0.385096977327 5.800849035031e-03 6.112943038958e-06    1503.0   7.76  20500878
500879        59.205628232841   0.384124715436   0.214254580610   1.096692708228  -0.423925735297  59.056752737673   0.379980468305   0.228204827053  59.056752737673   0.327070822343   0.217241329808   1.470121367518  -0.517538996016 4.357077600285e-02 2.080623438484e-02 5.528299050445e-03   0.185005450095  -0.183469173934 4.278235487007e-03 1.961044413886e-03    5260.0   5.84  20500879
500880        47.771027162427   0.082630206624   0.108138720161   3.133590159652   0.446417733440  47.735602356676   0.109998889376   0.088133071872  47.735602356676   0.083919609027   0.088233868019  -3.106331863516   0.545865847195 8.567514104165e-05 5.639746949408e-03 1.007718056221e-03  -0.635422652282  -0.221468278061 7.108096901862e-02 7.078170123535e-04    1828.0   7.45  20500880
500881        42.354596320785   0.048028190699   0.114844565803   0.611956957071   1.210936810371  42.272885213132   0.065644452799   0.149555657787  42.272885213132   0.046799370481   0.148945296227   0.147706584550   1.197891664768 7.647642864753e-04 4.665408410829e-03 9.061895568488e-03  -0.810442168958  -0.459765910696 2.391132874624e-01 3.173178773309e-03    1450.0   8.23  20500881
500882        53.051461887721   0.287688239890   0.114910909915   1.227073661639   0.827026761930  52.887828293542   0.287087473687   0.121981306974  52.887828293542   0.204372163584   0.094746814631   1.572577071114   0.621732088504 1.543285457764e-02 2.281099842015e-02 1.221314521517e-02   0.338469687936  -0.272695996223 5.884246669057e-02 2.366608981273e-02    1394.0   8.43  20500882
500883        39.370930723121   0.255422315799   0.354952741772   4.704350987009   1.943247756968  39.401977440211   0.255556741540   0.348053201064  39.401977440211   0.242161612877   0.340931799026  -1.642033829446   1.944429498696 2.348167089558e-06 2.039900037892e-03 9.707298392376e-05  -0.309951250297  -0.309951275245 1.692738484526e-06 1.652209692975e-06    3303.0   7.40  20500883
500884        39.414143416200   0.256529042601   0.324993366392   3.289242699984  -0.461957232286  39.402105298972   0.261723900611   0.324311598030  39.402105298972   0.215532583566   0.318520690369   2.957552363242  -0.408074422077 1.995103916696e-05 7.037304558789e-03 1.086872108963e-03  -0.307481088245  -0.307401961892 1.436241269384e-03 1.389644684757e-03    1141.0   9.69  20500884
500885        39.294210913787   0.231036093830   0.106215433839   0.282719612375   0.824644735862  39.403288290907   0.234091519841   0.105577533706  39.403288290907   0.188270177043   0.104581671433   0.844347396201   0.807981429317 1.119461496074e-05 1.342682200370e-02 4.224095208995e-03  -0.391016735348  -0.373424715559 1.100725508809e-02 5.856837589862e-03    1840.0   9.13  20500885
500886        40.672119800120   0.012121856114   0.318631441180   5.930977997097  -0.522391726972  40.670976872576   0.014636103966   0.311723420790  40.670976872576   0.014383680547   0.306773442272  -0.131544023682  -0.535930817964 3.824545801745e-05 2.841311208759e-05 1.967873027013e-04   0.293508986852  -0.427454994541 1.504455498807e-03 9.128030486642e-05    6617.0   7.49  20500886
500887        42.410734444785   0.080334033165   0.165192604822   1.876807648554   1.331097301042  57.346168903035   0.254607317027   0.208053589200  57.346168903035   0.222716537544   0.176373521047   0.369836947642   0.714947837151 1.431679445792e+01 8.064420280985e-02 3.831954085213e-02   0.055788905297  -0.385737153139 2.446806706161e-01 1.225097666294e-01    1141.0   8.30  20500887
500888        41.277436165887   0.063850059015   0.216649677158   5.711647058518   1.598687210852  41.280749372292   0.065803033365   0.232779662664  41.280749372292   0.064943310996   0.230484006140  -0.791572323193   1.631052525016 5.665070077030e-06 2.497832225336e-05 1.037950032856e-05   0.387439397901  -0.474319931586 6.545298662231e-04 2.023585078691e-06    4431.0   8.08  20500888
503883        42.243645278976   0.252088711413   0.035416868261   3.722452594420   1.486989667905  42.270887644397   0.248592329016   0.041021321162  42.270887644397   0.248448205466   0.040439152815  -2.435766554217   1.424307165197 1.028277271715e-05 9.443837706561e-04 9.871032303755e-04  -0.368764561152  -0.345181524212 1.899525298149e-03 2.014657881870e-03    6213.0   7.81  20503883
504847        46.007333668215   0.147386730007   0.117057466524   3.435973264738   1.657459393278  45.991181553300   0.155867940930   0.129940115836  45.991181553300   0.155839510495   0.129503456571  -2.805379711451   1.642292644514 2.520948783159e-04 4.900502180017e-04 5.611673737651e-04   0.324126785428  -0.354565837365 8.054010507867e-05 1.480214258133e-04    9179.0   6.44  20504847
505446        43.783375385289   0.059712763120   0.018245060486   0.169983045019  -2.681048713739  43.781633007759   0.057057792533   0.018179569655  43.781633007759   0.056475085738   0.015650240543  -5.529903368381   3.135814089604 6.728241637541e-06 2.626119247193e-05 1.021183858595e-04   0.432034320712  -0.424938694716 2.030418918924e-05 1.737854444259e-03    1486.0   7.36  20505446
505447        44.149952312469   0.092909250660   0.050386445700   3.529322774051  -1.438939393412  44.145614731292   0.084027816924   0.033930083545  44.145614731292   0.083711555822   0.032848837736   3.269751697551  -1.267701721385 8.056201693589e-06 1.054797645948e-04 3.447592300838e-04   0.415613590797  -0.417774488227 1.407204259381e-03 2.140496108982e-04    4398.0   6.51  20505447
505448        46.295470573420   0.166091407189   0.145627202848   2.178709101665  -1.579110070429  46.307265322045   0.162791938248   0.132816464333  46.307265322045   0.162757199158   0.132655237681   2.152870843929  -1.543775813756 2.482825212299e-04 5.171365670455e-04 6.637829063292e-04   0.316995431371  -0.346146333412 1.030650976770e-03 1.329172371974e-03    4411.0   5.88  20505448
505476        45.785628619311   0.097292271453   0.015910218486   4.958203947838  -1.298307041506  45.786268697280   0.095341581775   0.010941707069  45.786268697280   0.095271966360   0.009245746505  -1.619050204591  -0.973440326244 1.167632644381e-05 5.893965484433e-05 1.669430456173e-03   0.345164396959  -0.344638356948 1.591702288473e-03 1.553354051053e-03    2607.0   6.76  20505476
505477        45.046742689999   0.074735089133   0.004884889737   2.847661853188   0.390625222934  45.042266432206   0.071758748198   0.013152827373  45.042266432206   0.069523397786   0.011112489227  -3.582879732095   0.646323122483 4.052902455584e-04 1.991074255311e-03 2.610254501637e-03   0.374947095798  -0.365345938595 1.767543784743e-02 1.543409201362e-03    5438.0   7.04  20505477
505478       200.084076773165   0.780433477434   0.185202813868   4.250839527141   1.618604942822 202.975282688749   0.783431195087   0.186856102728 202.975282688748   0.771994588195   0.185927681525  -1.929791957310   1.614517189028 1.066711485458e+00 1.025621725662e-02 2.312673297940e-03   0.009257674953  -0.009392568817 1.216020532324e-04 5.693538331743e-08    4726.0   6.34  20505478
506121        43.677418155548   0.075924765649   0.072771536424   5.153896248825  -1.751973422098  43.674726175161   0.079279508366   0.066160275162  43.674726175161   0.460349392908   0.065437082227  -1.025914148878  -1.807947633248 2.789186810057e-03 3.463448022695e-01 1.070940193593e-03   0.675407343545  -0.448939265847 9.423736536972e-03 4.746261313422e-03    6178.0   6.06  20506121
506479       159.526919234699   0.761188170886   0.272014816207   0.086233689034   1.673966109975 165.303765110532   0.769787049753   0.270925237739 165.303765110532   0.732727448916   0.482992295612  -0.642414309430   2.358668008312 2.574017958405e+00 2.796669004800e-02 1.535273195439e-01   0.013800694295  -0.017493745759 2.061436873195e-03 1.908943317875e-03    7355.0   7.50  20506479
508792        43.530873658683   0.129971508491   0.075248425954   0.270825751569   1.522141295257  43.674437095214   0.119676081597   0.071346930456  43.674437095214   0.097739236704   0.069913517990   0.196382383329   1.380732410241 2.588988740702e-03 5.553788147452e-01 9.329009336871e-03   0.672619432209  -0.487653019905 4.654368030999e-03 7.555590076467e-03    6653.0   7.94  20508792
508823        39.335973689473   0.296230489782   0.335582475952   4.272465538612  -1.598628429965  39.402136922604   0.256698966962   0.371557294742  39.402136922604   0.232480087785   0.363065341611   4.386063034423  -1.629142737167 1.041187444420e-05 3.594213300043e-03 4.996799037888e-04  -0.305231725164  -0.305231269086 2.119136350591e-05 2.166520745445e-05    5855.0   6.61  20508823
511551        43.358823704194   0.129421142433   0.082620813793   5.425457149420  -2.447077212395  43.354183513652   0.113115793042   0.067412398827  43.354183513652   0.110868325588   0.065935199364   5.439344663906  -2.459471489420 9.685912842005e-05 2.559080330952e-04 4.391170872389e-04   0.497617196756  -0.488748080960 1.727176844869e-04 1.613966661979e-04    7334.0   6.87  20511551
511552        43.710375485516   0.066207969022   0.099469466213   5.610497985781   2.536399427548  43.719829358382   0.064484073146   0.108237390189  43.719829358382   0.061635429100   0.107894747024  -0.850593345622   2.515195887398 1.376061034292e-04 5.255136169083e-05 4.387491340447e-05   0.455411013412  -0.410910833950 1.004387091635e-04 1.612150615334e-03    3223.0   6.42  20511552
511553        43.522945349342   0.127208152328   0.203996542508   2.824258200628   2.305849864657  71.816360836624   0.365560908474   0.164172460120  71.816360836624   0.246219922460   0.142946400239  -1.389800061106   2.390569026155 2.274708984400e+01 1.345607346236e-01 4.021702189361e-02   0.510631339796  -0.427590588349 3.261884572133e-01 5.759786629859e-02    2567.0   7.61  20511553
511554        46.343172340327   0.198929948086   0.153500535461   3.145067586627   2.209538853336  46.057864671366   0.200455632587   0.160905384772  46.057864671366   0.168181952980   0.160575443245  -2.988983730108   2.156259951386 7.475116450512e-02 2.694165466378e-02 8.606691294895e-04   0.336707432109  -0.382655441417 5.215425145442e-02 3.821726143820e-03    4080.0   7.88  20511554
511555        44.479177851917   0.098346381146   0.321641218467   0.094557611218  -1.696874277048  44.500157973239   0.192746342843   0.251338279348  44.500157973239   0.155781145343   0.235388698358  -0.312638216673  -1.225796627588 5.773526834803e-02 2.795961547876e-02 4.731008854259e-02  -0.171784858747  -0.315438920702 1.935121188614e-01 6.447835414226e-03    3773.0   7.52  20511555
523615        43.757636530541   0.037537987672   0.027180565124   5.340982754611  -1.467948717586  43.756576911963   0.036951406073   0.017960300675  43.756576911963   0.036444431332   0.015711733875  -1.121781052684  -1.173310327037 1.807127340073e-06 6.794698399281e-05 7.417797096027e-05   0.421456468916  -0.417965383531 1.150893895794e-03 9.138865121673e-06    4782.0   7.44  20523615
523647        44.127096155829   0.157580711155   0.451435486882   3.733794002841   2.102977373263  44.153882232028   0.199770349186   0.441540165638  44.153882232028   0.179855409087   0.427161010045  -2.502319270450   2.116825807558 3.293810756818e-02 1.401642832237e-02 1.837092290137e-03   0.136036840715  -0.272238341965 2.053528344954e-03 2.679747142322e-03    5552.0   5.92  20523647
523756        43.786480289216   0.049196694127   0.037240844219   3.670480675708   2.468579239872  43.779277388391   0.055517462028   0.045359408083  43.779277388391   0.055039125951   0.044603186677  -2.282915115078   2.219021688702 2.320360242209e-05 1.495742601415e-04 1.080534478967e-04   0.422723650091  -0.420313149955 5.758280205716e-05 5.333160771823e-04    5159.0   5.99  20523756
523794        81.862065024545   0.585857962724   0.141080111721   4.360883589079   2.006856768873 172.473132463622   0.753224630678   0.151882728529 172.473132463622   0.619956634801   0.123460824365  -1.477710645210   1.973722342689 4.857353805380e+01 1.470392679032e-01 1.543737657867e-01   0.011737486153  -0.024346486822 4.224387293389e-02 8.033903726548e-02    7727.0   3.81  20523794
524217        44.056042986479   0.063471702100   0.049610906258   1.146637841786  -2.313217423947  44.050428713820   0.070669377072   0.045094821617  44.050428713820   0.070422765939   0.044380161938   1.279402998727  -2.369643396775 1.456497314996e-06 2.666032656843e-04 3.280676036800e-04   0.408731592095  -0.413244192335 1.508903735137e-04 3.293436574569e-05    7028.0   6.69  20524217
524435        46.196431039757   0.146237842878   0.149778774428   5.938604834655  -2.954826153476  46.191877607104   0.145646289013   0.149789200022  46.191877607104   0.145684719014   0.149357030321   5.928909900236  -2.968909672072 1.555311345660e-05 2.014934012276e-04 1.681058813148e-04   0.298104968794  -0.330052541654 1.936504012061e-03 1.250001316505e-03    8417.0   5.41  20524435
524457        36.349558874101   0.121477746749   0.046981851553   2.864701402318   1.239373965748  36.430316620474   0.120397677657   0.115996176110  36.430316620474   0.118404829821   0.114772459470  -3.603064175124   1.098542835636 1.234215440902e-05 1.188387186064e-03 9.841676693491e-04  -2.533326233353  -0.629278389129 7.089533018485e-02 9.145697879286e-04    7406.0   7.67  20524457
524613        51.043799543214   0.484899646182   0.106410992840   4.226737252523   1.125728619452 -60475.731781815339   0.905466375412   0.274587389629 -60475.731781815331   0.865415875046   0.106546748542  -0.812689992826  -0.013597804987 2.416047964544e+04 6.732447221944e-01 1.192088923188e-01  -0.003118949746  -0.002607552790 1.883178713992e-01 1.881523301379e-01    8207.0   7.22  20524613
524834        38.812394077625   0.001959404940   0.069963197913   2.847030875476   2.866891766574  38.810381570326   0.017745544155   0.072913945712  38.810381570326   0.011700355690   0.065786215897  -5.729253696246   3.103457292598 6.042106483920e-07 3.045644263615e-05 1.618874114184e-04   1.169179771486  -0.910776241817 2.612798238593e-04 2.852160558000e-04    5533.0   7.39  20524834
525258        39.315895734878   0.211240914460   0.221478780982   4.872504474089  -1.535270821085  39.403179658959   0.231121630375   0.180397448020  39.403179658959   0.169781430532   0.179216183941  -0.737347315806  -1.427997861801 1.297895463014e-04 1.228067431263e-02 8.201958479603e-03  -0.606256214126  -0.345168220071 1.528009636822e-01 4.864731678658e-03    7328.0   6.32  20525258
525461        44.982487873063   0.082916350833   0.046106170335   0.711694080315  -1.586311386197  44.976683794410   0.090480097349   0.042287721807  44.976683794410   0.090353496872   0.041861903906   0.673613484044  -1.498693246365 7.133047271342e-06 8.620423028056e-05 3.758717771336e-04   0.373383985860  -0.375705550829 1.822083795808e-03 2.297095561529e-06    6255.0   6.98  20525461
525462        45.639074793374   0.068241424842   0.033464957979   2.804893369332  -0.435872160892  45.641648878270   0.063475011902   0.029940958450  45.641648878270   0.063434078745   0.029562047037   2.631426401061  -0.310478134554 2.596818546803e-06 2.718526312322e-05 3.614905343192e-04   0.336104504422  -0.335733405005 1.861205162118e-03 1.877983124606e-03    7972.0   6.19  20525462
528219        41.523936360173   0.491252805208   1.830109864176   2.310172772409   2.673076930950  64.014267624557   0.623767426804   1.725375127789  64.014267624557   0.511493982306   0.788747904445  -2.500381757083   2.433649830646 1.034356603313e+01 6.516414878162e-02 1.710568883727e-01  -0.093567616972   0.015631782935 6.230010933571e-03 6.288490317061e-03    6205.0   8.68  20528219
530838        39.270484908809   0.271775756644   0.108754038937   1.549292457698  -3.121499914114  39.403427337209   0.265764811677   0.121501502434  39.403427337209   0.266130755279   0.121056119093   1.486186311749  -3.072541596273 3.165882332140e-05 7.324735860224e-04 1.495988172048e-04  -0.192677925863  -0.387693365428 2.417644733985e-03 2.138788917764e-03    5167.0   8.03  20530838
530839        42.320791558440   0.232982091708   0.245763940847   3.565756782679   2.051048493410  42.270458696451   0.232755362338   0.242506227437  42.270458696451   0.203457665562   0.240257104361  -2.553884560098   2.101644847095 5.758468030915e-05 2.002831404996e-02 1.098027512340e-03  -0.432062112216  -0.299546255909 1.153470197040e-02 3.027400053630e-03    6255.0   6.90  20530839
533562        39.399751403895   0.217612373291   0.111783027312   1.679831850652   0.047103767466  39.403361253798   0.214692223377   0.107908483207  39.403361253798   0.206837758621   0.107772848844   1.330152501050   0.047606654151 2.894150278260e-05 5.911979923783e-03 2.038567194211e-03  -0.621145930899  -0.351904896435 1.744384716281e-03 2.883940090259e-04    4059.0   7.36  20533562
534631        39.631953140748   0.335402875317   0.281175500741   0.153693114180  -1.707519917105 -33.612719587905   0.754958230963   0.268672252228 -33.612719587905   0.637898578422   0.134673602992   1.567308913736  -2.030435150443 1.042546986651e+02 1.622692079929e-01 5.269117456856e-02  -0.002351615235  -0.396849847026 2.581070226829e-02 3.130006184395e-01    4392.0   8.89  20534631
568573        45.749350042914   0.229681927275   0.198230138066   3.957222558552  -1.438393979322  46.200839180843   0.222625764859   0.209824998215  46.200839180843   0.219443504998   0.208059430447   3.842828678554  -1.502502899606 2.625921846560e-01 9.718163553406e-03 4.348531885763e-03   0.283320016365  -0.371567706226 2.662530641466e-02 1.201182503539e-02    7376.0   7.07  20568573
575713        39.512920676010   0.178534069875   0.236107079677   2.022174205831  -1.647786744554  39.404620453834   0.180325210709   0.224254783352  39.404620453834   0.180152873203   0.222458178200   1.927077727482  -1.634871724688 3.687019763320e-05 8.798355363412e-04 7.158705340030e-04  -0.831281656126  -0.399560542407 1.066981993245e-02 3.334448696236e-03    6236.0   5.72  20575713
577578        47.737058061013   0.343953020851   0.128980227097   0.420440039018   2.148212981719  47.751769822818   0.249301011337   0.253972949958  47.751769822818   0.196423485693   0.215064826758  -0.221339242953   2.433527551256 1.780364963039e-02 2.926127599022e-02 2.094991489971e-02  -0.145186369418  -0.198204837315 2.695970657702e-01 2.600908097896e-03    3037.0   7.59  20577578
581804        47.900168733049   0.213746512382   0.077735757515   1.154894919095   0.082157403545  47.734768285417   0.142590657665   0.134335609939  47.734768285417   0.116172795172   0.133825380233   1.152522718208  -0.083499944196 4.373526667219e-04 1.926774597866e-02 7.928588768326e-03  -0.268589995730  -0.219831613793 3.877518833550e-02 4.100627923552e-03    2888.0   8.42  20581804
587670        42.520959072781   0.026094706892   0.009599752088   4.525118971371  -0.264780904762  42.518886275977   0.034278677862   0.025062826749  42.518886275977   0.031510499805   0.018944253028  -2.146276152079   0.443454877421 3.404307764077e-05 1.088064435727e-04 1.626079472506e-04   0.504078246958  -0.495456109819 1.483753291599e-03 1.000527983359e-03    4405.0   7.67  20587670
593616        42.957623963747   0.014131803950   0.211235724582   3.639604440007   1.643979472410  42.960341902248   0.019319903315   0.220360004094  42.960341902248   0.019122081051   0.218646544260  -2.511822076446   1.625686578022 3.067687624013e-07 1.469065397654e-04 5.254804349209e-05   0.303023980962  -0.382748305907 1.939500403658e-03 1.479346776091e-03    5140.0   7.11  20593616
593617        34.840738079442   0.046772493121   0.127321958728   0.783673590473   1.788542572513  34.902506757833   0.057432529183   0.109297860805  34.902506757833   0.057156093142   0.107885620078   0.847710261139   1.873790824168 1.171230935678e-04 4.958819612973e-04 1.081745628523e-04 -10.293632320798  -1.220297697808 2.138032854109e-01 5.474606053834e-03    4519.0   8.51  20593617
594994        39.454637340550   0.203680169107   0.050236650769   5.475588490003   2.709932062603  39.403545101284   0.209186885178   0.051001417289  39.403545101284   0.209044068269   0.050732898039  -0.835201653895   2.742807827074 2.820304035842e-06 1.023388904968e-04 6.969484941673e-05  -0.657484235512  -0.363958260582 7.451633151313e-06 1.651864215144e-04    8390.0   7.33  20594994
597614        70.823901852768   0.484659793102   0.371061829040   1.249256165052   1.846043374348  70.844440784323   0.478323565146   0.380095097146  70.844440784323   0.481788986586   0.372006919988   1.217114803972   1.849956985360 8.475677083764e-03 3.250593545791e-03 1.263418236673e-03   0.056542318285  -0.084510361896 1.902146115493e-04 2.313851941234e-05    6177.0   6.45  20597614
60621         55.316855329994   0.402348278412   0.112232060371   2.740850045743  -2.050106183715  55.388460841895   0.401661983899   0.117319416412  55.388460841895   0.401863401568   0.117362655988   2.747817396173  -2.065717390733 1.853148177202e-05 2.603384265508e-03 4.337640087692e-04  -0.082182989326  -0.125046840210 2.031678548760e-03 1.539528212241e-03    8338.0   6.88  20060621
609221        43.931695592270   0.073745628028   0.019535416806   2.182307123767   3.012763121074  43.927090853432   0.080510646941   0.022556793906  43.927090853432   0.080111037837   0.020485334082  -3.448533721696   2.460451623077 5.362895861720e-04 8.727458569340e-05 2.502465839331e-04   0.431310250501  -0.429433281659 6.891615944769e-04 1.546743304511e-03    7649.0   6.04  20609221
609222        44.196921778873   0.071740341010   0.027914963786   4.599367645249  -1.978281957037  44.198624848322   0.064090998879   0.018646218587  44.198624848322   0.063856581740   0.016896534965   4.446875150995  -1.874325298034 2.787178171098e-06 4.901152215410e-05 2.222859230239e-05   0.404195703934  -0.403879629427 3.047780884045e-04 5.060493677569e-05    2979.0   6.54  20609222
612029        39.511340384951   0.251775313983   0.083273899203   0.719238734171   1.709501992352  39.403306299306   0.236205113547   0.122857534776  39.403306299306   0.190115060658   0.122215039711   1.029683548355   1.657930760928 2.208893197590e-05 1.597153785015e-02 3.343614581916e-03  -0.388896061037  -0.364930826518 1.727940348951e-03 3.037488382044e-03   10338.0   7.87  20612029
612086        42.244063043700   0.234382215384   0.144751124593   1.858811151860   0.421023523286  42.271133089537   0.221648194888   0.162581586207  42.271133089537   0.195343766500   0.161746565813   1.959560925717   0.552964853503 3.481253746018e-05 6.095080901877e-03 1.294984994121e-03  -0.465786576533  -0.334708458343 1.513182823964e-02 1.859149355126e-03    8457.0   7.11  20612086
612087        44.189686417589   0.065081251940   0.027694846921   4.616179812760   1.101193018502  44.191971191784   0.070877147475   0.034057107470  44.191971191784   0.070665493461   0.033183565025  -1.463426500670   0.985745440826 6.121631474304e-06 1.023937659991e-04 1.627842042354e-04   0.405321527168  -0.406225853945 1.370743708935e-03 1.276726471033e-03    9161.0   7.22  20612087
612095        38.018482490965   0.025246990507   0.044879054426   4.897562328424   0.556638127767  38.039471875886   0.017742635481   0.045605769697  38.039471875886   0.012042601131   0.041607674547  -1.567703781758   0.422338793940 2.037148897385e-05 2.807891254182e-04 4.571918899282e-05   1.171710916355  -1.096579179870 1.206272235299e-03 1.564768713734e-03    8441.0   7.05  20612095
612150        47.048659803603   0.147170754199   0.362406605967   0.995972987941  -2.823588271592  47.061470041320   0.147124649189   0.362267346273  47.061470041320   0.147069841819   0.354559715179   0.991458930216  -2.828934686104 5.469092946574e-05 2.290538164793e-04 3.395340695164e-04   0.152627657567  -0.223073587619 1.730163398851e-04 1.328872124014e-03    8061.0   5.82  20612150
612156        45.105888260227   0.097948954201   0.073469946465   1.589396295693   1.595176606940  45.108629427299   0.122004553482   0.113695990510  45.108629427299   0.121851169682   0.113462840673  -4.656470227272   1.538264313355 6.493534463078e-04 1.701741106746e-03 1.933486898920e-03   0.356248931837  -0.374315126682 3.900431861083e-03 3.398534131850e-03    6269.0   7.68  20612156
612157        43.905668293584   0.068480019236   0.021917482477   0.726033923981   2.345928119823  43.910032577939   0.063875080026   0.036304344824  43.910032577939   0.063527153825   0.035385583511   1.108719294213   1.917385449330 3.357913476712e-07 1.123763982685e-05 8.169775379318e-06   0.417963764572  -0.417968414887 2.919610113265e-06 7.895777272643e-06    6209.0   7.62  20612157
612213        43.233892244244   0.039433881372   0.021592803142   4.426975781508  -2.317014716093  43.234817292563   0.032665206896   0.021111575280  43.234817292563   0.031752493926   0.018258083410   4.373904583571  -2.475824534987 1.716992314697e-07 6.736128199292e-05 1.350562234800e-04   0.450547933958  -0.448267400936 2.813446608710e-04 1.868200404967e-03    5814.0   7.70  20612213
612240        43.709983057426   0.155308173140   0.073750743722   0.565544502410  -2.119639725339  43.669281772507   0.138556833745   0.076650528299  43.669281772507   0.111620456980   0.076130908431   0.822411501100  -2.414874415546 7.367894967070e-05 1.704111849077e-02 7.664992321734e-03  -0.387582681444  -0.428794675701 2.732372472451e-02 1.837935806116e-03    6024.0   7.65  20612240
612333        44.979618286256   0.063026648656   0.020096586986   5.767832987200  -1.841400848215  44.975961937458   0.061851262411   0.013012699881  44.975961937458   0.061692959832   0.011433982135  -0.638361860035  -1.673703300182 1.725409018239e-05 1.487378079629e-04 1.601129975422e-03   0.366306378325  -0.363981300461 1.658980672413e-06 1.832584104107e-03    7683.0   6.92  20612333
612350        55.406442907369   0.422109613825   0.007811484091   0.458161798343   1.758691199551  55.388256416838   0.423793413539   0.008526751110  55.388256416838   0.420227698254   0.008545089977   0.362987151547   1.739679904509 5.774107587805e-05 1.418430765699e-02 7.894468669241e-05  -0.064577135026  -0.127058460160 2.078923956663e-03 1.591648531106e-03    4870.0   7.07  20612350
612388        42.662061547638   0.013866813469   0.009828086439   0.558285077196  -2.305669675902  42.672324716615   0.022826848205   0.019727149258  42.672324716615   0.020753053270   0.010695588840  -2.030276290787   0.895441373099 5.700609728612e-07 1.212702914339e-04 2.745232918867e-04   0.479343157519  -0.481621358450 3.156816633121e-04 2.434498074167e-03    7714.0   6.29  20612388
612547        39.384504082429   0.176614402647   0.093886912624   2.691319244187  -1.562441214682  39.404462426177   0.176161876626   0.093645251960  39.404462426177   0.176124187779   0.093411881293   2.719339321303  -1.565375232860 6.900418591583e-06 5.804093806190e-05 9.629864538041e-05  -1.033296468761  -0.380395501885 1.094593727230e-04 1.614531849987e-06    6649.0   7.96  20612547
612548        44.201691028662   0.101682309800   0.160688855237   3.075834617067  -1.873483893289  44.211687865845   0.101289357430   0.149823568632  44.211687865845   0.101325369176   0.149235026066   3.033373142971  -1.851828795808 9.068069782642e-04 8.802613519505e-05 9.242086571131e-05   0.348845762314  -0.387439465133 1.250524373823e-03 1.160299060015e-04    4383.0   7.35  20612548
612549        43.622593516460   0.032565407737   0.038136532914   4.726946007099  -1.998677113116  43.624579076876   0.023753770570   0.028831258878  43.624579076876   0.022653725667   0.027615936629   4.567081468667  -1.969983035205 2.688855084415e-06 2.488816776976e-05 2.998471607885e-05   0.435136970539  -0.421526150092 1.525262783035e-03 1.086622884199e-03    6979.0   6.35  20612549
612584        49.607036751229   0.252541370859   0.102491905560   0.232084105633   1.088345859251  43.094363672294   0.301287528655   0.120944966223  43.094363672294   0.255900513033   0.106268574813   0.333449523343   1.301891373413 6.969157616001e+00 1.399908055830e-02 1.413673398577e-02   0.305718061845  -0.340752872755 4.372645786632e-02 3.793670488904e-02    6656.0   5.04  20612584
612619        42.488357841820   0.042279942348   0.043402879221   0.875213711475   2.530746733081  42.482681683648   0.034424565479   0.058605333412  42.482681683648   0.031773580655   0.057407427062  -4.982008251109   2.171078443916 9.527336173483e-07 1.409702886609e-04 7.999438122298e-05   0.497487738165  -0.490765515509 3.712098701857e-04 1.588097872193e-03    2981.0   6.54  20612619
612620        42.654115947367   0.079967060554   0.489179793837   3.313188533649   1.246715885337  42.632878644468   0.090427408595   0.489836076498  42.632878644468   0.090315137839   0.471219000607  -2.904074859311   1.239644461618 4.563093899448e-04 1.356037702088e-01 1.938790567528e-03   0.098284841599  -0.260617619587 5.614575935554e-03 2.096022773520e-03    6583.0   6.68  20612620
612621        39.426963910725   0.165836976332   0.137708895491   1.881641435978   1.372444060133  39.404772619049   0.170730025427   0.140339097020  39.404772619049   0.170565210277   0.139878257074  -4.431015122888   1.362397124626 2.259052683901e-06 1.779333543392e-05 1.073990505330e-04  -1.073066409537  -0.396814676372 1.738762560164e-03 1.703121829186e-03    6583.0   7.74  20612621
612658        39.356729606988   0.090832149449   0.510006822230   2.887486946135   2.538331480931  39.407524621563   0.070533976550   0.512561397412  39.407524621563   0.058342308106   0.490264709560  -3.691542884342   2.543541540614 6.599170904201e-04 4.781289491979e-03 2.466441073858e-03  -2.366814989354  -0.288961431098 1.863851083419e-01 5.342021715334e-03    7329.0   7.35  20612658
612732        88.482753015942   0.578968531912   0.336774678131   0.530111342411   0.040657824040  88.035346792198   0.578059402794   0.323992492129  88.035346792198   0.511793406893   0.313618377888   0.639047090429   0.025014728913 7.602789490327e-02 5.093891674834e-02 1.469862869173e-02   0.071624606410  -0.070351468326 1.033187586454e-02 3.718631077582e-03    7352.0   7.05  20612732
612733        46.732882202957   0.159369609358   0.059329935020   5.542041270767   0.478805481754  46.733031411815   0.163254140896   0.058872026971  46.733031411815   0.163242838123   0.058628983825  -0.713653304956   0.494468284035 1.171159191490e-04 6.677693659095e-05 2.172139319636e-04   0.352514317503  -0.352392187613 2.819370877830e-04 1.628833517549e-04    6643.0   6.95  20612733
620057        53.847264473655   0.237377551828   0.432082348355   0.964217871157   0.498793110178  53.868230012390   0.236466499477   0.433276594966  53.868230012390   0.222616727888   0.420749274664   1.126000331754   0.494011437353 1.442961267161e-02 2.258223495814e-02 2.398458845090e-03   0.081368338383  -0.129060631431 1.161057713914e-03 1.919002229709e-03    6610.0   6.39  20620057
620502        47.584953328010   0.183515949386   0.037867708165   0.329203458142   1.887561035295  47.734868696267   0.119325252679   0.084630684700  47.734868696267   0.095073206773   0.084374459869   0.828060024092   1.717771067887 5.932794030261e-04 2.067162319880e-02 2.174884401072e-02  -0.200064410440  -0.216146853592 3.721287543336e-02 4.231520205682e-03    7701.0   6.62  20620502
623070        48.828944702677   0.279487587270   0.242396640999   1.847342843623   1.864022621453  48.894751932641   0.269947507883   0.255371012382  48.894751932641   0.263172766824   0.253033915764  -4.508146259478   1.844135258096 8.200166942585e-02 2.305913166772e-03 8.312052427001e-04   0.214872624604  -0.285276523460 2.538265723349e-03 1.835075021652e-03    3272.0   7.83  20623070
624884        33.481221751930   0.332926827190   0.170748468653   1.653222445409  -3.113438494931   2.459179725724   1.468291198387   0.380489994765   2.459179725724   0.695213957371   0.148723421155   5.911838281945  -3.023902810167 9.026232145787e+00 8.433995814483e-01 1.744443661020e-01   0.003746908284   0.000617125065 4.666819776699e-03 9.052391910679e-01    5925.0   8.59  20624884
654569        39.442984287609   0.216780726432   0.035529110279   0.187577309393   1.369959607682  39.404044541337   0.218877348673   0.046525296860  39.404044541337   0.211980216218   0.045952039736   0.448224062041   1.171213730073 5.364535446664e-06 2.330942267348e-03 1.027222911919e-04  -0.551765016774  -0.410844910950 1.709238627379e-03 1.704491073769e-03    8771.0   7.74  20654569
661333        40.054309623558   0.282598003163   0.382581749814   2.635406978426   0.416399113558 -33454.671152670955   0.925449790105   0.158239589193 -33454.671152670948   0.908790483214   0.031440568153   1.923442418413   0.531997470060 1.147175616333e+04 7.049308615783e-01 2.618769082952e-02   0.000001271573  -1.754036177042 1.134816895192e-01 1.440657588246e+00    7332.0   7.15  20661333
66452         44.950401344850   0.064731925887   0.025085416815   1.021750301315   0.984157336754  44.959326212141   0.060936551144   0.033759243670  44.959326212141   0.060798906030   0.033267679704   0.984707249195   0.959766535908 1.848177563644e-04 1.515801408182e-04 4.959387701884e-04   0.363957522863  -0.363954787589 1.119158202638e-03 1.385406340979e-03    7433.0   6.81  20066452
672508        67.767932439491   0.458613082203   0.080793914166   0.608559187813  -2.436826368482  67.167714087751   0.447125527613   0.130217472670  67.167714087751   0.378492469102   0.103819071961   0.925153185374  -2.369161102838 3.995702036749e-02 6.659761946257e-02 2.529252547185e-02   0.144731366660  -0.153190163028 9.321279439340e-03 1.180565015168e-02    5558.0   7.02  20672508
681280        39.449429512173   0.188142766683   0.404926282925   0.569188572572  -1.124044172930  39.402956836465   0.180570684214   0.402688506913  39.402956836465   0.177991478247   0.391992524420   0.617286974466  -1.115821581362 1.134836182175e-05 6.286337374377e-04 4.808534850993e-04  -0.840389333979  -0.277073498558 5.464102651069e-03 5.265327607981e-06    6593.0   7.49  20681280
