,Objname,OscSMA,OscEcc,OscInc,OscAOP,OscLAN,MeanSMA,MeanEcc,MeanSinI,PropSMA,PropEcc,PropSinI,PropAOP,PropLAN,PropSMA_err,PropEcc_err,PropSinI_err,g,s,g_err,s_err,data_arc,H,spkid,Des'n,u0,v0,g0,s0,ObsEcc,ObsSMA,ObsSin(Inc),LTEcc,LTInc
11,119878,53.86043917327409,0.3454919526554381,0.2988965262795426,2.688419638352542,-2.672554951991701,53.901261950519256,0.3410332226382588,0.3042048652895263,53.90126195051924,0.3391692877470849,0.299492896486591,2.6759555885718096,-2.698074171717832,1.0211192694873334e-05,0.4561360865734323,0.0001088082508979,-0.014095483940942,-0.1643681999538095,6.046902082452336e-06,7.41954213812945e-07,8424.0,6.14,20119878,119878,(0.35115198477900345+0.006491300421205258j),(-0.25757315866223374-0.1351517618393387j),1.1096380598977996e-07,-1.1096380598977988e-07,0.3454919526554381,53.86043917327409,0.2944658382446352,0.3512119778643544,0.2951442463616504
19,120347,42.02732911145901,0.1066732489517342,0.4450055440022477,5.39713996398192,3.017612493991252,42.03824603140998,0.1071017928280551,0.4459569731383722,42.038246031409976,0.1071300516841985,0.4313299718377434,-0.9550896014129132,3.027490213834388,0.0005737648983222,0.0002495366173913,3.953482089692076e-05,0.1858157689019052,-0.300559243956881,0.0017756289936329,1.2133384598780743e-06,15805.0,4.12,20120347,120347,(-0.05139202884365794+0.10984264234565683j),(-0.4605084796742828+0.04079358185300766j),4.11669446627562e-07,-4.116694466275645e-07,0.1066732489517342,42.02732911145901,0.4304628843698512,0.1212705516856555,0.4806005463221732
22,126154,42.32144344372752,0.140264369264182,0.1658076538334396,6.194298475634543,0.0247873736682286,42.27242078149342,0.1478730138389911,0.1537623108262657,42.272420781493416,0.1477791378192734,0.1530727056939184,-0.1303605909238733,0.0607163486671356,9.975967951953848e-06,0.0003680858818052,0.0001185971267176,-0.8203824391121427,-0.3995872192972823,0.0093950120687102,0.0019386020350883,8789.0,5.54,20126154,126154,(0.1447238069928011+0.0066417700788626265j),(0.1452094581734205-0.007703588943986222j),3.936570240276777e-07,-3.9365702402767786e-07,0.140264369264182,42.32144344372752,0.165048961898656,0.1448761312993621,0.1459310620223527
32,131695,37.21996975957135,0.0520799823846538,0.0479202643129148,0.2182325002116583,-0.3537623385904936,-1886.5580342235824,0.7270285511551746,0.2255786289040461,-1886.558034223582,0.7156508317059493,0.0593392812089009,5.558344472727513,-2.642855883224703,996.250978980817,0.4586467849046895,0.0991954072431493,-0.0024252121454271,-0.5169632776134756,0.0403721391081406,0.4098158736900663,8130.0,7.65,20131695,131695,(0.04916018164789632-0.0204312832006918j),(0.06270429303951845-0.010419848315512544j),1.0521555624340424e-06,-1.052155562434073e-06,0.0520799823846538,37.21996975957135,0.0479019261215976,0.0532368368038619,0.0636070355866632
33,131696,52.91305709960741,0.3216996951028246,0.0315724669043729,3.3023329764036933,-2.866269828669913,52.899590915554654,0.3202220096289168,0.0344351438265476,52.89959091555468,0.2530266813692586,0.0302030596194743,2.7564671451493314,-2.709189564329739,3.523615250174821e-05,0.0267691968879887,0.0026858914411028,-0.0880934461794379,-0.2110392916525782,0.0453714562184418,0.0127726464413728,7743.0,7.54,20131696,131696,(0.29586452146490866+0.13877194974771104j),(-0.030034745078325827-0.013113621346964172j),1.2037375601245912e-07,-1.2037375601245933e-07,0.3216996951028246,52.91305709960741,0.0315672218178835,0.3267927004974876,0.0327786169187425
34,131697,34.92368389658329,0.0746076191726547,0.0740441694613696,4.057706172345078,-2.7395969019430475,34.89934015132115,0.0785491213749489,0.084178138913428,34.89934015132116,0.0783609225194544,0.0824209361478975,4.003341527353757,-2.6254871237107644,2.3798899223137808e-06,2.7807227237337752e-05,5.620425503992218e-05,-6.175382053372296,-1.121951967069016,0.002442006392834,0.0003987364798873,8128.0,8.29,20131697,131697,(0.02886382846883875+0.04612337169961333j),(-0.055436391204223195-0.02435503240169375j),2.157401802346382e-06,-2.157401802346584e-06,0.0746076191726547,34.92368389658329,0.0739765296644058,0.0544103483798738,0.0605875448408396
42,135742,43.640455544361295,0.1251177119818625,0.1150241616928685,5.228049919509717,-2.465270850243797,43.6692782940596,0.1128901577013645,0.1216991137784512,43.66927829405963,0.097356786549464,0.1212878379522475,5.404273651321905,-2.4692808460780697,8.521064098953968e-05,0.0087159525464549,0.0127045335599476,-0.5378865508307255,-0.3984920478018104,0.0082462910858119,0.0051269241761249,8447.0,6.94,20135742,135742,(-0.11425885708873847+0.05430614206829445j),(-0.09940985634919905-0.07950513559910796j),3.2596994808707215e-07,-3.259699480870685e-07,0.1251177119818625,43.640455544361295,0.1147706904598434,0.1265078791600212,0.1276388145162659
52,143685,36.45397381254804,0.2355857252021237,0.0971262257401232,3.1794813826453896,1.490882068056828,-22562.225115215333,0.4893358010588255,0.2439828759631166,-22562.22511521533,0.4480144946820766,0.1543618170075492,-0.7647077399285633,2.401536792540665,19627.02876211944,0.2072660364524602,0.0509251030258045,0.0009004999399698,-0.5019990141263726,0.2217494809722936,0.2230596616335547,7677.0,8.16,20143685,143685,(-0.011402982397656884-0.24951969669792468j),(0.02295123310443357+0.10070114793657911j),1.2961816215283528e-06,-1.2961816215284087e-06,0.2355857252021237,36.45397381254804,0.0969735909831971,0.2497801173988546,0.1034680110261895
55,143991,44.56978290158506,0.1360690574779327,0.3180656861126231,1.191592104511992,-0.7651387822358353,44.51553635636371,0.1353291961378672,0.3176452688169552,44.5155363563637,0.1339917997208132,0.3129684693885976,1.3042613696942706,-0.7720695171391695,0.0074404743864503,0.0018524713813315,0.0005891853816061,0.2565110756946638,-0.3027385890749449,0.0038715300108605,0.0017561687084863,8105.0,5.66,20143991,143991,(0.1257801998850575+0.06210702225816382j),(0.22025925327793136-0.22501430598178815j),2.883678005899953e-07,-2.883678005899956e-07,0.1360690574779327,44.56978290158506,0.3127298540232721,0.1402780841646373,0.3203237992067876
90,181708,43.719177993368376,0.0480497626057408,0.1333690379078366,0.5506718064698104,1.6049222598713444,43.71425174961187,0.0472708111646775,0.1440630908607978,43.71425174961186,0.0467828845894516,0.143647218967777,0.4520770518796,1.5829302848415947,2.8657377417413315e-05,0.0002054463215516,0.0001165950852521,0.3851071512165493,-0.388818649689285,7.29935458741043e-05,0.0009295631685005,9936.0,6.88,20181708,181708,(-0.024364786180517066+0.047806851459771725j),(-0.01433635867063537+0.1254101906367028j),3.225610684314851e-07,-3.225610684314848e-07,0.0480497626057408,43.719177993368376,0.1329740102079832,0.0536575982701331,0.1265645939233389
104,183595,44.547066030893184,0.1034517079181517,0.0562883866198369,4.008507898174948,3.044994321810473,46.27507487020695,0.1634864522086949,0.0683585790605866,46.27507487020696,0.1100831258564602,0.0637872896045138,-1.57961014140444,3.04246756993066,1.7431536606476463,0.0316374828463451,0.0016317926062535,0.487529306519618,-0.4168328188131219,0.1134192124495696,0.0180540775889354,6310.0,6.58,20183595,183595,(0.07595372697691698+0.0778815960936813j),(-0.06304947813740094-0.0012707109437250013j),2.892340765300904e-07,-2.892340765300904e-07,0.1034517079181517,44.547066030893184,0.0562586674720867,0.1087865416850051,0.0631041551096574
107,184212,107.52270878951694,0.6713009998069409,0.2803441230133979,0.1578507431376943,-2.024243658185408,100.5470408410292,0.6546939538793949,0.2600046668700767,100.5470408410292,0.5477686277177958,0.2278446343984668,0.3211816862011685,-1.8512776018067176,1.1429668767083403,0.6557092649746195,0.0295709550735448,-0.014170268402115,-0.0329780870359809,0.0375532337358086,0.0189565570879932,6236.0,7.43,20184212,184212,(-0.20958548871684704-0.6882450723774136j),(-0.10370205756227345-0.2217739599384166j),7.217131116912029e-09,-7.217131116912029e-09,0.6713009998069409,107.52270878951694,0.2766863534879529,0.7194493427146007,0.2473360894995487
129,1997 GA45,47.177555951203686,0.1745620135984981,0.1283453236771107,5.49171175641107,1.4131102306621532,47.20772297413431,0.1769093236272554,0.1336365005997084,47.20772297413431,0.1763958421870694,0.1331778439432817,-0.8575220996343743,1.434604620921362,0.0006760402592944,0.0001399575999691,7.578145415978225e-05,0.3710168776651498,-0.3356430994100063,1.1055366807371776e-05,0.0019434489833793,7387.0,8.6,50031996,1997 GA45,(0.14325651849116697+0.104889864997083j),(0.016788114893838114+0.12037435253566726j),2.113100349970142e-07,-2.113100349970136e-07,0.1745620135984981,47.177555951203686,0.1279932519140835,0.1775508768475007,0.1218406323563419
161,1999 CJ119,45.32701716004717,0.0664589304637603,0.0816607655998654,3.413206426212348,-2.839497167546452,45.32991552722153,0.0741048849769795,0.0850773842929392,45.32991552722153,0.0740944132460182,0.0849195920195818,3.455118328150137,-2.884496651361191,2.5153397442945472e-05,0.0001181314331241,6.739056953689847e-05,0.334735767034408,-0.3448781858374199,0.0012431864265559,0.0018506399987022,8836.0,7.42,50030182,1999 CJ119,(0.05715068237603822+0.04059868010411499j),(-0.08338996819044917-0.030342106443757486j),2.621688268416379e-07,-2.62168826841637e-07,0.0664589304637603,45.32701716004717,0.0815700369838643,0.0701031619988932,0.0888554268191426
263,2000 OB51,37.794852422692216,0.0345195680182665,0.0525662627082903,3.445015557224963,0.5086081233815886,37.81585459337606,0.0374763891698064,0.0520659352209477,37.81585459337607,0.0361618891915783,0.049275823304011,-3.010595973587055,0.4984024839713306,0.000770414178755,0.0022488608510509,0.0009558086076811,1.3354044896696853,-1.181011131238875,0.0027753785255025,0.0016323817466866,8439.0,8.04,50046140,2000 OB51,(-0.02698055274434745-0.039973433173461644j),(0.06654045114434387+0.03286682962472438j),9.132570887074304e-07,-9.132570887074524e-07,0.0345195680182665,37.794852422692216,0.0525420574316473,0.0482268139738021,0.074283255938541
265,2000 OP67,43.67852088443926,0.1899156574935881,0.0272721912910602,0.0085750279646061,2.656534229996186,43.669382440156745,0.190775680669938,0.0325368544457194,43.66938244015672,0.1908975392972393,0.0304713826695755,0.4828528499092321,2.1876731348681484,1.2323147288342329e-05,0.0004473140229071,0.0010854537941949,-0.4745331281668887,-0.3993234144891342,0.0001852715833512,0.0001134622013642,8062.0,7.51,50054369,2000 OP67,(-0.1672998770025686+0.09537909556978966j),(-0.033868320866439365+0.004826095172173759j),3.244287862309087e-07,-3.244287862309093e-07,0.1899156574935881,43.67852088443926,0.0272688106995062,0.1925783495535925,0.0342171187355786
269,2000 PD30,46.51909205090253,0.02284902563584,0.1021251166057207,5.544233523919969,-2.5760154552563965,46.53701442262894,0.024528544766295,0.0996851610722484,46.53701442262895,0.0244219518225928,0.0995142287792136,5.575207971714265,-2.592936416673007,0.0009393047742258,0.0040475573309954,5.267293389170721e-05,0.2817695196815078,-0.2864647203671498,2.6420746540054247e-05,6.507826617352161e-06,9508.0,6.78,50046161,2000 PD30,(-0.021489276994965324+0.007229928986831656j),(-0.09004379469822428-0.060219283936505816j),2.277083132637355e-07,-2.277083132637356e-07,0.02284902563584,46.51909205090253,0.1019476894998767,0.0226729111258562,0.1085377080273791
286,2000 QH226,39.51515886086423,0.1920205846695421,0.0660352015680091,5.740620626642001,-2.4178891515694,39.40532438131972,0.1903892694041311,0.0769260205160645,39.40532438131973,0.1903251575507104,0.0764406264568201,-0.4868803400170494,-2.4050404335052766,2.893299142312695e-05,0.0011118745786573,0.0054428506918253,-0.7831226998850511,-0.4698745984735505,0.0104148178894493,0.0006101147145474,6329.0,9.0,50046181,2000 QH226,(-0.19806018965650446-0.06657173071319726j),(0.002212708137931216-0.022828167047453184j),6.330670898892369e-07,-6.330670898892428e-07,0.1920205846695421,39.51515886086423,0.0659872193209737,0.2089488790516019,0.0229371651851915
359,2001 KO77,43.90159144153046,0.1459028579169176,0.3826300664079127,0.2351394280285639,2.4538998435861306,43.89060297144849,0.1528351156230592,0.3822925537566599,43.89060297144849,0.1527050934080227,0.3734679312765528,0.2228518095610558,2.4492297190032466,0.0003143931507484,3.210915954891403e-05,0.0006593771118243,0.1784572193870306,-0.2932392697402148,5.702410009721243e-07,0.0018878731767407,5485.0,7.54,50102813,2001 KO77,(-0.12954073332990293+0.07116129204826147j),(-0.3013910002351086+0.2326715282561696j),3.147495104861492e-07,-3.147495104861459e-07,0.1459028579169176,43.90159144153046,0.37336163338545,0.1477996315206062,0.3906101125046519
361,2001 KW76,46.01363827044024,0.2161901527763941,0.1645296112271623,4.340324868639566,-0.9185158311885646,44.35964785087047,0.2762685060101295,0.2465045089063308,44.35964785087049,0.2337603169965691,0.214689642454042,-1.2326881078089782,-1.43767248075982,1.619429889940586,0.0258947079050629,0.0477698538124265,0.3513915159378788,-0.4021805666365888,0.2175380412171416,0.0061579907675666,2540.0,7.6,50078935,2001 KW76,(-0.20794138318155883-0.056397318042044745j),(0.09408757547917801-0.13476771259036457j),2.414178081121057e-07,-2.414178081121055e-07,0.2161901527763941,46.01363827044024,0.1637883127162215,0.2154536523751579,0.1651109986076878
380,2001 QX297,44.12927733042035,0.0272760393277056,0.0433505184951798,1.8492564909203093,3.090076057219926,44.13476648478388,0.0311501281198075,0.0451197024634182,44.13476648478388,0.0307476847127717,0.0446508498896837,-4.100431903717721,2.940109906624893,7.544873841763783e-07,2.245922181530849e-05,5.1505429989085694e-05,0.3921375808503337,-0.3938529290880847,0.0012641301882858,0.0006075103403899,9154.0,6.32,50092463,2001 QX297,(0.007920699894283569-0.01992783367103167j),(-0.05162020565698934-0.004894456825901113j),3.053069955682133e-07,-3.053069955682107e-07,0.0272760393277056,44.12927733042035,0.0433369419011929,0.0214442542802403,0.0518749874839862
381,2001 QZ297,44.28362352765016,0.0641848708964615,0.0431087217590416,5.2141878581840375,-2.292142888938115,44.29641644553334,0.0566589858838969,0.0352870126603371,44.29641644553335,0.0564391523690097,0.0346114542515465,5.219568443406729,-2.3263500957880887,3.1474988611252105e-06,1.5258505077701654e-06,4.976639682902514e-05,0.3944049230181886,-0.3944827419467844,7.726876293529096e-05,5.7741514238459566e-06,8438.0,6.73,50092465,2001 QZ297,(-0.06088097919908159+0.02025361110437754j),(-0.03632760868881377-0.03929083012703714j),2.99288122923498e-07,-2.9928812292349937e-07,0.0641848708964615,44.28362352765016,0.0430953710653368,0.0641615335774198,0.0535369200624681
384,2001 RY143,42.07991326082176,0.1550594371380219,0.1313492083082618,4.418498971798748,-2.0690038270361915,-414.0350803808476,0.9284247860191832,0.0560019350346578,-414.0350803808477,0.9189883440976188,0.0229848193618749,4.021235660185231,-1.9141354020050407,54.35411293913157,0.7141359351384596,0.0213429625684092,0.6015128910433482,-0.5412786324115534,0.6223107771922781,0.5025749557685579,5831.0,7.06,50092483,2001 RY143,(-0.10402774395289296+0.12923524392327992j),(-0.08524071777625272-0.1278413509559524j),4.082404501961704e-07,-4.082404501961705e-07,0.1550594371380219,42.07991326082176,0.1309718477683789,0.1659021391780055,0.1542646030627667
411,2002 CZ248,53.03958407873724,0.3891724695376764,0.0721126508207787,5.248904414540991,0.6581094672679483,52.89924272410051,0.3874275631766594,0.0713384196399344,52.899242724100496,0.3302870645633643,0.070663356012508,-0.6425717571880265,0.6188713370328531,4.925015316217989e-05,0.2108772667482816,0.0017077320984963,-0.0474525003822685,-0.1924032705238111,0.0147691420779401,0.0051556192050883,6150.0,8.2,50117475,2002 CZ248,(0.3696067951505021-0.14482552148832742j),(0.054303552400061406+0.037561057910512057j),1.190591798423347e-07,-1.1905917984233497e-07,0.3891724695376764,53.03958407873724,0.0720501666216025,0.3969680272966466,0.0660761631361663
436,2002 PA171,44.33842166561672,0.0772612480526074,0.0162693227593647,0.4349599476743524,0.0908258463082956,44.343384033515946,0.0803810686400004,0.0171975827051783,44.34338403351596,0.0801228141145793,0.015068254524804,0.2192066395662866,0.3008653913540507,7.165277518976119e-06,4.3638001086316216e-05,0.0001387466919623,0.4062939160300067,-0.4059182200633547,0.0019056658275874,0.0015495581989719,8093.0,6.75,50315205,2002 PA171,(0.06853868853300193+0.044958759513250714j),(0.008446784751846575-0.005423505658624277j),2.970349474529452e-07,-2.970349474529437e-07,0.0772612480526074,44.33842166561672,0.0162686050453496,0.0819685420316487,0.0100382254816929
438,2002 PC171,44.7017747097546,0.0589223909580571,0.0831176907128592,5.641841517197754,-2.537663676578912,44.70524400923565,0.0505891495817009,0.0769940953025761,44.705244009235656,0.0505219787795157,0.0769052490347876,5.657118791681096,-2.572302511235844,1.2371784621371248e-05,0.0004934493510223,0.0002903705094678,0.3569428815759559,-0.3654781510802208,2.941347239720567e-05,0.0007991454226396,8447.0,7.65,50315207,2002 PC171,(-0.05730901634326337+0.007656562854889303j),(-0.07514724284754115-0.05369330894641675j),2.8360016689786984e-07,-2.836001668978704e-07,0.0589223909580571,44.7017747097546,0.0830220199720604,0.0578182177949415,0.0924902403960987
459,2002 PU170,47.76586517317445,0.2220295669785565,0.0571407254181566,2.026035235647747,-2.742919068393145,47.73437744889198,0.2204486636510883,0.0511341372468219,47.734377448892,0.1915794736098637,0.0511181479132488,2.076428815129696,-2.8075694419109904,0.0001198552671833,0.0235118286563687,0.0019839327319435,-0.1126315253024913,-0.2307047495613254,0.0087585880834654,0.0042645084934739,7702.0,6.92,50315200,2002 PU170,(0.1691509196344592-0.1443070785373977j),(-0.05470038719133924-0.027078727190974643j),1.981183345780711e-07,-1.981183345780708e-07,0.2220295669785565,47.76586517317445,0.0571096358207544,0.2223433527883888,0.061073932371506
463,2002 PX170,42.65007596972793,0.0422113244375907,0.0054964877089758,0.4571617484143546,1.6978526010315913,42.65006629890341,0.0354202191659292,0.0322947258767382,42.65006629890341,0.033591587681007,0.0293039265629622,0.8319587996062552,1.0627630954806593,1.420618650925729e-05,0.0001356187088229,0.0001105168808568,0.4881351483990076,-0.4860605722219512,0.0002660086446125,0.0010043709704603,8447.0,7.31,50315203,2002 PX170,(-0.019650633397538787+0.04804015716648963j),(-0.016840826899342288-0.004889308435290373j),3.750648887528296e-07,-3.750648887528314e-07,0.0422113244375907,42.65007596972793,0.0054964600329404,0.0519037965230433,0.0175371125160796
465,2002 PY170,43.01461881158063,0.0328296340610899,0.0251653266174534,2.1225262005898653,0.1158383299824887,43.01854075197401,0.0249793284701883,0.0326657562621368,43.018540751974,0.0236784052936649,0.03079554719253,1.675199963502207,0.3070387238385978,4.9083562543827e-05,6.327015257064567e-05,2.783451678255084e-05,0.4578034164766862,-0.4578831000097774,0.0020016473047887,0.0006827884526198,8447.0,8.02,50315204,2002 PY170,(-0.017262903482566455+0.03586922787914601j),(0.01169600210474458-0.0062311515833677784j),3.551394781954865e-07,-3.551394781954859e-07,0.0328296340610899,43.01461881158063,0.0251626705279101,0.0398071519364863,0.0132526977435538
474,2002 TH301,39.374565573448,0.0378249821876761,0.0067563213148401,5.5959357219141,-1.7913722034879285,39.421503098386125,0.0420446694297969,0.0710611682907673,39.421503098386125,0.0411188972360184,0.0557307490440113,-3.4728697109566333,0.8018464226856843,0.000274920552309,0.0007424986566638,0.0003558675213209,-10.145371943127518,-0.6034623047214476,0.3187713995791595,0.0013441001546081,5550.0,9.3,50141536,2002 TH301,(-0.03721277833742852-0.05183578436444791j),(0.043485179535093114+0.01112835385969498j),6.50647904661517e-07,-6.506479046615167e-07,0.0378249821876761,39.374565573448,0.0067562699130025,0.063810182669133,0.0449016224194624
505,2003 FZ129,61.77017473056262,0.3845998853402523,0.0998810224747289,3.090864331646284,-1.663238957836871,61.7529056450554,0.3855446645484203,0.0953503523028301,61.75290564505541,0.3857934992136421,0.0953117876227332,3.029967227494005,-1.6440707638147445,0.0056742715460804,0.0006325989956658,0.0013321712705665,0.1596495679848804,-0.1714033984271192,3.376747625159874e-05,0.001511487203855,6267.0,7.39,50330211,2003 FZ129,(0.056071544023629176+0.3885558697906304j),(-0.008113383422999729-0.10037956900404418j),6.11212411690345e-08,-6.11212411690345e-08,0.3845998853402523,61.77017473056262,0.0997150328072847,0.3925807967768508,0.1008779335514785
507,2003 HA57,39.41821033146942,0.1710347174538846,0.4840327028899825,0.0038524259502166,1.659529464638099,39.40339614021551,0.1444569067283378,0.4958043576181333,39.40339614021551,0.139724625471398,0.4757592807657745,0.0623681310802926,1.6514320544708951,4.457587524819611e-06,0.0004075126062915,0.0005242005179856,-1.178919723224273,-0.260641065921941,0.0177558736128583,0.0005170464951114,7355.0,8.22,50330216,2003 HA57,(-0.02347083362063889+0.1414693176717946j),(0.004291266393634703+0.49228764438783046j),6.459215075758015e-07,-6.459215075757982e-07,0.1710347174538846,39.41821033146942,0.4653523979534411,0.1434030957593693,0.5147374623924402
508,2003 HF57,39.351936286632686,0.1930721966270899,0.0260978694448466,3.291769981992213,-2.181079515850444,39.40404406191884,0.1950299539285876,0.0263630742792876,39.40404406191884,0.1950660632848236,0.0260887912291377,3.290232208433342,-2.192187607022731,4.846580645638585e-06,6.319930592230243e-05,0.0002548348713898,-0.8074978570548049,-0.3781600307539646,0.0002473232703897,0.001915679248403,8011.0,8.84,50330221,2003 HF57,(0.07905541837152764+0.14575239214333596j),(0.028346889000353422-0.004255569178352889j),6.569220249216256e-07,-6.569220249216278e-07,0.1930721966270899,39.351936286632686,0.0260949070078525,0.1658116973841172,0.0286684691467386
509,2003 HH57,44.00380183088839,0.0862048815862621,0.0296643330545395,3.6921732470107216,-2.2391808949190684,44.00590325929208,0.0853988303882087,0.0300024039574138,44.00590325929208,0.0850440933687572,0.0285859065227396,3.69067848221819,-2.321972093629177,1.039027433405789e-05,8.171072768791146e-05,3.086755131918001e-05,0.4259263110384332,-0.4273299858376515,0.0013594213862011,9.800708189290576e-05,6922.0,7.41,50330223,2003 HH57,(0.012110522817408695+0.09260956597916359j),(-0.027105369561839673-0.03053019418511351j),3.1049891045576455e-07,-3.1049891045576333e-07,0.0862048815862621,44.00380183088839,0.0296599826123017,0.093398053907777,0.0408377363156905
511,2003 HO57,46.30344736343499,0.1548218850965022,0.0581404628722419,3.823548816815815,-1.7116936677648231,46.30868830188412,0.1489883927634357,0.0451116617227153,46.30868830188413,0.1489710542303927,0.044812314171328,3.71186858234092,-1.6395561441223685,2.777867785546412e-05,0.0001360820018049,0.0007376134444558,0.3522412821925654,-0.3592495945588134,2.091874111308541e-05,0.0014767349551443,5823.0,8.0,50330618,2003 HO57,(-0.07899647871442056+0.13658478376511632j),(-0.012227950149694803-0.06280527524242357j),2.3337974700921294e-07,-2.333797470092131e-07,0.1548218850965022,46.30344736343499,0.0581077129101444,0.1577841779312535,0.0640283109962615
513,2003 HX56,47.20200421152599,0.2243989281777075,0.5159362593155231,4.571965164254818,1.6178801911794105,47.23046347084274,0.212701240795994,0.523624685668918,47.23046347084273,0.586782039768535,0.5012868672982868,-1.048723576083232,1.612255445508,6.02073593623506e-05,0.1133359887951737,0.0012451877532203,0.0933287111696976,-0.1841342464366821,0.0001689310812407,0.0009384237098938,5885.0,7.1,50330213,2003 HX56,(0.22564891922373603-0.01824150141464015j),(-0.02688143386294134+0.49782302770269227j),2.107567724157573e-07,-2.107567724157564e-07,0.2243989281777075,47.20200421152599,0.4933494527120954,0.2263850417335484,0.5219232728183801
549,2003 SO317,39.35009311824495,0.275528387192504,0.11290967023462,1.7122669479209307,1.632010020938992,39.403339639843495,0.276475487740363,0.1238119088990484,39.40333963984349,0.2772495308384154,0.1235357198889441,-4.662176079134197,1.6576121169609508,6.275384981308407e-06,0.0041751549723814,0.0004748207132216,-0.1314648540675164,-0.3892966201150131,0.0036505143099686,0.0004729361817834,7326.0,8.06,50330227,2003 SO317,(-0.2796807586144736-0.08376849981471193j),(0.03696700071245625+0.12761981514133386j),6.548510026365277e-07,-6.548510026365153e-07,0.275528387192504,39.35009311824495,0.1126699165279541,0.2919563123146593,0.133260069841531
551,2003 TJ58,44.416369418483086,0.0866130782321024,0.0270038377685099,1.501381170354298,-2.521053286041777,44.41410142184606,0.094459780507407,0.0244786257101139,44.41410142184607,0.0937488195842278,0.023059073021494,1.7823624765771002,-2.666433639627812,3.0350372373262128e-06,1.697647021192457e-05,1.806239986075953e-05,0.4250092895164868,-0.4109245060285992,0.0006477814916172,0.0008570160269967,6277.0,7.51,50330234,2003 TJ58,(0.04709641609953838-0.06788543806740967j),(-0.02944443201656836-0.02248427518196141j),2.941042837719399e-07,-2.9410428377194066e-07,0.0866130782321024,44.416369418483086,0.0270005559891015,0.0826226670534483,0.0370559792987714
552,2003 TK58,43.08431921989573,0.0649754365549502,0.0415172963551356,4.07862951687454,-1.1438369571944438,43.08698193971263,0.0547304861667672,0.0270689274802568,43.08698193971263,0.0536405749397768,0.0242486654753471,3.8132454811723018,-0.8247147902137085,0.0002846656603602,7.669985578910267e-05,0.0001344611064638,0.4719176923987676,-0.4649473676494816,0.0017302757443692,2.09056659338248e-05,7403.0,6.88,50330235,2003 TK58,(-0.06075596536053346+0.023547331972929304j),(0.004237003182496223-0.046737866402919256j),3.522898810860125e-07,-3.522898810860148e-07,0.0649754365549502,43.08431921989573,0.0415053702533256,0.0651595286196399,0.0469467685798747
553,2003 TL58,43.5402241128258,0.0450566145125208,0.1590156456348878,3.8462901454016247,2.668009404159063,43.535843248795466,0.0493339979121025,0.16457169319516,43.53584324879547,0.0491323194037728,0.1638548027353657,-2.4550388223081194,2.650484361050688,5.619326106143309e-06,0.0001275071932124,4.062806537799405e-05,0.3523480154564239,-0.3897983334258718,8.704131900965112e-05,8.33871791696846e-06,5607.0,7.0,50330236,2003 TL58,(0.046236390419921086+0.01859881897548593j),(-0.15183445378064936+0.06440198370479024j),3.3051368435312855e-07,-3.3051368435313e-07,0.0450566145125208,43.5402241128258,0.1583463480994704,0.0498369327541961,0.1656852314893232
558,2003 UK293,42.38293191372459,0.0744522666810215,0.0477633323298539,4.6778663927630415,1.6693698645230888,42.35179266176209,0.0462462753721782,0.0700289647286174,42.3517926617621,0.0331191104465371,0.0693617019108886,-1.6624505873138005,1.480545784082863,0.0005837895385569,0.0003215816567451,0.0005244187181154,0.8670921158729755,-0.4978031793590971,0.0154931405970965,7.260207933008146e-07,5168.0,7.53,50175366,2003 UK293,(0.078560958877437+0.01983145396571926j),(-0.023520544972452883+0.03597760853927346j),3.901366537715709e-07,-3.901366537715686e-07,0.0744522666810215,42.38293191372459,0.0477451737003616,0.0810253714964441,0.0429970156546797
566,2003 UV291,43.62869293011441,0.0352765871008038,0.055565252527632,0.414410935457413,2.520516669463425,43.62475105895437,0.0291818591543364,0.0646039455454825,43.62475105895438,0.0282580418211103,0.0642002772732355,0.4282960654171246,2.408797622809709,6.073249164676638e-06,5.0172399864062536e-05,3.1059561329064147e-06,0.4297053804378828,-0.4159836062529066,0.0008574547322316,0.0018274047771831,7004.0,7.48,50170275,2003 UV291,(-0.03228096619373701+0.01526267507657312j),(-0.055337922768999105+0.024464293957613698j),3.266291718677884e-07,-3.266291718677924e-07,0.0352765871008038,43.62869293011441,0.0555366640135849,0.0357072825750467,0.0605414175495605
578,2003 YJ179,43.63416942207427,0.0785832848381173,0.0326080426791456,1.745422042710862,-2.29085204959143,43.670318941803885,0.0755838963488625,0.0256686642197572,43.67031894180388,0.0684542766573299,0.0235027173536497,1.710798847121081,-2.4140030428665806,0.0027019237015875,0.0037335114584214,0.0012130831033648,0.5322367380253866,-0.4431817135082905,0.0101069637027679,0.0019062755171635,5533.0,6.82,50330237,2003 YJ179,(0.06949523419217955-0.03280817941995712j),(-0.03161094297870737-0.03232009529178688j),3.263474411368426e-07,-3.2634744113684377e-07,0.0785832848381173,43.63416942207427,0.0326022643822461,0.0768502713871459,0.0452242658666171
579,2003 YK179,41.65434383232186,0.1437083538152888,0.3645205010474617,4.948906909427364,2.5317616207677007,41.6629109732696,0.1325923705745443,0.3729919622241311,41.6629109732696,0.1324022039930664,0.3643946534271678,-1.311277822685773,2.5493816142653585,0.0017069324227696,0.0009364365581892,0.000271387586476,0.2207049234963088,-0.3663060417316912,6.012677254155036e-05,3.946284954461764e-06,3330.0,7.53,50330238,2003 YK179,(0.06007372559170996+0.16124899757487662j),(-0.3278138231800509+0.1892340692938704j),4.3629130436862203e-07,-4.362913043686274e-07,0.1437083538152888,41.65434383232186,0.3565013420943002,0.1720758313226196,0.388188299704612
584,2003 YS179,43.58033624448724,0.0246393825460482,0.0405700316014856,2.494372694458612,-0.6140877281890235,43.578405757652085,0.0176120179403777,0.0338267679014433,43.5784057576521,0.0164328901297224,0.0327616999153754,2.01374527593061,-0.4067342632907562,4.7318441561365085e-06,4.625756424831055e-05,2.560234501442399e-05,0.4256060561064372,-0.4226612072941138,0.0016294093138212,1.932321163692065e-06,6643.0,6.84,50330246,2003 YS179,(-0.005204374738207724+0.0316393739489478j),(0.02277725554961727-0.03131074852363578j),3.287846282198595e-07,-3.2878462821985785e-07,0.0246393825460482,43.58033624448724,0.0405589032958052,0.0320645520832125,0.0387287504269908
586,2003 YV179,47.03291653376407,0.2184329820736001,0.2441649296697075,1.1693332981245188,0.0436758323974821,47.04591211571773,0.2166035899291948,0.2502209839669706,47.04591211571774,0.2165823986582311,0.2477329601885384,1.135891015082806,0.0636054584815395,0.0009598646059988,0.0004290058365232,0.000141725909872,0.2653417079662548,-0.3099559316064361,0.0012799398690972,2.563003566790724e-06,6643.0,7.0,50330249,2003 YV179,(0.07778999038899646+0.2087944953436628j),(0.2370439648333143+0.005153908586271199j),2.147190472111399e-07,-2.1471904721114161e-07,0.2184329820736001,47.03291653376407,0.2417461074139279,0.2228147748479328,0.2393796255131494
587,2003 YX179,43.577848026570784,0.0424142037356458,0.0572256455845304,0.906187083111643,0.116166022452592,43.57998934234013,0.0407918401988125,0.0570388963684865,43.57998934234014,0.0400784749402496,0.056504542593242,0.7518444235452939,0.1834366024451974,5.397778719568392e-06,9.921031235590646e-05,0.0001164710643917,0.4320448175032432,-0.4246930761322354,1.0086262663518272e-05,0.001859802304125,7385.0,7.21,50330251,2003 YX179,(0.02439875672118461+0.044372959107884635j),(0.04641794174156588-0.0013158494433352739j),3.289416571505395e-07,-3.289416571505402e-07,0.0424142037356458,43.577848026570784,0.0571944171839965,0.0506385113281339,0.0464532939464649
601,2004 EG96,55.52746032057037,0.4225577789997476,0.2836803200020489,0.1864694550303829,1.644122888144539,55.38825671717474,0.4111828045231424,0.3025955132227577,55.388256717174734,0.4073765910312976,0.298672684153558,0.2252066102554792,1.6624429565465924,8.94731642704265e-06,0.0008623244367951,0.0012365254156684,-0.0800273799158935,-0.1160991957437544,0.0001648992812942,0.0012302220941386,6326.0,8.11,50184506,2004 EG96,(-0.11097661757062743+0.41899963547698094j),(-0.019668740573855252+0.2636899481531119j),9.67505765547201e-08,-9.675057655472009e-08,0.4225577789997476,55.52746032057037,0.2798907605494902,0.4334472334405425,0.2676050391295536
609,2004 FW164,39.48627599914234,0.156741664602636,0.1617325631560438,6.149544066221058,1.7466032107142475,39.40509157351137,0.1542495620199467,0.1733736749965551,39.40509157351137,0.1538172318263072,0.1726262914869739,-0.0855876892590292,1.7298119371298246,3.5834911159098258e-06,0.0001998994541608,0.000307838271018,-1.3201562989063076,-0.3895836586464686,0.0062348815263714,0.0002141898407437,6320.0,7.91,50330252,2004 FW164,(-0.014739142245855815+0.1259939668178548j),(0.021782552541251193+0.1779613325177497j),6.364199598509704e-07,-6.364199598509887e-07,0.156741664602636,39.48627599914234,0.1610284002576889,0.1268531512759626,0.180264174857295
610,2004 HA79,39.3382937387866,0.2451000426263857,0.3997709122742586,4.514461434831441,1.7338318929568726,39.40186211365947,0.2567793723662449,0.3894297326519125,39.40186211365948,0.2490070892060656,0.379887630826159,-1.806180724836336,1.7473304367630145,6.101486147874784e-06,0.0001913722144234,0.0006025343353685,-0.2981721971394541,-0.2981728148303799,0.0018453802737435,0.0018390978207078,7228.0,6.94,50563306,2004 HA79,(0.239666160095899-0.036466214065742415j),(-0.019877377273194337+0.40294336114141033j),6.553642903322127e-07,-6.55364290332223e-07,0.2451000426263857,39.3382937387866,0.3892073283235426,0.2424245306552157,0.4152660067234625
611,2004 HB79,39.25585462421734,0.2285141213927236,0.0332763195851807,3.921335996223496,-1.4115532281204335,39.4038420407287,0.222938790031156,0.0652874738043849,39.40384204072869,0.1893986302491719,0.0651119968047997,4.160353860189145,-1.2871468140676945,1.6597887849599783e-05,0.0060076761113244,0.0024892618716786,-0.5435503848847324,-0.3892380323713691,0.0312267066280457,0.0020608844152722,7286.0,8.96,50563307,2004 HB79,(-0.19227535438387952+0.1095137967075691j),(0.04571724768874448-0.016649426631978652j),6.675062506752187e-07,-6.675062506752234e-07,0.2285141213927236,39.25585462421734,0.0332701787058375,0.2212760347908313,0.0486738173429231
612,2004 HC79,46.400077172934175,0.1606873453976302,0.0178369216728819,4.081487522191946,-2.035346558221553,46.391036703928805,0.1564217843286816,0.0149584926928318,46.39103670392881,0.1564224874309093,0.0125918621573743,3.947148145908176,-1.9582830327891456,0.0036470239352557,0.0001622513814061,0.0025679733879362,0.3627078240791783,-0.3823669678786644,0.0009895234698062,0.0129214597350521,5492.0,7.13,50564169,2004 HC79,(-0.07282658149419817+0.14674410700944776j),(-0.011936978613541916-0.021402220962650518j),2.307580604413632e-07,-2.3075806044136442e-07,0.1606873453976302,46.400077172934175,0.0178359758679886,0.163821683284391,0.0245085041930746
613,2004 HD79,45.9444939444815,0.0316961707497236,0.0223048617211312,2.7398278044547766,2.2147805210258387,45.9438037800458,0.0348188687660864,0.0273837538105611,45.9438037800458,0.0347192456545999,0.0270761734118656,-3.290317085942809,2.042164864131344,2.7386058328645177e-06,0.0001150759962709,0.0003210588058066,0.319499007889271,-0.3169574442330668,0.0001469484299894,0.0018354532502759,7734.0,5.54,50564170,2004 HD79,(0.008694212790087748-0.02695137566507861j),(-0.017963730194362718+0.0120828115311087j),2.434049396194279e-07,-2.4340493961942815e-07,0.0316961707497236,45.9444939444815,0.0223030122968639,0.0283190039775327,0.0216509394419778
614,2004 HE79,44.30764283339641,0.0979194168296185,0.0394608509387676,3.3543660159551925,-1.296361816295514,44.30635899545993,0.0900890742848835,0.0238431427931535,44.306358995459945,0.0897865251260725,0.0222635540203338,3.064544620336294,-1.0862520467600751,1.4145487861599088e-05,5.719517974173659e-05,4.921903408343119e-05,0.4132874537303869,-0.4132766896711747,1.5952392652930863e-05,0.0001216377227933,4075.0,7.51,50564171,2004 HE79,(-0.04414288639873934+0.09283587605030184j),(0.0028488920065916426-0.04481763232715638j),2.983078893866549e-07,-2.983078893866539e-07,0.0979194168296185,44.30764283339641,0.0394506106011599,0.1027963729984624,0.0449231961801026
615,2004 HG79,44.20109542698802,0.0235133331242583,0.0503738321436472,3.726899023303588,-1.336527014535588,44.19822452924704,0.0157385334333606,0.0406019363024106,44.19822452924705,0.0149923316892866,0.0400889534297882,3.392540699942086,-1.2135114821688242,3.988709942584231e-06,2.386320642377828e-05,9.085620193572536e-05,0.3893506165693799,-0.387744545603059,0.0004211052195251,0.0018696485017398,5116.0,6.83,50564173,2004 HG79,(-0.015337994824699134+0.022574702524933182j),(0.00357121579384599-0.05603212264579235j),3.023753036004779e-07,-3.023753036004778e-07,0.0235133331242583,44.20109542698802,0.0503525307204874,0.0272923300458521,0.0561753537824981
616,2004 HH79,43.25498844506755,0.0590911758178055,0.1637085608074314,1.577099300621498,2.154441193061741,43.25358544049808,0.0572055179682542,0.1735661818542881,43.25358544049808,0.0570297264161262,0.1728169430587339,-4.680448632084165,2.137859498240642,1.0188317564132224e-05,0.0001548741782543,0.0001113382783035,0.3498931307607049,-0.401882597200066,0.0017684511587179,0.0018376095280117,7727.0,6.92,50564174,2004 HH79,(-0.04641840515590789-0.023457976063840234j),(-0.1019962962089429+0.12775686212485352j),3.439628027440086e-07,-3.4396280274400893e-07,0.0590911758178055,43.25498844506755,0.1629782950489752,0.0520090855354111,0.1642150704447941
617,2004 HK79,43.902907828904524,0.0792687374215295,0.0212069762759094,4.1282418361319575,-1.6200316348065165,43.89980414769621,0.0704813990710601,0.0133452418299229,43.899804147696216,0.0700430609610187,0.0064549217204702,3.6645708768702097,-1.242640383452102,6.329412214341961e-06,2.004756147909176e-06,0.0001753206663662,0.4273574442109537,-0.4354007292440102,1.9329349215860897e-06,0.00499279348569,4017.0,6.9,50564176,2004 HK79,(-0.0619182497077705+0.05412693171038254j),(-0.010149026894016313-0.02857926943683259j),3.1473093083651777e-07,-3.147309308365169e-07,0.0792687374215295,43.902907828904524,0.0212053867220957,0.0822410747938901,0.0303324829789469
618,2004 HL79,42.109264566660414,0.0735469247706603,0.2960487717783249,5.374764029497523,1.7458857828563,42.0982897175931,0.096162409170087,0.3093792440246165,42.09828971759312,0.0842354832588526,0.3047930359246512,-0.7693828523192439,1.7363383511354966,0.0052397960118967,0.0096997039580848,0.0006734197870968,0.4282355366397652,-0.3873133932213314,0.0185722313529048,0.0014927629022785,6989.0,7.61,50564177,2004 HL79,(0.05434152284644515+0.07284817641164397j),(-0.07376615194737804+0.2770154274233364j),4.06481132675088e-07,-4.0648113267508425e-07,0.0735469247706603,42.109264566660414,0.2917431571283945,0.0908837604403158,0.2907478678353525
619,2004 HM79,36.44105105789307,0.0798778054136425,0.0338223812806281,3.316404475356314,2.492343838659627,36.43534341375914,0.0737495992579737,0.0428251110762781,36.43534341375913,0.0735814523589576,0.0304792188351199,-3.548741720262121,3.024827524365365,1.5443417735340084e-05,8.006133100703538e-05,0.0006163467782961,-6.406470543257326,-0.8782268707067649,0.0218710008165959,0.0002372100083787,6638.0,7.73,50566508,2004 HM79,(0.06973545543093948-0.04901900568411499j),(-0.01162004055233675+0.02569932172365979j),1.3012265202652223e-06,-1.3012265202652943e-06,0.0798778054136425,36.44105105789307,0.0338159331110235,0.0852402291316714,0.0282080041612173
620,2004 HO79,55.20732542069324,0.4117820126706073,0.0849266597175706,2.358792297220333,-1.2072939617323115,55.38876806336841,0.4139577720400793,0.0844214610705396,55.3887680633684,0.414970541953911,0.0845206569087754,2.4245471335488302,-1.244938363791823,3.117398121642435e-05,0.0070560738358608,0.0003361809377397,-0.0565382630369312,-0.1372902036695691,0.001432226763451,0.00109339516929,1476.0,7.3,50573184,2004 HO79,(0.17168701886038606+0.3855183884311212j),(0.028813377395373554-0.08050613584007063j),9.92531249844007e-08,-9.925312498440072e-08,0.4117820126706073,55.20732542069324,0.08482460707402,0.4220199761429491,0.085611550221134
621,2004 HQ79,63.28788435389596,0.4225475576738413,0.1069022510378733,3.273986302519861,-1.4729319450052654,65.03457732264613,0.4413501575897569,0.140612651590519,65.03457732264614,0.4230397412018101,0.1389498770497665,3.38872253825365,-1.5165423948941743,0.4159966634355096,0.0156560125264438,0.0166648372764077,0.1489056861829812,-0.167012456212595,0.0048595589821484,0.0050140397492323,4045.0,7.8,50573867,2004 HQ79,(-0.09868210452371216+0.42172487298058725j),(0.010786034370239596-0.10613575180806073j),5.5238092837262843e-08,-5.523809283726282e-08,0.4225475576738413,63.28788435389596,0.1066987525722066,0.4331166427692675,0.1068858134534234
622,2004 HX78,39.41160939091477,0.1527178479544513,0.2992310719502523,0.2593639259470262,2.1941151164334176,39.40418471844872,0.1498049719978972,0.3032984966436263,39.404184718448725,0.1451210377404122,0.2986391524955185,0.431308755784316,2.18724114421019,1.669853786107421e-06,0.0012441038781056,0.0003652452587508,-1.3050557592110088,-0.3216928596441341,0.0078117163711662,0.0010903996017791,6525.0,8.04,50563303,2004 HX78,(-0.12590520110860307+0.06794192823825534j),(-0.1265787026140017+0.25899222745691997j),6.460275956744769e-07,-6.460275956744891e-07,0.1527178479544513,39.41160939091477,0.2947855343470827,0.1430672054627824,0.2924188323779071
623,2004 HY78,39.29241372112461,0.1955108818231251,0.2177010421521337,3.51053245591365,-1.5628265499215528,39.40389192892779,0.1932508493133157,0.22046137611981,39.40389192892778,0.1921473163124458,0.2186000217752319,3.570109208599688,-1.5271086261237798,8.81326830827049e-06,0.0003120779090354,0.0002956702464641,-0.7613292454592459,-0.3545422340074438,0.002603467782599,0.0020053456796948,7050.0,8.45,50563304,2004 HY78,(-0.07928230091046592+0.1556623740397926j),(0.04374398669626315-0.1987375369603986j),6.612416678031325e-07,-6.612416678031368e-07,0.1955108818231251,39.29241372112461,0.2159855012631539,0.1746896045257472,0.2049261215776112
624,2004 HZ78,39.57960979856416,0.1508747516985342,0.2299958517346691,3.971151758530775,-1.5457681934095946,39.40531612432372,0.1506876277322124,0.2227705927516916,39.40531612432371,0.1501544636438827,0.2209084586001755,4.066554071840466,-1.564906311185067,9.694668480820976e-06,0.0003099003315269,0.000494551237285,-1.212747970634685,-0.4156129618031135,0.0026395572239497,0.0014277355171628,6282.0,7.36,50563305,2004 HZ78,(-0.12279979503354309+0.06581113429161929j),(0.06031580351802176-0.206122268486562j),6.256187970523304e-07,-6.256187970523231e-07,0.1508747516985342,39.57960979856416,0.2279734845066766,0.1393229882576086,0.2164521159174127
625,2004 KB19,39.491213717134485,0.2190620650026527,0.2882163862603347,5.084269291811198,-1.1943542877501816,39.402614717950456,0.2496375499659389,0.2513720606956434,39.40261471795045,0.2212412172267137,0.2484625811900737,-1.4926096547252885,-1.0580181120683891,7.709252375476154e-06,0.0036719804808013,0.0016483826379025,-0.3418077422783899,-0.3418103407562433,0.0010176892785837,0.0010210396631836,7022.0,7.51,50563308,2004 KB19,(-0.16952512628876681-0.1810666944193496j),(0.15408311048936948-0.2440028185549539j),6.366213424953082e-07,-6.366213424953198e-07,0.2190620650026527,39.491213717134485,0.2842426342220905,0.2480401505223952,0.2927444289933728
626,2004 KC19,39.25915199720763,0.2360594647753123,0.1188804231863351,6.230589113505925,2.490593230146673,39.40350925153174,0.2307678921571685,0.138241838895947,39.40350925153173,0.1733241781923113,0.1372316754913354,-0.8852622127671022,2.486149008795345,2.716246258043692e-05,0.0232503816781089,0.0011867263818232,-0.5486598854476659,-0.3664367994341,0.1197262568979588,0.0029537001260576,6579.0,8.29,50563309,2004 KC19,(-0.18809762372444075+0.12738764621938223j),(-0.05215219709441867+0.08695637648125383j),6.65363147473556e-07,-6.653631474735816e-07,0.2360594647753123,39.25915199720763,0.1186006069652589,0.2271746650929539,0.101571119681544
627,2004 KD19,38.255180628497484,0.0171597365858093,0.0509280123562978,1.7601229029537588,-2.351739058439179,38.24673259158257,0.0175918298280071,0.0753679679993278,38.24673259158258,0.3442973333069234,0.0714986330300419,1.1374133757924652,-2.3140043620142627,7.112601582704306e-05,0.0409248989875098,3.580153245265898e-05,0.6700156038443964,-1.0096727541343902,0.0019794743164521,2.144097678917264e-05,1442.0,7.4,50563663,2004 KD19,(0.010292297593684663-0.026417543354049326j),(-0.011777798720408853-0.027487759033895658j),8.216315700404353e-07,-8.216315700404426e-07,0.0171597365858093,38.255180628497484,0.0509060001989431,0.0283516840173567,0.0299091984771587
628,2004 KE19,44.36754045924536,0.0501418217462126,0.0480844001013229,4.548720573680149,-3.105970700111468,44.3645211830329,0.0507315761872437,0.0530050264611885,44.36452118303291,0.050513232871233,0.0526479935218623,-1.8088193746477808,3.089372200328872,0.0016120838536672,0.0001866741508525,0.0002546290832513,0.3827820980730551,-0.3856660418500161,0.0018443350480521,0.000546181892028,5874.0,6.5,50564178,2004 KE19,(0.008142274612444933+0.05580744485509977j),(-0.0556735890400834-0.008575915899031334j),2.960386932521719e-07,-2.96038693252173e-07,0.0501418217462126,44.36754045924536,0.0480658728433271,0.05639829374298,0.0563600631512726
629,2004 KF19,44.12007950555162,0.0633968590850022,0.0290427026782981,5.503018312238051,-3.099940064629828,44.11857857285546,0.0577849190882576,0.0348431072663354,44.11857857285548,0.0575328122318977,0.034093736141,-0.6569636538343793,2.948211715175016,9.096653554246223e-05,2.295346314250882e-05,4.8049299532779934e-05,0.4036809047389583,-0.4038766893981839,0.0001882616872806,4.069077065027438e-06,4398.0,6.9,50564179,2004 KF19,(-0.045007694650571944+0.04932767653122411j),(-0.03736875896380962-0.008353969271665453j),3.057774091652216e-07,-3.0577740916522256e-07,0.0633968590850022,44.12007950555162,0.0290386200342194,0.0667750870439582,0.0383005235401369
630,2004 KG19,43.28258890471726,0.0222922438658884,0.0441605749291769,4.86337993367436,-3.06727585820997,43.27829944469511,0.0229121597085471,0.0495407631107987,43.27829944469509,0.0219068136674308,0.0487096111920798,-1.5017186300753602,3.001140321998186,3.829425249404576e-06,0.0002816779190068,8.421571538637512e-05,0.4366217402780482,-0.4390950350974006,9.491301634385776e-05,0.0013874019509586,3978.0,7.4,50564180,2004 KG19,(-0.0023347052344883023+0.031019845536850305j),(-0.05583414763792483-0.011799608730313984j),3.426029700126178e-07,-3.426029700126205e-07,0.0222922438658884,43.28258890471726,0.0441462229908649,0.0311075821249739,0.057098373791799
631,2004 KH19,40.77232462328643,0.117191645821871,0.6311503871033205,3.896535444641639,2.218269624236246,40.75472802811435,0.1178553352685566,0.6331653235431193,40.75472802811436,0.1184004852998718,0.5917019460286068,-2.4247913270049364,2.222920479277467,0.0001059389398709,0.0004614913659383,0.0010841409605729,0.0468688412419801,-0.2418561376731193,8.824348002848712e-05,0.0004965492145507,7673.0,6.33,50564181,2004 KH19,(0.1652709544444238+0.1610836084425642j),(-0.49936878792783146+0.4342376367614143j),5.041323252495254e-07,-5.041323252495283e-07,0.117191645821871,40.77232462328643,0.5900739123276938,0.2307865188693831,0.7231691467873429
632,2004 KJ19,46.97408726181143,0.2357277789638946,0.4440490814160628,0.7632355305664706,2.2963944417177,46.99471021920122,0.2374772187801006,0.4448193450215134,46.9947102192012,0.2377499229044437,0.4307581065593325,0.751253772403591,2.297514979712963,0.0011843082953331,0.0014001050160158,0.0004506868858254,0.1197161305342891,-0.2207555100371186,0.0018344940375737,2.982283925943334e-05,5491.0,7.05,50564182,2004 KJ19,(-0.2357653500524761+0.02240626940307338j),(-0.29149032708386013+0.3194272952395841j),2.1617325134984295e-07,-2.1617325134984266e-07,0.2357277789638946,46.97408726181143,0.429599376554551,0.2368276613783315,0.447192078178787
633,2004 KK19,42.38531107067281,0.1427534560928646,0.0984084916839188,3.606366370129453,2.4906752282835973,-134.29785706968198,0.6405870225635215,0.1535340928482007,-134.297857069682,0.6274071586209308,0.0686825436282764,-2.76191084062048,2.7230293687672646,101.64371903448068,0.3653180830852701,0.0488569151244104,0.0002939549102937,-0.5966120028699983,0.0482974717743383,0.4938321517664821,2126.0,7.2,50572743,2004 KK19,(0.14486969092494836-0.011477038120591823j),(-0.09664085436106226+0.04783042737011108j),3.899334754076962e-07,-3.899334754077018e-07,0.1427534560928646,42.38531107067281,0.0982497334778111,0.1453236035636042,0.1080395762274142
634,2004 KL19,47.65828503076923,0.3225952643098402,0.0938110038749249,3.7556024275382,-1.482754496037349,47.73309005885061,0.3291530922289138,0.0748523506759847,47.73309005885063,0.3112884166059491,0.0744408980441785,3.463133337470873,-1.4168907016543435,5.49415005435664e-06,0.0053327087100458,0.0031314641493759,-0.2840156031141814,-0.2135615953638868,0.006353269844219,0.0019737407875799,1442.0,8.7,50573186,2004 KL19,(-0.21046737213051625+0.2522408874604716j),(0.005230249229538972-0.09608190993249806j),2.004171971503056e-07,-2.0041719715030672e-07,0.3225952643098402,47.65828503076923,0.0936734670490694,0.3285148094658314,0.0963732732452041
635,2004 KM19,47.728417975670304,0.2918973739097096,0.0569596128777411,5.304440286363313,3.107486707541532,47.73351563669269,0.2930621060695906,0.0619195583422465,47.7335156366927,0.2923116453595417,0.0614300803382659,-1.0306666200748489,3.132667077681609,4.707956607540491e-06,0.0007075437766992,0.0036629747649348,-0.4504876823054036,-0.2089412849517251,0.0008656960243135,0.0020719511198306,1476.0,8.2,50573187,2004 KM19,(-0.15555375379280428+0.25289677774685987j),(-0.05840334496101252-0.0032869575895149166j),1.989214375363308e-07,-1.989214375363309e-07,0.2918973739097096,47.728417975670304,0.0569288179361213,0.2969069728278152,0.0585291784740997
636,2004 KZ18,55.4117732136095,0.3818076130154653,0.4114363019556277,0.1374768099104555,2.224963362541352,55.387690549655495,0.3855105707864856,0.4092133147534694,55.3876905496555,0.3845986785442731,0.3990418085783725,0.2194090497643199,2.1764500242891978,1.0909506474523604e-05,0.0018706492110449,0.0014790303051286,-0.1045140159405853,-0.104533518565487,0.0011278577555197,0.0011459264924761,4036.0,8.4,50485912,2004 KZ18,(-0.2767515432430423+0.27427433703386844j),(-0.23896203614386408+0.30692154773821895j),9.762901553186336e-08,-9.762901553186336e-08,0.3818076130154653,55.4117732136095,0.3999261788047324,0.389638073913181,0.3995216969824777
654,2004 MS8,39.33104874262485,0.2964554852085198,0.241352005530878,6.025608927758571,-3.13077976189287,-750.7976552855456,0.4374231123442899,0.2309374945999665,-750.7976552855449,0.3507819967509256,0.1795797789072195,5.536464528681945,-2.523177622719302,722.7982614787992,0.100320996262304,0.0345836647344023,0.0040205796663875,-0.3798158144395576,0.0724078937319557,0.0158708364598516,7404.0,8.29,50563310,2004 MS8,(-0.29798674625264115+0.04547731288562076j),(-0.19180421477419443+0.014515413971667897j),6.558293285605099e-07,-6.558293285605189e-07,0.2964554852085198,39.33104874262485,0.2390156630908641,0.3014370364264029,0.1935590375332508
655,2004 MT8,43.11166394146107,0.0422980757976172,0.0163539648506571,1.1231170350124478,-0.983607993623027,43.113030234917225,0.0516132200740927,0.0169399192363853,43.11303023491723,0.0506936942601754,0.0072618144906137,0.4269211233645479,-0.2463543259588615,0.0003935024529484,0.0001456176763786,0.0003022150318095,0.4672753063209774,-0.4716377083015512,0.0008418253947619,0.0005730497984293,7314.0,6.49,50564183,2004 MT8,(0.04475222561091289+0.01596805655061417j),(-0.0037161753653958303-0.022530525540626012j),3.509493722695195e-07,-3.509493722695198e-07,0.0422980757976172,43.11166394146107,0.0163532358765175,0.0475156871689093,0.0228369261728177
656,2004 MU8,44.86911129329456,0.0807219339779516,0.0349287561898722,5.860990835520776,0.0659278163604393,44.870559894514514,0.0864679611295922,0.0349505734565621,44.87055989451448,0.0863706376610861,0.0343655858237427,-0.4814643493428165,0.1633972591361611,6.416658083771116e-06,0.0001212139506074,0.0007189526018458,0.3779304638517942,-0.3803758149910253,0.0019430420602031,2.7086188328095954e-05,6990.0,5.75,50564184,2004 MU8,(0.07714945710519504-0.022998269816269935j),(0.028368484513604915-0.004104537165365529j),2.7752760378444654e-07,-2.775276037844473e-07,0.0807219339779516,44.86911129329456,0.0349216543378416,0.0805044045140903,0.028667808712627
657,2004 MV8,47.238824441313184,0.1750819774584827,0.4472657566969518,3.3655254390695744,0.0481717008017432,47.200325839355386,0.1809854785190312,0.4439395719894781,47.2003258393554,0.1811654268961977,0.4298795365083294,-2.934448624289118,0.0423738999979418,7.420784383329204e-05,0.0003289605945821,0.0004215031994565,0.1221166414898563,-0.2019528728640679,1.319241771068214e-05,1.3072766879503887e-05,6579.0,6.74,50564185,2004 MV8,(-0.16841553839702095-0.044420605842773374j),(0.436449443144834+0.01589059798446614j),2.100202667148996e-07,-2.100202667148998e-07,0.1750819774584827,47.238824441313184,0.4325018698006584,0.1741751526395124,0.4519700626629269
662,2004 OP15,38.58302440225046,0.0552172148441655,0.4280227294922963,1.6323655610282437,-3.116217494841244,38.60081144011207,0.0677097821379523,0.4267811675135417,38.60081144011207,0.0558144343296741,0.4143421433538115,1.5236729921408991,-3.0815813935046155,0.0003909941029993,0.0092520919127938,0.0012037677347452,0.2584642232347402,-0.434247984383284,0.0076422454017916,0.003192479746552,7674.0,6.75,50563664,2004 OP15,(0.0002087015754733473-0.07390541946874972j),(-0.39675104144912693-0.0006225618310307848j),7.64925565106692e-07,-7.649255651067004e-07,0.0552172148441655,38.58302440225046,0.4150727175324671,0.0739057141444384,0.4079752043532224
663,2004 OQ15,43.65021075270741,0.1251703123779206,0.1422549682295403,4.155333783152226,0.0651739689756287,43.66885334950667,0.0829284172458084,0.1512351973909078,43.66885334950668,0.0697792024607393,0.1477060050270952,-1.5641703422061202,-0.1565159924589361,0.0002838793097176,0.0093339307206845,0.0068158487143971,-0.3843497573820986,-0.3848009728748288,0.0646030081231753,0.0043968156286549,7286.0,6.86,50572744,2004 OQ15,(-0.05707465132010017-0.10263087167518928j),(0.1312154271200923+0.0014082862344303136j),3.254409825627853e-07,-3.25440982562785e-07,0.1251703123779206,43.65021075270741,0.1417756635837697,0.117433434949848,0.1316025310527349
664,2004 OS15,55.77952854466348,0.3169624225888977,0.0482364713219164,3.382565555946257,0.4363965442083522,55.803185385972135,0.3171123420460919,0.0506988544919927,55.80318538597214,0.3170821530400131,0.0506158534011655,-2.864163412040999,0.4070395607972008,0.0005097319055034,0.0003950911006455,1.6862435029750574e-05,0.2606445656115049,-0.2336701309910075,0.0013686255768268,0.0010900435346665,6985.0,7.01,50573870,2004 OS15,(-0.25000975586293755-0.20052437303044252j),(0.0426604563731941+0.015095316468590803j),9.481628807224877e-08,-9.481628807224877e-08,0.3169624225888977,55.77952854466348,0.0482177677387686,0.3204916569988955,0.0452678964732719
671,2004 PT117,42.98288116103453,0.0412975111627873,0.0398009840139906,4.121879198566031,-2.597347755194585,42.98935662551311,0.0433324750433082,0.042795702563925,42.9893566255131,0.0424962919377884,0.0414806185363545,4.112048809992592,-2.810508795895052,6.056068178590209e-06,0.0002189547550644,0.0001775352803337,0.4625791979430054,-0.4648238095601936,0.000379204080868,0.0001064070421716,7352.0,6.58,50564186,2004 PT117,(0.0049955785052653145+0.05192900138584226j),(-0.04763047240721839-0.02986296285038666j),3.575018268734649e-07,-3.5750182687346305e-07,0.0412975111627873,42.98288116103453,0.0397904766015629,0.052168735747889,0.0562476095021401
673,2004 PU117,42.82211045950674,0.0139842797133798,0.0406728493050834,0.2777147349155857,-2.214090735409736,42.83045122379299,0.0212496186025943,0.0327462685377414,42.830451223793,0.0194558586371158,0.0305338173623402,0.8955594991051068,-2.2043123196685026,8.92794389307431e-05,0.0003424123423377,6.817438944543226e-05,0.467184873743938,-0.469623579130967,0.001985935074088,2.8722151096759834e-06,6237.0,6.92,50564187,2004 PU117,(-0.0017286995394109046-0.0014331979040305524j),(-0.03911364077604756-0.04227563890601679j),3.657001767361049e-07,-3.657001767361057e-07,0.0139842797133798,42.82211045950674,0.0406616361812023,0.0022455418788517,0.0576262160317809
674,2004 PV117,46.0756976322665,0.15350800036073,0.0977801474292538,5.674425597636532,-2.603450273775965,46.078856123147695,0.1482486722766376,0.090722593952941,46.07885612314772,0.1484459681481507,0.0906892089175887,5.723415186834419,-2.637465371126433,0.0008900037841578,0.0017975686557666,0.0031659738012513,0.3406845755060402,-0.3558332305369008,0.0021615718565733,0.0040925755105529,7653.0,6.52,50564188,2004 PV117,(-0.15256492566773155+0.01437226995959387j),(-0.08781819972182814-0.05548357802985051j),2.3954374578333545e-07,-2.395437457833362e-07,0.15350800036073,46.0756976322665,0.0976244099299381,0.1532403950914767,0.1040648832185185
675,2004 PW117,43.62158648999401,0.060452553716857,0.0144708146764342,2.282924183226111,-1.460225319593016,43.67117137887848,0.1021967760749111,0.0193549458466924,43.67117137887848,0.0680461794599442,0.0116891737600126,2.217494947503817,-0.7681335056609263,0.0031626176632496,0.3854049959389318,0.001279359026596,0.6734220881059001,-0.4636528063416585,0.2661861428372584,0.0131624465155744,6172.0,6.18,50564189,2004 PW117,(0.04341465966837016+0.05237108499722061j),(-0.008601586031448241-0.02223644380359023j),3.269206215639804e-07,-3.269206215639805e-07,0.060452553716857,43.62158648999401,0.0144703096394912,0.0680261950862056,0.0238443800193963
677,2004 PX117,44.26142705743583,0.099858760687217,0.0389415920159853,1.1252167467222556,0.3705670326790536,44.25747736754402,0.0951179024039093,0.0410133097967002,44.25747736754401,0.094832845628905,0.0400732759715391,0.9733471541958916,0.4591756256611212,0.0055133078918647,0.000725411773841,0.0012168300135913,0.4134474189636271,-0.4179627424414299,0.0001614526318133,5.761861739806319e-05,6961.0,6.15,50564190,2004 PX117,(0.009259404766820254+0.10599934943351619j),(0.028256413035195896+0.00708760257844834j),3.0007906800190204e-07,-3.000790680019031e-07,0.099858760687217,44.26142705743583,0.0389317506149943,0.1064030011652137,0.0291358742905154
680,2004 QE29,40.87318460434405,0.0837342027637469,0.4450379251719811,6.2140850859497725,-2.6432176489426324,40.88856654342791,0.0895868300548418,0.4416460265058777,40.88856654342792,0.0896479920273264,0.4278748700649427,-0.0772829061280826,-2.640759284134367,0.0001768841861959,0.0002982720387026,0.0006874392409279,0.1621223449626308,-0.3350229973247637,0.001932863672448,0.0015028597924421,6582.0,7.46,50564192,2004 QE29,(-0.045422922052717266+0.07719647657489434j),(-0.48303635735533557-0.25627213487209494j),4.955102272750249e-07,-4.955102272750279e-07,0.0837342027637469,40.87318460434405,0.4304921116560499,0.0895686208634778,0.5785476162861793
681,2004 QG29,48.48682747201609,0.2357124337770794,0.4971156542297885,5.849055479444884,-2.6057962114176147,48.55718209075603,0.2398694625434521,0.4956205822415867,48.55718209075602,0.2394863372104582,0.4766185230420875,-0.4390925997872634,-2.5976846252906194,0.0025842080585264,0.0001437568645297,0.0010268676069319,0.0798360058720624,-0.1778044134683152,3.653275204178552e-07,0.0006281780470878,7348.0,7.87,50573872,2004 QG29,(-0.23524799121028722-0.021968817229797478j),(-0.41929680630253563-0.2526874870073629j),1.838799042134593e-07,-1.838799042134593e-07,0.2357124337770794,48.48682747201609,0.4768922962864309,0.2362715520306066,0.5115754536474629
682,2004 QH29,50.79445358521658,0.2268602234349769,0.2317023253823049,0.402332815055189,-2.53396210312654,50.83371091820439,0.2443974912759701,0.232010839715357,50.83371091820438,0.2263040546245357,0.2299761427505388,0.3318679058535165,-2.492106405543937,0.027468757735022,0.0145106639732533,0.001511366457651,0.2365119276660165,-0.2297591569468973,0.0152524231404477,0.0041346940680034,7732.0,7.04,50573873,2004 QH29,(-0.12104852383695462-0.19192984170478505j),(-0.18842116662760983-0.1350903949216156j),1.4596652981145588e-07,-1.4596652981145604e-07,0.2268602234349769,50.79445358521658,0.2296346894234693,0.2269136603643104,0.2339735951751802
690,2004 US10,39.54287353301352,0.2189477017138851,0.1833194498190506,0.2750717978864054,-1.7814442191846949,39.40414533884069,0.2048895360245936,0.1869200910100229,39.40414533884067,0.2026931511216542,0.1860597957423538,0.4576712600400239,-1.764993185770015,2.27043696778788e-05,0.0004975460395948,0.0004192500557374,-0.6374436014321161,-0.3866310731261482,0.0019785299090268,0.0022664507420433,4099.0,9.3,50285426,2004 US10,(0.005676526949461911-0.25235575493294643j),(0.014843153637522213-0.15571830905462677j),6.297776641763586e-07,-6.297776641763723e-07,0.2189477017138851,39.54287353301352,0.1822944008563958,0.2524195911691192,0.1570691770355837
695,2004 VD131,46.36781778163351,0.1278786876701345,0.0608625163773322,6.19947808733461,-1.690984769715386,46.369375148973766,0.130989043612985,0.055429814034209,46.36937514897378,0.1309836228196326,0.0552090722140954,-0.0804176730617556,-1.6636446508717062,1.992636187837293e-05,0.0002202616087421,0.0002045935168328,0.3357529883687603,-0.3381760680823914,0.0017946801370457,4.053798528485629e-05,7727.0,6.6,50564197,2004 VD131,(-0.024986684169648568-0.12206274900972341j),(-0.01130237106816025-0.06573711064608082j),2.316235629647902e-07,-2.3162356296479e-07,0.1278786876701345,46.36781778163351,0.0608249483816051,0.1245939367770539,0.0667512187642804
696,2004 VE131,42.26360682061089,0.2572053169489098,0.1040286200761567,4.504748348673472,2.195198733845496,42.27053949016797,0.2539164396533312,0.1131933536714029,42.27053949016797,0.2533994637246307,0.1128589950920686,-1.7752526400178863,2.16436922436932,1.8421570780680664e-06,0.0001520321645029,7.351765663825895e-05,-0.3545662114637027,-0.319344022996719,0.0011005318001703,2.026655674981083e-06,7357.0,7.6,50572749,2004 VE131,(0.24178015008848275+0.12128114208298914j),(-0.0800203560211307+0.07082695666572944j),3.970886392665775e-07,-3.970886392665784e-07,0.2572053169489098,42.26360682061089,0.1038410894240224,0.2704935422551959,0.1070675106982989
697,2004 VF131,43.65175976903091,0.2141331571679397,0.0394231801863739,0.6346452854736642,2.901400037824855,43.66913556266287,0.2102948829144619,0.0567339271498898,43.66913556266287,0.2106889632699014,0.0544718762493382,-5.236642648139855,2.5000143482340205,6.767151967089068e-05,0.0014943385965649,0.0031098105643048,-0.3277642308572688,-0.3879656173450403,0.0034670927498825,0.0027997817093502,3598.0,6.8,50572750,2004 VF131,(-0.19659899696422706-0.07484142784878317j),(-0.04791179179994337+0.0014523309101250204j),3.255682796843468e-07,-3.255682796843473e-07,0.2141331571679397,43.65175976903091,0.0394129691466485,0.2103625559118941,0.0479521735538539
698,2004 VG131,64.1812036419994,0.5071948447288365,0.2277721954518756,6.1326652352704105,-1.2406252888365348,33.399505868995654,0.2854308376946448,0.2955962420598408,33.399505868995654,0.2383215947245223,0.2571541854208071,-0.088830541084931,-1.129669273744479,4.70063833791618,0.1581380268716521,0.0518383709668884,-0.3656695337054167,-1.5140239808358942,0.2858547203368281,0.075798845751578,6205.0,8.39,50573878,2004 VG131,(0.09401240207842891-0.516918989052168j),(0.06930760832379836-0.20451824104621602j),5.214196958931321e-08,-5.214196958931323e-08,0.5071948447288365,64.1812036419994,0.2258078211674356,0.5253984897078326,0.2176572201980823
699,2004 VH131,60.043168673546255,0.6293678204918031,0.2002514843836868,5.506749266369378,-1.3131094975434172,148.91487632271304,0.9461190829208344,0.2695780049127436,148.91487632271304,0.8977355082097661,0.2063909639181629,-1.1710212258556325,-0.0362116686214768,64.38813409833203,0.1010334126781475,0.2494742209926684,0.0009874440721768,-0.0717816951598903,0.0047757759719133,0.0479517059219778,1037.0,9.7,50573879,2004 VH131,(-0.3308974224495826-0.5793770788793368j),(0.045511655774249093-0.17524461915317466j),6.887416066512923e-08,-6.887416066512927e-08,0.6293678204918031,60.043168673546255,0.1989157959494028,0.6672112886593952,0.1820620912606703
700,2004 VK78,47.74056995917966,0.3298701274480958,0.0183223734287833,0.4869297849807825,-2.0204316536967726,47.73327422107447,0.3286355354340683,0.0345973200840438,47.73327422107448,0.2961371269564767,0.0329661457368569,0.066096654445946,-1.8898740266250933,5.242492978437423e-05,0.0251931933515967,0.0056047958304293,-0.2516347350463925,-0.2252277903665484,0.006765806572434,0.002734878630085,6593.0,7.94,50272216,2004 VK78,(0.013185905646012668-0.3318287192797733j),(-0.01046649516127596-0.021216192165164613j),1.986745050573478e-07,-1.986745050573479e-07,0.3298701274480958,47.74056995917966,0.0183213482805901,0.3320906006597599,0.0236596444164569
701,2004 VM131,68.40412329749198,0.6983351665528172,0.2590811925888894,2.309326893105375,2.1562004007978,3003.52960262686,0.8705145696233181,0.3564254439036478,3003.5296026268616,0.7500385921398476,0.4459447332473857,-4.432546472665267,2.271643418488642,2544.6304419365065,0.224914158483554,0.3997298358304437,-0.0023675634388781,-0.0026263841975127,0.0070872458183672,0.02371931813495,6001.0,8.4,50605189,2004 VM131,(-0.1841871599883114-0.7308985709305116j),(-0.1196649155232422+0.17717006539268224j),4.026109114672949e-08,-4.0261091146729504e-08,0.6983351665528172,68.40412329749198,0.2561925172285537,0.7537490503429003,0.2154596314078991
703,2004 VU130,62.26165539507481,0.4290913376202477,0.130641171046282,4.931413397248493,-1.319411804757807,62.54742658628551,0.4328381148932325,0.1260220576198543,62.54742658628552,0.3576605418627283,0.105289866831239,-1.7535660184653237,-0.8445834354464706,0.0003174449833144,0.0603212777254541,0.0148727267955238,0.0210527025284764,-0.0985059365411668,0.0194887112547287,0.0065304943291385,3341.0,6.9,50485914,2004 VU130,(-0.39198451895015335-0.19900760183088104j),(0.03164002470727004-0.1250493821952073j),5.9124333580631646e-08,-5.912433358063167e-08,0.4290913376202477,62.26165539507481,0.1302698767066638,0.4396087904979399,0.1293504777888575
704,2004 VU131,45.55778380492852,0.0967683046257587,0.0326764004680594,2.2139425404980013,2.7255018705507625,45.55585703498783,0.0993478946923082,0.0337383078315381,45.555857034987845,0.0992909255796597,0.0332987209387437,-3.876210924634775,2.562711579478696,6.903254127679083e-05,8.983740632073396e-05,0.0005953887580229,0.3522416790609874,-0.3545972342040859,2.1348594585830983e-05,0.0018907434744414,846.0,7.63,50836205,2004 VU131,(0.023003383698249363-0.09016236087580977j),(-0.03496772011044136+0.007231021974530362j),2.549483859783575e-07,-2.549483859783592e-07,0.0967683046257587,45.55778380492852,0.0326705857562681,0.093050561418342,0.0357151424059936
708,2004 VX130,39.45559693073196,0.2078779532839394,0.0912123249381259,5.357342768251186,-1.3752585861140667,39.40360045253286,0.205428034937252,0.0840552786415019,39.40360045253285,0.2051615523344195,0.0837926237410206,-0.8317968783774512,-1.3990312039776729,7.807046106529866e-06,0.0003134649551436,0.0001877568794546,-0.6950600970622631,-0.3592635258919797,0.0060987415530492,0.0012330084544096,6226.0,7.93,50563311,2004 VX130,(-0.14736435494752748-0.18625388491203482j),(0.06609272728548779-0.0691524794093227j),6.398246292625185e-07,-6.398246292625124e-07,0.2078779532839394,39.45559693073196,0.0910859011890017,0.237501079479497,0.0958037600151337
710,2004 VY130,39.33797446518004,0.2760953693172337,0.1912355058356183,3.022108551851572,2.132366722983416,39.40279772430592,0.2422191504668094,0.2265557360709717,39.40279772430593,0.1810269808496254,0.2238498236550063,-3.136209448263992,2.173077657667044,0.0001228043434995,0.0267286209462589,0.0146914872974656,-0.183658185473468,-0.318925248865649,0.237608353412199,0.0027783174933741,6621.0,8.07,50563312,2004 VY130,(0.1120875044175897-0.2798995244940305j),(-0.056029546329886167+0.1755905562739271j),6.551424988702386e-07,-6.551424988702374e-07,0.2760953693172337,39.33797446518004,0.190072022486777,0.3015084616698967,0.1853730388068931
712,2004 VZ130,39.55170335381602,0.281498736865773,0.1932902881274024,5.97202330810088,-1.309586128834604,39.402912213549776,0.2827548790808664,0.1820602894934722,39.40291221354978,0.2756462543368136,0.1808158350589077,-0.5796814204014242,-1.306846609776389,6.635806364381761e-06,0.0032019770740633,0.0004258043209887,-0.1329829824289227,-0.3592474293184812,0.0030389721355299,0.0020476864628669,6593.0,8.78,50563313,2004 VZ130,(-0.022775967445435003-0.31683280154953236j),(0.10199512911558586-0.16129043041909163j),6.286319589789087e-07,-6.286319589789094e-07,0.281498736865773,39.55170335381602,0.1920889437305365,0.3176503877391005,0.1920116737332936
715,2004 XX190,45.19388571417656,0.1045999036611537,0.0168556467799865,0.7991145251934695,-1.8808848283453523,45.1951175392844,0.1109579025228969,0.0158620073036533,45.19511753928439,0.110872747615018,0.0138128176745316,0.6472124672329411,-1.6905639514607878,0.0001846383911628,0.0001095356889235,0.001736980171456,0.3783408922011172,-0.3828000227669837,0.0018780088331693,0.0006460459321961,6203.0,6.9,50330253,2004 XX190,(0.050528679625572184-0.08776068075051636j),(-0.010909128618394402-0.022174668053500796j),2.665705762754112e-07,-2.665705762754103e-07,0.1045999036611537,45.19388571417656,0.0168548486404112,0.1012673913483396,0.0247153668665014
717,2005 BV49,43.68857035455677,0.0451649382173858,0.1121026494776838,0.4501495449869761,0.1833206479778625,43.6662543008503,0.0643037833468224,0.1029075527983115,43.66625430085029,0.0464001639945597,0.1025136311258748,0.6475701309908465,0.1793797549079534,0.00191471401673,0.0048097886025544,0.0052096915183713,0.4985831386507751,-0.4163264419505785,0.2510437077961859,0.0043410393815684,7356.0,6.93,50564198,2005 BV49,(0.03861321320136938+0.03454520464592962j),(0.1001892965418842+0.01265835838300604j),3.239740722373396e-07,-3.2397407223734224e-07,0.0451649382173858,43.68857035455677,0.1118679978951539,0.0518107266670094,0.1011582238806815
718,2005 BW49,44.0838946554561,0.0781919962054251,0.0277551545150723,2.967003207575681,-1.6908084627007196,44.08436013365005,0.0773417065791269,0.0207940204174107,44.08436013365004,0.0770357787867053,0.0187923488110152,2.6142983705855616,-1.397876530693527,2.565455273388425e-05,3.3729037929087885e-05,3.262815227956364e-05,0.4179449593175379,-0.4179767745511394,2.080666657079858e-05,0.0001717596837347,6884.0,6.58,50564199,2005 BW49,(0.02463615732777588+0.08160780478176209j),(-0.01180779274854226-0.03470104883508671j),3.071669633512862e-07,-3.0716696335128734e-07,0.0781919962054251,44.0838946554561,0.027751591128247,0.0852453755295682,0.0366631822570005
719,2005 CD81,39.26016510323584,0.1516177515647394,0.3965603171785401,0.0715072829893666,-2.647145640173186,-585.2630586788107,0.3994018069394602,0.2950229980433141,-585.2630586788108,0.3735550452517288,0.2287080744779646,4.638051551391168,-2.556088096142088,644.412482950757,0.2011904341375215,0.0640460263757754,0.0005032440307578,-0.316788682709309,0.6952602907551697,0.0545999476934297,6996.0,6.94,50563314,2005 CD81,(-0.135100957167485-0.10797685796892392j),(-0.3036690157771891-0.16985090864620617j),6.650010859229951e-07,-6.650010859229978e-07,0.1516177515647394,39.26016510323584,0.3862478871940539,0.1729487510345529,0.3553759135770142
720,2005 CE81,42.71272464159342,0.0466755074177835,0.0263869542373663,0.8157567022726431,-0.1355108382878123,42.713909185781446,0.0512687098409653,0.0273918774600827,42.71390918578146,0.0495225174099249,0.0227978834491607,0.4187354167024429,0.1665095833643765,1.1323261858418232e-06,0.0001146834891434,0.0002183703051758,0.4954525844677706,-0.4887700228500359,0.000943740513538,0.0002185894219918,5849.0,7.4,50564200,2005 CE81,(0.03977764890090145+0.04171562056261428j),(0.010537649291577243-0.013667211275792322j),3.715636358845082e-07,-3.715636358845079e-07,0.0466755074177835,42.71272464159342,0.0263838922639076,0.0576407351706013,0.017258745315152
721,2005 CF81,36.46921034167013,0.0634513829773819,0.0204946152138238,3.224334015212585,3.129273006071285,36.43867147148506,0.0583349132296957,0.0413074099436983,36.43867147148506,0.0580907397769176,0.0341800614038524,2.8249684989763653,-2.7786498461563305,2.0405032710552764e-05,7.008148371613943e-05,0.000110271643488,-9.510916714161285,-0.943945502521532,0.0185855352233379,1.4119563188721002e-05,6266.0,8.42,50566509,2005 CF81,(0.06186928770484956-0.008017238883744062j),(-0.005120532532875333+0.005559968687423877j),1.2903174615379164e-06,-1.2903174615379291e-06,0.0634513829773819,36.46921034167013,0.0204931805209691,0.0623865761235898,0.0075587163806051
725,2005 EE296,44.14535528451109,0.0688584022632439,0.0769175191400146,5.374570551363924,-2.487834493715741,44.14704553241664,0.059205253678421,0.0693501674779074,44.14704553241665,0.0590386027931797,0.0690748278310775,5.346929086652182,-2.512443706869584,3.963750588909425e-06,0.0005608836341505,0.000461335906166,0.3897638530988817,-0.3968468146762418,1.8351045130713505e-05,0.0017471208391623,5441.0,6.7,50277456,2005 EE296,(-0.06479221368781796+0.023953694828559392j),(-0.06926533730707934-0.053825121479778464j),3.046830876229963e-07,-3.04683087622997e-07,0.0688584022632439,44.14535528451109,0.0768416969921876,0.0690782921800157,0.0878330738491533
734,2005 GH228,36.66874688803468,0.188112956472749,0.3246888307533759,3.692630638385464,-2.752578523800606,-121.77572819445842,0.9920023886156996,0.3158007397729565,-121.77572819445844,0.9925260121653966,0.0251564176681074,3.444180546520178,-2.2331728179020867,9.12841139657202,0.6274574109965098,0.1811255448880115,-0.523081016086044,0.0422018212503537,0.5358057897379379,0.3676483671859835,6917.0,8.42,50566510,2005 GH228,(0.10966556958086093+0.1399769589401658j),(-0.28053900250377606-0.11601715279412349j),1.2196691732852026e-06,-1.2196691732852638e-06,0.188112956472749,36.66874688803468,0.3190138906404143,0.1778203761823473,0.3084499787634795
740,2005 JB186,41.46794342688205,0.105644803471255,0.3714551148739259,0.585367933494604,2.336119563988742,41.45634657460078,0.1070628026535271,0.3759432354067903,41.45634657460078,0.1070534757228375,0.3673545469787128,0.5279474754824633,2.3345107448921394,0.0001097278317337,0.0003193542981246,0.000379984152773,0.2090551868338006,-0.3638632045021988,0.0019105371689152,0.0019317407665386,5460.0,7.7,50485919,2005 JB186,(-0.09396496592539282+0.05648603560624151j),(-0.2937536070018135+0.24545971415423118j),4.4934986349320427e-07,-4.493498634932054e-07,0.105644803471255,41.46794342688205,0.3629716920393402,0.1096361575387874,0.3928334754348125
742,2005 JJ186,44.63874317840408,0.0940151127942132,0.0557909770839646,4.505165604732961,-1.1143886376535146,44.63568494143899,0.0897763204920511,0.0469620638712831,44.63568494143898,0.0896580672346212,0.0464150407026969,-1.873717679843692,-1.0051570093705755,1.4158066438973944e-05,0.00025500589604,0.000345601050304,0.3888786361876944,-0.3921357781298542,0.0008709876111781,0.0002690896825476,1865.0,6.6,50564201,2005 JJ186,(-0.0896315340676479-0.017671500250069163j),(0.01757628511661269-0.0565625027666385j),2.85845522038016e-07,-2.85845522038017e-07,0.0940151127942132,44.63874317840408,0.0557620387808326,0.0913569582484449,0.0592651060895295
743,2005 JK186,47.276106386184246,0.2442677651037687,0.4563348846141883,4.048053676840308,-0.8155273516428169,47.33888039769523,0.2365661886292571,0.455453351226022,47.33888039769521,0.2178249040461026,0.4403922175771336,-2.167089674996233,-0.8353490761422651,0.0071371184775132,0.0121420659642851,0.0015399616410795,0.1726081225958991,-0.221199806054619,0.0126545606694896,0.0028748757425956,2557.0,6.6,50573887,2005 JK186,(-0.24431974933537032-0.019582026848276674j),(0.3022638384121457-0.3296424149312814j),2.090440993070379e-07,-2.09044099307038e-07,0.2442677651037687,47.276106386184246,0.4406609967331741,0.2451032347619769,0.4636820452781539
745,2005 JY185,44.10460463032207,0.0673110387419901,0.0405795724828757,2.6371901255287007,-2.040038644393728,44.10038472068556,0.0737518998876474,0.0381094793624934,44.10038472068557,0.0734931551378991,0.037283656160184,2.586950006798573,-2.0000543385929603,3.95885354613398e-06,0.0001585768612034,0.0002162993579467,0.4109029417742241,-0.4132504149945135,0.0016939537526356,2.439792487299065e-05,1091.0,6.8,50485916,2005 JY185,(0.057598172343837344+0.04454222317936216j),(-0.02675772256745806-0.043314224015103056j),3.063878983797744e-07,-3.06387898379775e-07,0.0673110387419901,44.10460463032207,0.0405684363246267,0.072811806069555,0.0509346687166661
747,2005 LA54,44.31389616623527,0.0669780904832566,0.1173335504594354,3.60623167239086,-0.7861225832055158,44.309684357063695,0.0641444003014033,0.1125559506294264,44.3096843570637,0.0639147786121958,0.1122274081183009,3.543829945114465,-0.7276244529317695,5.296672683431184e-06,0.0108950979839075,0.0060337904932654,0.3592958942274059,-0.3805406500930011,0.0015031647079379,0.0031404039604847,2921.0,6.5,50564202,2005 LA54,(-0.061844489708159686+0.027363723604856723j),(0.07496652551081451-0.08980673367157514j),2.980508883725836e-07,-2.980508883725812e-07,0.0669780904832566,44.31389616623527,0.1170645107211356,0.0676277626185109,0.1172523669754409
748,2005 LB54,43.67799322937125,0.0466849471001207,0.0260280489097888,3.206198766581467,-0.4154743469327721,43.66885837810773,0.027806362695542,0.0190132354974662,43.66885837810773,0.0235140554792443,0.0168249585809174,2.5285997643127254,-0.1222144623621462,0.0026272038092071,0.0039665124913863,0.0013254840144548,0.5112284533244444,-0.4215928325153903,0.0439708750168372,0.0009571213577692,3709.0,5.7,50564203,2005 LB54,(-0.0416317737177127+0.02390133311561337j),(0.013838660342483083-0.018272051601779058j),3.24404993930645e-07,-3.2440499393064624e-07,0.0466849471001207,43.67799322937125,0.0260251101852377,0.0480049821121344,0.0229230980102041
749,2005 LC54,67.38162024860634,0.463301627926375,0.3716914709291804,4.185550225292742,-0.7815053639678817,67.32646414331451,0.4746551009969211,0.359121376005061,67.32646414331452,0.4228599152194905,0.337320873230383,-2.4828569151673685,-0.6349374421823343,0.1719055239710743,0.0276692356950647,0.0322273491160457,0.076010999567192,-0.1033937727742733,0.0056355634617874,0.0032614280998768,1066.0,6.7,50573888,2005 LC54,(-0.4606905885700753-0.12355334392444971j),(0.24801678264146765-0.25002706147891857j),4.277139220732725e-08,-4.277139220732728e-08,0.463301627926375,67.38162024860634,0.3631919185104323,0.4769709081190966,0.3598918866679709
762,2005 RH52,153.65368282722102,0.7462156430797402,0.3830900304251599,0.5907572086832653,-2.840842316850785,153.74027195697326,0.7615069536911019,0.3092964308258254,153.74027195697332,0.6141213187813853,0.2191817824530448,1.0834786582436204,-2.7770825899407714,1.7969273536048436,0.1043454321595278,0.5041929757278497,0.016403273783597,-0.0236565611535912,0.0048629415407522,0.0036444456268322,5818.0,7.43,50573889,2005 RH52,(-0.5136972584174758-0.6361682505414125j),(-0.29491551923321074-0.09774498411749347j),1.9858814496721542e-09,-1.9858814496721542e-09,0.7462156430797402,153.65368282722102,0.3737882959987255,0.8176765352525119,0.315920512629833
764,2005 TV189,39.39825318179143,0.1881497324123357,0.6211441376425656,3.206959495787233,2.444353023289324,39.40294289895068,0.1304616949696572,0.6352081749946451,39.40294289895068,0.0963199095557221,0.593732244522309,-2.8301105548106062,2.466134866821468,0.0002623295163493,0.0127796987038779,0.0021335543274384,-1.2010055643511577,-0.21582472750291,0.1424309503526739,0.0008295034809193,6501.0,7.62,50330258,2005 TV189,(0.1450134274865992-0.14080285290111064j),(-0.41828700782301725+0.40714072702586857j),6.470916972213505e-07,-6.47091697221358e-07,0.1881497324123357,39.39825318179143,0.581965969010612,0.2021245594590201,0.6233011954524363
777,2006 BS284,59.58877098963053,0.4390325709247122,0.102417563903528,4.514372783958498,-2.612631726039913,39.90413198715828,0.4618793470321798,0.1206651681884942,39.90413198715828,0.3729072272966252,0.09717969329771,4.257780829823421,-2.3584221164802543,20.49599904362738,0.0301707809965934,0.016330834399275,0.2244700908276148,-0.2857706570005734,0.0181425655669608,0.019675014258165,6288.0,6.7,50573897,2006 BS284,(-0.14628621205964637+0.42666551096388244j),(-0.08321647761186703-0.053786581769730224j),7.111556366706464e-08,-7.111556366706465e-08,0.4390325709247122,59.58877098963053,0.1022386087136633,0.4510466872562426,0.099248570469936
778,2006 CH69,45.75308448481968,0.0365845486387836,0.0324488683332808,2.029550932453948,-2.056735336788656,45.755289745059386,0.0413372186475735,0.0286273990811769,45.75528974505938,0.0412580356852815,0.0282935607522486,2.0562434659613524,-2.0388260524200006,3.864082395071733e-07,8.063432699617143e-05,0.0003511656305956,0.3281436642923108,-0.324086426298718,0.0005701499808039,4.2398664145631946e-05,6610.0,6.58,50485922,2006 CH69,(0.03769173797336559+0.00299923834726168j),(-0.020001364048640842-0.03452373152818198j),2.490574089444543e-07,-2.490574089444555e-07,0.0365845486387836,45.75308448481968,0.0324431742403451,0.0378108786213245,0.0399097491951481
780,2006 HA123,42.7822580092506,0.0463599945059117,0.0478181268430472,3.3662673252937907,-1.4651275879091434,42.77226852577432,0.0364665413349519,0.030271848766499,42.77226852577431,0.0351261979096811,0.0274527344474719,2.8843707331734985,-1.2383099642548148,1.948525504217175e-06,2.1081730721393384e-05,9.469494823627592e-06,0.4770898715227828,-0.4785599329409565,0.0017971346213973,0.0004936824771275,734.0,7.2,50335726,2006 HA123,(-0.011668170380984664+0.05575188655940544j),(-0.009996941022295532-0.05739155253325499j),3.678830154636439e-07,-3.678830154636495e-07,0.0463599945059117,42.7822580092506,0.0477999056513876,0.0569598020973782,0.0582887229954315
790,2006 HT122,39.319346947257365,0.1608419295130482,0.1163824521230333,5.334283319209664,1.3307028315600755,39.40483020935657,0.1610039658127069,0.121664860982168,39.40483020935657,0.1608825942891474,0.1213185579377142,-0.9412763291911466,1.2908234674515522,7.653230016326752e-06,8.998706589988827e-05,0.0004621778668752,-1.2539119465802675,-0.3874102377482555,0.0001994576273644,0.0018022300100555,5844.0,7.75,50335719,2006 HT122,(0.14266380977505186+0.032635951688182605j),(0.070424096869104+0.1290737844771151j),6.577272161003694e-07,-6.577272161003738e-07,0.1608419295130482,39.319346947257365,0.1161198990343878,0.1463491303770732,0.1475710655504969
795,2006 JU58,46.24554583821672,0.125865156010908,0.1423297066584703,4.276037658363148,2.430102836009677,46.22656375831451,0.1248773439850261,0.1461544073875102,46.226563758314526,0.1249927421091026,0.1456050679219345,-1.993466603799599,2.421464244088845,3.147246581356158e-06,0.0011161677482095,0.0008584392296001,0.290269861595095,-0.3169959551783471,0.0008564044744829,0.0011886524868798,4048.0,6.67,50335731,2006 JU58,(0.11598226929030689+0.055301534381894044j),(-0.11146081461544373+0.08686569219950754j),2.349329070068325e-07,-2.3493290700683146e-07,0.125865156010908,46.24554583821672,0.1418496466698633,0.128491814893872,0.1417868761115212
796,2006 JV58,44.95900203561336,0.0608607074167219,0.0233896575969274,5.551290914089972,2.997854628098999,44.95765339709374,0.0564066305502412,0.0289159936509582,44.95765339709375,0.0563104875953561,0.0284176306576506,-0.5760300424343421,2.7715242384948384,0.0005093966061142,0.0001086613916888,0.0005479167674215,0.3639179736644687,-0.3617755075810245,0.0018537780289656,0.0001531526833677,5518.0,6.63,50335732,2006 JV58,(-0.03757258786943439+0.05178924021837887j),(-0.0293664190333656-0.0029866614236740917j),2.7446446890679524e-07,-2.744644689067975e-07,0.0608607074167219,44.95900203561336,0.0233875250015546,0.0639830036931943,0.029522193167635
800,2006 QA181,42.34956252637173,0.0824552354986008,0.0704317514684905,4.447428659825688,1.2071993475050906,42.38034822397527,0.0643553901071539,0.0833766968900619,42.38034822397528,0.0381461132240082,0.0829851524630959,-1.505297941670196,1.1750103166340975,2.727083737193472e-05,0.0004754491728927,0.0003205973226458,0.8623639107452489,-0.5024971959869351,0.0083302679424098,2.103909393897685e-06,4404.0,7.59,50361599,2006 QA181,(0.07107253189143607-0.03320572193568495j),(0.005814577563957708+0.05406294705773908j),3.919371416171921e-07,-3.919371416171899e-07,0.0824552354986008,42.34956252637173,0.0703735349144058,0.0784469550634645,0.0544015625780396
804,2006 QF181,44.81452544743707,0.0753017386608229,0.026157197851216,5.1486631471016056,1.0490772871759535,44.81740131905733,0.0795341422098515,0.0308448302018016,44.81740131905733,0.0794158079756424,0.0301824898863997,-1.011753031054179,0.957043877670272,2.362092967117944e-06,8.277959324699831e-05,0.0006813366837281,0.3780209145925913,-0.3784612212568325,0.0017910812346125,0.0018234804092975,4847.0,6.9,50378807,2006 QF181,(0.07656332709522472-0.0011684972246033013j),(0.006467906783320711+0.016195497496797964j),2.795134884284397e-07,-2.795134884284414e-07,0.0753017386608229,44.81452544743707,0.0261542151651557,0.0765722432847195,0.0174401488984426
812,2006 QP180,38.10438272915161,0.6543893342437607,0.1063501566670631,0.7206438387187912,2.467946844289316,-3394.2770236326187,0.999341797472151,0.3648539126194876,-3394.2770236326187,0.0204203914440974,0.0064214383036901,-3.675789402281001,3.074635730387184,19.873619030642832,0.7600806521473014,0.2725292524779645,-0.2095774740543448,-0.1581727495993642,0.2628954225598853,0.1912009631483254,4886.0,9.6,50351863,2006 QP180,(-0.7012390237150775-0.048915946369275404j),(-0.04946265450610952+0.06581084779156611j),8.503323085379199e-07,-8.503323085379189e-07,0.6543893342437607,38.10438272915161,0.1061497936571898,0.7029430547278185,0.0824195942837415
824,2006 SE415,42.60019464282599,0.0271351247830682,0.3296768970106851,0.9488319732271596,1.848159371847941,42.60594726106524,0.0250903489878382,0.3356996507852761,42.60594726106525,0.0250699391562411,0.3294194150486312,0.8730368500319068,1.850876551382287,5.814852456581918e-05,8.64609490975333e-05,1.5211317694995752e-05,0.1949017864962008,-0.3310846115745494,0.0015689723793009,0.0002603559197899,3338.0,7.6,50715718,2006 SE415,(-0.02182556681966751+0.02234871262787707j),(-0.10643401641684229+0.30506013630509354j),3.777700874319056e-07,-3.777700874319043e-07,0.0271351247830682,42.60019464282599,0.3237373423766506,0.031238122912928,0.3289972672191987
826,2006 SF415,43.15897225249138,0.0746471596394759,0.3004854559571715,2.059745672987539,2.847370160538482,43.1668510688279,0.0750342647326373,0.3035085322801012,43.1668510688279,0.0749974350507166,0.2991735236257016,-4.237600957344939,2.84715403271978,0.0001361337684365,0.0001428054510279,0.0003712043329061,0.2277698005586998,-0.3374760710621209,0.0013284953479432,0.0006279327675784,6197.0,7.9,50715719,2006 SF415,(0.017229899087522545-0.06346313094165408j),(-0.2985779710028193+0.07788621766378022j),3.485503268352212e-07,-3.485503268352216e-07,0.0746471596394759,43.15897225249138,0.2959839456106214,0.0657604623727946,0.3136886609095415
827,2006 SG415,47.92759885371975,0.2914565497247193,0.5431574105545831,3.1430291910036354,1.4292094108601714,-366.2837506457186,0.6402373520966613,0.3618013799961062,-366.2837506457187,0.6074517133172029,0.2311025113187574,-4.588458917069481,2.253886884455064,298.5736400786823,0.2525405083271791,0.1402470684602924,0.0011280688838574,-0.181459670033972,0.0268984773694796,0.7142559638513848,6118.0,7.8,50716490,2006 SG415,(-0.04048348196068149-0.2893757328755725j),(0.07145228220692325+0.5143298591229521j),1.9469149307543614e-07,-1.946914930754356e-07,0.2914565497247193,47.92759885371975,0.51684156282595,0.2921938176774715,0.5459957492414341
828,2006 SH415,49.75474654046481,0.2538641991891472,0.4626949179535649,1.223401398527935,-2.766380903096846,49.76890409127332,0.2454489203951994,0.4676221397089994,49.76890409127333,0.2452223884063427,0.4502235665449574,1.2627566181841443,-2.764356120686517,0.0008765293763346,0.0006765975637815,0.0006141425625835,0.0798863135366703,-0.1690653454206915,4.731683868405224e-05,1.869852009890669e-07,5885.0,8.01,50716489,2006 SH415,(0.007612286902313991-0.25415521549478787j),(-0.42116210699927425-0.17018811899339265j),1.6138440980368586e-07,-1.6138440980368597e-07,0.2538641991891472,49.75474654046481,0.4463612799015441,0.2542691890007226,0.4715282531031877
838,2006 WF206,43.50292491297895,0.0494132858982153,0.0276167235257633,4.082618158292116,-1.7257360874815195,43.50056669845706,0.0399107700887232,0.0170004988633105,43.50056669845705,0.0391912184985509,0.0135900068852643,3.689158202116875,-1.5022445975139933,1.9528801418307497e-05,2.341913166215911e-05,8.320506209677034e-05,0.4412744218488739,-0.4343994855614321,0.0001661201747852,0.001158880226825,5933.0,6.68,50564204,2006 WF206,(-0.03258870835325981+0.043365069713336264j),(-0.014975690279612461-0.03534583650058206j),3.322677936035861e-07,-3.322677936035854e-07,0.0494132858982153,43.50292491297895,0.0276132131901129,0.0542453056344633,0.0383969251174716
839,2006 WG206,50.39716720434517,0.290226570381265,0.2737790237811943,2.192022282181684,-2.6737554495729685,50.3866865139328,0.263821140212284,0.2494260232633419,50.38668651393281,0.2562848950371375,0.2462073976628465,2.100307570976454,-2.659830396952452,0.0276983603498894,0.0056516728435862,0.0058264911950177,0.214991726302982,-0.242871169284798,0.0109696479083553,0.0048533710728598,6914.0,6.92,50573923,2006 WG206,(0.2604420143977557-0.13440124388295813j),(-0.239557236438503-0.12525436387152816j),1.5159640788387726e-07,-1.5159640788387753e-07,0.290226570381265,50.39716720434517,0.2703716365606551,0.2930763334369515,0.273731965834185
843,2007 CQ79,45.43809247153561,0.0769187412957857,0.0399015790741201,4.837245095404549,-2.6363022531612685,45.443053395815305,0.0727693104752118,0.0386408991149807,45.4430533958153,0.0727099465037756,0.0383396380714949,4.8343690512214685,-2.7030102816854567,9.343059478295866e-05,5.4879425527799264e-05,0.0003164408298616,0.3466457883087665,-0.345847429312116,0.0008392615961345,0.001582021984746,5882.0,6.85,50485928,2007 CQ79,(-0.04412778774839206+0.06655604200102536j),(-0.040208986110693304-0.025298667386910417j),2.586929726302672e-07,-2.5869297263026666e-07,0.0769187412957857,45.43809247153561,0.0398909917934741,0.0798559226257476,0.0475235191773223
844,2007 CR79,47.1470459409256,0.2187558765994049,0.3570349371635623,6.201457571754282,0.4793939467590948,47.11319458996972,0.2305251166984918,0.3529495909033174,47.11319458996972,0.2302593780843408,0.3457628985216841,-0.1435742266752349,0.4664116712142401,0.0120527936003739,0.0011259620467875,0.0004866551047742,0.1898409559456855,-0.2606342017169654,0.0022002713231355,0.0020150942076024,6266.0,7.39,50485929,2007 CR79,(0.20371992920690918+0.08808756254901753j),(0.30804417046043864+0.1564854616194335j),2.120344435167682e-07,-2.120344435167682e-07,0.2187558765994049,47.1470459409256,0.3494976959250425,0.221948706308226,0.3527848998263617
845,2007 CS79,44.16568777234986,0.0351854812386586,0.0507036653946235,2.785757845964998,-2.774187278596558,44.16801358700493,0.0435046539201411,0.0511632085327316,44.168013587004936,0.0432629837282884,0.0507047444355211,2.9436177501496505,-2.8805004692333545,2.852371779084283e-05,0.0002329182316939,9.684451979820248e-05,0.3920167637331423,-0.3944780033483631,0.0019268707683221,7.388632052753683e-06,6610.0,6.74,50485930,2007 CS79,(0.03703049543869196+0.006920781341252458j),(-0.055539246551249595-0.025295857411809182j),3.039355677127103e-07,-3.0393556771271085e-07,0.0351854812386586,44.16568777234986,0.0506819428353255,0.0376716711443548,0.0610665330145179
851,2007 DS101,44.00230365360309,0.0861304559013236,0.0337820931124337,4.703984592345954,-2.3533103973229323,44.00458304074327,0.0786015355862792,0.0298540567298207,44.00458304074326,0.0782885733989006,0.0286240181481631,4.734761285109336,-2.470687890489005,0.0006231412280163,4.83531501961375e-05,5.400972174778996e-05,0.4212841453126166,-0.4226548041753024,0.0013126692770797,6.535854702553298e-05,6610.0,6.67,50564205,2007 DS101,(-0.05865951147133338+0.06822240873416306j),(-0.03253391061848574-0.031205469740113734j),3.105501512125729e-07,-3.105501512125723e-07,0.0861304559013236,44.00230365360309,0.0337756679570944,0.0899735257703437,0.0450956188323232
852,2007 FM51,45.54991432850712,0.1608779980844678,0.4824744378841648,5.974331955015519,-0.0183184157914535,45.546211229030725,0.1661809267765119,0.4803502939972168,45.546211229030725,0.4804706249551744,0.4627783848616094,-0.5469976441947605,-0.0242696802320679,9.017451272005965e-06,0.0881652815549414,0.0008198885549077,0.0876657654355237,-0.2137980446009046,0.0016520888600931,0.0019399897745973,6503.0,6.62,50715720,2007 FM51,(0.15404054041068913-0.04765319123274739j),(0.46943987094514655-0.014645647909553037j),2.552130681443168e-07,-2.552130681443168e-07,0.1608779980844678,45.54991432850712,0.4639725734417818,0.1612430300034142,0.4889149927865458
853,2007 FN51,87.524325686112,0.6189560169041529,0.3781260766364839,0.1805538350073083,-0.0997316768458281,747.4822847918485,0.8566350521285709,0.1946458056227338,747.482284791849,0.7586931198255963,0.1442387997723673,0.1958245778962437,-0.1333732513965474,411.09164722796027,0.1313791625270368,0.0271885879831039,0.0022321069004122,-0.059968194287543,0.0045605380095109,0.0419065725234873,6308.0,7.51,50715765,2007 FN51,(0.652977461063136+0.052976014816832076j),(0.33299246026662094-0.03849990459425719j),1.5493192489896914e-08,-1.5493192489896914e-08,0.6189560169041529,87.524325686112,0.3691795728141221,0.6551229066383898,0.3418288726828888
854,2007 FO51,50.41649403852404,0.2880493469495287,0.476418688969847,2.679951469111833,-1.1721421619476629,50.168817217451966,0.3070721552756779,0.4624686866678186,50.16881721745197,0.2589377331871338,0.4132305026664526,2.4001354234119496,-0.9586396084825104,0.265844309148147,0.3443622411569398,0.0367853724726674,0.0876053984301531,-0.1743931647297624,0.014973193921468,0.0067203247678329,6978.0,7.18,50716486,2007 FO51,(0.018762149648659982+0.29210284803313413j),(0.1780139134488773-0.4304603387437225j),1.5132109197845182e-07,-1.5132109197845182e-07,0.2880493469495287,50.41649403852404,0.45859961629335,0.2927047865828418,0.4845571644580168
858,2007 LE38,54.048904919384064,0.2267507732704274,0.626277901799145,0.8891709594959014,1.537203870925853,54.043093203311805,0.2255929331402526,0.6273840793179019,54.04309320331178,0.2257047634077714,0.5883198672147284,0.8800528271585497,1.5341727684759232,9.674308017340484e-05,0.0022278335707169,0.0041096719668035,0.0211326760121811,-0.0962488517671288,0.0011071593810165,0.001781334180047,5501.0,7.14,50715721,2007 LE38,(-0.17208137780512692+0.15060219049924356j),(0.020214746536099844+0.6029128606134163j),1.0920058102964629e-07,-1.0920058102964597e-07,0.2267507732704274,54.048904919384064,0.5861331261463427,0.2286766721169461,0.647571897023156
859,2007 LF38,87.5459217744137,0.5550464302351695,0.6126044730362461,0.1802814565272061,1.1105716254277145,87.95462677829923,0.5615627649898844,0.6055961721000909,87.95462677829923,0.4380510703858978,0.5278183831007023,0.3742913279221328,0.8243175278740801,0.0295462497570123,0.0761107271085881,0.0387075226700715,0.0257499372491046,-0.0375972246338221,0.0061919845834355,0.0001500043406382,4347.0,5.9,50715766,2007 LF38,(0.16026200684283684+0.5574416603073528j),(0.2458226304200874+0.48746404061540216j),1.5481504654342094e-08,-1.54815046543421e-08,0.5550464302351695,87.5459217744137,0.5750002658897017,0.5800216508747855,0.5775100826275608
860,2007 LG38,55.43680596332473,0.4338862041512766,0.5454041615571068,1.2958902376274155,0.5823628321094741,55.38764234496718,0.4147899679854931,0.559878799044353,55.387642344967205,0.3303322229816817,0.4835540907293746,1.3596598663630817,0.3722455889483727,0.0001429274243092,0.0235416682254258,0.0261351561881035,-0.0674949901456136,-0.0944842136492572,0.0142263994000514,0.0087941617679692,5138.0,8.3,50716488,2007 LG38,(-0.13448396173082938+0.4249309999037797j),(0.4270550382785804+0.2764590714992404j),9.74313727365567e-08,-9.743137273655664e-08,0.4338862041512766,55.43680596332473,0.518763657731568,0.4457042636570186,0.5337083182624559
861,2007 LH38,133.8420880452927,0.7250560460842298,0.5702971473697886,2.2581131670992125,0.2781656690955242,134.89179253496243,0.7281932732495975,0.5680007361102489,134.89179253496243,0.7054020665211874,1.430783838547467,1.763615029035322,0.7789872557563341,1.2577469164156605,0.0149277852464496,0.2054852501465011,0.0070127965072619,-0.019146811389937,0.0022360210585333,0.0003593438583096,4347.0,7.8,50716491,2007 LH38,(-0.6488924002289743+0.4490212432262547j),(0.4506948902019562+0.12254891765390959j),3.257914016484665e-09,-3.257914016484665e-09,0.7250560460842298,133.8420880452927,0.5398821935668533,0.7891016562797032,0.4859617870785774
862,2007 LJ38,72.3549908342775,0.469637968365676,0.5268063245654506,2.031661068303982,0.550320692483229,72.32638200106402,0.4642222600030818,0.5321516111914623,72.32638200106402,0.4641759003511865,0.5104605832500151,2.038732415329464,0.5546269460108977,0.000763121642235,0.0052763044654666,0.0040264294665705,0.0258292867967554,-0.0587140513600482,0.0023992584293862,0.0021405695258091,6263.0,7.46,50716492,2007 LJ38,(-0.4101670182934207+0.25712316770689486j),(0.4182893634362031+0.2507826810612504j),3.2207719241642915e-08,-3.2207719241642935e-08,0.469637968365676,72.3549908342775,0.5027752420358446,0.4840963811756325,0.5094610638793636
863,2007 RL314,40.38847687192256,0.0383830752392182,0.3749330782220598,0.3333875159155974,1.876805604099876,40.39474519394046,0.0385080227148901,0.3826518730790842,40.39474519394045,0.0384680357350773,0.3736577465432252,0.2381182728824167,1.8819207464423,0.0003194430708743,5.8779077682191816e-05,0.0004245917864165,0.2419087108743476,-0.3865675419268076,0.0017065555573107,0.0013995414138113,5822.0,6.96,50485936,2007 RL314,(-0.06322804031975712-0.1179810032269253j),(0.7941595500558103+0.7578009652865323j),5.388597602349336e-07,-5.388597602349416e-07,0.0383830752392182,40.38847687192256,0.3662102570414685,0.1338555273610641,
865,2007 RW326,45.92161755864042,0.2355378427886292,0.3832438612830897,1.2244736832716283,2.7615897769671136,46.30628053440927,0.2356017731354201,0.388926020439393,46.30628053440927,0.2218863437251417,0.3797872474757877,-4.753491847325038,2.751452647811174,0.1072385256124837,0.0048659123878549,0.0010742799222661,0.1417918659457735,-0.2556902797343717,0.0062268485426495,0.0036234091993117,4764.0,8.8,50715722,2007 RW326,(-0.1564533897206285-0.17349650388628324j),(-0.35332717349345416+0.13352407205411018j),2.440769550790622e-07,-2.440769550790625e-07,0.2355378427886292,45.92161755864042,0.3739309718573025,0.2336208467064486,0.3873274515874011
866,2007 RX326,46.10420476329112,0.1574913548767234,0.4622923708520357,0.8750788317477172,2.758774496079522,46.12777117175117,0.1460058712955586,0.46553256009042,46.12777117175119,0.4523920839207239,0.449875164105665,-5.433381150808616,2.7630691907449383,0.0008507592534171,0.2978641715426039,0.0012246717934616,0.0972887147148435,-0.2044223188832088,0.0045237177392668,0.0016803905488842,3758.0,7.5,50715723,2007 RX326,(-0.13819903558391727-0.07102129293062318j),(-0.42672257388752755+0.16439998514840712j),2.3883374322613186e-07,-2.3883374322613255e-07,0.1574913548767234,46.10420476329112,0.4460010233285414,0.1553801708258239,0.4749521198951745
867,2007 RY326,38.81771709874799,0.0680316071538739,0.4608755919778564,3.100023132198336,2.220834646806176,38.804213523683735,0.0672480903794474,0.4675430040890513,38.80421352368374,0.0668305512150269,0.4507416851469969,-3.0650388230501795,2.233761503717729,0.0055536626427597,0.0013229666691028,0.0004126458949078,0.2160242739953517,-0.392130169701727,0.0001367936931927,0.0012224654711838,5844.0,7.73,50715724,2007 RY326,(0.03371540448599473-0.07669126707439633j),(-0.24520320249988153+0.37482619995391353j),7.278902846480794e-07,-7.278902846480871e-07,0.0680316071538739,38.81771709874799,0.4447325130649324,0.0837751690247809,0.4644212737518683
871,2007 TC434,129.926356617709,0.6951755747509685,0.4633678458519352,6.192373447865663,-1.6499783376028971,129.90732079810672,0.657594629922338,0.5165247639128683,129.9073207981067,0.4820151282356269,0.4140417602172094,-0.2008661630249264,-2.225320407631897,0.1905997289788472,0.5205074846604612,0.3188784890698979,-0.0141361536643079,-0.0120820640524116,0.0029701454261058,0.0022486530776471,4726.0,7.21,50424798,2007 TC434,(-0.12686064877659256-0.7390400495509147j),(-0.02904062516016039-0.39378661555148353j),3.628079410341939e-09,-3.6280794103419405e-09,0.6951755747509685,129.926356617709,0.4469633502347052,0.7498491975379026,0.4059111040507275
876,2007 TV431,39.47154925518115,0.2331108805582118,0.0311550809568728,0.95667512235217,-2.014232905153593,39.403496032287606,0.2179195716599162,0.0544848551567323,39.403496032287606,0.2132564605858132,0.0541234133885797,1.421106542944799,-2.352876637589688,2.0007515530093067e-06,0.0010816395936081,0.0023871159857319,-0.5800617103770453,-0.3639587589059148,0.0063466886930081,0.0007828859280203,3713.0,9.3,50423323,2007 TV431,(0.10725495306767521-0.23518590073229992j),(0.03588332909067316-0.008223195563074503j),6.384990369871206e-07,-6.384990369871136e-07,0.2331108805582118,39.47154925518115,0.0311500411450062,0.2584879743059867,0.0368218266080137
882,2008 AU138,32.39176399559344,0.3744343739922675,0.7327840187928886,4.452053135179908,-1.021894102395163,-2893.1920325003134,0.9172464682080812,0.4127991948630366,-2893.1920325003143,0.7799514287391432,0.2317213401546085,4.371704580624086,-1.2342525950083465,2757.701642269368,0.3744947998755939,0.1469276934249447,-0.0023817525550117,-0.0541099409574273,0.0216761724286236,0.0276168739389348,7446.0,6.67,50716494,2008 AU138,(-0.3725921357710634-0.11496585419409835j),(0.37078375368329486-0.583996599681698j),8.955864782566317e-06,-8.955864782567213e-06,0.3744343739922675,32.39176399559344,0.6689416274920883,0.3899256945483604,0.7639241828841011
884,2008 JO41,87.37027562760488,0.5432627139545181,0.832815275647982,2.531620363620114,0.8105263768466663,87.41311406069971,0.5481899047637663,0.8294011380605454,87.4131140606997,0.5479915432945343,0.734962070181279,-3.791622436829594,0.8549190141317133,0.0001770930217703,0.0044796235825928,0.9161801155326736,-0.0023481484601677,-0.0237193228742833,0.0023970142834737,0.0002257849229624,2940.0,8.4,50715767,2008 JO41,(-0.5550685324524648-0.11279129338358074j),(0.5123271917470127+0.5317996069756354j),1.5601199246908363e-08,-1.5601199246908366e-08,0.5432627139545181,87.37027562760488,0.7398284055551241,0.5664123511913153,0.8307502985400573
961,2010 TJ182,39.65228558869253,0.275877608082189,0.183014363787003,2.851918248483555,2.304519679212718,39.40374186811879,0.2703276058872913,0.1873638855816041,39.40374186811879,0.2612763750802034,0.1861780756782217,-3.5927412908415706,2.208391960813571,0.0001421316141695,0.0136883285076885,0.0046228599481339,-0.1013961197545119,-0.4110530445930794,0.0035857003312349,0.0112660737078208,4748.0,9.18,50755970,2010 TJ182,(0.11024634770812311-0.2874178465384936j),(-0.06060481811058503+0.15716801042919834j),6.168324032983091e-07,-6.168324032983012e-07,0.275877608082189,39.65228558869253,0.1819944183686826,0.3078364430859437,0.1692549541801882
1000,2011 UA411,39.22285696730821,0.2445756714102357,0.1700150322906689,2.7988638082025723,2.3975526056156107,39.403813543355625,0.2377150034886851,0.1843465284323981,39.40381354335563,0.1822528624017405,0.1822310693834474,-3.3721403934861955,2.3880301385677645,6.913354257219689e-05,0.0247435840674901,0.0090213625319053,-0.239492877280229,-0.3778469886527181,0.1514084030510394,0.0144541307168161,4136.0,9.3,50696047,2011 UA411,(0.10806929742324206-0.24396332570814513j),(-0.08315821883109165+0.12872655091515064j),6.703674549662407e-07,-6.703674549662367e-07,0.2445756714102357,39.22285696730821,0.1691971646445754,0.26682780465336,0.1538571213532814
1001,2011 UA412,46.250508978113935,0.1478655415281022,0.0758205635125856,2.355934544497812,2.7396479616936693,46.24814742083999,0.1480867519669376,0.0724720572866467,46.248147420840006,0.1481264576062667,0.0722165511439941,-3.8824593134265,2.695314497210984,0.0012137307565665,0.0008603422208898,0.0016759592302338,0.3433935774694982,-0.3545733172424378,0.0005456700231823,0.0017378555738791,419.0,8.7,50696081,2011 UA412,(0.056445225110009545-0.13397386511786596j),(-0.07355503327040304+0.02387294231176301j),2.3482027736792378e-07,-2.348202773679245e-07,0.1478655415281022,46.250508978113935,0.0757479387142165,0.1453790217752884,0.0774094285867986
1002,2011 UA413,36.52879705138702,0.1326007272203979,0.122390237430463,1.4857556000305712,-3.077797127726208,36.429523908974616,0.1326629463723645,0.1584649217633248,36.4295239089746,0.116098679640975,0.1578633001039797,2.104922714686193,-3.091129581444682,0.0001367680646162,0.0026676109788633,0.0132325894257581,-2.0265872501850457,-0.5714857288691508,0.1612981211369367,0.0123357718423225,3333.0,8.68,50696164,2011 UA413,(-0.004370741128578949-0.1453744768436272j),(-0.10601720015406366-0.0024044996269403643j),1.2685185689257302e-06,-1.268518568925788e-06,0.1326007272203979,36.52879705138702,0.1220849114201724,0.145440166032535,0.1062442291396278
1003,2011 UB411,39.60066287831688,0.0437159867000256,0.2635072036755402,5.733656166666131,-1.747223459905631,39.41786970064216,0.1290823119963902,0.264557127831605,39.41786970064217,0.0962856518037081,0.2139859771270208,0.4936523064790394,-1.996743754953412,0.004662220050068,0.0069834878159601,0.0426278318989823,-0.5671763636642856,-0.3909309583233761,0.6708558350234443,0.0912781716548246,2979.0,8.0,50696052,2011 UB411,(-0.03801441196147494-0.06695731826227155j),(0.009979238882272631-0.235915019500115j),6.227252119919399e-07,-6.227252119919548e-07,0.0437159867000256,39.60066287831688,0.2604682903219218,0.0769959608398509,0.2383771587561415
1004,2011 UB412,43.5114089375535,0.0598669326178111,0.2701163976502458,4.448414986087921,-1.7248243128243068,43.50527137986368,0.0566836116638013,0.2642509713516483,43.50527137986367,0.056606748341202,0.2614389558453602,4.382722681802287,-1.7256174565900226,2.405546529621229e-05,4.465150385031306e-05,0.0002802863687445,0.2606410734007046,-0.3424255422901424,0.000416172485324,0.0003849721922724,1476.0,7.9,50696084,2011 UB412,(-0.0523706010148075+0.03270304461913381j),(-0.05195460586717223-0.2739270912737919j),3.318571283357343e-07,-3.318571283357353e-07,0.0598669326178111,43.5114089375535,0.2668436155493963,0.0617427645802584,0.2825553402211854
1005,2011 UC412,43.405485867436205,0.0703001417976198,0.0754375600382392,0.8626413604086789,-2.5543326134600592,43.389473875300936,0.0776780929817093,0.0716313769848854,43.38947387530093,0.0771467483491446,0.070879570470695,0.8910401065961038,-2.5672387871405835,0.0007405695636001,0.0032829222407952,0.002336099651706,0.4464402030664545,-0.4502743691427422,0.0018176630244552,0.001541625470621,3688.0,7.82,50696083,2011 UC412,(-0.00599808523290012-0.0610359936960326j),(-0.07388215407770196-0.05000110726310343j),3.367639300809028e-07,-3.36763930080904e-07,0.0703001417976198,43.405485867436205,0.0753660300632287,0.061330005323033,0.0893302135131245
1006,2011 UD411,39.20945356728978,0.288347105235383,0.2746551369833303,2.4036667289845752,-1.643469475113379,39.40328936557326,0.2854068550855593,0.278816565908528,39.40328936557325,0.2270458608699301,0.2734477286281093,1.8700216992458496,-1.672816404837577,8.289529251735077e-05,0.0981913906986721,0.0019427826506989,-0.0585609338852686,-0.3882785665324136,0.0226147787812239,0.0028762554675416,4757.0,7.13,50696053,2011 UD411,(0.2046483203426124+0.17521836047544717j),(0.020012833056185654-0.2519024494584969j),6.722007625649371e-07,-6.722007625649438e-07,0.288347105235383,39.20945356728978,0.2712150159581123,0.2694112263190906,0.255465859439331
1007,2011 UD412,45.41276501226751,0.0522966718023168,0.1081825700185158,1.995686227069808,-2.149412208468457,45.42505342844624,0.0798320208008772,0.1188508334945021,45.42505342844625,0.0797210726765731,0.1188268065539778,2.047231975895739,-2.1506717045401054,0.0011740824827908,0.0008024434688445,0.0007322705159242,0.3146705907937652,-0.3340350311688375,0.0002524759362898,0.0004336324316016,1502.0,6.9,50696078,2011 UD412,(0.05295341721857096-0.0035760156002391493j),(-0.06448303989551202-0.0964975145010287j),2.595140366865019e-07,-2.595140366865007e-07,0.0522966718023168,45.41276501226751,0.1079716749172792,0.0530740264413507,0.1163217512331055
1008,2011 UE411,47.61447166183617,0.3198822658846784,0.1658130820609598,1.447139447888179,-1.7455761039973752,47.73321968782791,0.311473599161471,0.1791286789818838,47.73321968782789,0.3112521527612616,0.1774047362955176,1.5246587599753778,-1.732806176769951,9.88450094836683e-06,0.0011366704076876,0.0011255485288176,-0.3229429345988259,-0.1995903161289746,0.0010448956682509,0.0010219338340041,504.0,9.3,50696056,2011 UE411,(0.3105545224805092-0.09274146236492417j),(-0.03086122150822437-0.1639662146630465j),2.0139847297563497e-07,-2.013984729756354e-07,0.3198822658846784,47.61447166183617,0.1650543156776376,0.3241066032568323,0.1676291897245857
1009,2011 UE412,43.497195399214,0.11219379010808,0.4083226338155675,0.0456441268404272,1.988158821797688,43.47108770593494,0.1182721120043611,0.4098751342457781,43.47108770593495,0.1181465449052341,0.3990946437526874,0.0194941517099291,1.9924382317388056,7.025932858678498e-05,0.0001798867817216,0.0005821927743344,0.1573239023583467,-0.2804016565825901,0.0005035741173537,0.0013064772812312,2305.0,6.7,50696085,2011 UE412,(-0.047801675528859305+0.10899255649747669j),(-0.17459177406318144+0.3614239898227108j),3.325266869669896e-07,-3.32526686966992e-07,0.11219379010808,43.497195399214,0.3970704204955986,0.1190141905623946,0.4130280550469854
1010,2011 UF411,47.79937575147076,0.3463799122837164,0.1278515101244209,3.32450354666999,2.78402757608955,47.733017149988825,0.3318833287119015,0.1465420002149394,47.73301714998883,0.2601512176066554,0.1452684930069643,-3.034620263624673,2.863885018427537,3.0048925768710306e-05,0.0444475325306107,0.0207599800086293,-0.3265324071328501,-0.199614396083393,0.0461105178364025,0.0015404843712136,3389.0,8.44,50696057,2011 UF411,(0.34722426719335037-0.058638778910591514j),(-0.11860415596119342+0.038137797026974306j),1.9741730168326083e-07,-1.9741730168326032e-07,0.3463799122837164,47.79937575147076,0.1275034843729458,0.352140878229274,0.1249096227657443
1011,2011 UF412,45.07079064374366,0.0120269494931635,0.0633472596987311,5.080904531943257,-2.876167767357888,45.07017176692092,0.0098770255884906,0.0629874296861076,45.07017176692092,0.0092448256125823,0.0627965345249745,4.8297669403187,-2.939065842073427,3.142130708670716e-07,0.0006086386706078,0.0001569593601605,0.3428210260386644,-0.3451556435787195,1.9386557570067987e-05,0.00172047478263,419.0,8.2,50696086,2011 UF412,(-0.005746659797050299+0.014554233973971605j),(-0.06713122790327729-0.022865444963706967j),2.706571502001613e-07,-2.7065715020016125e-07,0.0120269494931635,45.07079064374366,0.0633049007562678,0.0156476779552796,0.0709780582058816
1012,2011 UG411,47.69150990036279,0.142020372368583,0.20578750642431,1.888924205506635,2.3896201391687018,47.73517686390456,0.1417322740153896,0.2114033127500167,47.73517686390456,0.141779931863129,0.2100883103596967,-4.394425663573823,2.4270325329052933,9.482740211309502e-07,0.0003087419742734,0.0005325989614075,-0.6480811165735832,-0.2071632428220129,7.632147402235106e-06,0.0005068362211233,1445.0,8.6,50696059,2011 UG411,(-0.059144848844740625-0.12666105568649064j),(-0.15203273018847688+0.134415496563324j),1.997075872574713e-07,-1.997075872574715e-07,0.142020372368583,47.69150990036279,0.2043381135174354,0.1397896139649992,0.2043515013909269
1013,2011 UG412,46.47660281740954,0.1568421807910136,0.0704393167963703,0.5396838335910354,-2.967092050156719,46.482774584968205,0.1533000187710108,0.0628752401261333,46.4827745849682,0.153215510595636,0.0625359067898962,0.5872795058550246,-3.02754246706959,0.0002134239195137,0.0002205657160121,0.0007597912920366,0.3451774824426503,-0.3522185634597491,0.0014285021672586,7.312770422348063e-06,4430.0,7.78,50696079,2011 UG412,(-0.11794523395925015-0.0997165250034843j),(-0.07283432156919598-0.01768239302246851j),2.287282487399683e-07,-2.287282487399685e-07,0.1568421807910136,46.47660281740954,0.0703810814836249,0.1544489027881803,0.0750203694944553
1014,2011 UH411,46.13604375481077,0.2383986702941438,0.4804258818889973,3.402562871292774,1.908328020672437,46.13809354396809,0.2415170092216586,0.4795116645268537,46.13809354396809,0.7759529780001114,0.4620686057409472,-3.249295804688937,1.9128460452720968,0.0537330218268125,0.2225053182802415,0.0011430616728645,0.0994758646327318,-0.2230688097548541,0.0052145640834681,0.0012866644560517,2305.0,8.6,50696058,2011 UH411,(0.13632719714093702-0.19475113465987567j),(-0.15960388854881574+0.4367878263630512j),2.379800868801917e-07,-2.3798008688019202e-07,0.2383986702941438,46.13604375481077,0.462156888725621,0.2377248601463737,0.483673484202317
1015,2011 UH412,42.60210464549328,0.1162006799339879,0.2633949569392817,1.7529592591933962,-1.60514218918313,42.595023851138826,0.1118269580432942,0.253513049203413,42.59502385113884,0.1110461841548265,0.2508713933045957,1.7592029547019266,-1.5956919146734472,1.6918640192621567e-05,0.0002431313901075,0.0001254713555539,0.3451645382523045,-0.4089172098512844,0.0015952828498253,0.0003289545582775,523.0,8.2,50696080,2011 UH412,(0.11882940304172147+0.030289254954677686j),(-0.025550707512904385-0.2721046095690431j),3.776208040637698e-07,-3.776208040637663e-07,0.1162006799339879,42.60210464549328,0.2603599164326792,0.1226289769710297,0.2768236244084315
1016,2011 UJ411,42.287839905038005,0.1186510223088621,0.0920200714039765,0.8203188587422847,-1.8040388723908312,42.27400063642922,0.1130741887588343,0.0841776561708743,42.27400063642922,0.1128960074804467,0.0838128178759003,0.8290818113643557,-1.80668768018162,2.003288446563913e-06,8.112925205015375e-06,3.432755141848488e-05,-1.411218231791307,-0.4156428578968251,0.0010643530142754,0.001776186898765,3340.0,8.4,50696065,2011 UJ411,(0.07034436540073724-0.08294212888362931j),(-0.0411460249909044-0.1011514791840526j),3.956758318175149e-07,-3.956758318175183e-07,0.1186510223088621,42.287839905038005,0.0918902600822435,0.1087553515344464,0.1094180959543547
1017,2011 UJ412,42.02807085886616,0.0290438433549141,0.5154965139111747,2.6566214983886685,-1.454711911483367,42.043441261617446,0.0328062129207816,0.5120778855895299,42.04344126161745,0.0327603381072539,0.49000194124091,2.6837576868087187,-1.4588902773465633,9.702139077834798e-07,0.0001649033937706,1.7212906975673754e-05,0.0868667320789279,-0.2582929659413083,0.0016606997384568,1.1633943357140738e-06,4109.0,8.1,50696092,2011 UJ412,(0.015890379277391793+0.04642977896987932j),(0.03525484316567697-0.5198953698817254j),4.115708820872216e-07,-4.115708820872237e-07,0.0290438433549141,42.02807085886616,0.4929669007504316,0.0490737050646393,0.5481267712354496
1018,2011 UK412,40.737782173081456,0.0920315577552116,0.4708015704214137,2.589941061408956,1.9930009612561832,40.73874107665584,0.0947225538889589,0.4752966699540571,40.738741076655856,0.0947463255640182,0.457604880179405,-3.648343513040614,1.997961531752113,8.485177956712261e-05,0.0004778678977023,2.6584418180359144e-05,0.1478785887299596,-0.3193440461060529,0.0018694892012673,1.4238313138695666e-06,4041.0,7.9,50696087,2011 UK412,(0.050657406244387373+0.1370909722238436j),(-0.3321575960184117+0.358680392169292j),5.071598871329753e-07,-5.071598871329766e-07,0.0920315577552116,40.737782173081456,0.4536007945778868,0.146150974928967,0.5107780133502748
1020,2011 UL411,42.22360528840266,0.0718981490467295,0.0609985076478075,1.6057764668440502,-2.938717770739827,42.27419071010429,0.0601167809649666,0.0671448077502955,42.27419071010431,0.0549242762036806,0.0658479537490066,1.5574659170509304,-2.9893702537927496,6.728528337800513e-05,0.0065796076338925,0.0022298184530872,-1.216647594893452,-0.4929072730442828,0.0163313739943472,0.0017768116975109,524.0,8.7,50696066,2011 UL411,(0.02163894061649834-0.053212456505934154j),(-0.08045103314731158-0.02460125419206386j),3.994707012843296e-07,-3.9947070128433124e-07,0.0718981490467295,42.22360528840266,0.0609606872944123,0.0574439664229436,0.0842279715259115
1021,2011 UL412,43.02817525668422,0.0831434311749592,0.2004390000724651,0.9462192492316222,2.402157369409344,43.03289940908302,0.0796882284469928,0.2081795724296011,43.03289940908303,0.0794132539157185,0.2067247948914952,-5.311805012987714,2.3728774756341338,5.275788204252145e-06,8.846259931612922e-05,6.068737183051653e-05,0.3357796683015525,-0.4015358024558954,0.0011942319026209,0.0015593881823316,2979.0,7.7,50696088,2011 UL412,(-0.078479960677194-0.006598558777058816j),(-0.16087926784531872+0.12547396354870166j),3.551064821159811e-07,-3.551064821159822e-07,0.0831434311749592,43.02817525668422,0.1990995609360523,0.0787568740227049,0.2054667877572094
1022,2011 UM411,42.21892163596248,0.1466996643052447,0.1689649885490571,3.608337233221538,-1.8402284403372515,42.27234152763191,0.1567942125285079,0.1589268450731824,42.27234152763192,0.1567341813116796,0.1582569477522049,3.666847247123801,-1.8836436407124315,1.9555931498523604e-06,0.0001379378960519,8.280734060942492e-05,-0.9230160773057884,-0.3638838090905583,0.0030714966005387,0.0018961581926434,4053.0,7.4,50696063,2011 UM411,(-0.02412049107938559+0.1610572803716716j),(-0.06554960150789271-0.17415937836363493j),3.998322515893532e-07,-3.998322515893538e-07,0.1466996643052447,42.21892163596248,0.1681621671113203,0.1628534483842143,0.1871777089023638
1023,2011 UM412,45.38857040600486,0.1324520105832343,0.203961960136878,2.0470617355844354,2.2760540981736974,45.38934546919691,0.1330726262813466,0.21121086589658,45.38934546919693,0.1331458242074709,0.209855468979021,-4.193241228116278,2.2583878121468888,0.0001049180448713,0.0001986438344246,0.0002182238803428,0.2734488938168238,-0.3259027782837291,0.0010200202503181,0.0017363994844409,523.0,8.5,50696094,2011 UM412,(-0.04913881805144603-0.11840311114898748j),(-0.13683096551327506+0.14831014448496802j),2.6021400264724094e-07,-2.6021400264724136e-07,0.1324520105832343,45.38857040600486,0.202550746082414,0.1281948523508358,0.2031836759419029
1024,2011 UN411,42.34227785929797,0.2104490426980776,0.0798067637140695,1.280202103086708,-2.6819467115944144,42.27155116905771,0.205024793480579,0.0810711364558777,42.271551169057695,0.2050959879150811,0.0809333002606526,1.3337911270243137,-2.73277770699692,2.3413046519400024e-06,0.0001447217283505,2.266037912102774e-05,-0.6356233988499966,-0.3452542408345113,0.0013505261434788,0.0018667346650176,526.0,9.2,50696064,2011 UN411,(0.039945582885302026-0.19318043756891878j),(-0.08998956430024141-0.04667909330161911j),3.924533178705493e-07,-3.924533178705541e-07,0.2104490426980776,42.34227785929797,0.0797220742188185,0.1972671565450403,0.101550281484944
1025,2011 UN412,38.95934627520594,0.0579822003867424,0.3659752229846043,5.606722845913735,1.9656079421592456,38.941264515320064,0.0541404751045493,0.3781291744704405,38.94126451532007,0.0534905344317904,0.3685675918539941,-0.6825051027361468,2.024245055189952,0.0018825417414995,0.0011773172048278,0.0001423651901454,0.4078187081653133,-0.467276246728785,0.0017611039194961,0.001298101288253,471.0,8.5,50696097,2011 UN412,(0.010524808984229403+0.033442251250938346j),(-0.10637359035470764+0.34835431156667385j),7.070182840410797e-07,-7.070182840410992e-07,0.0579822003867424,38.95934627520594,0.3578601035548036,0.0350593179181427,0.3728096704333039
1026,2011 UO411,42.2740342287241,0.2056790013583496,0.1182436826137397,1.8108336638163376,-2.838278719317098,42.27151875112149,0.1977925228499003,0.1211817713356524,42.27151875112149,0.1978385991623657,0.1208510715323843,1.8698705136022908,-2.881626389311271,6.358367369445485e-07,3.934488734671388e-05,3.253393671904118e-05,-0.6922601944064615,-0.3334307688188906,0.0009793831001177,3.356758102490425e-06,3339.0,8.7,50696061,2011 UO411,(0.11143689641525403-0.16087224579130022j),(-0.1316927864982625-0.04695763070995193j),3.964435887162453e-07,-3.964435887162485e-07,0.2056790013583496,42.2740342287241,0.1179683364818557,0.1956989048221797,0.1402737640036218
1027,2011 UO412,38.028898039448485,0.127716971054149,0.4840236480185823,4.825143995723042,-1.5621176032626938,38.53461761111807,0.1310131262661713,0.4670851940090241,38.53461761111808,0.1041294485541847,0.4499717683697356,-0.8417950813377497,-1.5703694673470232,0.3648610628095136,0.0209083638549051,0.0056701704065005,0.4328987861945546,-0.4253829983598178,0.1188905335633216,0.0030654587441001,2298.0,7.93,50696096,2011 UO412,(-0.1305872085180543-0.03128711606956795j),(0.02635327547831056-0.4694191204610115j),8.650015341158953e-07,-8.650015341158942e-07,0.127716971054149,38.028898039448485,0.4653443832368141,0.1342829202113523,0.4894701038939279
1028,2011 UP410,39.60317676921737,0.1750899394901993,0.0697388947862636,2.841079780702969,2.628066131923324,39.40578171633382,0.1652484424333942,0.0782606363184397,39.40578171633383,0.1650280760506722,0.0778671243121815,-3.374920950766352,2.5218466357679614,6.806602511536982e-06,1.7911698482132978e-05,3.781238177547263e-05,-1.1200521360282694,-0.4719718305598651,0.0014570507301409,0.0010163768357973,2713.0,8.4,50696044,2011 UP410,(0.11167937851710937-0.16210896011499096j),(-0.004054386931162342+0.05667276910666609j),6.224723397432157e-07,-6.22472339743227e-07,0.1750899394901993,39.60317676921737,0.0696823791891488,0.1968542570927322,0.0568482246979778
1029,2011 UP411,75.78220791918729,0.4911413170172067,0.2510353421720031,2.7050968719519144,2.259020704294416,75.76927654850341,0.3247380474149182,0.4652876232367746,75.76927654850341,0.2858681080638108,0.3825494242647015,-2.738367361888701,1.5566251020261646,0.0051136904819558,0.0258087810779253,0.0714469698594712,0.0209448163526902,-0.0355244329911763,0.0327330768054694,0.001920892342692,1588.0,8.4,50696060,2011 UP411,(0.12651392898764854-0.49165348203019865j),(-0.14709123093572113+0.1753316743305098j),2.6879669025496066e-08,-2.6879669025496082e-08,0.4911413170172067,75.78220791918729,0.2484069823662048,0.5076700903345701,0.2309067243003837
1030,2011 UP412,56.37315210190464,0.3449711660272767,0.3426331715852576,0.5499107846089899,-1.5526781386945707,56.48004525207784,0.3509855534649445,0.3345731799130185,56.48004525207784,0.3268693968550714,0.3257892834633231,0.6394358306454504,-1.649709480712617,0.0462128969921501,0.0212715332846819,0.005303660031601,0.108795548251959,-0.1555648909070711,0.0034950107875615,0.0026779770997826,2720.0,8.2,50696098,2011 UP412,(0.1886722551401932-0.294706612433964j),(0.0061632829695818575-0.33503816069757975j),9.04544291082977e-08,-9.045442910829785e-08,0.3449711660272767,56.37315210190464,0.3359683679381063,0.3499274314368464,0.3417058933632195
1031,2011 UQ410,39.397296544861234,0.2635441569394511,0.0658713735737626,6.282815390188559,-2.1176007940834443,39.40303467976019,0.2649334113601521,0.0526780648558801,39.40303467976019,0.2652024537846051,0.0521892088904098,0.0032215462778721,-2.113475631773833,2.99573743928932e-06,0.0003697998834653,9.319196519089854e-05,-0.238670975414916,-0.3564134360708864,0.0007536899957191,0.0004802716987957,733.0,9.5,50696042,2011 UQ410,(-0.14587002768497903-0.25612346964672716j),(0.012239669806945686-0.037133427674684194j),6.477124139259904e-07,-6.477124139259925e-07,0.2635441569394511,39.397296544861234,0.0658237475102355,0.2947495490763209,0.0391085742406054
1032,2011 UQ411,62.24805975925976,0.4013472601480504,0.7139430645726145,4.561513144172817,1.913117584902153,62.2239703357292,0.3878989347184097,0.7214536572675997,62.223970335729206,0.3875769333786318,0.6633016177295863,-1.6796841858498075,1.912642668268944,0.0018995854581953,0.0019515518104471,0.0024995664466563,0.0187373818658546,-0.0657494046898219,4.126549412364214e-05,2.9153652141529147e-06,2304.0,7.0,50696069,2011 UQ411,(0.40265701616998234+0.07837252337053612j),(-0.22373969615069955+0.6251684902059997j),5.9176816386250414e-08,-5.9176816386250414e-08,0.4013472601480504,62.24805975925976,0.6548189658489453,0.4102132678136808,0.7261547323485779
1033,2011 UQ412,67.38187989515019,0.4835727099864235,0.3031803156947443,3.3657582339494443,2.041948844969936,-195.2376632206786,0.7229763885542994,0.2290462800460144,-195.2376632206786,0.5801476948028952,0.1449639043319225,-3.458750515203462,1.9727370929640529,226.2778806784272,0.1073401440336124,0.0240767379916688,-0.0023871777927539,-0.1456477278842922,0.0646458294753886,0.064167954857349,4137.0,7.71,50696099,2011 UQ412,(0.31997632204808624-0.38324547665873676j),(-0.12719496750244672+0.24678529148356826j),4.2771399538963575e-08,-4.2771399538963575e-08,0.4835727099864235,67.38187989515019,0.298556978665051,0.4992613965156959,0.2813320992781472
1034,2011 UR410,39.40583306329084,0.2682272795910335,0.2989693394339508,0.9702814271792306,-1.4947238553010962,39.40240413316372,0.2505127422679303,0.3105608965369233,39.402404133163735,0.2353768367315783,0.3058249078043202,1.3724591505434771,-1.502544291950824,4.374270128919275e-05,0.0025811051479461,0.000848107291179,-0.3284847390464062,-0.3284887495507285,0.001358345633433,0.0013597718599487,4079.0,9.72,50696039,2011 UR410,(0.226771389354708-0.16472870278467455j),(0.06839668438437552-0.2732530993158122j),6.467641108706381e-07,-6.467641108706475e-07,0.2682272795910335,39.40583306329084,0.2945354222292007,0.2802870110279572,0.2855477764736875
1035,2011 UR411,61.84033348019916,0.4333700279997262,0.461946224256784,0.8476630033603572,-1.5258487334571913,61.53860648893596,0.4324845748391908,0.4584740197765427,61.53860648893595,0.4315820929729989,0.4432326843621421,0.9045491935351762,-1.5550307481296468,0.1972534238797056,0.1485197368701113,0.0039524931978218,0.0571406269762834,-0.1123782455709437,0.004922714612476,0.0018974574177757,1475.0,8.5,50696068,2011 UR411,(0.34621672256595615-0.27850877420519227j),(0.02027546965052904-0.4390706631293649j),6.081880143973582e-08,-6.081880143973586e-08,0.4333700279997262,61.84033348019916,0.445691184180042,0.4443345094560977,0.4550848789056733
1036,2011 UR412,50.09397043680458,0.3146886726162587,0.3142229551148217,1.038346345466298,-1.6967286570941522,50.22567961387077,0.3127297067736221,0.3159188108877254,50.22567961387077,0.2783775652809943,0.2748145048792723,0.3920487353389397,-1.3461624732190445,0.2735701150680366,0.013860254679202,0.0311774919893745,0.1578893559916077,-0.2392815577395511,0.0186668461617368,0.0153718020837374,2979.0,8.8,50696100,2011 UR412,(0.2525833997362417-0.19341952105019802j),(-0.03967698015521565-0.3073394147070153j),1.5610143930163196e-07,-1.56101439301632e-07,0.3146886726162587,50.09397043680458,0.3090775663054756,0.3181343818979741,0.3150772779811466
1037,2011 US410,39.51155979576748,0.2555690144821189,0.2076616391028847,5.202309974983471,-1.6504115749589834,39.40315840876016,0.24135462023812,0.2188263577261289,39.40315840876016,0.2231849684948798,0.2170857451939916,-1.1161622103499238,-1.6119086375188911,1.4438078164335604e-06,0.0003727073669113,0.000753659431753,-0.3692532516769601,-0.3692440821186953,0.0016109984741445,0.0016146698365771,3718.0,8.61,50696043,2011 US410,(-0.24483121317342688-0.13472749933737j),(0.035098250373407955-0.18265303250286066j),6.328729305859697e-07,-6.328729305859642e-07,0.2555690144821189,39.51155979576748,0.2061723427611356,0.2794527187587786,0.1870841005272101
1038,2011 US411,62.43150175680157,0.499854432507829,0.3821698386013997,0.2351952553474161,-1.5135096950157751,62.54556219573018,0.4691888401514396,0.4119333818231845,62.54556219573019,0.4492714346368878,0.3864542916851851,0.5848754048576947,-1.9444362839783884,0.0002106011844369,0.0319048214849459,0.009546111721022,-0.0900233060050518,-0.0897399062226149,0.0012283351635574,0.0012616679699981,1525.0,9.2,50696067,2011 US411,(0.14928659185257817-0.4951616919394312j),(0.02102874218763797-0.3578024937090943j),5.845209386907204e-08,-5.8452093869072056e-08,0.499854432507829,62.43150175680157,0.3729346470223481,0.5171765536751239,0.3665748016178423
1039,2011 US412,47.8727017638102,0.1604982177545432,0.05805595679785,2.513634164019269,-2.271278310245961,69212.07115206147,0.5849421518148595,0.0817342660294849,69212.0711520615,0.5598315996092572,0.0617750474815121,1.5827006548772753,-2.0203973919906097,60437.8380878212,0.2472973766014932,0.0206008094183388,0.0004698600280244,-0.3476490399229198,0.2389129788343623,0.0166777946695814,2980.0,7.7,50696104,2011 US412,(0.15699642814136539+0.04108328592097203j),(-0.03980312497442327-0.04924724962240307j),1.9585638559476562e-07,-1.9585638559476657e-07,0.1604982177545432,47.8727017638102,0.0580233494166508,0.1622828235865128,0.0633636390525815
1040,2011 UT411,55.49069196688265,0.402886872518216,0.1211250304999162,2.498403268634455,-2.016359970445151,55.35202899418834,0.3964019370959485,0.1195485348374777,55.352028994188366,0.3392416263121957,0.1000040186935355,2.283835166039214,-1.88426858751168,0.0669093791251421,0.0269721572753312,0.0119390137702636,0.0199804438499142,-0.197904996659186,0.0330878211802243,0.0188046993719507,4109.0,7.61,50696071,2011 UT411,(0.3650006810171729+0.19162926470327046j),(-0.04986472895337638-0.10925902712025862j),9.701438561868184e-08,-9.701438561868184e-08,0.402886872518216,55.49069196688265,0.120829071289737,0.4122466157941337,0.120390678817778
1041,2011 UT412,48.06952099738937,0.182178454267448,0.3243275125565347,1.3139215953983046,2.109973717557941,48.04454553076283,0.1754856435018527,0.3302882881594469,48.044545530762825,0.1752630443542657,0.3243129976173345,-4.840677140484736,2.072055073484947,0.0011732959297639,0.0003842846840338,0.0001955668062994,0.2532714627156921,-0.230115546232124,0.0004865712105878,1.0374318852068498e-06,526.0,7.88,50696105,2011 UT412,(-0.1751241774877594-0.0486374146207032j),(-0.1668812346435986+0.26964812885638323j),1.9174628620389537e-07,-1.917462862038959e-07,0.182178454267448,48.06952099738937,0.3186714304887322,0.1817527871636373,0.3226818316854428
1042,2011 UU410,39.29251459736168,0.2629380203618232,0.2211917464491966,0.3943821391232038,-1.6639965594624035,39.40320611520843,0.2385351657766077,0.2438372901069668,39.40320611520844,0.1886032426247922,0.2416201907011224,0.4161087331975128,-1.739700570524199,5.851749818083128e-05,0.0159142961634265,0.0013630184528818,-0.3568219025038094,-0.3504727170926613,0.0741929023138823,0.0064240907739899,763.0,9.8,50696041,2011 UU410,(0.07175807567949302-0.28032178439936467j),(0.021851097262016-0.19945385569200058j),6.612349552048303e-07,-6.612349552048252e-07,0.2629380203618232,39.29251459736168,0.21939249015425,0.2893605436718485,0.2020185419752827
1043,2011 UU411,43.93727464321805,0.0294957163075421,0.046991434529312,2.2785160689136355,-2.5116350089212296,43.935115675178885,0.0386968034215822,0.044886014190964,43.935115675178885,0.0383025593801103,0.044264439512907,2.4728882684411,-2.591734301293559,2.5263952232953483e-06,0.0001146100737214,9.740552274447248e-05,0.4038769721373411,-0.4062226798480688,6.509152915986513e-07,0.0012591736716611,2980.0,7.9,50696075,2011 UU411,(0.030716445805892598+0.0002891707643342938j),(-0.04694449149346373-0.03505829832874103j),3.132746990452532e-07,-3.132746990452515e-07,0.0294957163075421,43.93727464321805,0.0469741420641841,0.0307178069314409,0.0586242694539151
1045,2011 UV410,39.42713851760327,0.2593932306512839,0.0967891165214173,0.725390255584732,-2.5650716062510166,39.40327877439914,0.23790136490743,0.135316284388596,39.40327877439915,0.1994539510179989,0.1315604303713264,1.2309083168062456,-2.9215092342154456,1.1897813508474802e-05,0.0197046963025224,0.001637549785375,-0.3892452465426732,-0.3803811648417536,0.001965582293707,0.0176497918372193,5879.0,7.95,50696046,2011 UV410,(-0.07722584310679141-0.2819388433981842j),(-0.032593299225347074-0.03315534878937189j),6.4392319531328e-07,-6.43923195313291e-07,0.2593932306512839,39.42713851760327,0.0966380650716211,0.2923240364052546,0.0465097797361922
1046,2011 UV411,43.364084880904464,0.0668759610977016,0.0807201899945804,5.987046317899885,-1.8738240133875508,43.35902197745952,0.067712051783444,0.0681977135809385,43.35902197745951,0.0672035294361942,0.0675538326819282,-0.1990977488486158,-1.85424027911866,9.619617437261544e-05,0.0005098760473815,0.0004974483422491,0.4437583644860543,-0.4462246610049585,0.0018490768781195,6.517919756013385e-05,524.0,8.2,50696073,2011 UV411,(-0.03519042935327039-0.04628201359335534j),(-0.03543804142823895-0.08528569526666571j),3.38738797877506e-07,-3.387387978775087e-07,0.0668759610977016,43.364084880904464,0.0806325597977531,0.0581411308827326,0.0924871144584522
1048,2011 UW410,39.59443091066076,0.2183699233008992,0.1895038260660347,5.128992558895111,-1.7100980733604365,39.40380682899606,0.2401254517999237,0.142296720313363,39.40380682899605,0.2116235238062762,0.1410591080357734,-1.3327635665606086,-1.6984494593070951,3.710981454526844e-05,0.0219458359986261,0.0071812259767025,-0.2873282154245759,-0.387472676020755,0.0052837404083193,0.0021375840074717,3339.0,8.3,50696045,2011 UW410,(-0.2202383490060023-0.09420648187251007j),(0.029730285934940683-0.16265548914781583j),6.234720887385911e-07,-6.234720887385942e-07,0.2183699233008992,39.59443091066076,0.1883716268445338,0.2395407931849714,0.1661131174180361
1049,2011 UW411,43.84699549207777,0.1659682887000647,0.0833154857059473,1.9900234467417484,-1.8923157747065595,43.5384243162139,0.1393731907727326,0.0557425463062788,43.53842431621391,0.1073419827037843,0.0519673811910902,1.5389775252772002,-1.6589314478909436,0.0073632322664747,0.2038722688258672,0.0012576955184567,0.6738464038073944,-0.5146098300485947,0.024168484584259,0.0032493428797938,524.0,8.4,50696074,2011 UW411,(0.16783543481465635+0.02359782750891277j),(-0.03544540529449152-0.0859848748742914j),3.170849256422845e-07,-3.170849256422849e-07,0.1659682887000647,43.84699549207777,0.083219130494742,0.1694862550254892,0.0931387711819971
1051,2011 UX410,39.40044158089797,0.3277783950093751,0.3182152265897086,4.520177157494488,2.1055617792428,39.402090675380194,0.2668061675305757,0.3677575169425939,39.40209067538019,0.2067209451367326,0.359370751228331,-1.9854267206187,2.162966901571989,2.7221979840590937e-05,0.0073067900845614,0.0012760212863659,-0.2939459937374944,-0.2934342474550209,0.001634026055557,0.0017829929087342,3339.0,8.36,50696049,2011 UX410,(0.30555690774630473+0.08255093744509512j),(-0.11096090887644929+0.28317418985767795j),6.473050020322332e-07,-6.473050020322495e-07,0.3277783950093751,39.40044158089797,0.3128718903686922,0.3165117393471335,0.3090334711847834
1052,2011 UX411,42.43244047324709,0.0983846417512768,0.1257073055963731,5.730554148300557,-1.67522643813288,362.3512210968854,0.3745458372754879,0.1218371902784431,362.3512210968856,0.350921993729162,0.0834315972560014,-0.3067929881929427,-1.1799941746579392,299.62071693490174,0.1916181598464386,0.0198903780154188,0.0012822701936133,-0.5919757082812303,0.4869243003384203,0.0451349286059782,504.0,8.5,50696082,2011 UX411,(-0.056065447943004935-0.06341903474889853j),(-0.031327304999193846-0.13587947068165143j),3.872166102852656e-07,-3.872166102852686e-07,0.0983846417512768,42.43244047324709,0.1253764891032404,0.0846481448203786,0.1398999120112837
1054,2011 UY410,39.31587927148311,0.1367236361548789,0.1548658799055315,0.2240874675825663,-1.83882612814812,39.40608376171806,0.1333989793316951,0.149463497510855,39.40608376171805,0.1330034097618551,0.1487924325099635,0.2486265636455999,-1.834665609148313,5.047235982752904e-05,0.0008800444639167,0.0007319124848032,-1.736147953612895,-0.4224522528143818,0.020988492752375,0.0002951400891889,523.0,9.2,50696050,2011 UY410,(-0.013099394900901794-0.16435493843263121j),(0.0020677067057991508-0.13169582121862827j),6.580924958148894e-07,-6.580924958148875e-07,0.1367236361548789,39.31587927148311,0.1542475857031872,0.1648761351256262,0.1320958812558454
1055,2011 UY411,44.21946762688546,0.0643629413301909,0.0597576786254307,2.8627717856912955,-2.9331482800601303,44.21590359662195,0.0743563016410011,0.0641377461389737,44.21590359662196,0.0741114047000601,0.0637113254489512,2.949468100482594,-2.993779906535437,3.5477084234659e-05,0.0005049147333577,0.0005882042012937,0.394483768546606,-0.4015407272226877,1.1010227093587388e-06,0.0015627029200028,2305.0,7.8,50696076,2011 UY411,(0.06605130622960804+0.001875350269530748j),(-0.06646976191852359-0.01937875643575363j),3.017744435199512e-07,-3.017744435199514e-07,0.0643629413301909,44.21946762688546,0.0597221193943462,0.0660779236452757,0.0692924610455455
1057,2011 UZ410,39.52273840055471,0.1247706833454707,0.0941055541913808,0.2020352440928183,-3.007525892561166,39.40686701670368,0.1219297374173371,0.0962959093628284,39.40686701670369,0.1216351328324234,0.0960236317867237,0.3267594845055166,-3.087932838244912,1.0009301488543288e-05,1.570925997898757e-05,0.0001468158498399,-2.167184926586589,-0.4438000829837073,0.0024881767617268,0.0021063238053962,3387.0,8.38,50696048,2011 UZ410,(-0.12638495291200397-0.07325563135573304j),(-0.04123195740623805+0.008136592762116911j),6.32111765362736e-07,-6.321117653627421e-07,0.1247706833454707,39.52273840055471,0.0939667181522958,0.1460806073642101,0.0420394974666164
1058,2011 UZ411,45.53993070789104,0.0541967079468869,0.0473504124729753,0.135565465636458,-2.931949481441296,45.53961262031276,0.0507541812824544,0.0461710907063547,45.53961262031276,0.0506878915629422,0.0459444973312777,0.2091010496670384,-2.991244569579606,2.8347349147128023e-06,5.734125614815651e-05,0.0002122217357456,0.3335997914689691,-0.3334506555572195,0.0001584968534708,1.5493600856253992e-05,2305.0,7.8,50696077,2011 UZ411,(-0.04982391392262016-0.01410783973281501j),(-0.05145376715796904-0.015800104110144104j),2.554787340847433e-07,-2.554787340847439e-07,0.0541967079468869,45.53993070789104,0.0473327206997739,0.0517827533112662,0.0538510498481564
1059,2011 UZ412,36.43496998187158,0.1330514209541326,0.1256403881275737,0.7067645280146397,-1.9256555609542945,36.42997138838333,0.1261687796547451,0.0894748165742746,36.429971388383336,0.1258998203482943,0.087792461094373,0.6243394591788762,-1.8285220615560944,5.188327161021441e-06,0.0001049919479829,0.0005842520600616,-2.2711404317223365,-0.6095107631304779,0.0085899841987033,0.000861594443052,4079.0,9.36,50696165,2011 UZ412,(0.044568707999059376-0.1376390673975755j),(-0.02816856369668474-0.11193244760235999j),1.3032816803036134e-06,-1.3032816803036765e-06,0.1330514209541326,36.43496998187158,0.1253100993837356,0.1446750932495975,0.1156802765708727
1082,2012 UG177,39.30312731302653,0.2247254248262199,0.4067974449474286,2.245359169538036,2.7199509004756366,39.40238110476958,0.2546509394500048,0.3868557107693027,39.40238110476959,0.2175349736347628,0.3770476971447288,-4.1356507476484925,2.706132422311508,2.977673012278576e-05,0.0059576086912615,0.0006063601221119,-0.3052590170384414,-0.3052606775502289,4.845493848675844e-05,4.644187621441823e-05,1533.0,9.6,50696054,2012 UG177,(0.0496048366250953-0.24613609597286107j),(-0.3215015571576968+0.1797904884598713j),6.599128067511997e-07,-6.599128067512004e-07,0.2247254248262199,39.30312731302653,0.3956701589417901,0.2510848811803767,0.3772425819406031
1083,2012 UH177,39.38762034420768,0.1904121871886647,0.4379873359398218,6.004483699352569,2.6064141094418045,39.40291558386056,0.1807463127151659,0.44476806930258,39.402915583860576,0.1780631906497115,0.4306748233035776,-0.1435768627908364,2.615731019524906,2.113689968137379e-05,0.0011913298489027,0.0013619605528706,-0.8098338785538253,-0.2701021886362164,0.0121396752970017,0.0018256148824839,3739.0,7.98,50696055,2012 UH177,(-0.13813920944621344+0.11048672397336438j),(-0.325030159856161+0.23742487511421956j),6.49570750242293e-07,-6.495707502423021e-07,0.1904121871886647,39.38762034420768,0.424117642438406,0.1768891103510649,0.414258311412416
1084,2012 UJ177,55.2295811157656,0.4339070418021209,0.2999096466420521,0.8362604556389339,-2.962947559585297,55.38830166494071,0.4339390908770691,0.3012896555807997,55.38830166494069,0.4274901966752695,0.2968612461482872,0.8841392252067908,-2.9126550896320915,1.2206966946183872e-05,0.0024853765772416,0.0010129208210365,-0.046963611753863,-0.1268883374094241,0.0001122547875014,6.875517041172367e-05,533.0,9.1,50696070,2012 UJ177,(-0.23465130384550417-0.37728405248581404j),(-0.2790904600043494-0.055151191134937376j),9.907636006528337e-08,-9.907636006528345e-08,0.4339070418021209,55.2295811157656,0.2954338875954209,0.444302251464601,0.2884717983748853
1085,2012 UK177,92.23415818540197,0.6167827896562714,0.4562808630424667,2.7969760268110413,2.543953263907978,88.12658825841663,0.6156092299867074,0.421288884144371,88.12658825841665,0.5224726384578924,0.3250145575033755,-2.865307863676861,2.119861293638618,0.397338096482231,0.0569347847856874,0.0567127655175973,0.0351913493096269,-0.06129014206158,0.0161650309062252,0.0077066838585351,2977.0,8.7,50696072,2012 UK177,(0.3836540352498976-0.5277296442322731j),(-0.33017213478002366+0.220428220329701j),1.2729240995690354e-08,-1.2729240995690356e-08,0.6167827896562714,92.23415818540197,0.4406125023516214,0.6524484624589525,0.4082366288323515
1086,2012 UL177,40.66532192822898,0.1166389575502501,0.362372554260868,2.556392828275719,2.891171458290296,40.67441806237211,0.1215535386363749,0.3646707529450857,40.6744180623721,0.1041623642565813,0.3572135948773993,-3.6402668961394937,2.9046668046342465,0.0220584624661892,0.0155676999843562,0.000588712955756,0.2872101616538448,-0.4084947169804368,0.0238671044745797,0.0012619122205844,4726.0,7.47,50696089,2012 UL177,(0.21117420146838894+0.39936313571310345j),(-0.5343792854688134+0.0029887990308739287j),5.133862643405584e-07,-5.13386264340554e-07,0.1166389575502501,40.66532192822898,0.354493705710887,0.4517581847984765,0.5637831043311367
1087,2012 UM177,43.5466472892365,0.0578809035907562,0.3099065382457047,0.9998920546877832,-3.139924718737728,43.54456185706315,0.0577571655142824,0.3106161705544393,43.54456185706315,0.0577201243604403,0.3059224575237696,0.949971229966887,-3.1404596836411165,5.051779180825501e-07,4.393863304497467e-05,0.000345586008314,0.2277606528297907,-0.3168694646888381,0.0015390943915783,0.0019403676512802,533.0,8.6,50696095,2012 UM177,(-0.028868802546236645-0.04049298538101727j),(-0.31892775776735666-0.008513479372685763j),3.302768875822839e-07,-3.3027688758228814e-07,0.0578809035907562,43.5466472892365,0.3049696283450985,0.0497301681630062,0.3247178222858954
1088,2012 UN177,43.17496638275571,0.1585127342679473,0.3676811763746754,1.2968657546165323,-2.2629490184844623,43.15853879162029,0.1537159414772919,0.3655690263470149,43.1585387916203,0.1534885273668464,0.3578531368201083,1.2174127501099743,-2.2626664860101533,0.0001870878642785,0.0002705612702802,0.0005798360950472,0.2042862494299562,-0.3256654310638096,0.0002659825946183,0.0015339215199776,4641.0,7.55,50696090,2012 UN177,(0.09316973394360241-0.1210394695090174j),(-0.24424992924226255-0.288461882640666j),3.478139718884685e-07,-3.478139718884683e-07,0.1585127342679473,43.17496638275571,0.3594525590344904,0.1527453845526797,0.3876126080185845
1089,2012 UO177,41.562834364843646,0.0350987201584041,0.314586054431046,5.869094787651109,-3.104475354531122,41.56247025996204,0.0413183304417811,0.3144154014819827,41.56247025996203,0.0323953216890062,0.3095696788567533,0.1186759994298523,-3.0913509614162384,0.0005334211853799,0.0022354441332755,0.0003901195958201,0.2719727552303321,-0.3875947296542605,0.0100585282917771,0.0017612418785212,532.0,8.3,50696091,2012 UO177,(-0.02430800937635102+0.04281239299447469j),(-0.34806041422156647-0.030205440043339783j),4.426350920842724e-07,-4.426350920842741e-07,0.0350987201584041,41.562834364843646,0.3094228667471433,0.0492319034138851,0.3568971585593864
1090,2012 UP177,42.83848360547352,0.1004859797459391,0.3170936886315126,1.0189151514510248,3.0222961155561503,42.829132124001546,0.0994850385236787,0.3187398279154595,42.82913212400154,0.0960285826864849,0.3133933271080786,-4.939057370996511,3.029268404154319,0.0013676870239773,0.0015353622807449,0.0001209666334377,0.2266569417307425,-0.3475206226117165,0.0043742722374541,2.1672936787993096e-06,2303.0,8.1,50696093,2012 UP177,(-0.05931650927859147-0.06725186296043534j),(-0.3273283206185609+0.027796903905671366j),3.648677922408377e-07,-3.648677922408376e-07,0.1004859797459391,42.83848360547352,0.3118064622976836,0.089673080378932,0.3347218449838969
1091,2012 UQ177,51.958166759767,0.3121253932245563,0.3628936733492742,2.1478406046558245,-2.4486747393379384,51.97816613497746,0.3092874731741173,0.3637463782705771,51.97816613497748,0.306982808585275,0.3566377447792849,2.1973330487335354,-2.4424297327122484,0.0057487807491954,0.003029970547532,0.0016780749436124,0.1232440794213401,-0.1913304371204602,0.0016059348991271,0.0025327360594059,4106.0,8.1,50696102,2012 UQ177,(0.30224488332522537-0.09244057608281205j),(-0.2713764082040262-0.2294961150398457j),1.3106962261857318e-07,-1.3106962261857318e-07,0.3121253932245563,51.958166759767,0.3549809343361226,0.3160652299807767,0.3633486861732903
1092,2012 UR177,73.74964977085406,0.4911972045574393,0.3129152312000231,2.7659110001146967,-3.0798245391488845,73.41306323368774,0.483926823831253,0.311155227325826,73.41306323368774,0.3937545848592044,0.2960882676273059,2.6104357768566846,-3.076268494062985,0.1203486279026953,0.0473417001742288,0.0125548543452563,0.0655454282103155,-0.0783553096293381,0.0105244781249816,0.0045811858984202,2302.0,7.9,50696101,2012 UR177,(0.4830563478606648-0.15669355319903086j),(-0.2890152402212379-0.023071623332601366j),2.988510686876652e-08,-2.988510686876652e-08,0.4911972045574393,73.74964977085406,0.3078336087661931,0.5078349188689383,0.2941585677627548
1093,2012 US177,56.09469759336877,0.3666342002318897,0.3270318385504787,1.5906019022152718,2.8872432833018533,56.30122779573078,0.3530779018007045,0.3531156674608568,56.30122779573079,0.3209747671261053,0.3435213628567122,-4.843577315415425,2.925949912704777,0.0957626099914478,0.1994360689267718,0.0022158123537306,0.1039273707375254,-0.1547375441646121,0.0093335358761628,0.0040434031375644,536.0,8.7,50696103,2012 US177,(-0.08654702054294455-0.3622838171064474j),(-0.30379361259544874+0.07425709544412258j),9.245352483869946e-08,-9.24535248386995e-08,0.3666342002318897,56.09469759336877,0.3212335986986329,0.3724781213736972,0.3180736203408375
1095,2012 UV177,30.02412434483168,0.0723788583868833,0.3892965938779075,3.538411542388816,2.783488297180698,30.067224160666424,0.0605536923478489,0.3905061024732185,30.067224160666424,0.0599209955835574,0.3807872702834894,-2.832142171380397,2.7914585360654987,2.2448684894972143e-05,0.0001941047436132,0.0005658426141269,1.5514161475786366,-0.5302831398096449,0.0025230771047724,0.0007868191102536,3744.0,9.28,50699471,2012 UV177,(0.06641421136217011-0.003849856057384849j),(-0.3512700960711374+0.14012938437002143j),0.0058579444289043,-0.0058579444288332,0.0723788583868833,30.02412434483168,0.3795377344268876,0.0665257007668584,0.3878392227253165
1096,2012 UW177,30.071612681049068,0.2590934140952508,0.93963091897352,0.6338844909777288,-1.549413624810052,282.916472108271,0.861962617735961,0.8076076295206195,282.9164721082711,0.7398676219583238,0.6392463843128797,1.246171235966411,-1.7238689543897838,114.28281891515678,0.1294436535255117,0.0465108427230351,-0.0053823087583776,-0.0053783442002639,0.0027875909970277,0.0009847191707197,381.0,11.3,50699475,2012 UW177,(0.153294270809619-0.21385745840798903j),(0.02958390654320933-0.884928523775955j),0.0278059112705405,-0.0278059112890689,0.2590934140952508,30.071612681049068,0.807340365837266,0.2631238225242586,1.087403089796849
1111,2013 EM149,45.260109518631296,0.0573224304841657,0.0408632742629162,5.915764036162846,1.7116815442723787,45.260275072556304,0.0565752847814945,0.0493838369588489,45.2602750725563,0.0564760581276127,0.049143124246999,-0.3743648576299103,1.6407669627307562,9.602494368212091e-07,2.97596080020528e-05,0.0001968120753792,0.3452034674128902,-0.3474935050556054,0.0017897524465852,2.8565618033417505e-05,7328.0,6.79,50727236,2013 EM149,(0.014173545130243857+0.06046087448491922j),(-0.011392192694294067+0.03429971853136617j),2.6441014833884524e-07,-2.6441014833884534e-07,0.0573224304841657,45.260109518631296,0.0408519029142048,0.0620999736315581,0.0361499918077521
1123,2013 GB138,42.97358691543425,0.0496961236680091,0.0492660332126331,2.732247963463317,1.877806884854322,42.97650874099505,0.0525146266644405,0.0626533897765146,42.97650874099504,0.0518750566886731,0.0617755309972935,-3.2166777539672298,1.6814653902043273,0.0001644723076108,0.0008514357155334,0.0006904442254827,0.4578838211419205,-0.4649302466336549,0.0011230814735832,1.3841497172235811e-05,4056.0,7.3,50727272,2013 GB138,(-0.0020428521756698606-0.03868740834498005j),(-0.02852032594489741+0.03764405306027874j),3.578487735478026e-07,-3.578487735478055e-07,0.0496961236680091,42.97358691543425,0.0492461063544212,0.0387413062436318,0.0472455717602101
1125,2013 GC138,42.89542811195125,0.050710012578554,0.0298649779238246,4.833678115037051,-0.8131712816201274,42.89539745789726,0.0561306140638059,0.0297059317352105,42.89539745789726,0.0550390443909977,0.0265989118878099,-1.772763392964384,-0.3953475276816331,5.565773764872492e-06,0.0001201222210058,0.0002955996255726,0.4813792910461101,-0.4790266503507623,0.0016805683557055,0.0145214504910912,4464.0,7.33,50727275,2013 GC138,(-0.02923046709494631-0.027894382082835623j),(0.00632181557754136-0.031202256891133748j),3.619292464710811e-07,-3.6192924647108354e-07,0.050710012578554,42.89542811195125,0.0298605386086843,0.0404044150851359,0.0318416205273761
1126,2013 GD138,43.93152503370828,0.1135451849736634,0.0799897512556194,2.8295502102391143,-1.1523014747255858,64.8818237395052,0.4047103122916823,0.2100537383470576,64.88182373950521,0.3474712160280178,0.1542543877599634,2.7656537748103367,-1.2062489104875365,11.591132876987334,0.0814832014094199,0.0369961685664426,0.4411018252738447,-0.4549053323122335,0.3402869238470647,0.1752925417618593,3755.0,8.14,50727271,2013 GD138,(-0.010060020697277516+0.1201687831725342j),(0.023383435910046685-0.08022478099193736j),3.135724836161125e-07,-3.135724836161147e-07,0.1135451849736634,43.93152503370828,0.0799044779990898,0.1205891390863919,0.0836607107937964
1127,2013 GE137,39.33528072078235,0.2567650802698059,0.0665405002764946,2.8017609033201385,-1.7441434698128078,39.40320711761132,0.2604800912807251,0.0576912408971199,39.40320711761132,0.2606601617354068,0.0572154226542023,2.708712113276153,-1.6898623713539611,2.4070731324959333e-06,0.0005500429075733,0.000227700186676,-0.2551307608024755,-0.3662711550256643,0.0013875160881355,3.287617375395329e-05,1514.0,8.9,50727220,2013 GE137,(0.11995158854120318+0.19780299510890428j),(0.0322518896285748-0.04733342816434267j),6.555784966507094e-07,-6.555784966507289e-07,0.2567650802698059,39.33528072078235,0.0664914082692799,0.2313318146464323,0.0573082160323774
1128,2013 GE138,44.15985718895793,0.0522396320988995,0.0539981817259389,1.491159744911383,-1.8456908562256025,44.15665672302392,0.0626045692107041,0.0497070618427009,44.156656723023936,0.062384024110915,0.0491710559760623,1.4981719419938206,-1.8020385718125311,0.0001122132173654,0.0001295040038322,0.0001711841616632,0.3990757262219229,-0.4015504135184318,0.0001001876863972,0.0017711505980412,2282.0,7.7,50727277,2013 GE138,(0.050860300895319586-0.011620144576980114j),(-0.02290306208268666-0.05902735948236891j),3.041762750648894e-07,-3.041762750648885e-07,0.0522396320988995,44.15985718895793,0.0539719442023586,0.0521708536172484,0.0633573016588999
1129,2013 GF137,39.56864080608917,0.1576893169710105,0.2489727346062234,1.882698591551037,-1.3570036408687485,39.40487423933465,0.1591964137468547,0.2363233506318885,39.40487423933465,0.1588509654622231,0.234347740883116,1.8118761394446408,-1.3454645497048183,1.663422559749228e-05,0.0003792388503144,0.000521006235302,-1.1102199540535862,-0.3901342076209291,0.0032243814764118,0.0005449059070444,2247.0,8.1,50727219,2013 GF137,(0.12811126622466232+0.0460988963525434j),(0.10652782818477952-0.2193673231403556j),6.265129127596061e-07,-6.26512912759629e-07,0.1576893169710105,39.56864080608917,0.2464084986896622,0.1361528728253974,0.2463493186487209
1130,2013 GF138,44.04466384561032,0.0186553691874366,0.0255969337005181,3.7384292734347104,2.7847595755091272,44.0427569829538,0.024312219686046,0.032308125982174,44.04275698295379,0.0237568524163436,0.0315428014213918,-2.2087439717935125,2.479792989545102,0.0002432215569709,3.896199181998647e-05,5.006644550522904e-05,0.3991820344527872,-0.3990817818801669,1.386208207380781e-06,9.635574312916334e-05,4407.0,7.3,50727276,2013 GF138,(0.02005499228804865+0.011269014918880051j),(-0.032600463922820164+0.0017012447153151658j),3.087853362805689e-07,-3.087853362805692e-07,0.0186553691874366,44.04466384561032,0.0255941385940657,0.0230042042443469,0.0326506241595931
1131,2013 GG137,39.333682822719,0.1354588009873352,0.0157410565342993,1.64970995608929,-0.5603012259602534,39.40601659966767,0.139527302049387,0.0144431923395664,39.40601659966767,0.1394827187916355,0.0127503660836725,1.2898796595148705,-0.2039515428785881,1.3489719474240104e-05,0.0002969889199836,0.000403853651391,-1.7353547514132714,-0.429938980830802,0.0103406276103379,0.0014728367298006,2309.0,8.8,50727225,2013 GG137,(0.05568811974890597+0.09258881431581374j),(0.056787485280076856+0.008754979792587032j),6.556424004897112e-07,-6.556424004897239e-07,0.1354588009873352,39.333682822719,0.0157404064869297,0.1080456163737184,0.0574900669438181
1132,2013 GG138,47.455775941177066,0.0280428859973871,0.438553400076902,2.3978460118368297,1.9335267299219907,47.46951064816541,0.0288188008480016,0.4405978213728044,47.46951064816543,0.0288613390234981,0.4266107487585169,-3.841598873865853,1.9325070063398448,1.16947995765409e-06,0.0001147180339379,0.000124588345964,0.1075610231744301,-0.1784573418098511,0.0004348586901757,4.4225999844901977e-07,4056.0,6.64,50727279,2013 GG138,(-0.009684503911556857-0.023329059145435333j),(-0.15728773364427232+0.4014078702251007j),2.0488839980872106e-07,-2.0488839980872093e-07,0.0280428859973871,47.455775941177066,0.4246302061647267,0.025259347113973,0.4457378729737295
1133,2013 GH137,39.43845561316792,0.2280814828348199,0.2279814206921327,2.7787636042203445,-1.3678040031895178,39.40285646581971,0.2454904076939921,0.2102390415545472,39.40285646581971,0.1977787031242954,0.2081289607994237,2.798415960872218,-1.378706397993102,8.29106684754825e-06,0.0060074651579293,0.0031497320105751,-0.3440971242697965,-0.3369484598342024,0.0034250698290273,0.001123328013859,1188.0,8.57,50727221,2013 GH137,(0.028762522178341802+0.1967333567711864j),(0.0928544279370765-0.20097534887263163j),6.425273763302359e-07,-6.425273763302406e-07,0.2280814828348199,39.43845561316792,0.2260116375666372,0.1988247880635574,0.2232384607293326
1134,2013 GJ137,39.49366846039207,0.2666378227009417,0.2839816249457161,4.119683750251309,-1.2225802251164573,39.40256224298431,0.24878173720675,0.2993313453555524,39.40256224298432,0.2295127848518877,0.2949810442753274,-1.9349037938845823,-1.1894299544028906,1.7093206301957096e-05,0.0029312424840835,0.0004620076497833,-0.3334653309081442,-0.3334635438189732,3.501242878119568e-05,3.349808346731309e-05,1160.0,8.5,50727223,2013 GJ137,(-0.26925074022183154+0.03387065899464011j),(0.1450368108879737-0.24113624957145835j),6.355033946019309e-07,-6.355033946019404e-07,0.2666378227009417,39.49366846039207,0.2801800101841365,0.2713727743358486,0.2852461009616531
1136,2013 GL137,39.26661178833145,0.2000444103275727,0.1715009202646638,4.249765509133346,-1.2442916459958344,39.40382789892351,0.2304007714065884,0.1371114772367788,39.40382789892352,0.1780510391358565,0.1359935749637555,3.101396452400292,-1.294869594588756,5.568717603211305e-05,0.0148235838098073,0.0010816095964694,-0.4041652648732908,-0.3918748136285891,0.0081362094992631,0.0036086791604562,2224.0,8.5,50727224,2013 GL137,(-0.2060208184663246+0.000734359034481484j),(0.09556881745435612-0.14453577619597854j),6.646400444461818e-07,-6.646400444461776e-07,0.2000444103275727,39.26661178833145,0.1706614420970647,0.2060221272696838,0.1741533114024395
1137,2013 GM137,44.10763668477007,0.0764305269599831,0.3858497554043125,1.860951625696515,-1.3774410905827803,44.10844799893428,0.0748723733903025,0.3821790650814108,44.108447998934274,0.0749220560447698,0.3734763306220162,1.862117990706836,-1.3781569121298247,0.0001595732739912,0.0003530942429325,0.0005942131608719,0.1526464233423668,-0.2682242963539308,0.0017291524091674,0.000515881048956,1129.0,7.3,50727260,2013 GM137,(0.06960657955970219+0.04221707162085643j),(0.06515643181802629-0.38292487770984174j),3.062560614511812e-07,-3.062560614511829e-07,0.0764305269599831,44.10763668477007,0.3763465530369337,0.0814085809619703,0.3989257394244069
1140,2013 GO136,38.76795430658333,0.0602884682771356,0.4143487040133,2.663718331652394,-1.2536705222148463,38.78394119183304,0.0645159745566011,0.4017538196387617,38.78394119183304,0.0642576514116524,0.3908472194202778,2.565714148624189,-1.2408151847532611,0.0001340175047568,0.0001140571139804,0.0002382715289629,0.291174107908651,-0.4509202236755849,5.630153321145868e-06,7.576877183182844e-05,1541.0,8.2,50726813,2013 GO136,(0.004622174507297449+0.039191923497744835j),(0.15831242497038928-0.3792629869105268j),7.35472945990242e-07,-7.354729459902494e-07,0.0602884682771356,38.76795430658333,0.4025938333270094,0.0394635447549886,0.423527016728606
1141,2013 GO137,41.42011083953468,0.0908922514428278,0.502723702445278,5.133927821016215,-1.3083493095269108,41.429862350140766,0.0866020004214875,0.4996538231979641,41.42986235014077,0.0865238950020293,0.4794799844778616,-1.128721212961562,-1.3071743858314668,0.0002293748033405,0.0009641850345957,0.0008203994706843,0.1080124045488542,-0.2841647828550624,4.770673238533128e-06,0.0018062807122894,3041.0,7.44,50727259,2013 GO137,(-0.06064369875269206-0.021976804948198432j),(0.08807515229681233-0.5004897637063508j),4.528994919286872e-07,-4.528994919286827e-07,0.0908922514428278,41.42011083953468,0.4818140310972956,0.0645030088766285,0.5330706339218455
1142,2013 GP137,43.71303055766178,0.0247494627374601,0.0171703721182998,2.388783840078066,1.7020614395157752,43.71378139056733,0.0264476589579922,0.0296409291324519,43.71378139056734,0.025745981335137,0.0285551451255556,-3.406521180422293,1.3857282860180646,4.593717186514713e-05,7.797629314606835e-06,2.0560179984112825e-05,0.4203699218357386,-0.4171074967268403,0.0018788694305506,0.000823759895307,4083.0,7.42,50727261,2013 GP137,(-0.012220705381370362-0.012385688608529143j),(-0.012067536460669203+0.00930377783842355j),3.228703131915008e-07,-3.228703131915035e-07,0.0247494627374601,43.71303055766178,0.0171695284310815,0.017399739145335,0.0152382312159643
1143,2013 GQ136,48.723903079274194,0.1730919647082505,0.0470044636681772,2.1199993671908626,2.2935184301518774,48.71475865463105,0.1731241183205266,0.0490688518300697,48.71475865463104,0.1730987854188163,0.0490365257353018,-4.0794655051929,2.226471385716481,1.2873659555475968e-05,1.59238029909153e-05,8.067091601412505e-05,0.2817741840158944,-0.2819960449132762,1.2307814489231573e-06,0.0002118252275188,4056.0,6.57,50726837,2013 GQ136,(-0.05058448667652294-0.16396282150513095j),(-0.03292037841742003+0.029966069803588933j),1.790695062843719e-07,-1.790695062843716e-07,0.1730919647082505,48.723903079274194,0.0469871568162696,0.1715884527823791,0.0445311925163074
1144,2013 GR137,42.627021964886566,0.0437914392384018,0.0627817110400296,4.448969026530586,-1.3553018643037125,42.63564961238121,0.0584956320448654,0.0631417858267591,42.6356496123812,0.0561718373266747,0.0617475204118672,4.003424295568104,-1.06089930199544,0.001230176563405,0.0097095221926426,0.0092547237273811,0.4891550153009743,-0.4888562694322581,0.0107986495981635,0.005781046290229,1543.0,8.2,50727268,2013 GR137,(-0.04010925214168147+0.015079235154725307j),(-0.0029093605846833015-0.07170454995955916j),3.761808065863839e-07,-3.7618080658638713e-07,0.0437914392384018,42.627021964886566,0.0627404763624792,0.042850150994092,0.0718252886135717
1145,2013 GS136,55.62924121814103,0.3854736014936074,0.1120221187511755,3.6649677230199935,-1.320805667440811,55.38962514657592,0.3836011870995142,0.1140966722551139,55.38962514657593,0.3407488902936527,0.1139664304550536,3.453209068909351,-1.352625258910861,5.285692196636815e-05,0.0801626284125893,0.001928975716457,-0.0446144900876011,-0.1574002824746261,0.0074680733793932,0.0052047036847015,1517.0,8.5,50727072,2013 GS136,(-0.2744243139721078+0.2820464726760842j),(0.026673745956159668-0.1089650912392294j),9.59482868012361e-08,-9.5948286801236e-08,0.3854736014936074,55.62924121814103,0.1117879722912685,0.3935211771278429,0.1124189936586614
1146,2013 GS137,43.86406019903265,0.0997364547560071,0.0191501983406008,2.408320026957588,-0.5030661422288207,43.86261109043796,0.0921869314959381,0.0191644229536671,43.86261109043796,0.0912280763449037,0.0151793768130756,1.8004831931154408,-0.0610553684435981,7.460365223051948e-06,5.509874324203344e-05,0.0001710603636047,0.4537911764809721,-0.4422343915736191,0.0016400139993902,0.0002690558724624,1517.0,7.8,50727266,2013 GS137,(-0.030714679881074177+0.10164266965238249j),(0.007494501921099855-0.016694056705224097j),3.1630725487067665e-07,-3.163072548706793e-07,0.0997364547560071,43.86406019903265,0.0191490278697158,0.106182031692091,0.0183001768261651
1147,2013 GU137,44.83995538497121,0.0746804415718259,0.0824760769289665,4.032353277450352,-1.5772573069722573,44.84093283721492,0.0655908035147724,0.0706879128559792,44.84093283721493,0.0654830858163316,0.0704574678918861,3.9352897702644656,-1.5295868161968424,4.2330805783700245e-06,0.0003391933549617,0.0003207293975041,0.3590668598053667,-0.3660461166908784,0.0019503145511308,0.0002541086582705,1542.0,7.6,50727270,2013 GU137,(-0.05633437149577819+0.052603463838196904j),(-0.007022392324462973-0.08876094226104068j),2.785644554141196e-07,-2.7856445541412096e-07,0.0746804415718259,44.83995538497121,0.0823826041782263,0.0770758445921991,0.0891563682729505
1149,2013 GX136,48.000653526684935,0.2515163601030118,0.0191916507015972,4.763385126084635,-2.371582528404497,47.73505238047717,0.2490353490723718,0.0158397059258117,47.73505238047717,0.248784960353667,0.0156106806175498,4.8037037027739125,-2.433218144309887,6.129756641099029e-05,0.0014785872512282,0.0001806866208135,-0.0944499714857715,-0.2539859990721876,0.0018889407672078,0.002101863347667,1861.0,8.3,50727083,2013 GX136,(-0.1848965936474711+0.17520817819007697j),(-0.016090350074640727-0.01827556208351812j),1.931724786916587e-07,-1.9317247869165883e-07,0.2515163601030118,48.000653526684935,0.0191904726135666,0.2547246671351713,0.0243518530526456
1150,2013 GX137,43.288526444675966,0.0583273412254626,0.0613271807227113,4.59067691708957,-1.3700125724186398,43.28881790105924,0.0496061406099723,0.0460581650117434,43.28881790105925,0.0489865776348193,0.0450192702323459,-1.8740006321921865,-1.2566129305811686,0.0002955931611517,4.0523229890825226e-05,1.8383957290687712e-05,0.446143745302289,-0.4465553159878697,8.077892527049998e-07,0.0003812220027439,4491.0,7.47,50727267,2013 GX137,(-0.05598569808288698+0.00449881200262977j),(0.00045796460847916803-0.06854464996508589j),3.422249221022501e-07,-3.4222492210225135e-07,0.0583273412254626,43.288526444675966,0.061288745793977,0.0561661615144134,0.0685999719228063
1151,2013 GY136,55.52736621213034,0.4139789628074075,0.202338769548586,0.6412492495217377,2.1027768065277472,55.38844400478928,0.4114431050626647,0.2080090622865827,55.388444004789285,0.4110033310951537,0.207006293637409,0.5964840663998388,2.116917443142669,2.271809307815232e-05,0.0026871977081252,0.0006691245049126,-0.0705253332529146,-0.1265674270747187,0.0001431234659074,0.0003025490211977,2988.0,7.58,50727080,2013 GY136,(-0.3903643272089881+0.16477617927035215j),(-0.09770364618813719+0.16132693945436308j),9.670611621517593e-08,-9.670611621517596e-08,0.4139789628074075,55.52736621213034,0.2009609352285104,0.4237162933051562,0.1897429105921731
1152,2013 GY137,44.88565082337236,0.1010656166168687,0.0860722170314329,4.029037051959035,-1.4816438193961967,44.88793244450578,0.0902493596186207,0.0703898718440739,44.88793244450578,0.0901248610319235,0.0700751971662636,3.895517085435568,-1.3963028212509498,6.453844794071757e-06,9.424968567990235e-05,0.0002459570067615,0.3663047895525985,-0.375702781859657,2.8658209766595422e-06,1.3606520886490245e-05,1572.0,7.6,50727265,2013 GY137,(-0.08238885919436276+0.061775267036317826j),(0.0012454319757176646-0.09187637050664063j),2.770397920977467e-07,-2.770397920977462e-07,0.1010656166168687,44.88565082337236,0.0859659797753786,0.1029762484107714,0.092014599530292
1153,2013 GZ137,41.44328054562894,0.0482767675348585,0.3763578438053466,4.957765548991477,1.891523503476973,41.43333794068111,0.0516921537927883,0.3821568923977758,41.43333794068111,0.0517550220817464,0.373187309162425,-1.2962032707529478,1.889263936748994,0.0016647898340397,0.0007817486277878,0.0003396659193617,0.1972303187428547,-0.3476514667227537,1.471226806903982e-05,0.0001219528558907,1544.0,7.7,50727274,2013 GZ137,(0.05030765335540692+0.06031839525658344j),(-0.15746750144160562+0.33428344662060716j),4.510305535332963e-07,-4.510305535332934e-07,0.0482767675348585,41.44328054562894,0.3675356750524652,0.0785440563789343,0.3784871737960947
1155,2013 HR156,45.71909186847134,0.1884592012158516,0.3650196400954332,5.695502851696098,1.928750173593212,45.71890949645712,0.2107767386944534,0.358833497562798,45.71890949645712,0.1641808088618102,0.3499412173213651,-0.7564426540689531,1.8948054445862488,0.0028413954154735,0.0175325134207191,0.0007678762549854,0.1802340628376388,-0.2768787223891977,0.0130473232895789,0.0008072446372577,4452.0,7.97,50727082,2013 HR156,(0.04421535616632765+0.18836765733120556j),(-0.1309347883633902+0.3310736257966082j),2.500529947561555e-07,-2.500529947561567e-07,0.1884592012158516,45.71909186847134,0.3569676406878823,0.1934873950658328,0.3640105047186662
1159,2013 JA65,39.51981354240207,0.148831697305536,0.1707146358048358,0.64801203384489,1.363186347521681,39.40566361653744,0.1350553034372927,0.1934032850176042,39.40566361653743,0.1181409236274073,0.1925816495673418,0.9413994198651928,1.4226069193177735,8.352053710950357e-05,0.0084613497661995,0.0014286247167518,-1.8021417494015088,-0.3960223370357789,0.0514037440274394,0.0014375191708578,731.0,9.0,50727217,2013 JA65,(-0.07195556607145756+0.10307547418729476j),(0.08638937055406273+0.1864924320643197j),6.325520333448292e-07,-6.325520333448299e-07,0.148831697305536,39.51981354240207,0.1698866399691017,0.1257066301656343,0.2070051629841181
1160,2013 JB65,39.40259957478853,0.188852516398378,0.4123021013841847,2.9443629613282774,-0.6499455850671007,39.40322013736379,0.1609971790826405,0.424165070310303,39.403220137363775,0.1562108222399253,0.4121166935399354,2.71333730560478,-0.6338014471628456,9.552887541346518e-06,0.0004440318610329,0.0008494130797603,-1.059859108094095,-0.2729948634494611,0.0035366075916516,0.0005856467435203,1508.0,8.4,50727218,2013 JB65,(-0.13316607804798253+0.11302228247692563j),(0.36907299271351085-0.2272789182589368j),6.470066330372782e-07,-6.470066330372866e-07,0.188852516398378,39.40259957478853,0.4007195749865855,0.1746632207391566,0.4483069398470443
1161,2013 JC65,39.37203527117713,0.2943277345347433,0.2607476672051114,2.26061777707632,-0.3929758970927965,39.40228914817727,0.258111455738537,0.2963269719149428,39.40228914817728,0.208978801960555,0.2914510553299952,2.0124078917449344,-0.3126237032614489,3.843727635769327e-05,0.0083121238518264,0.0028123975055374,-0.315255790633631,-0.3123878536585456,0.0005994839551143,0.0047124150680065,1123.0,9.3,50727230,2013 JC65,(-0.09444721048991071+0.25610872404836427j),(0.2797106995843462-0.07964564516258384j),6.508519216603133e-07,-6.508519216603122e-07,0.2943277345347433,39.37203527117713,0.2578030180640231,0.2729687786231361,0.2950931707836277
1162,2013 JD65,39.36952942093707,0.0936673546222586,0.2289930069605513,0.7247963943538629,1.6964458783731593,39.40728737563224,0.1005101456010797,0.2365445061967737,39.40728737563225,0.1003228397566294,0.2344089082550474,0.8813407446175021,1.697143087694834,6.788403978640703e-07,1.4946567106279228e-05,0.0002194319811934,-2.7938533054501327,-0.3968224871700075,0.0003825297495881,0.0016036035161342,2249.0,8.2,50727228,2013 JD65,(-0.07785577893644888+0.033394348673338445j),(0.01625509730776101+0.24384733780562073j),6.511054326525283e-07,-6.511054326525397e-07,0.0936673546222586,39.36952942093707,0.2269969328297967,0.0847154344680926,0.2468890485644385
1163,2013 JE65,39.35429525166764,0.2782933276207702,0.1131035381215982,1.1286720538107833,0.1348513021945226,39.40280357494159,0.2438043732011416,0.1798325638110521,39.40280357494157,0.1995318436923929,0.1785092991795915,0.9626315694502832,0.1932928288563651,2.8603537432445843e-05,0.0183349951407776,0.0015745429826684,-0.3530267788064961,-0.3410289955941172,0.0026019141254376,0.0069636865088585,1123.0,9.3,50727232,2013 JE65,(0.07774264509722091+0.2397592929824099j),(0.153982726108981+0.03227744458148034j),6.532257044630797e-07,-6.532257044630856e-07,0.2782933276207702,39.35429525166764,0.1128625478372397,0.2520484823166716,0.1579857022274696
1164,2013 JF64,55.42789424013904,0.4497363825038157,0.1257966891774559,2.2495917944521,-0.0498923374158589,55.38792126012079,0.4501092938498265,0.1232342260977036,55.38792126012077,0.4417000338791789,0.1229154630339058,2.098031032910766,-0.0414191255652641,2.999692968414043e-05,0.029282749897187,0.0006923404020588,-0.0361711006667841,-0.1291228546354502,0.007278454735766,0.0020300551101215,1122.0,9.3,50727077,2013 JF64,(-0.2717016031766605+0.3745306006763113j),(0.11869559222728679-0.010680709818016403j),9.75307854586233e-08,-9.75307854586233e-08,0.4497363825038157,55.42789424013904,0.1254651668786104,0.462703935591352,0.1194590904539921
1165,2013 JF65,39.388653560976486,0.1761791386081218,0.117704938140824,2.060280151901086,0.1085888697267646,39.40396600321839,0.1832054021893804,0.1136561539467354,39.40396600321839,0.1831763802891143,0.1134846571147134,2.084806698211738,0.1133004066327907,4.031855958960036e-06,0.0002926889580414,0.0003032412768184,-0.9348923388676624,-0.3600202330816583,0.0023863936022847,0.0015045084109715,1123.0,9.2,50727229,2013 JF65,(-0.10706101874789331+0.11731438408351844j),(0.16154503674563597+0.030613799657505675j),6.488362782943692e-07,-6.48836278294366e-07,0.1761791386081218,39.388653560976486,0.1174333367751695,0.158822940560336,0.1651701872472454
1166,2013 JG65,39.36549796664905,0.2493421662632546,0.2528384041244487,3.089196565958016,-0.4313378146276331,39.40257762477243,0.2456100813596623,0.2539395401944919,39.40257762477241,0.1806294165327273,0.2503310785706233,3.1186968172902403,-0.3836747749769794,4.43479615983218e-05,0.0099387189000792,0.0045675328806868,-0.3169257704485091,-0.3123042718014965,0.1542490394993158,0.0024836863583392,1123.0,9.0,50727233,2013 JG65,(-0.22982672761859557+0.08851329202588672j),(0.27002770608419413-0.08618904761355911j),6.518463746527395e-07,-6.518463746527389e-07,0.2493421662632546,39.36549796664905,0.2501531239667088,0.2462822112803359,0.2873890377330808
1167,2013 JH65,39.24908658408458,0.286215201551764,0.1173026847519144,1.8634584665397167,1.112396631860312,39.403167800618085,0.2879210751639394,0.1286704361585925,39.403167800618085,0.2490499957994399,0.1282999316695963,1.326228351815148,1.224931516726958,0.0001375398921359,0.0272076494353892,0.0012939663858906,-0.0875545765801541,-0.3921061629233583,0.0127782591552706,0.0129232931868636,1507.0,9.4,50727227,2013 JH65,(-0.2920230496899513+0.021474173018432713j),(0.09142115316338413+0.11872858825136567j),6.669549675333736e-07,-6.669549675333824e-07,0.286215201551764,39.24908658408458,0.1170338571808118,0.2928115463178413,0.1504141362900196
1168,2013 JL64,56.77577667205995,0.3669866039394729,0.4604209123525887,1.8507061893255925,-0.6289592015237022,56.77700702006304,0.3577438001658324,0.4669622773517434,56.777007020063046,0.3350084721962613,0.4513528771149702,1.587887827321912,-0.6260417324661368,0.0218231433673252,0.0155988204804922,0.0024990712196412,0.0749201330998891,-0.1259358434454559,0.002384375540126,0.0007839059229166,1451.0,7.5,50727079,2013 JL64,(0.1279454171913469+0.35164127320954575j),(0.3561689240692283-0.2637206708048543j),8.768825759572779e-08,-8.768825759572784e-08,0.3669866039394729,56.77577667205995,0.4443252271926366,0.3741946215603562,0.4591384167231065
1169,2013 JM65,46.77905417642313,0.1238011614237559,0.1691699470502773,5.425039313431891,-0.313254264180117,46.787979941770494,0.1143594495180296,0.1579896291194688,46.78797994177051,0.114516607716486,0.1574665389405706,-0.8528779029260865,-0.2988233407940062,2.655069321710217e-06,0.0034171931215693,0.0026441873792078,0.2700739039816243,-0.2886347607468714,0.0015990538345176,0.0022250992376889,4043.0,7.21,50727286,2013 JM65,(0.04911235837018059-0.11116956486492174j),(0.15654314962792126-0.05729797399043364j),2.2097259844128402e-07,-2.209725984412847e-07,0.1238011614237559,46.77905417642313,0.1683642033356707,0.1215347518076088,0.1674816589172908
1170,2013 JO64,143.269962095847,0.7547742796321789,0.1462996181819285,0.5241090597151903,1.5377064436488472,358.12342775534586,0.8754734515640946,0.1385091132371337,358.12342775534586,0.6731392485672093,0.1192397575239978,0.7512585816596784,1.4030248477946965,113.63245206386368,0.1858976491003298,0.0925197475269913,0.00359307843452,-0.0052265422946334,0.0086346382847073,0.0099025788031072,1395.0,8.2,50727206,2013 JO64,(-0.3911358160258533+0.7315353358419813j),(0.005701020305102181+0.1126283502412688j),2.550158019448002e-09,-2.550158019448002e-09,0.7547742796321789,143.269962095847,0.1457782871905432,0.8295367226130803,0.113012957010586
1171,2013 JP64,57.372875918120926,0.4357425374038903,0.2449343909636085,1.2851299025292615,1.837037511523038,-175.45402495354114,0.8550096313995699,0.2006115106831185,-175.45402495354116,0.7910411544818426,0.0782912053849529,-4.856007901914911,1.958693111175187,78.18562727924845,0.515443318760101,0.0600351257165686,-0.0026864130938663,-0.3091695856792557,0.0448190116138597,0.2743937941105198,2248.0,8.5,50727207,2013 JP64,(-0.44679839275354516+0.00926359394293444j),(-0.06067509832203758+0.2188499487728077j),8.375841606945162e-08,-8.375841606945155e-08,0.4357425374038903,57.372875918120926,0.2424926744915114,0.4468944147557572,0.2291041680213487
1172,2013 JQ64,49.0507565287332,0.5448572098077025,0.5866468839998137,0.581862239094014,-0.6536483039897356,91.64183233099855,0.64955783461406,0.6890373669443209,91.64183233099855,0.555675665797295,0.5439903354282944,0.5734701426690163,-0.4917373947349974,4.563431750483232,0.0593443700857795,0.083077073561628,-0.0027487648883968,-0.0281920248550105,0.0122561116719869,0.0007703309529655,2982.0,6.33,50727209,2013 JQ64,(0.5673698665486654-0.038838064834102896j),(0.418498763230887-0.3269829954470095j),1.732036651536258e-07,-1.7320366515362538e-07,0.5448572098077025,49.0507565287332,0.5535716599594235,0.5686976004411382,0.5598892478387902
1173,2013 JQ65,44.256734006091065,0.122101463945431,0.1221289698995377,0.8263772902873487,0.506636160360765,44.252882685292775,0.1263416958443388,0.1375467055480104,44.252882685292775,0.1258500408022344,0.1370448715278035,0.7789142614378266,0.4792228905843723,0.0011058790649098,0.0010864000737587,0.0016056076312157,0.3760281564793396,-0.410921587678769,0.0002412744204746,0.0014578694683666,711.0,8.2,50727278,2013 JQ65,(0.030600524378945473+0.1252328397334954j),(0.0983608408261454+0.05201794934850304j),3.002520114553577e-07,-3.002520114553582e-07,0.122101463945431,44.256734006091065,0.1218255940954999,0.1289172457042958,0.1114995795569614
1174,2013 JR64,77.56208316167833,0.5405830814302086,0.155007896819612,2.456502108028383,0.0397445969157348,77.98167448201622,0.5452803374555937,0.1485534113234788,77.98167448201623,0.4274082709139181,0.1158020143198494,2.8016449496904787,-0.2098914855847476,1.4888983339747688,0.0453876460184524,0.0141031925027165,0.1206151913630667,-0.1570654818971552,0.0186319670865486,0.0139446832127775,1141.0,8.8,50727208,2013 JR64,(-0.45008953680442504+0.3390033572751294j),(0.14329376967099594+0.00045531977965225165j),2.456035366189748e-08,-2.4560353661897472e-08,0.5405830814302086,77.56208316167833,0.1543879014351628,0.5634748152177087,0.1437894654672893
1175,2013 JR65,46.19922571009762,0.1894023766930236,0.1771916339893132,3.2430024319672666,-0.1894142110672836,46.200072770099325,0.1887063382049881,0.1700570271096577,46.20007277009932,0.1884773706275631,0.1692906178521332,3.23188264431645,-0.1800456261606028,0.0022666005536445,0.0001877312288932,0.0001198469964944,0.3076034331135273,-0.3570380177844953,9.772005608507904e-05,0.0001167252507583,731.0,7.9,50727282,2013 JR65,(-0.18852405897208646+0.02031044266888556j),(0.16797342705170956-0.03865368607984264j),2.361990468456684e-07,-2.3619904684566882e-07,0.1894023766930236,46.19922571009762,0.1762658778756192,0.1896149648438034,0.1732285892721463
1177,2013 JS65,40.57384835285897,0.0216160585276731,0.243037937937467,0.5318122097052864,1.75119785347164,40.57003065822965,0.0144605712000641,0.2596244758920167,40.57003065822964,0.013614037636393,0.2566185657459533,0.2342388067598559,1.723595603426198,8.009720927573097e-05,0.0005792335616599,0.0001247076227668,0.3780024638111125,-0.4809837910592267,0.0017175948529706,0.0018176531841559,1145.0,8.4,50727284,2013 JS65,(-0.31199211640310226-1.076534640221454j),(-0.35833892395150463+0.09507908731602407j),5.216582402135621e-07,-5.216582402135714e-07,0.0216160585276731,40.57384835285897,0.2406523894862091,1.1208326870208694,0.3798037435347283
1179,2013 JT65,46.61902768099546,0.197900201488115,0.1391237799207699,6.080572143021753,1.2691713775137003,46.62994721937884,0.2006831375411166,0.1462478533831804,46.62994721937885,0.2004174244247685,0.1456583287098261,-0.2397290200917476,1.248870671351047,0.0013697830192976,4.012861276798348e-05,0.0001964543782978,0.3310848240696257,-0.3686484598810545,0.0009187047956036,0.0014235513246433,683.0,8.0,50727287,2013 JT65,(0.09700697607849056+0.17733923767539486j),(0.03713268223954187+0.12593538704464113j),2.2506215159982082e-07,-2.2506215159982215e-07,0.197900201488115,46.61902768099546,0.1386754140486835,0.2021374745740705,0.1316758697971794
1186,2013 JX67,46.39117230757741,0.1281540016048081,0.1557051545230417,1.587781213002037,-0.0631075052930498,46.39385942050357,0.1299245645962547,0.1594650926042223,46.39385942050354,0.1298694095643143,0.1589160178449652,1.545830395764926,-0.0447198115830389,0.0022815580597211,0.0003423395614105,0.0003763609919443,0.2794259531552228,-0.309716102419966,0.0012402416741925,0.0002278584048596,2248.0,6.7,50831202,2013 JX67,(0.0068669569330573384+0.1317253809760748j),(0.15058988737540818-0.015331860469399397j),2.309501762218587e-07,-2.3095017622185745e-07,0.1281540016048081,46.39117230757741,0.1550767616509453,0.131904249707174,0.1519524364009099
1187,2013 JZ64,39.42029023502436,0.2326536800815199,0.1496544372653578,2.246707790447534,0.1962830085435584,39.402892878650384,0.2382306654279895,0.1399740641615757,39.40289287865038,0.2014338193683864,0.1357625379030066,2.5172010777670253,0.0120367671029432,3.86181333713021e-05,0.021918050482253,0.0036621407716914,-0.3772276724030008,-0.3379024105956487,0.0767696349246071,0.0132696021156588,1395.0,9.1,50727222,2013 JZ64,(-0.18706013981257233+0.12113257924252638j),(0.19145813838393583+0.04730346221421999j),6.447504878854147e-07,-6.447504878854231e-07,0.2326536800815199,39.42029023502436,0.1490964411202999,0.2228555533538396,0.1985165194256083
1195,2013 PS76,43.53312804397649,0.1411825903116973,0.0714319851880098,3.713340309524893,-2.9026263524098352,43.69206529354512,0.1579749650673004,0.0962833744470264,43.69206529354511,0.1226254203889342,0.0873944786920839,3.7897654395443374,-3.124380297858159,0.0216789595080675,0.0142355479426544,0.0087766725876465,0.6791487999890387,-0.5202419867175917,0.1459098097655873,0.009797271269159,1482.0,7.5,50790091,2013 PS76,(0.09986735660148002+0.11093566884531385j),(-0.07962315185078295-0.024843073277045487j),3.309322375914505e-07,-3.309322375914501e-07,0.1411825903116973,43.53312804397649,0.0713712533942331,0.1492655738498476,0.0835057969737541
1318,2013 SA101,47.74176258593508,0.2699737122268814,0.0477685232424839,3.6631252930788287,-1.1384054855753034,47.73390581673743,0.2717037647064495,0.0497722340165252,47.73390581673745,0.2715413351530442,0.0498051669722955,3.6313106454878894,-1.1072545250810686,1.0742725916811514e-05,0.00094157609308,0.0012484963882376,-0.4604164789750689,-0.2043429284296551,0.0027489176739484,0.0018735544537026,2279.0,7.25,50787138,2013 SA101,(-0.22181289992432254+0.1601957740168077j),(0.016914246002505136-0.04774771009060033j),1.9852621434901693e-07,-1.985262143490167e-07,0.2699737122268814,47.74176258593508,0.0477503586923662,0.2736122230195165,0.0506767522653397
1321,2013 SB101,43.64501776451159,0.1154955391293121,0.0087299814216851,4.813310772269162,0.2786631394591817,43.66896156413616,0.1146389429732491,0.0198934127641307,43.66896156413616,0.1148842935953871,0.017349480937764,-1.8495989850168773,0.5862237289309234,8.315771953561291e-06,0.00210442974794,5.675261599357237e-05,-0.111520561736508,-0.4367500983986762,0.0064959636092786,2.045768887368406e-06,1864.0,8.2,50787139,2013 SB101,(0.04512358732708428-0.09952996483465229j),(-0.0017274389555457514-0.005431537676005142j),3.2581281413443765e-07,-3.2581281413443977e-07,0.1154955391293121,43.64501776451159,0.0087298705330461,0.1092810689609692,0.0056996489935357
1324,2013 SC101,42.648775322576654,0.040226991729724,0.0120046008264207,2.4889209483191497,-0.347318842242482,42.65283447071387,0.0323370844889527,0.0249607174654258,42.65283447071389,0.0304927662182444,0.0202137681908948,1.5102991967165385,0.3248568963829061,3.049533728887164e-06,2.4192635340031377e-05,7.161518740116105e-05,0.4860668328446631,-0.4860551615516112,0.0015696691014072,0.0015705620986592,878.0,7.7,50787141,2013 SC101,(-0.018133281638292875+0.046653355188504345j),(-0.004858164961124503-0.014421863037525472j),3.750469541063495e-07,-3.750469541063472e-07,0.040226991729724,42.648775322576654,0.0120043124971117,0.0500534859257414,0.0152187312460874
1326,2013 SD101,43.34086826883478,0.0212803166538164,0.0288940611396241,0.094302527857204,-2.11628415089821,43.340505534350456,0.0248091462340914,0.0215300891281062,43.34050553435045,0.0237884363307639,0.0191560000258621,0.3335457735996647,-2.0425181771515355,0.0002142310565473,4.680293878649819e-05,6.903703305420209e-05,0.4414462028496006,-0.4390982041540011,1.7731153729879844e-06,0.0001514869468256,1486.0,7.3,50787145,2013 SD101,(-0.006720111564312483-0.010080129537557029j),(-0.02649127119878283-0.0330953259359193j),3.39841902571426e-07,-3.39841902571425e-07,0.0212803166538164,43.34086826883478,0.0288900408588692,0.0121148219520856,0.0424047826310512
1330,2013 SE101,44.12789321667909,0.0762907784953225,0.0139702981051428,2.229349011802704,2.719094426655802,44.12530119882241,0.0804530005605802,0.0180083716489286,44.12530119882241,0.0802065139386622,0.0154042874252555,-3.32105486027507,2.031723832258316,0.0024464262088547,0.0002211626144997,0.0001587498581444,0.4166987684957263,-0.4179669506976467,0.0013075971567786,0.0004949602853884,1486.0,7.7,50787148,2013 SE101,(0.019727994081883804-0.06763480528695316j),(-0.021075050694275052-0.0014149541833834017j),3.054000584274656e-07,-3.0540005842746737e-07,0.0762907784953225,44.12789321667909,0.0139698436808586,0.0704532514274459,0.0211240674533423
1335,2013 SF101,42.44141883198281,0.0533597682824659,0.0291702723919887,3.5614796908615203,-2.3083317572965605,42.43118292533703,0.0834702688746977,0.0584684360998449,42.43118292533701,0.0691862721656603,0.0549055159859889,3.1839422798645898,-1.885786596500968,4.861776271798757e-05,0.0173193571675324,0.0007582668115628,0.6743170857341934,-0.5260791093946008,0.0940296559746383,0.000108816155722,1486.0,7.8,50787146,2013 SF101,(0.020746578742307717+0.06519082055833686j),(-0.037765283469040595-0.03277314434233027j),3.866851048572346e-07,-3.866851048572407e-07,0.0533597682824659,42.44141883198281,0.0291661357138976,0.0684124521894958,0.0500238166765555
1339,2013 SG101,46.55486443857543,0.0559629540701327,0.0224588040311304,2.744380289936004,1.8124625840950168,46.533820710313584,0.0580460728911475,0.0277789064371362,46.53382071031358,0.0580889107031696,0.0275407135745049,-3.423446552203514,1.678487482348139,0.0065046333258393,0.0003907856804872,3.837677609203256e-05,0.3054598443619084,-0.3005579021444805,0.0001925493675761,2.18454163053373e-06,1486.0,8.1,50787147,2013 SG101,(-0.007747699329191206-0.05203290134659538j),(-0.009192357628299484+0.016284387375291153j),2.2668385875718563e-07,-2.2668385875718574e-07,0.0559629540701327,46.55486443857543,0.0224569160498945,0.0526065553656583,0.018700841623433
1348,2013 SJ100,43.5639707046998,0.0433442647250742,0.0239405663393184,0.9269842879027994,0.0949720516288617,43.5640367180294,0.0436399071907417,0.0266095771235299,43.56403671802941,0.0428491096580113,0.025037164287637,0.6797440946645098,0.2565746015032428,6.259824192661826e-06,4.838169359793434e-05,5.442977652430194e-05,0.4436797336478443,-0.4306893942018781,0.001940567636885,0.0013070585401438,2634.0,7.6,50787135,2013 SJ100,(0.02494331157178932+0.0452214898790695j),(0.013375472412496798-0.005698434829331188j),3.295145120165568e-07,-3.295145120165593e-07,0.0433442647250742,43.5639707046998,0.0239382794793961,0.0516444763653398,0.0145392680912909
1352,2013 SK100,61.91053661127199,0.2656846745804719,0.459820788266072,0.2674346618344305,-1.6355785382555044,61.89832430324861,0.2697306321367804,0.4565607084754842,61.89832430324863,0.2713440465171239,0.4425882613819762,0.2574044872752623,-1.6308606777820362,9.49957516831268e-06,0.001740892647118,0.0029029084585519,0.043644485969279,-0.0752395684109044,0.0013060579679646,9.52158743700845e-05,1487.0,7.6,50787127,2013 SK100,(0.05406051467811134-0.26225723278707236j),(-0.028218628373338342-0.45144280682957844j),6.053237125845119e-08,-6.053237125845119e-08,0.2656846745804719,61.91053661127199,0.4437875167155009,0.2677711623689059,0.4693693043287943
1356,2013 SL100,43.79008224513136,0.05944405434428,0.0354320997612733,4.294851957168375,0.6540144999878382,43.78706279450809,0.0664925617718319,0.0435994927360887,43.78706279450809,0.0658739206267626,0.0428147912592044,-1.823111871545509,0.5951652200500782,5.858597262340325e-05,9.194082410241106e-05,9.584349304085688e-05,0.4342444305578308,-0.4252383945157817,0.0019385352472873,0.0019166492406665,4107.0,7.7,50787136,2013 SL100,(0.016056862902693595-0.05029745685532537j),(0.018572444072299618+0.013939735480411995j),3.195370154912752e-07,-3.195370154912754e-07,0.05944405434428,43.79008224513136,0.0354246864513226,0.0527982671343408,0.0232238856103292
1359,2013 SM100,45.33251620127777,0.1257714226488281,0.0029776918741821,0.8359266486020722,-2.2355189956534183,45.32101441713407,0.1303996414993214,0.0139598689507148,45.32101441713408,0.1302559477984769,0.0108310323063377,-2.0951895671177554,0.728512772702536,3.026833742965721e-05,7.422066851675558e-05,4.146031061588837e-05,0.3876207489540114,-0.4063753155828955,0.001933826658152,0.001008896340317,1486.0,8.5,50787132,2013 SM100,(0.022745584333066542-0.11970276162930907j),(-0.007355161495903964-0.008410939980105543j),2.619923809168506e-07,-2.619923809168514e-07,0.1257714226488281,45.33251620127777,0.0029776874738259,0.1218446254388589,0.0111735181356033
1363,2013 SN100,43.63396542516331,0.0255388609555945,0.1046703753442536,5.827778314792317,1.561533647872065,43.63174374718573,0.0252363901433234,0.114764821402373,43.63174374718572,0.0245893216982928,0.1144971347223222,-0.5354814580967692,1.5101172410143655,5.392632053926748e-06,3.128848294741623e-05,0.000114018656637,0.4015152262891099,-0.3994372651001505,0.0016982451109609,0.0002450923587748,1865.0,8.1,50787129,2013 SN100,(0.013709722776599723+0.030807159709526168j),(-0.009172683765902658+0.09675537771710413j),3.26334543192393e-07,-3.2633454319239416e-07,0.0255388609555945,43.63396542516331,0.1044793538724044,0.0337199879593612,0.0973428613814365
1367,2013 SO100,45.83019233593618,0.144116738195888,0.049456592656837,4.943070632481746,-2.092477129283747,45.83558634030611,0.1368485364457871,0.0363851800543776,45.83558634030611,0.1367364161207765,0.035838982967003,4.936336407557653,-2.0887187840115007,0.000101574779971,0.0001552420143916,0.0009891521996139,0.3639384545661058,-0.3710147399811706,0.0017591705573487,4.0700989634274384e-05,1487.0,7.6,50787130,2013 SO100,(-0.1373065817228617+0.04536154635589881j),(-0.029250234475553312-0.04845120854110238j),2.467006452501574e-07,-2.467006452501587e-07,0.144116738195888,45.83019233593618,0.0494364336926914,0.1446055575426313,0.0566261566886591
1370,2013 SP100,43.77803494300765,0.1386468611326943,0.1479682387017411,5.091491574252063,-1.7356625783653523,18.693916047177414,0.5053530234754589,0.1412189882957299,18.693916047177417,0.4750661789460078,0.0918860369784445,-1.138067621892418,-1.1767994098489225,20.112633365499388,0.2539335046050305,0.0280076461352881,0.0006751020515615,-0.4897750132836278,0.3592291103185482,0.0786625333471698,1489.0,8.3,50787128,2013 SP100,(-0.13366973885622901-0.02198204847815783j),(-0.03371466658166727-0.15273995313438019j),3.200789788359093e-07,-3.200789788359075e-07,0.1386468611326943,43.77803494300765,0.1474288786025521,0.135465159879537,0.1570616073432442
1373,2013 SQ100,47.84713799158387,0.2534326399100739,0.2267061624686391,4.959265141114824,-1.6509554161222084,47.73340812417021,0.1845860444764243,0.2780848392224777,47.73340812417019,0.1312734160203708,0.2742871957823223,-1.3184548100517848,-1.6493982087701815,0.0006704913584243,0.0219178596703811,0.0091535799352869,-0.4423391767434313,-0.1972836260452824,0.2743611307764025,0.000315812355243,1489.0,8.0,50787126,2013 SQ100,(-0.2512925164852799-0.039950701365316324j),(-0.020464070933121283-0.22694370344889325j),1.9638764280714722e-07,-1.9638764280714584e-07,0.2534326399100739,47.84713799158387,0.2247691937148144,0.2544483982678715,0.2298839040422168
1376,2013 SR100,45.59120495137777,0.1801325486348904,0.4228310640897564,2.723791398378712,-1.6330987035602536,45.622243529291175,0.1859476256090057,0.4173602539691639,45.62224352929117,0.1863412180523271,0.4054245422561931,2.689093742397307,-1.6320687013401534,0.0083399401618744,0.0007504639272119,0.0005664876693854,0.1264340414721405,-0.2418563091144724,0.0003519466084139,0.000897758472678,1486.0,7.1,50787131,2013 SR100,(0.08473147281775928+0.1645877633956982j),(-0.031011052618606313-0.42135245818060346j),2.538809888248614e-07,-2.538809888248636e-07,0.1801325486348904,45.59120495137777,0.4103438288327244,0.1851176770204969,0.4361931197525904
1378,2013 SS100,43.9033195694283,0.0832021362824361,0.0180400658933898,3.899468298398987,0.4370776482448596,43.89592338357671,0.0873644269793823,0.0307962893431464,43.8959233835767,0.0867544629986172,0.0292535913530296,-2.2833653485689456,0.4962409427530228,1.5003668432963169e-06,3.762833366461128e-05,8.519120219474863e-05,0.4390980168947356,-0.4344208778736613,0.0005288716165471,0.0017168743144924,2630.0,8.2,50787134,2013 SS100,(-0.028529987106116057-0.07029369433023097j),(0.0072145776102196715+0.0001934306779021065j),3.146610332694345e-07,-3.146610332694356e-07,0.0832021362824361,43.9033195694283,0.0180390874041791,0.0758627947472744,0.0072172328434768
1381,2013 ST100,40.918987780205015,0.0644546715284521,0.2527198595305904,4.896037218672767,1.3994687585744556,40.9308767353169,0.0694399932567806,0.2685012996623958,40.93087673531691,0.068922748858302,0.2652328709531875,-1.30899856242447,1.3705961130101345,0.0022048704729839,0.0015661313767653,0.0002823883823258,0.3500105597792666,-0.4648498253301653,0.0016351747978298,7.042496717157845e-05,2306.0,8.28,50787125,2013 ST100,(0.09089006085633548+0.09673681384250112j),(-0.043892170946268884+0.2065424857169585j),4.918052661105365e-07,-4.918052661105289e-07,0.0644546715284521,40.918987780205015,0.2500383465882122,0.1327366351647768,0.2127561786202679
1384,2013 SU100,42.297263933480544,0.2303713817502453,0.1690479943612146,4.1694823979598326,-1.6653040745096328,42.27109537952542,0.2162853835175144,0.1747069017355831,42.27109537952541,0.1989331198487204,0.1739236876675,4.224817697831427,-1.5816275752824551,3.594774809793918e-05,0.0088164349734278,0.0012258683494431,-0.5153354687283046,-0.3384579698925202,0.0025975560400004,0.0023079539645455,1486.0,7.7,50787133,2013 SU100,(-0.18192554964632876+0.1539296272925528j),(-0.03555353691503561-0.17773434643446884j),3.950899945820494e-07,-3.950899945820546e-07,0.2303713817502453,42.297263933480544,0.1682439902869047,0.2383091181061754,0.1822629354368422
1386,2013 SV100,43.0672612337101,0.0337644085880632,0.0207418960642656,1.337792453313405,1.4363857632994577,43.069582306294485,0.0362730751475927,0.0442020084722323,43.069582306294514,0.0354724040370428,0.0430734977136928,1.584168026850055,1.139111930092938,0.0011548756019931,0.0005475661535362,0.0006613695451736,0.4548257697664579,-0.4555447903439375,0.000687352957169,4.037408414117637e-06,1864.0,7.7,50787143,2013 SV100,(-0.02861353400570168+0.02240117639542584j),(-0.010259536708030245+0.011516321445283122j),3.531125697748581e-07,-3.5311256977485776e-07,0.0337644085880632,43.0672612337101,0.020740408811557,0.0363393317521721,0.0154240921412368
1388,2013 SW100,42.6638365441596,0.0134001444675576,0.020091448865342,1.1836341767789182,2.2664490979537493,42.66369979080985,0.0154597851230936,0.0389486462839458,42.663699790809865,0.0113353934487986,0.0370356869741107,-4.079216318441006,1.7329137720390508,9.418153937232416e-05,0.0006309567404526,0.0001908926152481,0.4685446095325268,-0.4790141648507087,0.0031258606192858,4.408188543768251e-06,1486.0,8.2,50787144,2013 SW100,(-0.009192953508467425+0.008626059936819754j),(-0.02888639851454515+0.005140188055244207j),3.742328603604216e-07,-3.742328603604223e-07,0.0134001444675576,42.6638365441596,0.0200900971857608,0.0126063200119007,0.0293443807945012
1390,2013 SX100,42.765281586604296,0.0161220797751693,0.0169087640679539,1.6565448188001293,-2.2003783950368483,42.7661961282538,0.0301186987681597,0.0197494655611341,42.76619612825381,0.0286047961252184,0.0120843298768838,1.6132069496839845,-1.8023232647715144,5.587554876003061e-06,3.603018167417887e-05,6.0312027324477954e-05,0.4772260573078868,-0.4774401946310871,0.0016758838043236,0.0018359877088772,1486.0,7.8,50787142,2013 SX100,(0.017179338077643835+0.0036105365162840877j),(-0.025108221228826725-0.023584779239199126j),3.68663664205301e-07,-3.686636642053015e-07,0.0161220797751693,42.765281586604296,0.0169079583591033,0.0175546469836737,0.0344548149506257
1392,2013 SY100,43.28320606268152,0.1633727168704168,0.474407349986211,4.703926183974076,-1.694165601715095,43.27966130935416,0.1646251076076288,0.4709628413947694,43.27966130935416,0.1564391172984608,0.4543598454743463,-1.349706975083406,-1.6943290925076495,0.0021108684742571,0.0099530127657945,0.0012203687550335,0.1190258170538125,-0.2675598218239666,0.0037792619981714,0.0001054728076522,4072.0,7.92,50787137,2013 SY100,(-0.15982752444394188+0.0308651579450825j),(-0.06925047496849542-0.4717843809404486j),3.426293672588551e-07,-3.426293672588556e-07,0.1633727168704168,43.28320606268152,0.4568113275496628,0.1627805134064078,0.4970558529385374
1396,2013 SZ100,43.637006643438326,0.0700494719366815,0.1452021936029687,3.052636218456464,-1.5789097504538137,43.6701704068759,0.0820857476442626,0.1318489234923626,43.670170406875904,0.0719026947309779,0.1314405209044165,2.9744760324263284,-1.53003564139044,0.0008628566324166,0.0051152589117949,0.0020374119170823,0.4801284182731853,-0.4148328504651602,0.0159735330504067,0.0021593449513162,1486.0,7.9,50787140,2013 SZ100,(0.009050072731374127+0.0777635295231592j),(-0.01130978127758753-0.15273475923525226j),3.262551639423955e-07,-3.262551639423967e-07,0.0700494719366815,43.637006643438326,0.1446924985198423,0.0782883793442067,0.153758053440954
1399,2013 SZ99,38.28323560620729,0.0171572401853746,0.3403407135851506,0.8706688109487191,1.392369294588483,38.288109992027664,0.026443306821633,0.3584336269365459,38.28810999202767,0.0258024027810908,0.348613468744316,0.5171513693648904,1.3581266233610616,0.0046249117131269,0.0019898561537055,0.000522015722092,0.3197142723615899,-0.5189226602559432,0.0032169421646984,0.0016248652286355,2273.0,7.94,50775217,2013 SZ99,(-0.014928749296868379-0.003773888573879747j),(0.08441564894913209+0.34208060816097907j),8.16810168333534e-07,-8.168101683335341e-07,0.0171572401853746,38.28323560620729,0.3338082821000604,0.0153983697363327,0.3600728025009106
1498,2013 UA17,39.4543308195941,0.1503604908943197,0.0391679122101878,6.053489511458636,-2.106208183495161,39.40601426616461,0.1487058237283239,0.0324426107121876,39.40601426616462,0.1486648077593949,0.03148086697787,-0.2418968135015937,-2.066944127593798,2.2935393758388315e-06,2.1625745141497445e-05,3.897162523178355e-05,-1.4722970034633311,-0.4579078194801333,0.0015347224854829,0.0017094273562028,3030.0,8.89,50787153,2013 UA17,(-0.11135436296199905-0.13892038689867872j),(0.028095546700710468-0.014413890180237157j),6.415044848705354e-07,-6.415044848705312e-07,0.1503604908943197,39.4543308195941,0.0391578982305358,0.1780411976109776,0.0315824566330769
1499,2013 UA18,43.0284154404291,0.0182417587347447,0.1172410739861842,2.82462070791307,-1.641851269650488,43.02778940143669,0.0327156662909027,0.1088319048582056,43.02778940143669,0.0315780393598647,0.1085386263109633,2.4684622609450297,-1.5725201860979576,6.418541520779288e-05,0.0031846519845103,0.0008280743299007,0.4202399055751343,-0.4390873352487022,0.0010116934698178,0.0011207739046686,857.0,7.9,50787170,2013 UA18,(0.00986038786534959+0.027344694545862573j),(-0.021599594612785343-0.12600156851065974j),3.55049353672109e-07,-3.550493536721101e-07,0.0182417587347447,43.0284154404291,0.1169726695867729,0.0290681882590171,0.1281902981997257
1500,2013 UB17,62.50096987178554,0.2864457151426432,0.5751434515454175,5.455361993935554,-1.6525590391956997,62.54605840266391,0.3917432920566181,0.4991322295960198,62.54605840266392,0.3285774703411499,0.4215624670869076,-0.9515964987167462,-1.7012889880958266,0.0001219679493686,0.0154496214129393,0.0409589045176715,-0.06083796822654,-0.0744029246801019,0.0060647325978274,0.0019041412264324,1480.0,7.0,50787158,2013 UB17,(-0.22839230090893833-0.17743722420240937j),(-0.0445524427919244-0.5582578584716277j),5.818130343608256e-08,-5.81813034360826e-08,0.2864457151426432,62.50096987178554,0.5439551685203042,0.2892179310608786,0.5944254116562984
1501,2013 UB18,45.14895532642453,0.0330273637034479,0.0396418662214626,4.54036015172381,0.7973542769826661,45.14799212349199,0.0372157119969508,0.044516353522892,45.147992123492,0.0370363856569987,0.0442130225492881,-1.6257631629927831,0.7927227873936428,1.4206711175527944e-06,0.000176793779015,0.0002891233216228,0.3475214545514911,-0.3475210122771112,1.5024896483107552e-06,1.989138906643595e-06,3730.0,7.74,50787179,2013 UB18,(0.020676246605059855-0.022002242540884856j),(0.021818534941288596+0.02215725102809652j),2.680790977345096e-07,-2.680790977345089e-07,0.0330273637034479,45.14895532642453,0.0396314843200582,0.0301928112387894,0.0311015127009192
1502,2013 UC18,42.79650403783011,0.04232488802859,0.038840274074105,1.5107135228052757,1.3989452438285457,42.79654679855659,0.0478900878799543,0.0668569951190711,42.7965467985566,0.0471021367010354,0.0659846965535175,1.599843851333776,1.2426880153661986,1.1081320070071508e-06,0.0007614712198596,0.0004655416177646,0.4649279030775783,-0.4739955818184656,1.5680568238648398e-05,0.0004064387442883,828.0,8.3,50787180,2013 UC18,(-0.03787371821338548+0.0215671202450905j),(-0.008290909770046354+0.028424208412508235j),3.671494778039371e-07,-3.6714947780393714e-07,0.04232488802859,42.79650403783011,0.0388305092854305,0.0435839328993279,0.0296130227228288
1503,2013 UD17,55.48546887187451,0.3961511557353245,0.4614370735437322,6.022720557753438,-1.640645421362229,55.38790953884335,0.3334474187654469,0.5043742380014397,55.38790953884335,0.3102092212865948,0.4831782264284092,-0.3283782972786702,-1.8217613119349376,2.9010570497133057e-05,0.0213087149551481,0.0077678207496535,-0.0711479900343628,-0.1048276150196779,0.0022988284818735,0.0021644482753515,502.0,9.2,50787161,2013 UD17,(-0.13098948020502293-0.3818560086678706j),(-0.030544354926516613-0.4419430472146723j),9.707887449483581e-08,-9.707887449483573e-08,0.3961511557353245,55.48546887187451,0.44523534144391,0.4036982230331698,0.4589391808127068
1504,2013 UD18,44.96404046692346,0.0984954101521496,0.0301697946347405,0.7893867556831946,-1.207348019734359,44.96054951832397,0.1063745442851591,0.0277955143473623,44.96054951832399,0.1061995543042947,0.0268167834747263,0.5745273123885789,-0.939569252945837,0.0014543521329927,7.67707372105561e-05,0.0002298679495539,0.389733792935148,-0.3897907599210806,5.204942721920817e-05,5.429066017240708e-05,3043.0,7.57,50787182,2013 UD18,(0.09154378361375723-0.03497805729272278j),(0.004466690528124832-0.03446081911712754j),2.743348386888084e-07,-2.743348386888113e-07,0.0984954101521496,44.96404046692346,0.030165218002177,0.0979986163692906,0.03475608881888
1505,2013 UE17,43.07180786735032,0.0464291430882144,0.0150705037979813,0.5834268174763544,3.10892204910606,43.07098783212882,0.0511048563559169,0.0365234797844873,43.07098783212883,0.0497918448546209,0.0341416477432295,-4.086837226233958,2.063030194712154,0.0001244618284875,0.006035357126377,0.011170866254082,0.4535062192554565,-0.4623252242862233,0.0103069768696447,0.0021288311005103,748.0,8.3,50787156,2013 UE17,(-0.03668101570823321-0.014007439010798269j),(-0.02807470922257166-0.008532826071466793j),3.529708359033223e-07,-3.529708359033219e-07,0.0464291430882144,43.07180786735032,0.0150699333354429,0.0392645547667216,0.0293469868695909
1506,2013 UE18,45.31679870025594,0.0912622493452197,0.0412117695060298,0.0099218893380905,-1.852114479775592,45.31262214827338,0.0932068419832929,0.0341122822835147,45.31262214827338,0.0931716880076771,0.0336518977198726,0.0159790175310812,-1.8256291165044567,4.103168256162026e-06,4.165673921183311e-05,0.0005251640177916,0.3596534534922208,-0.3622037630009242,0.0018100941305604,0.0005572317105955,534.0,8.2,50787183,2013 UE18,(-0.023210163320935367-0.0834825665796354j),(-0.016972979968339443-0.04559364271686205j),2.6255367263185096e-07,-2.625536726318513e-07,0.0912622493452197,45.31679870025594,0.0412001047501151,0.0866490080965024,0.0486696210352536
1508,2013 UF17,39.44138961570046,0.2507827266836723,0.2968455665077811,2.526993890278286,1.5422395986546569,39.40348871992066,0.2415245075909683,0.318244121807937,39.40348871992066,0.1749154042064053,0.312155312371018,-4.263232722427142,1.4737741970216962,9.108862054711014e-05,0.0134858298756658,0.0150945745967406,-0.3721244508365501,-0.3723139540433413,0.1761016125149807,0.0026738634279904,2661.0,8.9,50787160,2013 UF17,(-0.159416413648581-0.23231822954289388j),(0.056045190701856165+0.30981541758087205j),6.421431812786142e-07,-6.421431812786147e-07,0.2507827266836723,39.44138961570046,0.2925051959629915,0.2817540642449017,0.320292143667554
1509,2013 UF18,46.43617559961154,0.1963365262917363,0.1824618837940877,4.770434574313772,1.6430196970265951,46.39555956976604,0.2020971431612062,0.1969233313830845,46.39555956976605,0.2011149915570046,0.1956947081465581,-1.4929087609305116,1.6364382073992003,0.0026697059568321,0.0023277954097205,0.000770146308927,0.2809566665943726,-0.3467771876195998,0.0035312009428382,0.0042734433576147,2661.0,7.5,50787181,2013 UF18,(0.1965848720548045+0.028980668652633778j),(-0.01697496280182887+0.17440752337125956j),2.297769889442147e-07,-2.29776988944214e-07,0.1963365262917363,46.43617559961154,0.1814511372849596,0.1987095646322985,0.1761410608178176
1511,2013 UG17,43.69425142612887,0.0744551390562664,0.1314773626734842,4.048015243568322,1.605657458926995,43.66834808492771,0.0980499287903461,0.1151672954416389,43.66834808492773,0.0750983551703194,0.1141630965970993,-2.1943310756006595,1.495499874922711,0.0007063561855163,0.0215293423351529,0.0271882884054164,-0.519550255798894,-0.4169589222755511,0.7009090187705251,0.0074910441914203,1867.0,8.3,50787166,2013 UG17,(0.06243476272205796-0.03607705299317228j),(-0.014467646058569497+0.12337443892678235j),3.2367632988532055e-07,-3.236763298853232e-07,0.0744551390562664,43.69425142612887,0.1310988971472933,0.0721086218758328,0.1245415277093541
1512,2013 UG18,44.77106215587717,0.1086230592306844,0.0117328248900226,6.122660842203795,-2.9334486654151126,44.77258916096164,0.103950620227276,0.0196228854413663,44.77258916096165,0.103823134535787,0.0178862670199822,-5.680266234931423,2.5931777864549943,0.0001342809856734,0.0001025881906072,0.0004266265616323,0.3954058077195769,-0.398974520445488,0.0008817805017493,0.0006578627474131,2276.0,7.8,50789738,2013 UG18,(-0.10714911661852021+0.0001262764600514178j),(-0.01808870984948259-0.008900016219191766j),2.8100809473433497e-07,-2.810080947343346e-07,0.1086230592306844,44.77106215587717,0.0117325557033666,0.1071491910276209,0.020161021340305
1514,2013 UH17,47.688998805735935,0.3022483724211263,0.1575104255013387,3.6623460554809615,1.4594355989139849,47.73366771733381,0.2242727812674206,0.2495170360250828,47.73366771733378,0.1771934458531684,0.2322715453545591,-2.884962443788318,1.50900677652835,0.0002711937004467,0.0154244899532993,0.0212055513494073,-0.1554298871234137,-0.1975462144183009,0.089387697202625,0.0021467658616492,1489.0,9.0,50787165,2013 UH17,(0.12246421658094414-0.2780593223744832j),(0.014305504350925348+0.14747551976226686j),1.9973443117247722e-07,-1.9973443117247648e-07,0.3022483724211263,47.688998805735935,0.1568599395586768,0.3038329657922938,0.1487152952239282
1516,2013 UJ17,39.51933393577124,0.1848994884263053,0.1130376621286089,0.2213444285541017,-1.468921209118082,39.40550465830823,0.183141601898236,0.0935018773125708,39.40550465830825,0.18267359901522,0.0931412912937573,0.1172923938293137,-1.4063550293007985,6.16900635510588e-05,0.0020060312520649,0.0063138187161531,-0.8539002936568159,-0.4789004526179531,0.0129748032764221,0.0028498111297665,3039.0,9.07,50787154,2013 UJ17,(0.050644832265961344-0.20806830676708463j),(0.06289680658239725-0.09081142534964938j),6.324006005049575e-07,-6.324006005049583e-07,0.1848994884263053,39.51933393577124,0.112797092506784,0.2141432215041349,0.1106918439955504
1518,2013 UK17,43.65537957225927,0.2859879479115091,0.4351237355168219,2.682400879349869,-1.5648649935973091,43.66669288234876,0.2296271532414801,0.4609430663760112,43.66669288234877,0.2087602667174422,0.4446433308200669,3.009590886631963,-1.6174701001762215,1.856769196925866e-06,0.0003797433624118,0.0002502445290953,-0.2348143348714306,-0.234814216389969,1.3560558918487732e-06,1.23301691218943e-06,1867.0,6.8,50787157,2013 UK17,(0.1287991785551273+0.2677748168182526j),(-0.007550367359940198-0.43039561219543165j),3.254331713422596e-07,-3.254331713422597e-07,0.2859879479115091,43.65537957225927,0.4215226101737385,0.2971406753013197,0.4450043809585531
1519,2013 UL17,42.71184905505255,0.0271743443612371,0.013741166079117,4.722874115995373,-1.4737255176877475,42.71088451454766,0.0221203264229273,0.018464781982822,42.71088451454765,0.0200571570970387,0.0070282845240911,-2.7732075428628256,-0.2896213715335828,1.5267119821533528e-06,1.1916530152546337e-05,8.712975832808637e-05,0.4773816205480446,-0.4791153469165897,0.0015417605295266,0.0007017650754185,1867.0,8.1,50787164,2013 UL17,(-0.023537780324202204+0.009432863715269022j),(-0.014268116782877696-0.02378149556124285j),3.7161125044724484e-07,-3.716112504472433e-07,0.0271743443612371,42.71184905505255,0.0137407336495156,0.0253575633778413,0.0277369061005174
1521,2013 UM17,42.47552596648526,0.0787258171974521,0.2225420300024653,1.8423501516677887,1.479252932390765,42.46480211889418,0.0687558757803812,0.2336336781684602,42.46480211889418,0.0677818271630574,0.2314946395119815,-4.343988181239208,1.461162628061146,2.282774499106462e-05,0.000359419080541,1.276533968432102e-05,0.3662959027936547,-0.4085727138312724,0.0005930511802978,1.68461459575169e-06,4745.0,7.85,50787162,2013 UM17,(-0.07351398795067877+0.00011777610894674224j),(0.0024533418913930266+0.20976093558040637j),3.848148660731835e-07,-3.848148660731834e-07,0.0787258171974521,42.47552596648526,0.2207096759142282,0.0735140822946487,0.2113451223515888
1522,2013 UN15,45.13277229598369,0.0541906811681438,0.0501053074921058,1.5764450933151704,1.5072215155909496,45.132914521375255,0.0521897309579744,0.0598976307716705,45.13291452137524,0.0520886316262883,0.05964636812039,1.62880609502825,1.44555650059005,1.0775784349401676e-06,0.0001209170696232,0.0001601526572349,0.3473607197236422,-0.3498693780491871,0.0001545808182796,0.0008755668628335,1452.0,7.3,50766586,2013 UN15,(-0.052767952705183606+0.007908738080291357j),(-0.0027132095816885388+0.04375369730496073j),2.685734791719225e-07,-2.685734791719223e-07,0.0541906811681438,45.13277229598369,0.0500843448785199,0.0533573328673683,0.0438517939797323
1523,2013 UN17,43.52276305604303,0.0253348480660062,0.0398483618240841,2.2556784141958666,-1.4335225977592858,43.523541272219546,0.0301702485517786,0.0297116347346338,43.523541272219546,0.0294011703661445,0.0283760310883343,1.990179059799184,-1.2311937209203736,6.414124501155865e-06,1.5556729825886698e-05,4.528349784994694e-05,0.4321712424810844,-0.4290755448057338,0.0001111184530161,0.0016156686574727,1867.0,7.9,50787159,2013 UN17,(0.01960670664977014+0.026959567891436144j),(-0.005180362003421031-0.047508591966789485j),3.314179855923466e-07,-3.3141798559234574e-07,0.0253348480660062,43.52276305604303,0.0398378168459056,0.03333528530766,0.0478084021800373
1524,2013 UO15,43.32490790779894,0.0486754032010491,0.0488986528473046,3.952205742823912,-1.15791615065587,43.32508705542061,0.0381338319055886,0.035041456988509,43.325087055420624,0.0373735433585478,0.0336957575604531,3.660946413458781,-0.9490791715310464,1.1917398967992943e-05,8.285171612106926e-05,7.925548009309993e-05,0.4437907008751208,-0.4415425650997111,0.0014024707494997,8.961441216010737e-05,1513.0,6.8,50766588,2013 UO15,(-0.04320652988373782+0.025699069410390123j),(0.00802473181661869-0.05318980453451292j),3.40581402690584e-07,-3.405814026905859e-07,0.0486754032010491,43.32490790779894,0.0488791684260074,0.0502717255836158,0.0538177184808076
1525,2013 UO17,55.00566345784762,0.3885111625978329,0.0540075149200967,3.856409855153175,1.29917233782174,72.73786243480322,0.4921882386400348,0.0864326876841943,72.73786243480322,0.3988456344959284,0.0737531654354502,-1.9952601203306424,0.7335126431865527,12.650930892387734,0.1201036931332611,0.025632677011561,0.3085241041179229,-0.3692672124777205,0.115684788616188,0.0505115702081073,1869.0,8.26,50787163,2013 UO17,(0.17018997986162718-0.3572620460139945j),(0.013869138757621599+0.04518327220160833j),1.0091144030254465e-07,-1.0091144030254477e-07,0.3885111625978329,55.00566345784762,0.0539812637905908,0.3957281879869143,0.0472815660655898
1526,2013 UP15,46.61295759400337,0.0790347052937477,0.0217648519695714,0.0027979910161359,-1.0219843950734526,46.60659447658439,0.0825981780976139,0.0186208547153003,46.6065944765844,0.0825590794834916,0.0181872268215266,-0.1475800168100303,-0.8372838290876371,1.711085075131542e-06,2.430552906516954e-05,3.4654391443283505e-05,0.3123048350077945,-0.3054054763004961,0.0014819968509693,0.0001414776036118,3015.0,7.54,50766583,2013 UP15,(0.04236037805280508-0.0641107658648156j),(0.00757676927760674-0.024023760716486542j),2.252107048097981e-07,-2.2521070480979762e-07,0.0790347052937477,46.61295759400337,0.0217631336433544,0.076841342573837,0.0251929111926635
1527,2013 UP17,43.8457041740196,0.0500905078503553,0.0120479291983503,0.5220571425572125,-2.830801267116325,43.84368379694948,0.0492535357984564,0.0158836721684765,43.84368379694948,0.0488651936771674,0.0129751758435108,-4.739827329232116,2.5462134299116923,5.427043693337882e-07,2.6436987178713248e-05,5.87282225844908e-05,0.4201962216512649,-0.4179466478064018,0.0019391288913229,5.710579143275934e-05,3315.0,7.7,50787169,2013 UP17,(-0.026925563788431677-0.029810278283710724j),(-0.020821129944606595-0.01112943064559365j),3.1768021848829826e-07,-3.176802184882983e-07,0.0500905078503553,43.8457041740196,0.0120476377357617,0.0401701216910924,0.0236111682963055
1529,2013 UQ15,42.76751436823229,0.1130479298486715,0.4739154879544144,0.2150314443492815,1.475567204330135,42.75813584514151,0.119974312105524,0.4756022446579454,42.7581358451415,0.1201937738148123,0.4579166648646423,0.2374354838459422,1.4762149155132192,0.0018753122888166,0.0009671347160093,6.080883057427367e-05,0.1142943410682797,-0.2676853709683179,0.0014954692347363,1.2649667958594971e-06,4351.0,6.29,50775216,2013 UQ15,(-0.01015149303248327+0.12438412860272718j),(0.02935562877731025+0.45594783773934433j),3.686002214957724e-07,-3.686002214957763e-07,0.1130479298486715,42.76751436823229,0.4563737297463363,0.124797693324229,0.4744978970762545
1530,2013 UQ17,36.56621839685644,0.0911955303682736,0.1998608293671365,4.910861870858084,-1.6518972573622563,-247.5314232588619,0.6872184142934146,0.2596812268092668,-247.5314232588619,0.684744587385214,0.0986033799162764,-0.287766831001476,-1.5136963479755643,129.36322919918968,0.3773699927626351,0.0922992708052076,-0.0024863625277104,-0.7092527161245159,0.0678537494018618,0.4200441782301907,4109.0,8.85,50787177,2013 UQ17,(-0.09220623601710184-0.02320459906658781j),(-0.000524847940478159-0.19307048849264968j),1.255457542388068e-06,-1.255457542388087e-06,0.0911955303682736,36.56621839685644,0.198532932385655,0.0950812461965164,0.1942912836876547
1531,2013 UR15,55.82317010014714,0.7191006134835422,0.3877537299347371,2.7809739967932448,1.585750278455558,-2075.2975610242534,0.9682986286978492,0.3975814178993483,-2075.2975610242534,0.9678948363305248,0.2101854165455023,-2.988678692319404,1.2762259742244264,1122.7903484797616,0.4339362935378072,0.1835262281470978,-0.0033903673228869,-0.0028562388807141,0.0060583553251068,0.0213867720598078,1568.0,11.1,50775207,2013 UR15,(-0.26447947970055524-0.7342153167884355j),(-0.004706309451881498+0.316419834241587j),9.447594490204461e-08,-9.447594490204477e-08,0.7191006134835422,55.82317010014714,0.3781098621725854,0.7803983127797108,0.3219899127660976
1532,2013 UR17,44.32031277292072,0.0730984625466749,0.0352097585532366,5.902125911717377,1.0567053550124068,44.32292760581191,0.0742580213920893,0.0416979917740055,44.32292760581193,0.0740668423285287,0.0411018809531812,-0.2955692538749542,0.9749057328939678,9.71571199533876e-05,6.955609573719729e-05,0.0001469709982481,0.3990947502310704,-0.4000904423888082,8.273448673141635e-05,0.0008473084298005,2276.0,7.6,50787178,2013 UR17,(0.058830655038476086+0.05190320048454502j),(0.009510061655471379+0.023702711473732124j),2.977804301733969e-07,-2.977804301733964e-07,0.0730984625466749,44.32031277292072,0.0352024839222173,0.0784537328161958,0.0255421547159922
1533,2013 UR22,44.010322298408845,0.0824031194207138,0.0049270059194952,6.088762877604712,2.1841493458888115,44.00806702612872,0.0772430086189212,0.0244528555681286,44.00806702612872,0.0769000712758612,0.0228303240738616,0.6243305919383919,1.242691927799638,6.274245116688667e-06,4.905079694188988e-05,4.988022365928359e-05,0.4216177198132668,-0.4222529186433271,0.0009970157912293,0.0004509363993307,2128.0,7.87,50831203,2013 UR22,(-0.03158075710807756+0.08221711310459297j),(-0.011562545994658655-0.0032615605470866175j),3.10187169375705e-07,-3.101871693757054e-07,0.0824031194207138,44.010322298408845,0.0049269859853565,0.0880738207799163,0.0120140414247469
1534,2013 US15,36.37882799850682,0.0698995097114978,0.0279823428136544,3.68454201340019,1.7689476809582407,36.43656980234415,0.0663024942421506,0.0239844238630934,36.43656980234415,0.0661094622292349,0.0049055203745109,-3.2221885341642165,2.298912331172393,2.1306552988894512e-05,0.000142247186345,0.402672279546563,-6.863404271591317,-1.0639387470386912,0.0078308929716316,0.3672002611162424,2276.0,7.9,50775210,2013 US15,(0.045909578505374235-0.06406766700817061j),(0.009622785994446484+0.03263438330154751j),1.3244743039829174e-06,-1.3244743039829869e-06,0.0698995097114978,36.37882799850682,0.0279786912072062,0.0788184962709322,0.0340301034344547
1535,2013 US17,42.55747243133346,0.0368746512590001,0.0236831746907534,2.410675922215733,0.2563406242765487,42.55986967448708,0.0321074551945417,0.0400104693527024,42.55986967448708,0.0300095128592613,0.0377275051218069,2.0766339083397454,0.3962412288844289,2.419774315676561e-07,0.0001856865603206,7.093989942491997e-05,0.488408504339391,-0.4892273638918304,2.0598000252137604e-06,0.0007332234773567,4081.0,8.06,50787167,2013 US17,(-0.027509887632179434+0.030358829243617637j),(0.0058762579059893905-0.004703425424284085j),3.803534372224828e-07,-3.803534372224853e-07,0.0368746512590001,42.55747243133346,0.0236809607992922,0.0409689203003724,0.0075268643917323
1536,2013 UT17,43.02639336527893,0.0264207395635633,0.0636913690697385,3.972984827130304,-1.548999266481579,43.02646703856614,0.0146387272225665,0.0487023634288643,43.02646703856614,0.0119391309512653,0.0476842143558213,3.5213412462388525,-1.3859003912597774,5.894492537383247e-06,6.475521216517956e-05,2.879838868163788e-05,0.4483982311420773,-0.4531865814189884,0.0024199238229108,0.0008448212662312,1864.0,7.7,50787176,2013 UT17,(-0.016949842203402964+0.02788897794209953j),(-0.011916322536078567-0.072798220565929j),3.552273057930177e-07,-3.5522730579301173e-07,0.0264207395635633,43.02639336527893,0.0636483161693462,0.0326357509699895,0.0738341294338186
1538,2013 UV17,39.4224788909852,0.1808904496847139,0.0247143449169635,4.451159015927058,-1.60476262865148,39.40424719890768,0.1856303330387927,0.0179859795165928,39.40424719890767,0.1856434165400551,0.0175507205658218,4.323215183765508,-1.4541843927968718,9.87271830064661e-07,3.285603600362997e-05,0.0004313333656176,-0.9204841937167684,-0.3828508855266427,1.6758171557552203e-05,0.0019362819509511,3010.0,8.3,50787168,2013 UV17,(-0.18151440264772334+0.02329518711514542j),(0.046066813112439875-0.005928424797424524j),6.44577456014348e-07,-6.445774560143598e-07,0.1808904496847139,39.4224788909852,0.0247118290782446,0.1830031259604312,0.0464634328164616
1539,2013 UW16,44.35312301419541,0.0732259026097753,0.0171307061760433,1.6739992802879256,-1.4306027425093737,44.358730898838175,0.0794793063058679,0.0140668281396346,44.358730898838175,0.0791589240371994,0.0107235108327917,1.208298474306762,-0.9492732912626092,3.609458982817399e-05,1.4539764453420802e-05,0.0002001022098677,0.4062244538465778,-0.4040060704996153,0.000737860803051,0.0001992395581418,1452.0,7.3,50787150,2013 UW16,(0.07284523558636496+0.023780514487766448j),(-0.005301296691179364-0.023818959441427912j),2.965617994684135e-07,-2.965617994684126e-07,0.0732259026097753,44.35312301419541,0.0171298683223744,0.0766285926853409,0.0244041963311322
1540,2013 UW17,45.31953963811423,0.0136685058635306,0.0093337337908263,2.0340714140067213,-0.9846849040042518,45.32013056232346,0.0146940751775839,0.0076455637861717,45.320130562323456,0.0142724796976032,0.0042133334051303,1.390639512601945,-0.4727814033680141,1.75082759242861e-07,0.0004110818324678,0.0034276664593637,0.3428454590570669,-0.3386478577903998,1.7694759758228143e-05,0.0004935079337299,1489.0,7.6,50787173,2013 UW17,(0.008083828564019449+0.01640237025400737j),(-0.00039070340623006353-0.013861677315751227j),2.624956686500704e-07,-2.624956686500692e-07,0.0136685058635306,45.31953963811423,0.0093335982678008,0.0182862252584288,0.0138676268586722
1541,2013 UW18,39.33384589185082,0.2020492142298471,0.1122825333807421,4.7031046923160975,1.4692399011616164,39.405663432033776,0.1818600863912841,0.1390118735433542,39.40566343203376,0.1554556555031128,0.1376246450717833,-1.052959135625136,1.4311213773804692,4.594841901050429e-05,0.0198167460871943,0.003971052163713,-0.8882239426870148,-0.5045035386219248,0.0157076790100841,0.0047727018858591,2607.0,8.5,50799716,2013 UW18,(0.19468778800692377-0.050252163323563775j),(0.054746246441618296+0.12755676723854092j),6.557418208687588e-07,-6.557418208687584e-07,0.2020492142298471,39.33384589185082,0.1120467508696694,0.2010686815934471,0.1392584590874518
1542,2013 UX16,39.23027515312184,0.2379492219068101,0.0725898862081209,3.84950004180517,-1.5926148460901686,39.4039623953982,0.2256989220822491,0.1075035243025564,39.4039623953982,0.1639974549915833,0.1072797327365588,4.132218773231944,-1.7739558636380464,7.961642433456887e-05,0.0104798965349473,0.0075918747647491,-0.544156170410681,-0.3990108012784046,0.0605707158427018,0.0027869905693241,1489.0,8.0,50787152,2013 UX16,(-0.15848627288271636+0.15952453054574256j),(0.03851325910327298-0.055936699955329634j),6.69434721703125e-07,-6.694347217031375e-07,0.2379492219068101,39.23027515312184,0.0725261534557331,0.2248687940513187,0.0679653865903639
1543,2013 UX17,39.509662670686055,0.1374389962510694,0.0540982529439965,3.652831965313577,-1.8776266284369,39.40630362553722,0.1377153636616699,0.0487178984294497,39.40630362553724,0.1376614398345847,0.0482005259609976,3.6078064983449454,-1.831338953970966,1.2939075768100975e-05,0.0003105995594265,0.0006917067680641,-1.7272331244660013,-0.453200865626376,0.0155740567913033,0.0015390943379168,857.0,7.8,50787174,2013 UX17,(-0.036225766454156726+0.10321294118796115j),(0.03469785873686221-0.03095630004168133j),6.337077897019283e-07,-6.33707789701946e-07,0.1374389962510694,39.509662670686055,0.0540718692914412,0.1093856360947845,0.0465166005996681
1544,2013 UX18,43.59612010177499,0.0572693743974628,0.0282065541997081,2.961346675947155,-0.886917053326411,43.60303093908269,0.0489286014903373,0.0194912117829052,43.603030939082686,0.0470465254395351,0.016965399848975,2.3536312857647257,-0.5244460584363215,2.7747241823032424e-05,1.6118478647206916e-05,2.133352719326431e-05,0.4685900635230284,-0.4320531231871664,0.0009928396126312,7.470626348794477e-06,2276.0,7.1,50799718,2013 UX18,(-0.02535099536153004+0.05826026583182811j),(0.007506589235982882-0.02975300072914914j),3.279968410660951e-07,-3.2799684106609525e-07,0.0572693743974628,43.59612010177499,0.0282028141138069,0.0635368518311664,0.0306901549911554
1545,2013 UY16,44.002379419765326,0.0961965639304302,0.033795278583853,4.594178555328567,-1.682853841710745,44.007481492484175,0.0872759612669969,0.0187431736717453,44.007481492484175,0.0868329047417664,0.0153469589311652,4.381442693533502,-1.504051982793372,6.298783524719659e-06,6.558643167375695e-06,0.000112713292262,0.4297058306512706,-0.4299073072330016,0.0009346882027109,0.0005793893314907,1489.0,7.6,50787151,2013 UY16,(-0.09180655891301424+0.028870849976398955j),(-0.012526857914952368-0.04079647707742969j),3.104991956936789e-07,-3.1049919569368004e-07,0.0961965639304302,44.002379419765326,0.0337888459024662,0.0962391304917521,0.0426893601138873
1546,2013 UY17,44.32351318486278,0.0529907823273342,0.0771030233000218,4.298921690005566,-1.723220666798534,44.32311151456271,0.0429295676908766,0.065764529302403,44.32311151456271,0.0427099609372045,0.0655464886121846,4.171353592102241,-1.6850897265081834,2.214574105530972e-05,0.0001993141438278,0.0002691960451623,0.3780469997102846,-0.3828238456984844,0.0003377316320798,0.0019173304385837,857.0,7.4,50787175,2013 UY17,(-0.04299437776435791+0.03456524000434127j),(-0.0194660001133993-0.08304507064278802j),2.976465501298906e-07,-2.976465501298917e-07,0.0529907823273342,44.32351318486278,0.0770266513499263,0.0551658620516531,0.0853997749451076
1547,2013 UZ16,44.61188731087452,0.2778774708027169,0.194902167328402,1.88350808575148,-1.6151500427379926,59.30225134150501,0.4243884866334587,0.2787172691013901,59.302251341505,0.3345312711034423,0.2476267317016735,2.565694908831735,-1.3195257453681282,5.220421867416193,0.0195327573427299,0.0179670179406729,0.1773671036265179,-0.2230463077518437,0.0104673485856207,0.0058526981166283,1480.0,7.8,50787149,2013 UZ16,(0.27219651617986984+0.08002577587772718j),(-0.015475607030110613-0.1971601003191811j),2.8681288605742613e-07,-2.8681288605742825e-07,0.2778774708027169,44.61188731087452,0.1936705555208058,0.28371652793817,0.1990789210288725
1548,2013 UZ17,47.53166061342106,0.1760571207437679,0.1260548979436409,6.013666631856775,-1.7074089195824158,47.735709744829805,0.1406642947191712,0.1313933073504695,47.73570974482983,0.098110481250762,0.1285947657917544,-0.7074817476889772,-1.7316242351073157,0.0178208109253794,0.0082570618255849,0.0073335360506616,0.5115272717951042,-0.2968822837097531,0.1595100868742918,0.0048955962517831,2661.0,7.9,50787172,2013 UZ17,(-0.06908736262196037-0.159734339132855j),(-0.019915359617589383-0.12904827051707712j),2.0323238134326906e-07,-2.032323813432695e-07,0.1760571207437679,47.53166061342106,0.1257213311003315,0.1740348320660786,0.1309498771623581
1829,2014 UA229,35.02762500042742,0.3760748610377459,0.5424738271602835,0.2727722199480267,-1.4699328093461004,-41.81506901248588,0.95751857106423,0.2596879232744824,-41.81506901248588,0.925362272491852,0.119439103141289,-0.1053654049415309,-1.1186424004341962,18.941432329011995,0.7202881646200898,0.1038392483036448,-0.1393442737029819,-0.4647297349990409,0.1389722995559793,0.3667725291839831,1072.0,11.4,50790113,2014 UA229,(0.14645004237289166-0.37757521463427474j),(0.06465876744182134-0.50859419777316j),2.0741964364989394e-06,-2.074196436498807e-06,0.3760748610377459,35.02762500042742,0.516256239311216,0.4049822929674091,0.5383124489940178
1830,2014 UA230,55.33194626846471,0.2318530005830099,0.2268139276942105,2.4180562515612785,-1.814876916910532,55.38926460581149,0.2219448347855046,0.2345625157662927,55.38926460581151,0.2208360809760538,0.2318484475030291,2.287754054729333,-1.7402519538348722,2.8822724469724164e-06,0.0003341972861786,0.000550811847841,-0.1761070164783487,-0.1220913499341738,0.0014608436315414,1.0463405022843133e-05,1478.0,6.5,50790137,2014 UA230,(0.19245176333323707+0.13322261391697948j),(-0.053926776193815154-0.22136476865093607j),9.827409065614685e-08,-9.827409065614693e-08,0.2318530005830099,55.33194626846471,0.2248742001419584,0.2340639785805258,0.2298573899288039
1833,2014 UB228,56.92135077792342,0.3290657444584669,0.1417122348481707,0.6907127337536325,-2.1090156252361094,56.85562790880391,0.3335099038587722,0.1295990149818725,56.85562790880391,0.2526655099621842,0.1281025732986129,0.9105191462768892,-2.0497917176667,4.4257175379969e-05,0.1054209831315111,0.0050785420774692,0.1299318063357629,-0.1843496827349619,0.0267744298870279,0.0049234643645056,1483.0,8.0,50790092,2014 UB228,(0.05086687951303586-0.32922320044729025j),(-0.07027625891737962-0.12291505918885191j),8.670184929647058e-08,-8.670184929647054e-08,0.3290657444584669,56.92135077792342,0.1412383915991275,0.3331296371446863,0.1420643313236449
1834,2014 UB229,39.559360050939794,0.2632006037452326,0.0864427133759583,5.231753790230626,-2.287774350430957,39.40333518719948,0.2613689784302748,0.0923171537691465,39.40333518719948,0.2612666963499933,0.0919510610279424,5.124381633179981,-2.212105758681218,1.414361302434036e-05,0.0005145647457089,0.0004507273582782,-0.2350141396514548,-0.3763871114949509,0.0021542508405378,0.001985316415337,1482.0,8.3,50790109,2014 UB229,(-0.2690140957950998+0.01919219072450854j),(-0.0022427807507010913-0.042479520633198604j),6.278598246052594e-07,-6.278598246052579e-07,0.2632006037452326,39.559360050939794,0.0863350986608794,0.2696978381842558,0.0425515249003275
1835,2014 UB230,49.6722944188185,0.2766750712123035,0.2091346646623855,0.945546605035422,-1.951322828536583,49.31724364784987,0.2866198423691412,0.1977553896183707,49.31724364784988,0.2798612663368014,0.1903896859361636,1.20898566214906,-2.298866196223162,0.1807541882868182,0.0118463431138781,0.0070610446180903,0.2811794846627908,-0.341488515293019,0.0048622667893217,0.0032948306500649,1454.0,8.34,50790141,2014 UB230,(0.1501021217370108-0.23427223342829193j),(-0.07757535565165788-0.1949082239149013j),1.6267484937882845e-07,-1.626748493788285e-07,0.2766750712123035,49.6722944188185,0.2076134971920029,0.2782339416847493,0.211348736453353
1838,2014 UC228,44.954271410322605,0.0474621707990199,0.1099585644524451,2.75374809474766,-2.2191936904378746,44.95716606085361,0.0704565647839712,0.1164730959394094,44.957166060853616,0.0704377162937646,0.1163387672589448,2.7843476061111385,-2.232460252369084,0.0005743156311914,0.0039537326069923,0.0024475581151378,0.3318324951848826,-0.3508430629515613,0.0011558281526703,0.0018096033678436,1482.0,7.5,50790093,2014 UC228,(0.042271357770686836+0.029251230121972865j),(-0.07258557680356251-0.09388868050736746j),2.746678296363054e-07,-2.746678296363058e-07,0.0474621707990199,44.954271410322605,0.1097371156277828,0.0514052735760254,0.1189553227029164
1839,2014 UC229,45.5357060879793,0.1124202858894157,0.0872065780768805,5.928017445717209,-2.5122552622167804,45.53777667407236,0.1048559756221485,0.0763883125352971,45.537776674072354,0.1049155296491682,0.0762455190661138,-0.3227346632420294,-2.5411908099571376,1.7286834342025448e-05,0.0003793206984639,0.0005920149969131,0.3427556358632126,-0.3522252961992932,6.400454661850332e-05,1.0605615214326796e-05,1482.0,8.1,50790116,2014 UC229,(-0.10719196073111116-0.026220442910362397j),(-0.07543967063145664-0.05710900469022521j),2.5563735559589124e-07,-2.556373555958916e-07,0.1124202858894157,45.5357060879793,0.0870960859472698,0.1103522907410428,0.0947598378337891
1840,2014 UC230,45.111375959106326,0.1191621602982988,0.0648118840277639,0.5946209911269165,-3.1230386117664635,45.10720258862854,0.1144048024050638,0.0607581503117657,45.10720258862855,0.1142338209391596,0.0605172225184082,-5.588579558021705,3.08582802340377,0.0001527404948121,0.0001322997087728,0.0004444290006333,0.3802540249547873,-0.3827723309589974,0.0001363269103389,0.0018365475245759,1459.0,8.1,50790142,2014 UC230,(-0.096262929395121-0.06393159620422643j),(-0.07049000435447975-0.007420320940541385j),2.692316561158807e-07,-2.692316561158786e-07,0.1191621602982988,45.111375959106326,0.0647665189694606,0.1155586455828827,0.0709389715808554
1841,2014 UD228,54.88585765150583,0.3304961791900297,0.1439112158964669,6.164150312420982,2.544359028236,54.47948486255222,0.3372454286666352,0.1576789177991946,54.47948486255223,0.3308611824245248,0.1566871043263033,0.1540021309872186,2.4439481912783374,0.0416954775986431,0.0093306155278642,0.0047836909534759,0.2365338448043377,-0.2580860458689436,0.0017168147739494,0.0015998928499694,1482.0,6.1,50790090,2014 UD228,(-0.25263585660001053+0.2208951212311909j),(-0.11556660752831893+0.07380077290625237j),1.0188203319118518e-07,-1.0188203319118529e-07,0.3304961791900297,54.88585765150583,0.1434149859783931,0.3355883350531773,0.1375544687268988
1842,2014 UD229,36.39462409677125,0.1453002009715966,0.1312365944846912,2.09567882392388,-2.10704464368255,36.42911841666637,0.1455370542851269,0.1203866892445345,36.42911841666637,0.1450867897976638,0.1200959657433266,2.0989413430623367,-2.1598870717352243,1.5217441832370183e-05,0.0001177731894454,0.0035918122565709,-1.5883202338567437,-0.5757889879517353,0.0167187291859375,0.0014417735373701,3398.0,8.73,50790123,2014 UD229,(0.14435148281317473-0.014146989618230408j),(-0.051480177011113175-0.1068860710157023j),1.3180581719756324e-06,-1.3180581719757446e-06,0.1453002009715966,36.39462409677125,0.1308602031601483,0.1450430553512321,0.1189175123129155
1844,2014 UE228,57.93794883613266,0.4023047786199561,0.1708420860463364,3.5425740219575967,2.3126126584894275,57.82365423445086,0.3973382506312663,0.1793582498919744,57.823654234450885,0.3375549413167456,0.1775947664121545,-2.873237730541793,2.384106386955094,2.8199825009733024e-05,0.069487101419299,0.0007310873289876,-0.0617549417203872,-0.122617548597409,0.0048307915481025,0.0033556561312359,1482.0,8.4,50790095,2014 UE228,(0.37415304737657157-0.17006332003975275j),(-0.1099243528189736+0.11557962022609537j),8.025608716702837e-08,-8.025608716702834e-08,0.4023047786199561,57.93794883613266,0.1700122361642531,0.4109890943615394,0.1601897430611638
1845,2014 UE229,42.91757183091538,0.0352763560005156,0.1250368470845223,3.349584093527543,2.4667548083299,42.9141527003401,0.0498865711463999,0.1369611652082061,42.91415270034011,0.0494613231219936,0.1365353281613162,-2.896476432861464,2.4267436606751254,0.0002596859336563,0.0001813379584692,9.607100806443598e-05,0.3991943350188267,-0.4367868901730003,4.5376020925272725e-05,3.2328227693693455e-05,1482.0,7.9,50790119,2014 UE229,(0.03463134958599205-0.004812340934117965j),(-0.11156278296774232+0.06859843258297016j),3.6073046959725954e-07,-3.607304695972642e-07,0.0352763560005156,42.91757183091538,0.1247112928918907,0.0349641101618985,0.1313429490528908
1849,2014 UF228,39.54949301713906,0.2202886161986776,0.2260254745511051,0.8348779782458831,-1.8521173814041487,39.40346431799496,0.2497009099942322,0.1745736790056736,39.40346431799496,0.1982309082846204,0.1734648808195486,1.3299631998235584,-1.8551104946422647,4.85297695178244e-05,0.033792205560047,0.0123420917585745,-0.241682141883032,-0.37603927340946,0.0629754589998957,0.0034156736679512,2269.0,7.9,50790099,2014 UF228,(0.10797442155450379-0.22121977073499707j),(-0.008870693836709749-0.19274954757442775j),6.290728419081802e-07,-6.290728419081942e-07,0.2202886161986776,39.54949301713906,0.224105871196813,0.2461638939285661,0.1941713899182567
1850,2014 UF229,38.15393644055054,0.092453575396265,0.3500746049337416,5.826950748121785,1.9968042552891807,38.14238133719669,0.1034972033081069,0.3594551870606063,38.1423813371967,0.092306983214773,0.3491820378394183,-0.1908254561293092,1.9457265317506705,1.754176343024203e-05,0.01021255779667,0.0019303161551445,-0.5213862063176461,-0.5213974035046756,0.0002951883990181,0.0006415519787385,850.0,8.4,50790128,2014 UF229,(-0.000961071821599449+0.07616949504988269j),(-0.1204363127106205+0.32479243909540895j),8.407326781038975e-07,-8.407326781038685e-07,0.092453575396265,38.15393644055054,0.3429678883401202,0.0761755579907385,0.3537339647830394
1853,2014 UG228,54.97829445486014,0.3112561452628071,0.0862610700992301,2.103679478446436,2.8354079114529105,55.013558865867,0.3132731627493549,0.0872096791024629,55.013558865867004,0.3005688644430758,0.087130318562826,-4.133719829033259,2.8176097216998715,0.0092577968257698,0.0147370353056577,0.0001972535037535,0.2850478764436479,-0.2510748823270122,0.0081615367551947,0.0023228690970523,1482.0,7.9,50790103,2014 UG228,(0.07106043547309952-0.306327500873324j),(-0.08019832441555245+0.02058602036456773j),1.0112613105766788e-07,-1.0112613105766784e-07,0.3112561452628071,54.97829445486014,0.0861541321887831,0.3144616403966036,0.082893179581478
1855,2014 UH225,38.64045202556001,0.0370254252161308,0.5223973587763909,6.06906680737619,1.8487542064650555,38.64708579846292,0.035149363485516,0.5280208327566531,38.64708579846293,0.0352075119804226,0.5042034369606122,-0.1306186428942026,1.8555946483081576,0.0007952024292672,0.0014126522238011,0.0004034694577168,0.13787399849419,-0.3476032976495486,0.0015568383587472,7.427784916171555e-05,3010.0,7.45,50775212,2014 UH225,(-0.007071702626373697+0.017618614618256354j),(-0.11335989437163657+0.5069433299433506j),7.55535220253327e-07,-7.555352202533288e-07,0.0370254252161308,38.64045202556001,0.4989591819114419,0.0189848507790421,0.5462226096628369
1856,2014 UH228,47.62473535012767,0.3258001901929727,0.0817703575770954,1.4139522639124813,3.083825773504347,47.733032818205054,0.3247015126640556,0.0968258733935665,47.73303281820508,0.294694098296232,0.0963301159688781,-4.427050533187047,3.00370315115435,1.2756003002328818e-05,0.0309478015360405,0.0025999132002178,-0.3462959194984841,-0.2066194746371904,0.01119121891765,6.68452159264264e-05,1482.0,9.4,50790105,2014 UH228,(-0.06961596866860459-0.32021469018956117j),(-0.08217040925894382-0.0006194343397410247j),2.011263415168203e-07,-2.0112634151682045e-07,0.3258001901929727,47.62473535012767,0.0816792632680555,0.3276947221223814,0.0822655027881589
1857,2014 UH229,43.96780700938512,0.0731233717814587,0.1575537774955055,2.1465190738740887,-2.062577436782692,43.9688982300932,0.071012851790839,0.1471960249641681,43.96889823009321,0.0709013709848575,0.1466016438114349,2.155061856736955,-2.0439619659913464,2.318769837774102e-06,0.0002096378578674,0.0001227490837724,0.348753584438759,-0.385091051546245,0.001167428867149,2.04047845547972e-06,850.0,8.3,50790118,2014 UH229,(0.0748984079267494+0.013161086325628367j),(-0.08309974379085411-0.14589572599769532j),3.1200876817004094e-07,-3.120087681700432e-07,0.0731233717814587,43.96780700938512,0.156902754744942,0.0760459446863039,0.1687012159510719
1859,2014 UJ228,42.91279775610938,0.0952447606081875,0.254812213124484,3.9433158143551457,2.08421100553418,42.914287272499465,0.1000305825502827,0.2626023635791123,42.914287272499486,0.0999087922203477,0.2596849982014517,-2.349662470162892,2.0810602978857595,0.0002513463285355,0.0003240355958215,0.0001541090750922,0.281795774965668,-0.3803971979338943,5.128845864805647e-05,1.8417340867482173e-06,850.0,8.4,50790094,2014 UJ228,(0.09538680120895945-0.013026797148554866j),(-0.13858660126572808+0.21139672100392634j),3.609616101538378e-07,-3.6096161015384113e-07,0.0952447606081875,42.91279775610938,0.2520636897210174,0.0962722145212581,0.2555465491818427
1860,2014 UJ229,41.38176632711355,0.0960151162935648,0.3792646645010243,3.838310841139153,2.0667835084304875,41.373888212894975,0.097974851807245,0.3855128921786966,41.37388821289499,0.0979895335483106,0.3759965968405987,-2.452163044806683,2.079747651721749,0.0002121909971088,0.0001889311124882,2.138471153371843e-07,0.2015034137626201,-0.3569139072011447,0.0004179198692182,1.6163865430473713e-06,3047.0,8.09,50790127,2014 UJ229,(0.09970600288608025+0.0018059861168120278j),(-0.2214167928949265+0.3089773159196464j),4.5556232341778454e-07,-4.555623234177852e-07,0.0960151162935648,41.38176632711355,0.3702374891196033,0.099722357560244,0.3899276862347556
1862,2014 UK228,58.05883355798531,0.3538761565171138,0.1427594519432849,1.730888904969671,-1.9833736611038169,57.85629604451952,0.3493497577877306,0.1451689053482489,57.85629604451952,0.2921089693537581,0.1401607348811879,1.7275550073276678,-1.993398774997935,0.0428684213881782,0.0258488162353068,0.0038541241347693,0.2881289004430236,-0.2129918106786445,0.0302544428834034,0.0031012819355876,1482.0,7.54,50790100,2014 UK228,(0.34848553888014155-0.08931118701712018j),(-0.05491642764175629-0.1311612991270919j),7.95372320506327e-08,-7.953723205063273e-08,0.3538761565171138,58.05883355798531,0.1422750333510923,0.3597480492441754,0.1426774682429203
1863,2014 UK229,42.71393667581607,0.0686691201061844,0.0682169043537484,0.7957393642531603,-3.057906919849377,42.7028787609537,0.0603227797448992,0.0638220940206296,42.7028787609537,0.0589530560437916,0.0626415085829222,-5.210820995720587,3.0787557727469466,0.0004160656869704,0.0001039316284724,0.0001368432595656,0.4878961827788259,-0.4872865446575176,0.000497734998681,0.0011591853546891,1483.0,8.5,50790120,2014 UK229,(-0.040336410561327835-0.0405474519050694j),(-0.08348080871949298-0.015799736734521702j),3.715874745650773e-07,-3.715874745650741e-07,0.0686691201061844,42.71393667581607,0.0681640082454573,0.0571937223212995,0.0850653516808141
1864,2014 UK231,43.7729541407028,0.065559901748227,0.1374691800291964,3.1321116385357826,-2.220170092479553,43.76731956044951,0.0735897111706832,0.1328767651873375,43.7673195604495,0.0731934569139832,0.1326706614484238,3.11468336505158,-2.2110347099720067,2.289575226198455e-05,0.0006885576854243,0.0003185665354677,0.3936533781368581,-0.4019960802136033,0.0017768974005514,0.001754683226864,853.0,8.1,50799009,2014 UK231,(0.04229760817431568+0.05941962948746249j),(-0.09255624384484874-0.11690647407623497j),3.2025006288242525e-07,-3.202500628824235e-07,0.065559901748227,43.7729541407028,0.1370366120107941,0.0729368221524303,0.1496681150234828
1866,2014 UL228,46.5812282950162,0.1420927479320358,0.1130716215254116,2.7931465865182314,2.7157423948424264,46.56925351218288,0.1544086031488449,0.1264697348748151,46.56925351218288,0.154431852192046,0.1259894361240267,-3.467227548632648,2.694985213934939,0.0003398549379145,0.0053543344678187,0.0063569956489672,0.3099469798836562,-0.3317991834192739,0.001895865997719,0.0017923775759872,1482.0,8.1,50790098,2014 UL228,(0.1027684696424108-0.09637646681512337j),(-0.10618547647131885+0.04095148209448318j),2.2596526677188525e-07,-2.259652667718856e-07,0.1420927479320358,46.5812282950162,0.1128308351111383,0.1408892533460579,0.1140556452939396
1867,2014 UL229,42.6767089647239,0.0990003416504338,0.0693173495500671,0.3784281609057398,2.753820692180913,42.67359890381627,0.0915588025595039,0.0879131449030277,42.67359890381629,0.0879135681559452,0.0865636795132523,-5.601303431798738,2.517185996891813,3.292087043229478e-05,0.0003801802953855,0.0003820095075899,0.5187374100248954,-0.5070404333894044,0.0019411686986865,0.0001744769281311,1890.0,8.0,50790125,2014 UL229,(-0.09556210249624877+0.013491956252016527j),(-0.07988936757304958+0.01590990412743416j),3.734667254593375e-07,-3.734667254593352e-07,0.0990003416504338,42.6767089647239,0.0692618524541797,0.0965098353382176,0.0815485413643928
1869,2014 UM228,39.309231555841485,0.2908200818937438,0.1120390471319546,1.9878273738500205,2.9269255711877165,39.40346486411416,0.2848818483137346,0.1221190128617832,39.40346486411416,0.2230433103382328,0.1216394667583286,-4.978516461880751,2.8838191222497533,0.0001450762818292,0.2306591610507721,0.002434546411712,-0.0780510728312744,-0.4035187379061872,0.0283619951536805,0.0171513803534728,850.0,10.2,50790096,2014 UM228,(0.052055709216255054-0.3153323831418448j),(-0.06439982191915651+0.04002137289789605j),6.589531183814678e-07,-6.589531183814626e-07,0.2908200818937438,39.309231555841485,0.1118047945503135,0.3196002326656263,0.0758953123681231
1870,2014 UM229,43.66216286071565,0.1330053983998332,0.0954194772004995,2.7068970101247007,2.5930948019588627,43.66935521086887,0.1275961769820595,0.0927143271861123,43.66935521086887,0.1123186268238829,0.0899980092267516,-3.77727665701242,2.6691704388973125,8.844013406237999e-05,0.0099638030258225,0.0074329427872302,-0.5384692925329109,-0.3927203649686961,0.0084736547589657,0.0128409697337114,2987.0,8.53,50790122,2014 UM229,(0.07612878360101036-0.10302270044501186j),(-0.09105996526227661+0.041712317300162664j),3.251500865455943e-07,-3.2515008654559776e-07,0.1330053983998332,43.66216286071565,0.0952747460095397,0.1280986670483035,0.1003272706563799
1875,2014 UN228,45.87546166201738,0.1731882423411872,0.4196937256799291,0.8813976983672784,-1.6170222656948663,45.86918886867266,0.1719230903964297,0.417038921790567,45.869188868672666,0.1722894475560084,0.4054688927369211,0.8628397839181196,-1.6177542287517848,0.0002913107276492,0.0011638363974114,0.0009714937705744,0.1197862161322641,-0.2324981373668323,0.0016912275450006,0.001811676144412,2245.0,7.5,50790102,2014 UN228,(0.12999666953084357-0.11280148490148834j),(-0.023777498390062553-0.41879391243961483j),2.453641197675201e-07,-2.453641197675209e-07,0.1731882423411872,45.87546166201738,0.4074807782448116,0.172114232662764,0.4328595929870428
1880,2014 UO228,39.5706797250348,0.1232209994319064,0.1268293281108777,5.988793787024725,-1.95530689752473,39.40736752768071,0.1164553357581813,0.1114472626361874,39.40736752768071,0.1163042308344939,0.1109935273294161,-0.3742294918018314,-1.944736883869803,2.1433701203650025e-05,0.0004282930830292,0.0001284019532785,-2.0741121767022546,-0.5092423769092338,0.0130491061059912,0.0017759967657658,1482.0,9.0,50790097,2014 UO228,(-0.08624625777832948-0.12937740435753864j),(0.006841601187271944-0.09524349939152014j),6.264481848101958e-07,-6.264481848102137e-07,0.1232209994319064,39.5706797250348,0.1264895788488259,0.1554893235532913,0.0956346207743203
1881,2014 UO229,39.45022179352871,0.1610411020433709,0.1847833434341894,6.230680928827734,-1.9640629104109,39.40513822320563,0.1533818981164581,0.1834873845114008,39.40513822320565,0.1527747909812144,0.1825737822526481,-0.129807273754698,-1.9377844111841367,2.028536433859021e-05,0.0001212183487263,0.0006965922193677,-1.3041861472975689,-0.3969369951494945,0.0026592995352806,0.0020277596704883,1483.0,8.4,50790121,2014 UO229,(-0.07751021278614825-0.17593237044710547j),(-0.022189744765042624-0.1502387410796849j),6.412418917545277e-07,-6.41241891754525e-07,0.1610411020433709,39.45022179352871,0.1837335696200036,0.1922499208251892,0.1524585030038699
1882,2014 UO231,55.405942402255576,0.2367878780015874,0.4125777164369641,4.0165866851821,1.9113749776123297,55.38434015923403,0.2161166277324098,0.4245012013368286,55.38434015923403,0.2064882946202681,0.4120170687649861,-2.299443976447788,1.8952415712851167,0.014183151142055,0.011018629832229,0.0018050930925698,0.1754306370337938,-0.1175392438012397,0.0040138817119732,9.97910996994952e-05,1460.0,8.3,50799717,2014 UO231,(0.22381535422701618-0.08221248008771943j),(-0.13485081880892008+0.3758353162049165j),9.766314934164612e-08,-9.766314934164628e-08,0.2367878780015874,55.405942402255576,0.4009720784825857,0.2384370035668507,0.4107483459626364
1885,2014 UP228,42.44767009212448,0.1286650126446045,0.0794750203786657,3.614435522983861,-2.512035985227258,42.2873910780845,0.1483054338954615,0.1282689014862054,42.28739107808449,0.1122464711052629,0.1019118033453879,-2.334013316498715,2.8905831631969194,0.0184459873598484,0.0075576050277345,0.012625238978147,1.101168572788987,-0.5430013122199423,1.226909401202344,0.0222001900740772,1482.0,7.6,50790104,2014 UP228,(0.06226058174812782+0.12952172310523968j),(-0.08206599323994926-0.0577638221667962j),3.86405461639274e-07,-3.864054616392744e-07,0.1286650126446045,42.44767009212448,0.0793913823985012,0.1437089308142179,0.1005260205748288
1886,2014 UP229,45.6656319956108,0.1751009834140909,0.1197007474456758,4.408392631177335,2.3751205100509565,45.62096823839838,0.1930623169944595,0.1627338691435138,45.62096823839839,0.1915200365830056,0.1619873776560786,-1.997384602459316,2.386826095816427,0.0129079317566199,0.0020526053748069,0.0010952571934467,0.349715113912442,-0.3968324652281794,0.0014773383352939,0.0011247704319565,1478.0,7.7,50790129,2014 UP229,(0.15540341638686192+0.08840088566800695j),(-0.09048760000464742+0.07644409557149563j),2.516052285572638e-07,-2.5160522855726124e-07,0.1751009834140909,45.6656319956108,0.11941510141288,0.1787874112223688,0.1187342861509822
1889,2014 UQ228,43.67483708968435,0.1256341286207324,0.0985256447633984,5.978088552364501,2.8725858587007607,43.6690461604157,0.0322423283410122,0.1534867037206301,43.6690461604157,0.0237321091159144,0.1530788000882474,-0.075427782213695,2.7379901955975194,0.0001090391440824,0.0093008215791741,0.0024878341270073,-0.5142947063923482,-0.3922046463665639,0.589513839748548,0.0049045004065093,1458.0,8.1,50790101,2014 UQ228,(-0.1034774556643588+0.07621791312349084j),(-0.10454100009844361+0.018292835813904926j),3.245407264708241e-07,-3.245407264708268e-07,0.1256341286207324,43.67483708968435,0.0983663190716861,0.1285175245313624,0.1063296424154158
1890,2014 UQ229,49.91512901896613,0.7794093029267868,0.1155304233607175,0.8872233374580523,2.310275433028357,-3230.9676053467733,1.0018038607433977,0.1944149251958428,-3230.967605346773,0.0067553893877223,0.0012234607047438,1.7623146215270336,1.004291332346489,10.509510048135065,0.7714420228678426,0.1214900305817396,0.9967667585103708,-3.621570976253212,1.0911933707005348,3.2404529985621044,4123.0,9.6,50790136,2014 UQ229,(-0.8624397591104397-0.046612385350255164j),(-0.0630545902033356+0.06263470519102372j),1.589010802220776e-07,-1.589010802220777e-07,0.7794093029267868,49.91512901896613,0.1152735920270416,0.8636984731736614,0.0889936722868818
1893,2014 UR228,38.94111841139878,0.098324282833513,0.1729377517417956,2.5604539731754183,2.300325735234142,38.968310969892805,0.0912086831352314,0.1521586783163074,38.968310969892805,0.0815430404188279,0.1403852861538825,-4.502185653056121,2.6337854158704066,0.0002170215099618,0.5604922706439937,0.0001399780761052,1.2490526698204183,-0.9040186157569318,0.004867668928676,0.0017719394170814,1482.0,8.7,50790111,2014 UR228,(0.009020705152637542-0.11946109131599451j),(-0.08169685685203099+0.14099825027362342j),7.095575894293984e-07,-7.095575894294054e-07,0.098324282833513,38.94111841139878,0.1720770182140286,0.1198011913958254,0.1636866635886192
1896,2014 US228,47.93558908299655,0.3251394214201865,0.1343090262842671,5.264205857569231,-2.011346882143336,47.73332054997056,0.2729928342156303,0.2084464897424087,47.733320549970585,0.2069761389405109,0.183155940773429,-1.6017272159343796,-1.5164051113246022,4.1498944918208953e-05,0.0329695445906531,0.038003052713727,-0.2240491612010238,-0.1972193465964865,0.0808185276753968,0.0120717902416313,1458.0,7.7,50790114,2014 US228,(-0.32693414944843696-0.03415776962299195j),(-0.05823911786547065-0.12319550963173047j),1.945716895280396e-07,-1.945716895280388e-07,0.3251394214201865,47.93558908299655,0.1339055921573721,0.3287136919892299,0.1366931435663362
1897,2014 US229,55.26473505375202,0.3981299975517063,0.0924644002015279,2.2453625959081087,2.729727674743178,55.38894850211065,0.3986432529283595,0.0923939815106673,55.38894850211065,0.3992763110670906,0.0924032168630445,-4.0623050355027415,2.728676424594919,2.4355646950197173e-05,0.0075964951913046,0.000313237853548,-0.0681303439662229,-0.1383415499229937,0.0018506479870943,0.0017452420852543,3399.0,8.31,50790138,2014 US229,(0.10579698298789844-0.3918665626718357j),(-0.08112024774098801+0.030685551194925078j),9.882069637049489e-08,-9.882069637049485e-08,0.3981299975517063,55.26473505375202,0.0923326999014246,0.4058970368819923,0.0868391290227703
1899,2014 UT228,48.82277678993117,0.0969362068861979,0.0875668409809292,0.912087088268489,3.1403316680761453,48.81525307693437,0.0952784360290937,0.0867267909968675,48.81525307693438,0.0954186425572339,0.0865913938757017,-5.3433078099687,3.115555776600069,2.38317773136598e-06,0.000159879446453,9.464864649916e-05,0.2305624939455531,-0.237159899031149,0.0004279925179452,0.0001670361236945,1477.0,7.3,50790108,2014 UT228,(-0.05892725768348463-0.07465442727728497j),(-0.08934341325193719-0.004893747399146091j),1.772464240656546e-07,-1.772464240656548e-07,0.0969362068861979,48.82277678993117,0.0874549741620357,0.0951089123594378,0.0895971670497192
1900,2014 UT229,39.44730885594228,0.1312618888998261,0.7639750835290722,2.5243242957106027,1.791471423810968,39.40203426209656,0.1389228085742481,0.7623166975053839,39.40203426209658,0.1225030000413701,0.6918595894262468,-3.558536949472334,1.7947660704209234,1.4184086297911197e-05,0.0041538645149461,0.0020708451636496,-0.980314684686888,-0.1805996147321368,0.0481410599409243,0.0019255611790711,1103.0,8.7,50790132,2014 UT229,(-0.05864972614799825-0.15145736226508785j),(-0.11451980716421348+0.7433445512567111j),6.415014653316948e-07,-6.415014653316853e-07,0.1312618888998261,39.44730885594228,0.6917972782938516,0.1624165107417754,0.8512644073665991
1902,2014 UU228,39.61420216369231,0.2968270285648657,0.0979055108735129,2.649580217627772,2.69018213006971,39.40346789392899,0.2887267935266074,0.0957545995024884,39.40346789392898,0.2607905956494128,0.0954608561109615,-3.354857903176488,2.611558132842316,1.3225129225043809e-05,0.1899801850043055,0.0030268669383076,-0.0220797515962158,-0.4177177880009826,0.0117946674392834,0.0002123935253428,2269.0,9.7,50790115,2014 UU228,(0.1671414881609304-0.2777762302356443j),(-0.02906746064125939+0.0647515084619286j),6.210120654015739e-07,-6.210120654015765e-07,0.2968270285648657,39.61420216369231,0.0977491737868094,0.3241849952551415,0.0710363097904226
1903,2014 UU229,39.47520602152032,0.2170856886902268,0.1372164773660718,3.0106606361797343,2.3372458895647203,39.4037738439984,0.2226699588275687,0.1316807626966408,39.40377384399839,0.1818221221363517,0.130686106189405,-3.3819324674592792,2.276269067154456,1.8278876712582266e-05,0.0219414566936803,0.0024871888794634,-0.6023358277334617,-0.3783399953749329,0.0234075442047658,0.0024597766048616,1269.0,9.2,50790133,2014 UU229,(0.12161521172336978-0.2065970362711787j),(-0.044651131801885735+0.11721705877601873j),6.378648690171261e-07,-6.378648690171122e-07,0.2170856886902268,39.47520602152032,0.1367862889760308,0.2397344262273459,0.1257647681988339
1906,2014 UV228,39.491097095927394,0.2281291754359992,0.184971971585638,6.230441023453923,-1.939764888485109,39.40371194502644,0.2174176581713097,0.1894482006024089,39.40371194502645,0.1852839388916761,0.1883751425029668,-0.590174234013574,-1.853666245207099,9.557254315787076e-05,0.018044907398902,0.0064689099429888,-0.6204510981596041,-0.3639237287255432,0.0142457024593044,0.0017382955912184,4094.0,8.6,50790107,2014 UV228,(-0.10211701537666958-0.24067409319319494j),(-0.015762910020102883-0.15006642204067996j),6.361549007959111e-07,-6.361549007959171e-07,0.2281291754359992,39.491097095927394,0.1839189833112672,0.2614419705475875,0.1514705579630714
1907,2014 UV229,72.39720604931428,0.4986621591773125,0.4900545333189354,3.521480166043913,1.841325367636364,72.19654528676102,0.54567894240087,0.3971983107449428,72.19654528676104,0.4641073898326844,0.3223779012581235,-3.4475979911553605,2.156031459035826,3.626604552918245,0.0395111971461053,0.0443984460867536,0.0566061278943491,-0.0843635821715894,0.0093090149393036,0.0250565046078261,1478.0,8.5,50790135,2014 UV229,(0.3125762887917848-0.41060948818650617j),(-0.11946988698251156+0.4301752582084867j),3.2139749864309175e-08,-3.2139749864309175e-08,0.4986621591773125,72.39720604931428,0.4706740040105268,0.5160465948958773,0.4628018304294836
1909,2014 UW228,36.41752141591476,0.1280086790987224,0.1057844645009465,0.9219908962835186,2.830526834536588,36.429476268335,0.1346843087251475,0.1125955603793726,36.429476268335,0.1307937318289266,0.1119419527493875,-5.180116974189018,2.6765354081967656,4.238292273740361e-05,0.0022374287503621,0.0043657823987718,-1.928207598949533,-0.5886343511203349,0.0364906491125333,0.0020508052927097,1482.0,9.2,50790112,2014 UW228,(-0.10644200230827162-0.08605975896450835j),(-0.08502492863311772+0.037493735653550284j),1.309608807951014e-06,-1.309608807951035e-06,0.1280086790987224,36.41752141591476,0.1055872806124445,0.1368801737594724,0.0930590582438092
1910,2014 UW229,47.7169962909517,0.1699779600367602,0.2614120931512813,2.876178928971296,-1.8579078771594943,47.73467989764144,0.1805877063192055,0.2560926094320619,47.73467989764144,0.1806832188334745,0.2535611535480075,2.893814067964505,-1.8217615094437607,1.1588329865383028e-06,9.968558136170858e-05,0.0003997027412829,-0.629833250955035,-0.1971365425236391,0.0005101217879704,0.00010151786765,4079.0,7.03,50790131,2014 UW229,(0.09064150863903625+0.1477683820768015j),(-0.07601873668597482-0.2533575599753977j),1.990572430940909e-07,-1.9905724309409121e-07,0.1699779600367602,47.7169962909517,0.258444927798055,0.1733533323301172,0.2677023786280799
1912,2014 UX228,36.35000983417079,0.1664684643410527,0.3593297458833246,4.513065916841761,-1.5587340958081206,20.383344855267293,0.5126362599113541,0.2604696520753597,20.383344855267296,0.4777245526156509,0.2159690101198919,0.028116449776266,-1.115543550490554,13.534914672684794,0.2541255032261701,0.0750372131391271,-0.0024009111644309,-0.4581469342446495,0.3546187999456296,0.0628000282018155,850.0,7.55,50790106,2014 UX228,(-0.16539301253484814+0.018647187816156346j),(0.01933351963309554-0.34966187181510194j),1.3359241552490464e-06,-1.3359241552490362e-06,0.1664684643410527,36.35000983417079,0.351646865495266,0.1664408790195589,0.357780301996696
1916,2014 UY228,43.352399013765485,0.0521585968816159,0.0680581242393689,1.287216375077767,-2.7044506261846744,43.34822598185672,0.056603682105186,0.0636094321178817,43.348225981856736,0.0560760957448775,0.0629807598459785,1.5403216734844027,-2.8189660819425617,3.5007998599449386e-05,0.0003508055559095,0.0003634867518472,0.4390976910761954,-0.4429741098625942,0.0009499319092938,0.0014275696779572,3398.0,8.01,50790117,2014 UY228,(0.010523307720889198-0.04253223218716479j),(-0.07304915832598564-0.03716200422696812j),3.393060462930967e-07,-3.393060462930946e-07,0.0521585968816159,43.352399013765485,0.068005596574537,0.0438147324562346,0.0820505236907257
1917,2014 UY229,47.6297669946101,0.213694494670309,0.0781018933422994,3.6798785282844015,-2.455610540135173,47.73450834145378,0.2252033631142828,0.0678020641316285,47.734508341453775,0.2251244684264277,0.0676786444687439,3.757707568206751,-2.5074026836984227,2.169328553246881e-06,6.050259142534938e-05,0.0001952500793807,-0.5024969621570783,-0.2125102552780768,2.0016067274700207e-06,0.0011255286794019,1483.0,7.0,50790139,2014 UY229,(0.0737197211504463+0.20477790467632656j),(-0.06253401252924298-0.05409283208305825j),2.0109979436497232e-07,-2.010997943649725e-07,0.213694494670309,47.6297669946101,0.078022515191498,0.2176432574883179,0.082777857396953
1921,2014 UZ228,39.57438951813874,0.2131127753808374,0.0726065554305124,2.280940430375125,-2.908572563642045,39.40459401085358,0.206549516014456,0.0708071482873451,39.40459401085359,0.2062495492574724,0.0705864533885067,2.4045943688709936,-3.0149381894369456,9.097910478730124e-06,0.0001078092854662,6.921063817831565e-05,-0.6434688271987181,-0.4273327945617843,0.0003056098553098,0.0003996781386618,2269.0,8.8,50790110,2014 UZ228,(0.16474270224756987-0.15925524024418258j),(-0.015422177819001653+0.005313554684578239j),6.260590341732502e-07,-6.260590341732486e-07,0.2131127753808374,39.57438951813874,0.0725427787698322,0.2291339989810848,0.0163126035470429
1922,2014 UZ229,41.66456087980345,0.0485686000927368,0.2154063010070259,0.8045167465475647,1.943950104215037,41.6574873972995,0.0404467854136622,0.2281824040094355,41.6574873972995,0.0400755817072171,0.2261893245751944,0.7273050943985204,1.943798069062049,0.0002004660489985,0.0001364998783448,0.0001218169965526,0.364173821322954,-0.4484894403710952,0.0019208267452164,0.0011776537452294,500.0,8.2,50790130,2014 UZ229,(-0.03741519732895882+0.04541378407870511j),(-0.11021771962038074+0.18290820679760794j),4.355698089009573e-07,-4.355698089009606e-07,0.0485686000927368,41.66456087980345,0.213744357172917,0.0588413865872667,0.2152067638514671
2072,2015 GA55,62.632811688814414,0.3872430396719445,0.3091137377026801,3.83045200174436,-1.4562499573988872,62.54672758108785,0.3884573066621886,0.3058965806073481,62.546727581087865,0.3900974660444335,0.301272742401193,3.689005741985868,-1.4314609961122335,1.2816669852110651e-05,0.0087521428028117,0.001170982050283,-0.0469700395463312,-0.0844339526378854,2.7322864448046314e-05,0.0001012410811328,860.0,8.2,50831023,2015 GA55,(-0.2842035273976178+0.27458135308876924j),(0.034592968011100636-0.29857906897647235j),5.7686209298671574e-08,-5.768620929867156e-08,0.3872430396719445,62.632811688814414,0.3042144994106706,0.39517915487701,0.3052968759291037
2073,2015 GA56,51.37780818390231,0.3056078078958547,0.2520721343739034,1.9804728804863387,1.5821913717647202,51.14275655180086,0.3037087079641223,0.2643332814751522,51.14275655180087,0.2610873972265051,0.2602531831692096,-4.031577428030671,1.6387382854215482,0.0720480157436198,0.0277864491201983,0.0056883640050876,0.205113639048399,-0.2510369062193056,0.0193117244975843,0.0049427892281735,856.0,7.4,50831166,2015 GA56,(-0.2819414743908726-0.1251221055791916j),(-0.0037008467172874606+0.24049914431213423j),1.382197092247205e-07,-1.382197092247205e-07,0.3056078078958547,51.37780818390231,0.2494111434080278,0.3084583217977259,0.2429093898820884
2074,2015 GA57,43.89530649053236,0.0779825527006941,0.0272470724870796,4.134914787402559,-1.8111756456761816,43.89517995354622,0.0694801813360239,0.0172021500302109,43.89517995354622,0.0690561767165267,0.0140615401558363,3.873135142406985,-1.6546312900288878,2.065105994420416e-06,2.1054114788227604e-05,0.0002117522839511,0.4271081127773768,-0.4248710914246768,0.0002405157271503,0.0013244384192105,3394.0,7.97,50835548,2015 GA57,(-0.051341650236587474+0.06417589471104576j),(-0.015604276583812065-0.033862082087925384j),3.149747179724339e-07,-3.1497471797243695e-07,0.0779825527006941,43.89530649053236,0.0272437012276834,0.0821858291372625,0.0372931453031544
2075,2015 GA58,41.85162933569249,0.1471533033224085,0.3000460926302518,3.885170029754149,-1.4720586459858045,41.88150693744461,0.1566912039916861,0.2921458306529532,41.88150693744462,0.1554925681392229,0.2877449755335799,3.865644995123401,-1.4359528002494446,0.0084682186793056,0.0017048623973608,0.0017599285137125,0.3556844920201428,-0.4468376586171664,0.0018971759751609,0.0005425460256854,858.0,7.4,50835579,2015 GA58,(-0.10384544227860226+0.1206292167920299j),(0.002123186918975846-0.310950534823753j),4.229339916477997e-07,-4.229339916478016e-07,0.1471533033224085,41.85162933569249,0.2955642403189624,0.1591706123186597,0.3162006100601246
2076,2015 GA59,44.34863796757056,0.1017152737271678,0.0575575621505801,3.8410812593031767,-1.2906214305570614,44.34674158032868,0.0915651077345637,0.040849994385409,44.34674158032868,0.0912669632327582,0.0401217418908422,3.6500559258998986,-1.1398202082029014,0.0002187365155071,2.880423134650559e-05,1.2801466700191598e-05,0.4102971818422157,-0.410762228692596,0.0016181261905304,0.0019662575537643,772.0,8.8,50835605,2015 GA59,(-0.08282682202289175+0.06287439209864351j),(0.008168278752009876-0.06204613670565869j),2.9673465577268885e-07,-2.967346557726879e-07,0.1017152737271678,44.34863796757056,0.057525787265789,0.1039878436558127,0.0626224193763761
2077,2015 GB55,62.10039427727412,0.4107341924029339,0.1860430375176258,1.292048762700427,1.5652851823717244,62.34727237824418,0.4136298086897289,0.1986456657704456,62.3472723782442,0.3275771545801029,0.1587083043560368,1.7117035357842665,1.005676337498926,0.1361384087746674,0.0514181617827807,0.0282550856709788,0.2003169999815008,-0.1915618122397854,0.0023892040919712,0.001307793794576,772.0,8.5,50831024,2015 GB55,(-0.40314355282486264+0.11817141827929492j),(0.0017433110746221617+0.17251445197736273j),5.977129106900029e-08,-5.977129106900021e-08,0.4107341924029339,62.10039427727412,0.18497167266877,0.4201061869127767,0.1733907687257317
2078,2015 GB56,91.06417257714372,0.543795360754284,0.5102876749113658,3.3623689414747537,-1.455780595708391,91.0457913315041,0.5491467233398944,0.5014708712328156,91.04579133150408,0.5464373741629476,0.4811696536133867,3.269065855433105,-1.4370487059179575,0.0146404002348124,0.0015048769639636,0.0005210086979769,0.0163802611198654,-0.0328968029170884,0.0022926170260322,2.119212043730717e-05,858.0,7.9,50831167,2015 GB56,(-0.18683631235310125+0.5354296943273424j),(0.054635903339591806-0.46473736933950044j),1.3352579910311717e-08,-1.3352579910311714e-08,0.543795360754284,91.06417257714372,0.48842829337832,0.5670914963047646,0.4869560421205464
2079,2015 GB57,44.15648400170527,0.0709882626633606,0.0181846337550091,1.5391929564664402,2.227367698525517,44.1596047261318,0.0694540661304315,0.0297775310969589,44.1596047261318,0.0692321570943588,0.028832869524333,-4.30088516791226,1.8542928093548288,0.0006238947608365,3.014883770288825e-05,3.021817866114454e-05,0.4066550270021128,-0.4085565679621598,0.0017842423781148,3.572643843338587e-05,771.0,7.8,50835549,2015 GB57,(-0.0557704840285477-0.03499044648385573j),(-0.019347574111268993+0.007285366512118099j),3.042330516220694e-07,-3.042330516220683e-07,0.0709882626633606,44.15648400170527,0.0181836315530557,0.0658382733212078,0.0206752531985199
2080,2015 GB58,43.98293585877188,0.1097408428343265,0.0668694165701324,3.4090445801370275,-1.3669247945694796,43.97999446733918,0.0990457339521029,0.0455530689943262,43.97999446733918,0.0985935076272172,0.0446175980006717,3.189339776811733,-1.2412928610376983,0.0002491640984914,0.0001060028384418,0.0001731205387518,0.4360401330062221,-0.4367512676689479,0.0006826443071932,5.885548759523566e-05,3394.0,8.4,50835580,2015 GB58,(-0.04794876306528533+0.10491828231578976j),(0.004672285468249798-0.07259268074245054j),3.113084948943023e-07,-3.113084948943032e-07,0.1097408428343265,43.98293585877188,0.0668195930677433,0.1153556667164064,0.0728071933285139
2081,2015 GB59,42.88921547011466,0.0758183305215087,0.066137893950799,3.3965176163829853,-1.2267840775270786,42.89440857702062,0.0604375705416675,0.0422362648558674,42.89440857702061,0.0593055334898493,0.0402739726397522,3.0331982882304285,-1.011366836670568,1.3468039915962783e-06,0.0001311940802741,0.0001814850070908,0.4809321366987621,-0.4790186184672757,0.0017847155627344,4.163711952730712e-05,859.0,8.4,50835604,2015 GB59,(-0.03958981499046734+0.07388172227622504j),(0.008032505819063177-0.07169620744608732j),3.622745258814373e-07,-3.622745258814387e-07,0.0758183305215087,42.88921547011466,0.0660896875343346,0.083820417187465,0.0722074973800277
2082,2015 GC55,43.67367613596107,0.0818203499994534,0.0452854085559347,5.123467911182596,2.2495477560465176,43.66853762962892,0.0808251135222935,0.0577505066560431,43.66853762962892,0.0645474232302478,0.0571186312557639,-1.099695018322756,1.9967941170979644,0.0002766820582227,0.0046291531275678,0.0021697505710625,-0.1794415047453367,-0.4299269259499211,0.2226640749630084,0.0021961643849417,738.0,8.4,50831044,2015 GC55,(0.04011390342680406+0.0804541478059939j),(-0.03836172230044428+0.027406063844226055j),3.246149339239042e-07,-3.246149339239071e-07,0.0818203499994534,43.67367613596107,0.0452699318301351,0.0898999173933084,0.047163151374625
2083,2015 GC56,70.38924198730342,0.4643375235125567,0.4817075559704085,3.31870122209146,-1.4399203541230865,70.36218916686177,0.473941939812339,0.469393280868757,70.36218916686177,0.3895827216935806,0.4427903980517918,3.4285651630309,-1.5193266237317518,0.1163726321457949,0.0440947978788255,0.0038760853669698,0.0399027970076005,-0.0751166060215902,0.0144900239253271,0.0040218583130403,2652.0,7.41,50831168,2015 GC56,(-0.14492612630435533+0.4559001020565159j),(0.059771959934112544-0.4501723937466073j),3.5914681687576734e-08,-3.591468168757674e-08,0.4643375235125567,70.38924198730342,0.4632930950660183,0.4783811086787683,0.4713878249437765
2084,2015 GC57,44.206612595893965,0.0767054896825001,0.0294961714081638,5.945262772239786,2.203739867874601,44.207327493929206,0.0747597669353029,0.0457513805227227,44.20732749392921,0.0745296959405436,0.0450767504859622,-0.2258575629871388,1.9844048009975683,0.0001360613960741,0.0001714102671196,0.0002638510913362,0.4027419718770136,-0.4062244338459192,0.0010830672758005,0.0001557517278509,771.0,7.9,50835551,2015 GC57,(-0.020489903197381493+0.0798632555037469j),(-0.025536623366839498+0.016704073015159342j),3.0231218075938296e-07,-3.02312180759383e-07,0.0767054896825001,44.206612595893965,0.0294918945307505,0.0824498375540839,0.0305194092724801
2085,2015 GC58,44.11452595451484,0.025263353860363,0.0252248084591798,0.0735200771638613,-0.5028345864244845,44.11414948597043,0.0327401348741335,0.0226271640355702,44.11414948597042,0.0323088598900054,0.021408696647994,-0.1006243304979381,-0.2237784961661598,0.0001467728349689,4.459296609490196e-05,5.7308332309665375e-05,0.3991800243137876,-0.396837589712942,1.796297583181626e-06,0.0015208236722602,856.0,7.7,50835583,2015 GC58,(0.024860179900080135-0.0038782487643282517j),(0.013700903278318369-0.019306475261858778j),3.0598557076147857e-07,-3.059855707614756e-07,0.025263353860363,44.11452595451484,0.0252221334913448,0.0251608695823964,0.0236761371882665
2086,2015 GC59,43.38986571704063,0.0337168089305864,0.0170473407062752,2.309009153957442,1.4207958034103685,43.38895359803349,0.0328952818643725,0.031546234694416,43.3889535980335,0.0321392926291451,0.0301337217021344,-3.449703524740125,1.136912597022318,0.0005555859125682,0.000139490680555,0.0001951765921216,0.4390563722379865,-0.436752261127703,0.0016425601451624,1.7353893324261272e-06,859.0,8.4,50835606,2015 GC59,(-0.025567024624524794-0.009833081542396331j),(-0.008700095614032184+0.008557118495766923j),3.37443504166514e-07,-3.374435041665161e-07,0.0337168089305864,43.38986571704063,0.0170465150251401,0.027392740658256,0.0122034148178627
2087,2015 GD55,43.56104443449741,0.1118686512932723,0.1020030659399369,5.9616570766841,1.8487294466559416,43.668139981630354,0.1153776684775847,0.1187614518330889,43.66813998163036,0.0878386322900196,0.1181041669856352,-0.7284917728212199,1.7753592349118543,0.002569698451163,0.0099987849162385,0.002051897569131,0.545094671483445,-0.4469248909896643,0.0918420168796146,0.0044691728015985,859.0,8.9,50831033,2015 GD55,(0.007211337579343275+0.12017438034569383j),(-0.03834124161977002+0.08976600842248088j),3.296175496561134e-07,-3.296175496561136e-07,0.1118686512932723,43.56104443449741,0.1018262739882072,0.120390552291925,0.0977670836456743
2088,2015 GD56,65.0460314922186,0.4124065467608758,0.1041609032778705,5.745610004417194,1.468973765500038,64.97845546914827,0.4115805877591896,0.1046683853604089,64.97845546914826,0.3881456785872567,0.1030529111054835,-0.4789328004167521,1.4791522373819848,0.0786828147401469,0.0316160115530789,0.0005237681798322,0.1348955814199948,-0.1421653326754087,0.0023284404362501,0.0010148601981136,858.0,7.8,50831170,2015 GD56,(0.2518339945005733+0.33881455058855303j),(0.011051868942022557+0.09392009030070379j),4.9363614905007966e-08,-4.9363614905007946e-08,0.4124065467608758,65.0460314922186,0.1039726565807344,0.4221559670034737,0.0947096346984507
2089,2015 GD57,46.3193730645264,0.082606851279588,0.0424360507357796,2.786755247945326,-1.644797708345222,46.32364668807007,0.0824780893454564,0.0367663424731264,46.32364668807008,0.082472951558562,0.0365339434715492,2.6922789395286646,-1.5871461684830828,4.663362866296243e-06,1.1554669360034498e-05,0.0002632794428107,0.3171296897962117,-0.3146558855797154,0.0019425069882543,6.050904312464271e-06,771.0,7.5,50835556,2015 GD57,(0.03536923156475088+0.07863934149245101j),(-0.007227253733125655-0.04783574002253965j),2.329675893629721e-07,-2.329675893629707e-07,0.082606851279588,46.3193730645264,0.0424233152790333,0.0862271916036194,0.0483975151131771
2090,2015 GD58,43.58033551784342,0.0807952031964288,0.0326495376878644,3.428482039085323,-0.6709655990834672,43.57335126006021,0.0687838939933852,0.0266233382354735,43.57335126006022,0.0654729473426225,0.0245150598108022,3.051765647532104,-0.2658116088169243,0.0003444645466694,3.396253249005901e-05,0.0001009685100469,0.4927957126403063,-0.4437999732562467,0.0002733840159235,0.0015217163919064,856.0,7.7,50835581,2015 GD58,(-0.07265735178089773+0.038464195986208816j),(0.015156132828977724-0.02820379211709253j),3.287631984304724e-07,-3.287631984304736e-07,0.0807952031964288,43.58033551784342,0.0326437373043411,0.082210614525611,0.0320236281984513
2091,2015 GD59,44.69379220372818,0.0884906272116039,0.0424302396426149,0.3003973787922636,-1.334342533525907,44.6894472999772,0.0974475265079238,0.0402972700521478,44.68944729997721,0.097244207010486,0.0396957883243558,0.234651816810401,-1.1888336823796757,0.0006705250983594,0.0001077663294612,0.0001923632840306,0.3921332464210244,-0.3956357819094291,0.0013213366903373,0.0010640929606082,769.0,7.3,50835607,2015 GD59,(0.0468605478885334-0.07067494057057869j),(0.003094379554582352-0.04771648923610136j),2.838501374836648e-07,-2.8385013748366525e-07,0.0884906272116039,44.69379220372818,0.042417509416729,0.0847989279004655,0.0478349585381323
2092,2015 GE55,43.62739008378088,0.0582056100468246,0.0248221856905729,3.6472925990620335,-1.8803871638340195,43.66698804699082,0.0584404518369814,0.0183145695147426,43.66698804699082,0.0459534989262876,0.0154395054525629,3.095611195911162,-1.688008552580302,0.0004914084530873,0.0049622403359293,0.0021532492245518,0.4222839497957212,-0.4302214618083469,0.054584047662076,0.0016347277545404,859.0,7.9,50831040,2015 GE55,(-0.009095742132941367+0.06514797019518737j),(-0.01772154776610461-0.03147591175326363j),3.265909570209474e-07,-3.265909570209471e-07,0.0582056100468246,43.62739008378088,0.0248196367751166,0.0657798642861323,0.0361296853050246
2093,2015 GE56,43.09257739403216,0.0531313509682258,0.0270964971899569,5.541961622699539,-3.126382045575352,43.09424503324573,0.0463897644396253,0.0382368188096302,43.09424503324573,0.0456045387645084,0.036773076759129,-0.5065820425586023,2.729735884267017,1.3154893551535155e-05,1.6764716050210862e-05,5.49859079357822e-06,0.4602117087416604,-0.4600239732227617,1.6339789022415913e-05,0.0002061522841815,507.0,8.6,50835542,2015 GE56,(-0.0368932743869864+0.045448878213790664j),(-0.03995118059972703-0.009377789464277383j),3.518132949311675e-07,-3.51813294931168e-07,0.0531313509682258,43.09257739403216,0.0270931815125975,0.0585381433416319,0.0410485803225818
2094,2015 GE57,42.9513545669157,0.0162742271993853,0.0513417396443086,4.494797291847059,-2.046025916831044,42.95251427519825,0.0120942264130754,0.0410389831674836,42.95251427519825,0.0074174153551056,0.039726335291131,3.961344806626446,-2.01589022451312,1.1544041359032183e-06,0.0002441167171261,2.1708416242061963e-05,0.4535239034044887,-0.4580254875575268,0.001793774801585,0.0019391951892901,827.0,8.1,50835555,2015 GE57,(-0.009446365798972648+0.02127016020271716j),(-0.03728364735738279-0.05499326305244504j),3.590173435011896e-07,-3.590173435011923e-07,0.0162742271993853,42.9513545669157,0.051319186699861,0.0232734514384363,0.0664893984912574
2095,2015 GE58,42.78584159636376,0.0303625781314226,0.0399263827072652,4.157259747053667,-0.8360709573390616,42.786789386782814,0.0287135501153259,0.0331375870108456,42.78678938678284,0.0272347641267063,0.030793108043012,-2.362823229485133,-0.5160218506818132,5.149260684466199e-06,0.0002659820124134,0.0002070526279295,0.4719708884735344,-0.4743199298000057,0.000980925075071,5.166978641544653e-06,856.0,8.4,50835582,2015 GE58,(-0.02654892403001485+0.00645773138945137j),(0.011764692066076983-0.0394680484119159j),3.675832859216934e-07,-3.675832859216954e-07,0.0303625781314226,42.78584159636376,0.0399157756715866,0.0273230243906088,0.0411958086589104
2096,2015 GE59,43.17014275434331,0.0318605365346686,0.2210937995897911,4.780513348961081,1.6875753461284575,43.169977802606624,0.0345929842542178,0.2296055480648693,43.16997780260663,0.034468919339374,0.2276546021666647,-1.483168275226475,1.683479395706745,3.440785926524038e-06,3.893513394481643e-06,5.530070900738812e-05,0.2911666139258805,-0.3709986517115717,1.313679954944536e-06,5.421650912937836e-06,859.0,8.0,50835608,2015 GE59,(0.03408415439261806+0.015643354989326324j),(-0.03812404523925711+0.21030798819786287j),3.4801883314234973e-07,-3.4801883314234893e-07,0.0318605365346686,43.17014275434331,0.2192969285530996,0.0375025883904285,0.2153973031909801
2097,2015 GF54,39.3251928809369,0.275955180670424,0.1905181545229596,4.218527304788168,1.7735496853828654,39.40325838544912,0.2354620534940357,0.2356287062463206,39.40325838544912,0.1702529373295878,0.2336906611400109,-2.6658423349576084,1.714084523824594,3.767161533603929e-06,0.0151604860707546,0.0009185959354392,-0.5493566512444068,-0.3474680663358584,0.0852610856529999,4.147433481487834e-05,768.0,8.5,50830921,2015 GF54,(0.2598417005619759-0.10758756656397284j),(0.005585520733571714+0.19959814034843426j),6.570055243788427e-07,-6.570055243788479e-07,0.275955180670424,39.3251928809369,0.1893676995369177,0.2812344108214655,0.2010275337154517
2098,2015 GF55,43.60657050906307,0.2473614853531465,0.098806003836403,5.36634307909233,1.9276388240860536,43.66872302377136,0.1543565766598852,0.198713119250048,43.66872302377136,0.1400598351725761,0.1970886874151352,-0.597057922185537,1.744837997655344,8.15140571637637e-05,0.006997578284748,0.0077983551530626,-0.3412273784204611,-0.3443471096350147,0.0043061442938371,0.0020597548693252,773.0,9.2,50831038,2015 GF55,(0.1347033741640022+0.21932151890872367j),(-0.04421515892887872+0.08320261128029821j),3.2753952211717265e-07,-3.275395221171752e-07,0.2473614853531465,43.60657050906307,0.098645314610414,0.2573847852294242,0.094361278190978
2099,2015 GF56,42.68109276150198,0.0105089091691905,0.035868619590101,4.43063446755368,-2.230325813288613,42.68218719460368,0.0148611189947806,0.0306817158666704,42.68218719460367,0.0106506199088444,0.0279514876995489,3.758817697058869,-2.3280640244068254,1.5670582272497942e-06,0.0003217693575729,3.9728008656695664e-05,0.471875867567739,-0.479008882375607,0.0013418439594634,9.609804344018376e-06,771.0,8.1,50835534,2015 GF56,(-0.002656122039182004+0.021075886210514486j),(-0.03783020523353996-0.03855920813509423j),3.7324114335371385e-07,-3.732411433537162e-07,0.0105089091691905,42.68109276150198,0.0358609289090319,0.0212425978600919,0.0540442365455794
2100,2015 GF57,46.67848073640504,0.1614173061962782,0.0318431170647957,5.625596173921586,-2.682444313225277,46.68220199417999,0.1561989564223007,0.0285231936072456,46.68220199418,0.1561527041135873,0.0279948800649081,5.709980950146722,-2.7729426833239685,2.3954363363263657e-05,2.793628087711627e-05,0.0006978162647701,0.3546566132064112,-0.3522191217592763,0.0019282257969437,2.0505701865370416e-05,827.0,8.3,50835560,2015 GF57,(-0.15785451914256965+0.035086604903687445j),(-0.03204578691763395-0.019481604090176713j),2.235481764906478e-07,-2.2354817649064917e-07,0.1614173061962782,46.67848073640504,0.0318377359351988,0.1617068924239141,0.0375116679682017
2101,2015 GF58,43.95167242199361,0.0822744105565533,0.0314668319695435,2.8731534830094247,-0.7826876811442388,43.94927446240103,0.0788955037902615,0.0242731603153951,43.94927446240103,0.078657903220965,0.0223971264387017,2.5082830151915414,-0.4782243363593147,0.0001373190911573,0.0006590898824305,0.0021210810216559,0.4229957514907866,-0.4270479190155112,0.0014480009651798,0.0005218414334123,3394.0,7.6,50835584,2015 GF58,(-0.03888841306398492+0.07852250417484798j),(0.013336107718516666-0.029515433565599086j),3.126819116935326e-07,-3.126819116935332e-07,0.0822744105565533,43.95167242199361,0.0314616393522949,0.0876247244362236,0.0323941291307539
2102,2015 GF59,42.99568750803479,0.070053886718298,0.0257057093491523,3.60530353240133,-1.258076675918707,42.99841752112142,0.0585117348109821,0.0182250392793326,42.99841752112143,0.0574329612358565,0.0074462212214463,2.864524152208844,-0.6606077788084604,2.9370388714042084e-06,4.89575491063624e-05,9.706038635185048e-05,0.4790474951930573,-0.4975608374279551,2.778033371346293e-05,0.0015335209271584,506.0,8.0,50835611,2015 GF59,(-0.046113879818084395+0.06064966807519672j),(-0.005599065453892237-0.033652121765687146j),3.567348477056304e-07,-3.567348477056297e-07,0.070053886718298,42.99568750803479,0.0257028784579479,0.0761897115725493,0.0341213511171651
2103,2015 GG54,39.50449347662477,0.2626804288288751,0.0192881689479908,3.0761797848398817,-2.5629876034223065,39.40379566460668,0.2619523505446069,0.020390336393351,39.40379566460669,0.2610243271404694,0.0199289950052216,3.2146905947077085,-2.6566314549946446,4.368952044094472e-05,0.0052854577717866,0.0009457245486386,-0.1952928730947964,-0.4198783359444474,0.0023164115342077,0.0054512980730768,771.0,9.3,50830920,2015 GG54,(0.22264817295865863+0.09858007791054987j),(0.034833670422749166+0.009886959888774817j),6.343442262279973e-07,-6.343442262280029e-07,0.2626804288288751,39.50449347662477,0.0192869729961948,0.2434958740567873,0.0362175371660197
2104,2015 GG55,43.522742836819184,0.1620873975991709,0.0280106341099874,0.5093092985394803,0.763297952254271,43.66803747733616,0.1723192983433378,0.0851547436017072,43.66803747733618,0.1426151012380375,0.0730717215374914,0.130193236942582,1.219298976567864,0.0009195600958316,0.0117911058647763,0.0205286589372747,-0.2269344516546544,-0.428465854640919,0.1593696451147965,0.0281719862807724,856.0,9.1,50831034,2015 GG55,(0.05015532622664015+0.16379628928678586j),(0.009472019598700462+0.011191356774219936j),3.314219339257549e-07,-3.314219339257539e-07,0.1620873975991709,43.522742836819184,0.0280069714168558,0.1713031848303502,0.0146622313069477
2105,2015 GG56,43.51639827411877,0.086527226155135,0.0625586472847033,2.346239802080873,-1.8286710230186527,43.51885418949016,0.1032252852445139,0.0532039122973498,43.51885418949016,0.0912475028919416,0.0512290211678416,1.942260497834965,-1.5110464413406366,2.232637969821011e-05,0.0001775164261101,0.0002287439994666,0.5402827686373489,-0.4766497719319839,0.0009377651730363,0.0016835866673831,2273.0,7.99,50835533,2015 GG56,(0.07762215911373545+0.0512617504432206j),(-0.02657216439473578-0.06841692768321703j),3.316037788295263e-07,-3.316037788295276e-07,0.086527226155135,43.51639827411877,0.0625178505114395,0.0930213235983077,0.0734619418480012
2106,2015 GG57,44.04073608066413,0.0624619072350988,0.0259766092551899,2.169304408670712,2.3498039467683225,44.04151938861236,0.0644988812205082,0.0330299126493087,44.04151938861236,0.0642616619122188,0.0321804231088878,-3.6580514883511377,2.0332596547049846,0.0002717288823888,3.498961998739757e-05,3.013031829357248e-05,0.4109164957452463,-0.4110424912232682,0.0013934118241813,0.0019110182778044,771.0,7.6,50835559,2015 GG57,(-0.010073327967170495-0.05449951799766589j),(-0.026865511413269833+0.0112216788539109j),3.089721151641445e-07,-3.089721151641441e-07,0.0624619072350988,44.04073608066413,0.0259736879193831,0.0554226433717491,0.0291190901233093
2107,2015 GG58,44.16326560137607,0.0657091931666343,0.0135442830289983,5.940832003157739,-1.2355748568989746,44.1657924027443,0.0714315415668481,0.0133858221885774,44.16579240274431,0.0711719686599699,0.0089984414374149,-0.8193012169511105,-0.6214269476828669,0.0002502863368823,4.337341528283999e-05,6.673798716594965e-05,0.4109204345551003,-0.4111545454922596,0.0008596499766091,0.0004370006051629,417.0,8.0,50835588,2015 GG58,(0.0013795183539549605-0.05921045714319535j),(-0.0037933683916306143-0.01986920196307585j),3.040037864584578e-07,-3.0400378645845684e-07,0.0657091931666343,44.16326560137607,0.0135438689217545,0.0592265253581119,0.0202294500815039
2108,2015 GG59,46.78590858979782,0.1636316744048538,0.1214743963982938,1.7129761497800349,-1.2874063135391942,46.80099605257061,0.1770804535121296,0.1323105742570183,46.8009960525706,0.1770623073175908,0.1321679555191866,1.7023275927552477,-1.265328032045692,0.0004667295457807,0.0017836820669088,0.0024121071040055,0.3239465045738927,-0.3418523046964238,0.0001425358209105,0.0026732606355647,772.0,8.4,50835609,2015 GG59,(0.15040862862777382+0.07090333504659811j),(0.030140150637650746-0.12119583484706373j),2.207809767370465e-07,-2.2078097673704706e-07,0.1636316744048538,46.78590858979782,0.1211758701176216,0.1662830072088478,0.1252143272634453
2109,2015 GH54,39.37502761511372,0.259361324333018,0.3129422152468194,3.5121280273785653,-1.5395995205746404,39.40291722946997,0.2368225275696634,0.3298993718193577,39.40291722946998,0.1797200196001189,0.3237492798731066,3.520078785080773,-1.5526702298070845,7.867841579468392e-05,0.0095587174003305,0.0044791669241305,-0.3283556269754756,-0.3268302932934314,0.1263067786309695,0.0039022841256393,506.0,9.7,50830922,2015 GH54,(-0.10968209584744217+0.21220661373941443j),(0.05453797509952271-0.2884110761713347j),6.50577070742401e-07,-6.505770707423998e-07,0.259361324333018,39.37502761511372,0.3078592823612125,0.2388761374943854,0.2979093606957912
2110,2015 GH55,43.76985162457488,0.1188910995711753,0.066379619204562,2.6437737759054585,-1.25010650981329,43.67170116758108,0.0925596034830183,0.0345193187827823,43.67170116758109,0.0576107070289851,0.0322607657344437,2.5209942366997176,-1.0617004808761334,0.0037450126007169,0.2929863603084535,0.0039485154975796,0.5507882640054986,-0.4603302293714644,0.0832789193237034,0.0063058081626093,771.0,8.8,50831046,2015 GH55,(0.023141063504075448+0.12479024143581914j),(0.011244901247623472-0.07038912288964187j),3.204334825413195e-07,-3.204334825413195e-07,0.1188910995711753,43.76985162457488,0.066330882367745,0.1269177417767495,0.0713421726734733
2111,2015 GH56,46.17720186558465,0.2337013146747384,0.656385379651981,4.32789666126525,1.6750773622379118,46.19068088394885,0.2276109570183863,0.6594803450208404,46.19068088394884,0.2275962738220101,0.6134356870868894,-1.9584460432679665,1.6739653065820157,0.0005808156248936,0.000139007947802,0.0007337071505124,0.0187848274141698,-0.159683655575976,1.8756378446245734e-07,1.0324231487950436e-05,856.0,7.5,50835535,2015 GH56,(0.22717437772156646-0.06149148594276365j),(-0.07043552651033733+0.6265771634223278j),2.368246223944246e-07,-2.368246223944263e-07,0.2337013146747384,46.17720186558465,0.6102573308681077,0.2353495288642619,0.6822277183074397
2112,2015 GH57,42.84163099137435,0.0202345269480343,0.0136974714994595,2.460403001872608,2.110670954381681,42.842724998513,0.0260035797868181,0.0297850953062038,42.84272499851302,0.024530898675979,0.0272939118450281,-2.770410713086153,1.4216744869920748,0.0002476048314433,0.0001067355334695,0.000214085260016,0.4683379609987889,-0.469642069953953,0.0011938587485866,9.804898524423876e-06,771.0,8.4,50835561,2015 GH57,(0.00038531402352852233-0.008504504515232427j),(-0.02161090455792055+0.0020743106263362687j),3.646573550377321e-07,-3.646573550377293e-07,0.0202345269480343,42.84163099137435,0.0136970431818875,0.0085132287615414,0.0217119329150467
2113,2015 GH58,43.49888573318182,0.0290596279120743,0.0174626794984517,2.9229858962846915,-1.1483688855083,43.50034439181875,0.024194043425114,0.0131605534320159,43.50034439181876,0.0232272388266469,0.0052983633150818,2.085102839422927,-0.5776727468842011,0.0001265547898963,1.0555191703235624e-05,0.0001135156851273,0.4344045433795851,-0.4297092333899306,0.0013660060267743,0.0018465079295653,821.0,7.6,50835585,2015 GH58,(-0.003498859177790294+0.0369189280481513j),(-0.003576107703988457-0.02400850423261024j),3.324398696729916e-07,-3.324398696729941e-07,0.0290596279120743,43.49888573318182,0.0174617919853405,0.0370843533551628,0.0242757610757332
2114,2015 GH59,43.3531045028915,0.0459067114092914,0.0768312568040486,4.2233235768291575,-1.1409459342216703,43.35402596118704,0.037331501606409,0.0641182103433859,43.35402596118703,0.0367110040216139,0.063511317096451,4.112736686426765,-1.0274361280500186,4.749172429205509e-05,0.0002151285905308,0.0001006580897817,0.4296984884497225,-0.4344025971068015,0.0015479331715595,0.0010659602111307,772.0,8.4,50835612,2015 GH59,(-0.04329212223250758+0.011716135909445667j),(0.020556855797382163-0.07815913218625561j),3.392318090821428e-07,-3.3923180908214255e-07,0.0459067114092914,43.3531045028915,0.0767556894217814,0.0448494781245331,0.0809055244415231
2115,2015 GJ54,39.20562594079613,0.2001570736858162,0.3315808192369263,0.6624296706642188,-1.5190598713859458,39.403552202487184,0.2084312504291783,0.3216929026232978,39.40355220248718,0.1794061419697083,0.316547887733036,0.901691844876074,-1.571169850818663,0.0001137281914123,0.0156265389998234,0.0054041244433675,-0.5933341631471741,-0.3475218514227456,0.0152605314744657,0.0021189254279593,771.0,7.7,50830924,2015 GJ54,(0.12523794018020165-0.17756837434965664j),(0.05624707256242424-0.3110173702208155j),6.72737204391192e-07,-6.727372043912024e-07,0.2001570736858162,39.20562594079613,0.3255381448176107,0.2172902879324328,0.3215764102097154
2116,2015 GJ55,43.79244794679012,0.170499540157532,0.0590156779252509,2.6782281064966025,-1.441136583643281,43.836966217211,0.1753328518246498,0.0615663930859168,43.83696621721099,0.1487901707197862,0.0519485614876751,2.684662024847831,-2.141361943366263,0.1628841044270401,0.0851858169949367,0.0138432839439484,-0.0913430928044381,-0.4789579731264755,0.2191001775216586,0.0124725092513873,772.0,8.3,50831035,2015 GJ55,(0.058163025453011274+0.16920428690952222j),(-0.001934043527063294-0.06567194360234742j),3.193730225079379e-07,-3.193730225079393e-07,0.170499540157532,43.79244794679012,0.0589814267623646,0.1789218495276849,0.0657477748045578
2117,2015 GJ56,43.81105723782154,0.0680153874266321,0.0579246794925626,4.730323561172988,-1.6014404840696144,43.81659394503431,0.059302360252867,0.0435034324685578,43.81659394503431,0.0589001647089958,0.0426847796537042,4.617360597533963,-1.4921473988595342,0.0002265973243448,0.0001031845762113,2.1069540675329565e-05,0.4204018081516321,-0.4203132163582313,0.0019394977342929,7.102051001941843e-05,855.0,8.2,50835539,2015 GJ56,(-0.06592647228065696+0.008288454661576192j),(-0.011218166236451659-0.06538911232018155j),3.1867194638415655e-07,-3.186719463841576e-07,0.0680153874266321,43.81105723782154,0.057892292784321,0.0664454530276469,0.0663931957759737
2118,2015 GJ57,43.32397209512392,0.0312116658374982,0.0120111581001845,2.289068286947316,-2.158016018073077,43.32293389650324,0.0401698630242263,0.0158875214701676,43.32293389650325,0.0393934622889717,0.0099805616907206,1.5093876371760526,-1.274885898571876,6.661988977771996e-05,2.6399751640222728e-05,0.0001022221307692,0.4484940664194236,-0.4454511260356013,0.0014253148771708,0.000892013450945,3394.0,7.69,50835562,2015 GJ57,(0.033509837255431885+0.013207712847916817j),(-0.01823453169183622-0.01842715216946089j),3.4057454918465495e-07,-3.405745491846571e-07,0.0312116658374982,43.32397209512392,0.0120108692981372,0.0360187849817086,0.0259269876982643
2119,2015 GJ58,45.31345310419026,0.1190500826373726,0.048718026035007,4.250345652412245,-1.293771263684437,45.3167277008296,0.1123098367003229,0.0355926539099901,45.31672770082962,0.1122232147244095,0.0350442006028993,4.10736820141515,-1.1563592164425136,1.1449746047694151e-06,7.245058884681813e-05,0.0006048413565345,0.3708626553859768,-0.3756780756945212,0.0001351786589321,6.305812847554764e-05,821.0,8.3,50835586,2015 GJ58,(-0.11593745540294878+0.026462081005483785j),(0.007712861294767573-0.05277872147322416j),2.626666632619035e-07,-2.6266666326190293e-07,0.1190500826373726,45.31345310419026,0.0486987567207196,0.1189190283194894,0.0533646318695263
2120,2015 GJ59,45.08434578423113,0.0442795056598787,0.0645421905395918,2.552676379114013,1.3490252334871178,45.08630941251851,0.0454508635238384,0.0728328715735698,45.08630941251852,0.0453281629300391,0.0726101110973611,-3.618929976269152,1.2985281182691375,2.476354228408259e-06,0.0001451192219038,0.000173736699824,0.342823276161123,-0.3475214723568523,2.60232537781479e-06,1.5800295913742448e-06,772.0,8.1,50835610,2015 GJ59,(-0.030731143687380173-0.025671368157665204j),(0.008199243908016716+0.05667783266076545j),2.7019363754346457e-07,-2.70193637543465e-07,0.0442795056598787,45.08434578423113,0.0644973893654948,0.0400427563414507,0.0572991786002707
2121,2015 GK54,39.50306794213654,0.3134095418375033,0.5368905449553526,0.9556719914366338,1.7413790678492076,188.1075114755428,0.6328899671484346,0.3467068208639988,188.1075114755428,0.5920093632347643,0.2869727577952828,1.5853755315028983,1.5439944918622797,113.79618273259425,0.2089278863804335,0.1171703427845558,0.0044994704184826,-0.2552486178127683,0.0048347731849344,0.1006909578200317,3310.0,8.79,50830923,2015 GK54,(-0.2948015254484842+0.10500975560986134j),(-0.03712930232788519+0.5296409021388657j),6.345175208044078e-07,-6.34517520804399e-07,0.3134095418375033,39.50306794213654,0.5114665038506861,0.3129456633027467,0.5597103177436314
2122,2015 GK55,43.6880851718088,0.2638921814408916,0.4780786660294624,0.6697901902486434,1.6661696715207044,43.66652006484514,0.2323207763134932,0.4898514567692154,43.66652006484513,0.2049357544926121,0.4700601349982646,0.2653581506985885,1.7108489285463049,3.263149635245741e-06,0.0011287567921804,0.0001947623426166,-0.2254193040730716,-0.2254193094650937,1.0008726885748576e-06,1.0179488270090863e-06,772.0,9.3,50831041,2015 GK55,(-0.18220932940704598+0.1998589037251773j),(-0.054209859540700185+0.4552017254513143j),3.239820122548361e-07,-3.239820122548347e-07,0.2638921814408916,43.6880851718088,0.460074110778932,0.2704511436862397,0.4762146402875896
2123,2015 GK56,44.5348737399753,0.1073330727525314,0.0387742684028791,1.8391702509601533,2.03416802010162,44.54929380657065,0.1083043394908862,0.049979188807682,44.549293806570645,0.1045014842746849,0.0492682725685062,-4.037283311198478,1.7912685148763037,0.000321348377185,0.0002133456913943,1.8898341971133124e-05,0.4649077409648347,-0.4132937013299544,0.0008194441694501,2.0573879001012816e-05,2276.0,7.71,50835537,2015 GK56,(-0.07833234880886031-0.06608847787391331j),(-0.024491557190616242+0.027887485829388124j),2.896917127535876e-07,-2.8969171275358897e-07,0.1073330727525314,44.5348737399753,0.0387645533103916,0.1024872859314934,0.0371238636328248
2124,2015 GK57,44.0302043055494,0.0947178595893886,0.0331452285698744,3.381954017431611,-1.643220847476568,44.02825180201866,0.0893643155683573,0.0221578699714226,44.02825180201866,0.0889410948380976,0.0197930853395488,3.0465859753622446,-1.3980804725210532,5.837298275993997e-05,5.4270289714015945e-06,5.1355691845356e-05,0.4297001917631787,-0.4297517102343264,0.0015005214618092,0.000954159628701,859.0,8.8,50835563,2015 GK57,(-0.013906575120615623+0.10034273632864829j),(-0.011061645163200432-0.04024118316865021j),3.094109629363944e-07,-3.094109629363952e-07,0.0947178595893886,44.0302043055494,0.0331391599777597,0.1013018142261329,0.041745957226222
2125,2015 GK58,44.08548212999354,0.0922659535713434,0.0954858957862137,4.43896215289168,1.6475476752713454,44.08259141010871,0.110673651291085,0.1190601948676653,44.0825914101087,0.1104006369341084,0.1186306071240624,-1.7950391475516525,1.623557437391368,1.703417753363403e-05,0.0015801396753801,0.0015174251422037,0.3897800740094892,-0.4154058600713379,3.2393917343109135e-05,0.0023650766867632,821.0,7.9,50835587,2015 GK58,(0.09247198691801019-0.01130945722230764j),(-0.015787579908234293+0.08777732272274541j),3.07104211174683e-07,-3.071042111746834e-07,0.0922659535713434,44.08548212999354,0.0953408622478899,0.0931610014288589,0.0893044526114799
2126,2015 GL54,39.51047098791644,0.2379507361170815,0.0074089336577662,0.4380238231791482,2.557442298552137,39.40395359558892,0.2390571835265461,0.0162397170302314,39.40395359558891,0.2389284066998311,0.0151576186653251,1.1249783843649177,1.9082020980659071,8.582805899323148e-06,0.0002141875863891,0.000297394495093,-0.3710975101973675,-0.3988603099450442,0.0001223919317616,0.0020504397803287,771.0,8.5,50830929,2015 GL54,(-0.24537944248031446+0.003214724817406152j),(0.044857169711254224+0.02438639958830441j),6.337312001000233e-07,-6.337312001000226e-07,0.2379507361170815,39.51047098791644,0.0074088658757199,0.2454004996889811,0.0510796491524731
2127,2015 GL55,43.66517370896055,0.0528113447048522,0.1887504141184744,3.1320712878200307,-1.33076311623011,43.66910399338955,0.0485280972096025,0.1836405935217815,43.66910399338956,0.0378742599685501,0.1830007378298642,2.166984342123324,-1.2347793170143329,0.0004786604488629,0.014032647543282,0.004920378730223,0.4153008168265829,-0.3700470996801421,0.5109927736585395,0.0038545612340941,3394.0,7.58,50831042,2015 GL55,(-0.009823740963953217+0.059306377107155056j),(0.034757541199308545-0.19073692543454657j),3.2501284781876426e-07,-3.250128478187655e-07,0.0528113447048522,43.66517370896055,0.1876316492197986,0.0601144928623949,0.1951135736686702
2128,2015 GL56,40.060053208619344,0.083709110796432,0.3075641524832814,4.342559380431238,-1.5148922753476652,41.38482416913198,0.1541600755667769,0.2699449181296805,41.38482416913198,0.1395224871113225,0.2443141309411425,-1.5005581780977768,-1.6153775438546525,1.095656859224708,0.0388325379046438,0.0370659318841914,0.429270877954695,-0.5067951191195267,0.0243272084740513,0.0286640362161446,2276.0,7.72,50835536,2015 GL56,(-0.09593535887459807-0.03470559340159139j),(0.1369800325705964-0.2542948921993955j),5.714867483721383e-07,-5.714867483721408e-07,0.083709110796432,40.060053208619344,0.3027379943662617,0.1020199553800848,0.2930165562755648
2129,2015 GL57,43.11012466554418,0.0150688460763213,0.020732592293822,3.376559446107433,-2.247805780833702,43.112039456514445,0.02042604864753,0.019889047189152,43.11203945651443,0.0189397613247856,0.0164463295268916,3.280908121372874,-2.3918752607779767,0.0003874457584275,0.0002327340638181,7.207047535958417e-05,0.4531922453543006,-0.4531321566826034,0.001445539607387,0.0018842901721567,3394.0,8.03,50835565,2015 GL57,(0.009273526629352258+0.023699601114440264j),(-0.025758449115526993-0.025080405379265144j),3.50938802339231e-07,-3.5093880233923065e-07,0.0150688460763213,43.11012466554418,0.0207311070415073,0.0254493494834128,0.0359594451036359
2130,2015 GL58,44.36791037731892,0.0591008663349902,0.0159235661481522,0.943140953223919,1.3671646345090347,44.372715103180006,0.0540427922088756,0.029152289539716,44.37271510318003,0.0538268300281544,0.0283108795398718,0.972906462913024,1.2174236266117604,0.0007966128803825,3.787821396811615e-05,0.0002348648803644,0.3903666120026873,-0.3897876300750763,0.0005535105009638,3.296565281830036e-06,821.0,7.8,50835589,2015 GL58,(-0.038105820957029225+0.049741103652108175j),(-0.004436014340200439+0.008716455562956853j),2.9602548218958694e-07,-2.960254821895871e-07,0.0591008663349902,44.36791037731892,0.0159228932268872,0.062659643977116,0.0097804841859347
2131,2015 GM54,39.54049192156067,0.234298925871328,0.1658613149061673,4.380349101786478,1.8847043262987424,39.40359767983979,0.2353040020741076,0.1621707976708385,39.403597679839805,0.2254818723074655,0.161511388769104,-1.5366409599748276,1.9255947308866537,1.7232256131119983e-05,0.0036667509738133,0.0013311137941179,-0.3998382247458114,-0.3998038836662165,0.0017259484056567,0.0017395668080999,772.0,8.2,50830925,2015 GM54,(0.22740922482342527-0.03676545825393415j),(0.002147574219900833+0.17644946178439974j),6.299258548658693e-07,-6.299258548658633e-07,0.234298925871328,39.54049192156067,0.1651018867922179,0.230362007404461,0.1773914181455171
2132,2015 GM55,55.42627136652242,0.4366366389566959,0.1539734737321287,2.9011327635909403,-1.5260259192128036,55.388443141018215,0.4355260658475433,0.1574235280913341,55.388443141018215,0.4186793420401765,0.1569477770794725,3.020754016894628,-1.5301903843095477,9.713997559327504e-06,0.0152582303592428,0.0002415002294973,-0.0376059228011117,-0.1362092476649601,2.6656702136434467e-05,1.487752794986792e-05,773.0,9.4,50831062,2015 GM55,(0.08732862207128597+0.4401964653369168j),(0.006563052322838514-0.1505104266350001j),9.753655410142205e-08,-9.75365541014221e-08,0.4366366389566959,55.42627136652242,0.1533657983404827,0.4487752403241348,0.151229234323805
2133,2015 GM56,43.81016971948351,0.0489585355337604,0.0251081838146444,0.5340746349273555,1.6904748839896635,43.811512705015744,0.0446494258361567,0.0406879770991242,43.81151270501575,0.0442511059751231,0.0399209255357772,0.6015869236365075,1.4845408602221974,3.1449152078250726e-05,5.229660607446244e-05,6.641253599660132e-05,0.4143471728044096,-0.4156038613724654,0.0010353843021452,0.001603677234702,771.0,8.2,50835538,2015 GM56,(-0.027684543203202672+0.04634109461597666j),(-0.012436618797374299+0.01734851057046916j),3.1861457280552826e-07,-3.186145728055293e-07,0.0489585355337604,43.81016971948351,0.0251055457771829,0.053980839031798,0.021347354066554
2134,2015 GM57,44.03553786011716,0.068790915714715,0.0476258985550645,4.559406781304064,-1.5188959611542232,44.0410001109376,0.0607432860713368,0.0341033235546903,44.04100011093762,0.0604169853937998,0.0331906665270174,4.375590081107202,-1.3922177765648949,0.0005184101964281,7.490553446699879e-05,0.0001122512131886,0.4085725044612164,-0.4098598074850298,1.785270155290781e-06,0.0012038247904485,859.0,8.4,50835564,2015 GM57,(-0.06656401499814897+0.013805474381719198j),(-0.006179480513676264-0.054750587925668455j),3.091394984265747e-07,-3.091394984265756e-07,0.068790915714715,44.03553786011716,0.0476078962116003,0.067980579694337,0.0551261271499359
2135,2015 GM58,43.773539513711015,0.0546259304026017,0.0239143964661455,3.726690387488294,-0.5726824367476507,43.77866412769762,0.0496292078656774,0.0224319299288327,43.77866412769762,0.049109590895699,0.0206765386016885,3.366973181570045,-0.2500148756180281,5.254096330559501e-06,9.202552150364292e-06,4.597297389252439e-05,0.4250094698830856,-0.4203464899912711,0.0008360078088027,0.0018239923012657,3392.0,7.8,50835590,2015 GM58,(-0.05249161070988738+0.006867719368752649j),(0.010497482887123204-0.020571315739738034j),3.202620396656132e-07,-3.2026203966561535e-07,0.0546259304026017,43.773539513711015,0.0239121170973115,0.0529389720739485,0.023096991909422
2136,2015 GN54,39.55312223349471,0.168055217725465,0.0287382026657526,0.9503931185068436,2.362542009672945,39.40650285656771,0.1664747619710578,0.0638304455616384,39.40650285656771,0.1641297923912203,0.060347920959158,-4.916530951534156,2.082435144564361,1.3569080179467608e-05,0.0004952752390158,0.0010321862828575,-0.9553025783518148,-0.5702456254139461,0.0016614237373987,0.0018234990991841,859.0,8.8,50830926,2015 GN54,(-0.17477548462151082-0.06159770465304115j),(0.032957357590216355+0.04142863922274843j),6.284442461011781e-07,-6.284442461011871e-07,0.168055217725465,39.55312223349471,0.0287342470907359,0.1853125663391645,0.0529635867932484
2137,2015 GN55,55.31090268341646,0.4134156360036884,0.1436181828286304,2.683782326336217,1.6044409231192125,55.388198469163136,0.4127275505214977,0.1466691076465547,55.38819846916313,0.4118612808447907,0.1460661345444828,-3.610848883810616,1.609141550240753,1.5465451684290873e-05,0.0084800569577739,0.0005665948153499,-0.0776305732183275,-0.1220988681410009,0.0020138739501224,1.0916681269666642e-05,3727.0,6.07,50831073,2015 GN55,(-0.1737618176127513-0.3847401029630887j),(-0.0045892960124493285+0.13206765927519645j),9.845589204430657e-08,-9.845589204430657e-08,0.4134156360036884,55.31090268341646,0.1431249759454987,0.4221588754108281,0.1325350408370732
2138,2015 GN56,42.65322785037733,0.046179705538003,0.0392904170896218,3.3938236387291303,-1.5074523368610884,42.65579554630897,0.0381061185561862,0.0240485893052319,42.65579554630899,0.03628947949342,0.018483563347687,2.729673870981635,-1.1550530106722827,4.421474507177174e-06,9.595023560156872e-05,0.0002202967112027,0.490760368651769,-0.4881890370617752,0.0014104797879801,0.0003142620057693,771.0,8.6,50835540,2015 GN56,(-0.010746561881271967+0.056685001760541975j),(-0.013613157589407576-0.04950717474905328j),3.747833712193991e-07,-3.7478337121939945e-07,0.046179705538003,42.65322785037733,0.039280308858926,0.0576946966094861,0.0513672885072773
2139,2015 GN57,44.93374651763419,0.045296266816659,0.0118263220705983,3.930080346059692,-2.3965546833177096,44.935200225205136,0.0432011459933755,0.0124956293789634,44.93520022520514,0.0430295135547595,0.0109959166440799,3.980170871601791,-2.5293233958352483,7.89366988145665e-06,0.0001764190194044,0.0015576552857768,0.3638400289003857,-0.3602367898379626,0.0019400567692859,0.0013191652579183,859.0,8.2,50835566,2015 GN57,(0.0031177227372540138+0.05035176487445186j),(-0.014979920848900628-0.0143668866770442j),2.7531851930457625e-07,-2.7531851930457656e-07,0.045296266816659,44.93374651763419,0.011826046397226,0.0504481954190481,0.0207573442447964
2140,2015 GN58,46.06346191247541,0.1049859887062012,0.0277025251743483,4.321536776977791,0.5172911769399272,46.06238983721545,0.1085620555195613,0.0327578237204918,46.062389837215456,0.1084856993670095,0.0324314337901335,-1.9366863180974376,0.5428652190449947,7.208974404896057e-06,8.111926822196411e-05,0.0003441606681394,0.3381289392703055,-0.3382637258693882,1.554094168366579e-06,0.0001252413860405,506.0,7.3,50835596,2015 GN58,(0.014305533532890023-0.1005922398694351j),(0.019594336007086155+0.007966129982233982j),2.400110119797128e-07,-2.400110119797135e-07,0.1049859887062012,46.06346191247541,0.0276989820192816,0.101604365120848,0.0211533441281707
2141,2015 GO54,39.22324930537433,0.2732890067269153,0.1732255700861563,4.954954381862675,-1.4685109878508489,39.40366303213694,0.2741066529172402,0.1714377933578458,39.40366303213696,0.2298746594586694,0.1705907510054293,-1.514374604349596,-1.489348363071916,6.232373316674356e-05,0.0348943473258818,0.0008693444709663,-0.1098077472395608,-0.4113536156726159,0.0297111455282058,0.0134646118815859,859.0,8.6,50830927,2015 GO54,(-0.26628582603695267-0.11910582385559533j),(0.057181204394701285-0.1533233548829333j),6.704174811039801e-07,-6.704174811039949e-07,0.2732890067269153,39.22324930537433,0.1723605361844458,0.2917093389394695,0.1643783151641682
2142,2015 GO55,42.39566236131323,0.1214375537344219,0.136500845211218,4.047030759433484,-1.2955930577253956,42.27442907029216,0.0941893258931595,0.1090158187383266,42.27442907029214,0.0691874435006296,0.1036162365081582,3.824221749082625,-1.2383328610321722,0.0027967717295489,0.0071722051089054,0.0133233263679681,0.3230344424086848,-0.5312835667040722,0.8219285484462904,0.0099003482691774,853.0,8.3,50831074,2015 GO55,(-0.10831186856986344+0.06117506225428988j),(0.01824706121651413-0.14219790598390783j),3.893856205038296e-07,-3.893856205038288e-07,0.1214375537344219,42.39566236131323,0.1360773483819961,0.124393927162509,0.1438595679070036
2143,2015 GO56,46.61060410095967,0.0617209297300629,0.1894652500243003,2.458558897970299,-1.57630065520679,46.61426944974919,0.060942639961927,0.1844871876833219,46.61426944974919,0.0610902994978304,0.1835619358342397,2.455485105590092,-1.5685539412406555,3.996136662622156e-06,0.0004578377692204,0.0002185942644599,0.2437580727929383,-0.2700371060674377,0.0004309560272309,0.0014014388582087,5847.0,8.06,50835541,2015 GO56,(0.040159944820126775+0.05090621344614455j),(-0.0048014379272688186-0.19448505803412378j),2.252611878275044e-07,-2.252611878275046e-07,0.0617209297300629,46.61060410095967,0.1883337412578504,0.0648402940722823,0.1957928706122351
2144,2015 GO57,43.18729356137033,0.0373344941789906,0.0172561085433093,2.207215637533098,2.3855767151470664,43.18853822077831,0.0419343594232202,0.02887304918399,43.18853822077831,0.0412109142554347,0.0269518946475535,-3.332689411138096,1.8106699499963728,5.668501154098526e-05,5.278981079212102e-05,8.818647674673836e-05,0.4545783412830878,-0.4531837420929246,0.0009100700295889,0.0010537541596365,3394.0,7.56,50835568,2015 GO57,(-0.001696119815279627-0.027381341192091915j),(-0.024879554023822796+0.003096020839989085j),3.47218250901773e-07,-3.47218250901774e-07,0.0373344941789906,43.18729356137033,0.0172552521547138,0.0274338234284893,0.0250740762717811
2145,2015 GO58,44.27108491606813,0.0446118894948483,0.0617181488102957,5.612901949790243,1.2816452119469908,44.266358750400855,0.0443551460379519,0.0687803324547537,44.26635875040086,0.04415927131077,0.0685252673943495,-0.5722447773871081,1.2152639682457085,0.0004359528864072,0.0004133773774739,0.0001720868946756,0.3802967140019157,-0.3854768543058479,8.623188487357892e-05,0.0003659894369803,741.0,8.1,50835591,2015 GO58,(0.038331053609889476+0.03188141332617232j),(0.009661058357678672+0.052148113171559866j),2.9977296246729345e-07,-2.997729624672911e-07,0.0446118894948483,44.27108491606813,0.0616789741978415,0.0498567366212276,0.0530603706061308
2147,2015 GP54,39.384715475620446,0.2946167504938292,0.1848559898048407,1.847173726524911,-1.439996859035479,39.40331746969139,0.2919094488609152,0.1791811717635169,39.40331746969138,0.2313506864515321,0.1779832183391373,1.5651601079149675,-1.503300140889446,2.715695818523637e-05,0.2171374672685114,0.0030648702471873,-0.0140915297354268,-0.4068104736359299,0.019514872519441,0.0030042263982294,860.0,8.8,50830928,2015 GP54,(0.26614565007126656+0.08921290045003076j),(0.06887853938256343-0.16102328631325327j),6.494043960090182e-07,-6.494043960090284e-07,0.2946167504938292,39.384715475620446,0.1838049787798203,0.2806999263600975,0.1760442883489538
2148,2015 GP55,36.38991924922028,0.1193936189612138,0.1840780089411558,2.6796430323312865,1.753252873024279,36.42988455309347,0.1137083266972541,0.2141998822553239,36.429884553093466,0.1129026447578574,0.2117062025330895,-3.706172313852505,1.741502638022335,1.3582075148224804e-05,0.0003388176687811,0.0003097244581401,-2.5079094615880084,-0.5659415691861992,0.0182925504662147,0.0018198837127309,2689.0,8.45,50831106,2015 GP55,(-0.03415519448984289-0.12742590844903487j),(-0.018085496300087107+0.18536367383092892j),1.3208653973105562e-06,-1.3208653973105586e-06,0.1193936189612138,36.38991924922028,0.1830401970384625,0.1319239912021343,0.1873377252160561
2149,2015 GP56,41.73235782114313,0.1710894214376395,0.5298290454545845,5.209442449881871,1.7016817914580349,41.755858779082814,0.1843107475603811,0.5299100931946723,41.75585877908283,0.1582738219224941,0.5058068999915379,-1.3399335650000852,1.672267209528408,0.0138995083396912,0.0065836054247101,0.0030505060492989,0.1102917815209226,-0.2810691182245899,0.0039165921088882,0.0030918380664977,821.0,9.0,50835545,2015 GP56,(0.1459524929114688+0.1258949649563275j),(-0.09785901295355393+0.4989837068874775j),4.309113788568593e-07,-4.3091137885686e-07,0.1710894214376395,41.73235782114313,0.505385833027823,0.1927476910067336,0.5334291546546172
2150,2015 GP57,45.27256221231058,0.1702009528302402,0.0755088583953396,4.131666819543698,-1.6697590799114657,45.22140759212255,0.1535463994243653,0.0408564827708189,45.22140759212254,0.1530194632705354,0.0396509515466097,3.989280324943847,-1.6105537806887236,0.0011863378826939,0.0003178515722459,0.0016905934861303,0.4156169482743838,-0.4231144273946983,0.0007022678271908,0.0006338153561284,860.0,9.0,50835567,2015 GP57,(-0.13158311173572948+0.11197983834308284j),(-0.013035955747709854-0.08068477774432362j),2.639235940532564e-07,-2.639235940532561e-07,0.1702009528302402,45.27256221231058,0.0754371254516473,0.1727819420234662,0.0818223485297207
2151,2015 GP58,44.03642300843601,0.0721897999646881,0.0333354168789437,0.0704472349991149,-1.4560521803247135,44.0387710954648,0.0805646763255784,0.0286791439434549,44.03877109546481,0.0802109641111459,0.0272808938330652,-0.0924784854206175,-1.2407828050798122,0.001309320318564,5.519054437640048e-05,6.171067660096805e-05,0.420316689380187,-0.4220583012095341,0.0014054774589924,0.0006252779402798,771.0,7.1,50835592,2015 GP58,(0.015250259565518917-0.06418721371492617j),(-0.004840297862131568-0.04032379913304538j),3.091996008405299e-07,-3.09199600840531e-07,0.0721897999646881,44.03642300843601,0.0333292432248734,0.0659740011012012,0.0406244377147292
2153,2015 GQ54,39.3720854485395,0.1775819448454729,0.1862946581714903,3.8238205095419766,1.612851051414602,39.40400453472974,0.1722810060086104,0.1911564784396135,39.40400453472974,0.1719386740268756,0.1900815797101889,-2.403491204531568,1.6003361358400083,5.684641448346387e-06,5.931620608687221e-05,0.0001295972024392,-1.049578301273724,-0.3469450998336479,0.0019034508529872,0.0005522289207136,891.0,8.0,50830932,2015 GQ54,(0.11075316526042854-0.1620476620213172j),(0.037131148134873226+0.20206355892626016j),6.508877840327626e-07,-6.508877840327598e-07,0.1775819448454729,39.3720854485395,0.1852189454614441,0.1962796687937363,0.2069202648834748
2154,2015 GQ55,42.8256886628952,0.0966850294983701,0.3632637588775884,1.7494902755774682,1.6831002393488343,42.83075313992871,0.091700318218124,0.3696062313228306,42.8307531399287,0.0797836731388137,0.3612548587053399,-4.615668190690068,1.6852381883438197,0.0018682349875765,0.004737239045869,0.0001744031612535,0.1846198479029072,-0.3146480605441002,0.0058084713345457,3.685731613659063e-06,858.0,8.1,50831110,2015 GQ55,(-0.08947161028076053-0.016142138368272177j),(-0.05508113998708177+0.34842331949862515j),3.654777933460849e-07,-3.654777933460859e-07,0.0966850294983701,42.8256886628952,0.3553268931865953,0.0909161024094892,0.3605086737171093
2155,2015 GQ56,42.98656954213175,0.1045857675902498,0.3142713349295287,5.919731516690755,-1.53172548235048,43.010501898514285,0.1082102399411515,0.3067669269466696,43.010501898514285,0.1082226936671087,0.302211015084067,-0.32632162174529,-1.5270929586808677,0.0020823057922589,0.0002879920237573,0.0002257304172924,0.2445012877692093,-0.3499874626566541,0.0006758997300604,0.001922708592749,2223.0,7.37,50835543,2015 GQ56,(-0.030353005134721854-0.08858939848767279j),(-0.001370460170863173-0.3211354130335688j),3.572328065263346e-07,-3.572328065263381e-07,0.1045857675902498,42.98656954213175,0.3091235769295105,0.0936450022431316,0.326931247416699
2156,2015 GQ57,44.99484273628875,0.1085685526793966,0.0121013111232495,6.015373778691034,2.9000663740548567,45.00370973385928,0.1027552296928888,0.0219614277389422,45.00370973385929,0.1023789862934454,0.020860565655896,0.3266875985665325,2.262511422352888,0.0003006438115137,5.70065117851144e-05,0.0011030368954066,0.3944990886941706,-0.3851139492811237,1.1769849289717465e-05,2.5127648818199435e-05,856.0,8.4,50835570,2015 GQ57,(-0.09353197258651243+0.05800200189917164j),(-0.017879923405440465-0.003420780123298096j),2.732063019766001e-07,-2.732063019765988e-07,0.1085685526793966,44.99484273628875,0.0121010157692542,0.1100566314232614,0.0182052193423337
2157,2015 GQ58,45.64209545921016,0.1271747160906748,0.0087959508837252,4.235568661460537,0.0749397575644451,45.649207243106574,0.1299563772592324,0.020749622252898,45.64920724310658,0.1299267230724787,0.0195468462820673,-2.349235976437546,0.3943830278741053,0.0004108395754975,2.100092635677805e-05,0.0011180951360858,0.3704333496020754,-0.3756207759762259,0.0005477332178416,0.000695150798008,821.0,7.6,50835601,2015 GQ58,(-0.048687102633508846-0.11313259838408514j),(0.003718727053204405-0.005242631236535616j),2.523381407279607e-07,-2.523381407279625e-07,0.1271747160906748,45.64209545921016,0.0087958374622069,0.1231641943909857,0.0064276498149053
2159,2015 GR54,39.2771348428346,0.2245342197219198,0.1673951905291553,3.8705757302815456,-1.3962260857605138,39.40410437182469,0.2482341403768071,0.1163137196310427,39.40410437182469,0.2379308016221044,0.1156662170060603,4.131363124763388,-1.4507588658150712,9.295768681059204e-05,0.0162411539792474,0.009827276651072,-0.2294721442962526,-0.4289751752377682,0.0055179760004577,0.0095503783851175,771.0,8.6,50830931,2015 GR54,(-0.1844070002185994+0.11311473015624939j),(0.07023914778137716-0.1463129980801888j),6.630602688832322e-07,-6.630602688832309e-07,0.2245342197219198,39.2771348428346,0.1666145174814526,0.2163351194511507,0.1630203050699919
2160,2015 GR55,38.57041076947364,0.0977882066766794,0.412792281757676,4.228283362531287,1.6620090599543804,38.59541571404103,0.1024791005492088,0.4235843548334643,38.59541571404103,0.068414899534069,0.4111867938283399,-1.815865103086479,1.686780802440098,0.0055656052916777,0.1807384419450399,0.0005980497399896,0.2681850334649259,-0.4446559894588495,0.1777171711464568,0.0033003163584347,829.0,8.8,50831111,2015 GR55,(0.08590523213681264-0.05627784583474964j),(-0.009860448402678603+0.417260937807599j),7.671417106791407e-07,-7.671417106791623e-07,0.0977882066766794,38.57041076947364,0.4011686304547406,0.1026981248138422,0.430557437806507
2161,2015 GR56,44.143128812487504,0.0337424062232016,0.0283502618978652,1.7924341559509536,-2.331594391716925,44.141696143838494,0.0416074270426403,0.025281037713282,44.14169614383851,0.0412543111199513,0.0242514498869285,1.9693271320864945,-2.400491302909961,4.730100764739656e-06,3.055335664928349e-05,5.263481682847956e-05,0.399180026361601,-0.3978962873065612,1.7845157575654554e-06,0.0012359012497,771.0,7.6,50835544,2015 GR56,(0.03082724179638656-0.010753283482807309j),(-0.02784905241607738-0.0276446489443793j),3.048295200938139e-07,-3.0482952009381453e-07,0.0337424062232016,44.143128812487504,0.0283464643564196,0.0326489194681003,0.0392503160453544
2162,2015 GR57,43.95344014503486,0.0560923153392576,0.0262353714216158,1.813648335414049,-1.984665792461528,43.9492962354352,0.0713170311648535,0.0256794101255657,43.94929623543519,0.0710472795508444,0.0242612522777271,1.824344371211299,-1.915709435400456,0.0003395419040176,0.0017777603800394,0.0008950218011365,0.4205106896059192,-0.4221161674844845,0.0023318097568313,0.0011424771008819,859.0,7.6,50835572,2015 GR57,(0.05729845975091906-0.002505488423752751j),(-0.01947137841540914-0.03136211859768396j),3.1260465857925575e-07,-3.12604658579256e-07,0.0560923153392576,43.95344014503486,0.0262323619139458,0.0573532123081981,0.0369233870313343
2163,2015 GR58,44.005283808362776,0.0811161409073365,0.017349056327541,2.80119001337738,-0.8826181106413262,44.00259326899337,0.0744499721999216,0.0137220210565519,44.00259326899338,0.0740986765954814,0.0080081931422015,2.220230318094341,-0.3748169996466766,0.0003629388130978,5.957447724317549e-05,5.637961805402044e-05,0.4226269786130366,-0.4242099155260763,3.44534393853095e-05,0.0084237157053428,506.0,8.8,50835600,2015 GR58,(-0.025711746871272954+0.08324113094117519j),(0.0022492817193040006-0.020669360627502468j),3.104323453794312e-07,-3.104323453794354e-07,0.0811161409073365,44.005283808362776,0.0173481860259351,0.0871216379984805,0.0207928843726414
2166,2015 GS54,39.60482363386754,0.2376994975867705,0.0412735622160746,0.386779846058177,0.890014223628652,39.40493773381222,0.236547199804724,0.0528755524754784,39.40493773381223,0.2282563947352335,0.0521097659728185,0.6859347503924308,0.8245876744184059,3.799579676770244e-05,0.0070088180519684,0.0009847253357067,-0.3024485005621071,-0.4864174612639849,0.0024323224082001,0.0028832927938769,3752.0,8.53,50830933,2015 GS54,(0.06031887089961861+0.19479002790457764j),(0.08190719419131565+0.05433874681307593j),6.222816187759061e-07,-6.222816187758995e-07,0.2376994975867705,39.60482363386754,0.0412618449142125,0.2039154755227543,0.0984518358327263
2167,2015 GS55,44.14654133830075,0.1948065731475271,0.4343515021164992,0.7814467697311436,1.6351137914520053,61.328810634133504,0.3795765603357622,0.3790544954652492,61.32881063413352,0.3226473232515049,0.3081199790795929,0.772837724850878,1.8657234135069567,13.977530721653109,0.1064800066956483,0.0654779068077904,0.1288903849659978,-0.2710332439364368,0.0574718458569239,0.0358169100960953,2652.0,7.26,50831112,2015 GS55,(-0.1446307381715609+0.13636311778919935j),(-0.03572986703524199+0.41880572418391254j),3.047370356651504e-07,-3.047370356651492e-07,0.1948065731475271,44.14654133830075,0.420822209492863,0.1987786465323719,0.4338057643161886
2168,2015 GS56,43.23292936779532,0.0186391602594537,0.0174758152914706,0.7834570005908139,-3.0271915334916195,43.23397305841114,0.0200931960727144,0.0230314076209287,43.23397305841115,0.0187825428970851,0.0207540099179886,-4.524191407656935,2.597545472548855,6.953224002089626e-07,3.2063737368564355e-05,1.4080060839403743e-05,0.4461422806137853,-0.4439286966195807,1.1872650709744468e-06,0.0019428455570269,858.0,7.9,50835546,2015 GS56,(-0.008937302498304723-0.005067224750349613j),(-0.029426880800590815-0.010625044101054193j),3.449437115937596e-07,-3.4494371159376134e-07,0.0186391602594537,43.23292936779532,0.0174749257740551,0.0102738572414044,0.0312914111842
2169,2015 GS57,43.98523382116284,0.0435257908948647,0.0100745459615184,5.853827219657789,-1.2811538771635758,43.98628297266573,0.0481369068437122,0.0116448631477858,43.98628297266573,0.0477764904872426,0.0048954583171194,-1.1810368981548098,-0.4169738420216455,7.560888029654441e-05,7.044276682370307e-06,0.0001300868148645,0.4109215968808585,-0.4104422212491005,0.0011510745767425,0.0001311658430822,2625.0,7.89,50835569,2015 GS57,(-0.004104941931224632-0.0361344119940221j),(-0.0059414619492341465-0.0169673699102166j),3.112458871502886e-07,-3.112458871502893e-07,0.0435257908948647,43.98523382116284,0.0100743755405639,0.0363668293698042,0.0179785270694939
2170,2015 GS58,43.26448167732805,0.0645803626766627,0.005312445951831,5.567908228766581,-1.8990652052312045,43.266479142570006,0.0624112833524679,0.019243803528843,43.26647914257002,0.0616738366532155,0.0139041273775866,-3.1836824449916223,0.6491961781649167,2.133922175830287e-06,6.207693752504624e-05,6.225635970299537e-05,0.4641168433570661,-0.4588325559652483,0.000778688471262,0.0025499781210177,771.0,8.3,50835594,2015 GS58,(-0.05318435101972501-0.023156877340323997j),(-0.013612393338334553-0.013585546703876943j),3.434766341516215e-07,-3.434766341516218e-07,0.0645803626766627,43.26448167732805,0.0053124209638187,0.0580070354486775,0.0192330429342987
2171,2015 GT50,311.22836491112406,0.8765790720112085,0.1424399324622287,2.42279323918562,-1.2442494961310564,469.0234743497045,0.907914904632286,0.1410335418984879,469.0234743497047,0.8296809788996294,0.1382875381969868,2.035941931661835,-1.1188369320594538,82.88348614588783,0.0815365143637571,0.0015999196793098,0.0023467275741616,-0.0049584110438512,0.002349529315112,0.0001751115445091,824.0,8.5,50775278,2015 GT50,(0.389368646910282+0.9411946985779411j),(0.0335301066412813-0.09936992504371779j),1.6332608943238858e-10,-1.6332608943238858e-10,0.8765790720112085,311.22836491112406,0.1419587570320289,1.018555547738053,0.1050676530129687
2172,2015 GT54,39.24042871882629,0.1841502695214169,0.1012440766889133,4.170783915543416,-1.3670083543797442,39.40548110730109,0.1885025869335174,0.0920571635498967,39.405481107301085,0.1867883161936657,0.0914523916741391,4.1799860842819605,-1.3388273465014449,7.928530767512446e-05,0.0025141822127289,0.00295871677068,-0.7441792323396629,-0.4948569338154255,0.0425231588740699,0.0125847415112557,821.0,9.4,50830930,2015 GT54,(-0.18117490460151556+0.03519017389523291j),(0.06067518432882422-0.08255587342823463j),6.681258150936755e-07,-6.681258150936849e-07,0.1841502695214169,39.24042871882629,0.1010712005574926,0.1845608148988972,0.102634720754014
2173,2015 GT55,45.968456790027695,0.2493647030474647,0.1998330380131822,3.5901879941199946,-1.4492163792859687,-3777.2479808737658,0.9422012689091644,0.6763919793270264,-3777.2479808737658,0.9354092184318028,0.1372104697595807,-1.2403308278904506,-0.2376281199941016,363.1009567382414,0.5939286907178459,0.3933337311759736,0.7454753898125995,8.162567585632722e-06,0.7612926603818431,0.0112167759899208,859.0,9.4,50831113,2015 GT55,(-0.1346140362841663+0.21539386059817037j),(0.019267446639653893-0.20061142572376456j),2.426968234837308e-07,-2.4269682348373145e-07,0.2493647030474647,45.968456790027695,0.1985056941636879,0.2539989250924084,0.202924374993713
2174,2015 GT56,45.70892681008984,0.0624245431680352,0.1949321042608244,3.0633356934293694,-1.5519130871503608,45.710420302105625,0.0632848887795829,0.1897179048928238,45.71042030210564,0.0633179301262771,0.1888141569254227,3.053467996672868,-1.5481847205377504,5.5548696638469725e-06,8.017356442842984e-05,0.0002908899070457,0.2584928688804832,-0.2966836692508549,0.0001894681838715,0.0007851193049485,771.0,8.2,50835547,2015 GT56,(0.004866759333642134+0.06638654167051883j),(-0.0012457865006404584-0.20026555630015927j),2.5036985327736976e-07,-2.5036985327737124e-07,0.0624245431680352,45.70892681008984,0.193699925559167,0.0665646923029253,0.2016329154541946
2175,2015 GT57,43.9188770747816,0.0672986237175314,0.0152610563239807,1.706942590068966,-0.7780253507644966,43.92099058579318,0.0684340785372135,0.0131505777858965,43.9209905857932,0.0680532646213807,0.0064166212127499,1.1046999032881852,-0.2134374275514396,1.5794304848705857e-05,3.159104466290508e-05,9.400895332684247e-05,0.424990822661162,-0.4284779949740371,0.0017278573600451,0.0007856761683927,856.0,8.4,50835571,2015 GT57,(0.0423383391812631+0.06107662134819579j),(0.00180896887258283-0.01810778267687031j),3.140421100237564e-07,-3.140421100237595e-07,0.0672986237175314,43.9188770747816,0.0152604639479492,0.074316139834753,0.0181989209812046
2176,2015 GT58,43.87438968337337,0.0684178156842121,0.0128299513731075,1.9649868772158907,0.7153514810278968,43.87806411224653,0.0624695921367551,0.028055265319649,43.87806411224653,0.0621183775605235,0.0266834111116315,1.8114322923846,0.8168868910848348,0.0001999960430512,6.18581223426729e-05,8.235283969327264e-05,0.4211571980492445,-0.4203134407920695,0.0014274285583858,0.0005537903304462,3718.0,7.48,50835593,2015 GT58,(-0.05972990576856183+0.037670227276260626j),(0.00047540016520088504+0.0009409422941419471j),3.1579813995046497e-07,-3.157981399504676e-07,0.0684178156842121,43.87438968337337,0.0128295993913088,0.0706166245735832,0.0010542192038179
2177,2015 GU54,39.394751070469,0.0991250298672053,0.0873796015362191,0.7309297949516882,-1.3409125341664587,39.40906737569296,0.093820902975303,0.0754296496758926,39.40906737569296,0.093727114725684,0.0749709788687728,0.549089646855613,-1.21739985097245,2.3348460154452846e-06,3.2934450159824363e-06,6.687625641211294e-06,-3.555089810352752,-0.4649042744855702,2.175825025987248e-05,2.3911631997860243e-05,821.0,8.4,50830934,2015 GU54,(0.07384029041618453-0.08583785450603713j),(0.06561931659636396-0.06677267931136222j),6.480568213721279e-07,-6.480568213721135e-07,0.0991250298672053,39.394751070469,0.0872684505982943,0.1132277605313558,0.0937561261081103
2178,2015 GU55,94.6674686376357,0.6292090100752922,0.4326165719819307,0.2858870192319589,1.6999193911803157,97.57288205137256,0.6473336371826034,0.4123539029335536,97.57288205137256,0.515074709556696,0.3499862130031721,-0.3288165322591172,1.805374440045715,1.4790057433718682,0.0430876507329338,0.0391744491241871,0.0253009661260597,-0.0449467987312665,0.0038391158437338,0.0054231934470373,3719.0,7.76,50831143,2015 GU55,(-0.2691992143355477+0.6108318372588151j),(-0.04712764008337409+0.369869474192262j),1.1550102350828562e-08,-1.1550102350828562e-08,0.6292090100752922,94.6674686376357,0.4192477469869258,0.667520599238597,0.3820891906731458
2179,2015 GU56,43.4368981280696,0.0463607752867195,0.0380860507021415,3.945270252522076,-1.6743247935401209,43.43917115762581,0.0369314555879333,0.0250434465147578,43.43917115762582,0.0362333081130483,0.0232456417958505,3.629809841094179,-1.5132809834627077,1.5505808798864723e-05,2.909152930921578e-05,4.485964447001362e-05,0.4391954835680267,-0.4366766852475083,0.0019292791809339,7.641530366890604e-05,858.0,7.2,50835550,2015 GU56,(-0.027435875167409182+0.04415544251150449j),(-0.014954905827062617-0.04606061375978786j),3.352744315209367e-07,-3.352744315209361e-07,0.0463607752867195,43.4368981280696,0.0380768437671853,0.0519849050166337,0.0484465170238421
2180,2015 GU57,44.12434946192019,0.0794152486818767,0.0253771736336053,2.826009860708856,-1.3386855942632745,44.127437831483526,0.0758957258903056,0.0160304755082461,44.12743783148351,0.0756396031532035,0.0128161957440801,2.4160846238155527,-1.0145495624085368,0.0004551330089823,0.0001837025332222,0.0003202460446587,0.4132695780595304,-0.4154627763325209,2.4523297740046185e-06,0.0006154817317243,771.0,7.8,50835573,2015 GU57,(0.008486300352792329+0.08584640441324583j),(-0.0025335135205106487-0.03179511776621105j),3.055246050781232e-07,-3.0552460507812066e-07,0.0794152486818767,44.12434946192019,0.0253744499006917,0.0862648389806667,0.0319013070416093
2181,2015 GU58,44.26418407329445,0.0791049016353038,0.0256077585392248,5.069958618322962,-0.88827798659212,44.26722873365426,0.0820460508862729,0.0238296996483531,44.26722873365425,0.0817916824977692,0.0223878446567815,-1.5358597687260076,-0.5607936728570313,0.0005398518646187,0.0003548196683567,0.0008615183817394,0.4085743672550374,-0.4106825947156105,7.942140383226035e-07,0.001569303701422,858.0,6.8,50835597,2015 GU58,(-0.038289644065630804-0.061967539796765496j),(0.008184500067421633-0.02681496309803616j),2.999894319267076e-07,-2.999894319267121e-07,0.0791049016353038,44.26418407329445,0.0256049598852328,0.0728427953275848,0.0280398701941564
2182,2015 GV54,39.54969089503932,0.23490274171902,0.0270015462864698,2.9277401179928617,0.254221421858441,39.40464661340185,0.2167364461737284,0.0816535245905439,39.40464661340185,0.1905369648635299,0.0814991911701266,-3.1049526935451905,0.4078738567536385,7.670805976198072e-05,0.0251668093247472,0.0067289015366197,-0.5620419354880527,-0.4435362105278089,0.0084504907226127,0.0019734213175872,858.0,9.1,50830936,2015 GV54,(-0.24490948911910612-0.042280613573868274j),(0.07876708409734884+0.027962651495324422j),6.290063110612478e-07,-6.290063110612492e-07,0.23490274171902,39.54969089503932,0.0269982653424224,0.2485323080502097,0.0836809006450372
2183,2015 GV55,31.38146686873421,0.3028726289979954,0.4987056363005774,4.041816479980308,1.7779896033398348,-110.61743698251313,0.9771776955145248,1.3923313612744397,-110.61743698251315,0.1295337534744708,0.0388904264013589,-2.674423811029918,2.616002814786374,7.433187112491584,0.5434955856289256,0.5773130366516216,9.22100190733871e-06,-0.1478430190281535,0.0145887906792978,0.1386875153340289,3365.0,7.77,50831144,2015 GV55,(0.26827927823809117-0.14380716911036356j),(-0.08839882064791371+0.47599596294523544j),2.826921695449601e-05,-2.8269216954507795e-05,0.3028726289979954,31.38146686873421,0.4782892263007289,0.3043916441354589,0.5053740937696134
2184,2015 GV56,45.92133859317753,0.1112201563739585,0.008877983008614,4.558781581522145,-1.981289747347352,45.92321786013624,0.1063932090020159,0.0091404849406208,45.92321786013623,0.1062955263583092,0.0063040379137449,4.127745260898463,-1.5918060366171118,2.054379336379156e-05,6.265341628919185e-05,0.0028439173190283,0.3451730840355469,-0.3456250153317642,0.0009150597327593,0.002281601560352,771.0,8.6,50835558,2015 GV56,(-0.09303671725677942+0.06337449533213074j),(-0.00814195509847214-0.013875333543957993j),2.441105763796714e-07,-2.441105763796716e-07,0.1112201563739585,45.92133859317753,0.0088778663840678,0.1125706774276506,0.0160884631177862
2185,2015 GV57,42.9626072019991,0.0480203069472937,0.0229327031583138,1.8667026369732849,-1.3157794894926114,42.96377265450524,0.0564418547847826,0.0195922092665572,42.963772654505256,0.055379635034196,0.0110974828773012,1.1856465012781638,-0.6178004219439576,2.272272678628312e-06,7.877535773246797e-05,0.0001598339443724,0.4795267636992764,-0.4772369490576072,0.0004883354619283,0.0035371115427643,771.0,8.5,50835574,2015 GV57,(0.04397399768200321+0.03597623247947317j),(-0.007931250506811215-0.03149148664435322j),3.583840499945112e-07,-3.583840499945111e-07,0.0480203069472937,42.9626072019991,0.0229306931258193,0.0568155064709796,0.032480600585248
2186,2015 GV58,42.96096765709178,0.0180396602444808,0.0169807318523848,5.132219831829564,-1.2253699380745442,42.96198184071714,0.0217550657591517,0.0164515617523614,42.96198184071714,0.0201375953310892,0.0066417768122675,-1.579787411353397,-0.4431041929947705,2.792287299937424e-06,1.0421264809125947e-05,0.0001183008706076,0.4637303613073092,-0.4625872027221814,0.0011425448996204,0.0017553459672713,506.0,8.4,50835595,2015 GV58,(-0.00994338435732069-0.001676913238774511j),(-0.007983438846033152-0.02529839794065126j),3.585325456975152e-07,-3.585325456975177e-07,0.0180396602444808,42.96096765709178,0.0169799158119094,0.0100837954405961,0.026531290610846
2187,2015 GW54,39.37875035092636,0.1850341025896389,0.031773336917154,2.628666757276619,-0.1179424467901941,39.40463852531213,0.1901848599761823,0.0323325585399461,39.40463852531213,0.1901766915434258,0.031934306819119,2.558243626756051,-0.0290936829724592,2.0651182347247e-06,3.990730404916382e-05,1.42022593235379e-05,-0.8476717757246486,-0.4155602809087686,0.0011919180394283,0.0018686987147656,720.0,9.7,50830935,2015 GW54,(-0.1574786015516436+0.08096752404291209j),(0.07641076855134846+0.014087125037453891j),6.500874659825008e-07,-6.500874659824918e-07,0.1850341025896389,39.37875035092636,0.0317679910850915,0.1770741367232969,0.0777768640336305
2188,2015 GW55,85.7199585511799,0.6053080224528555,0.2418921614879861,1.38482987901374,-1.3761783893996682,78.89849864211658,0.553480534961351,0.282220720727802,78.89849864211658,0.4778793678799162,0.2612327959116609,1.4095778502242402,-1.194293590421733,1.2616385149897649,0.0265596099307499,0.0173309389963006,0.059386749244364,-0.0867497071684274,0.0091180985052996,0.0063668077443305,821.0,6.7,50831145,2015 GW55,(0.6387490744030055+0.0056142741244000075j),(0.04314255139731753-0.21652955685549577j),1.676244800378464e-08,-1.676244800378463e-08,0.6053080224528555,85.7199585511799,0.2395401281179834,0.6387737472099494,0.2226199848805527
2189,2015 GW56,45.32154387206841,0.1056698481249905,0.0227509718979736,4.2750221323757245,1.944707925183092,45.32271189113113,0.1100263011459404,0.0284637768764242,45.32271189113112,0.1099860703590959,0.0277233493184082,-1.7238183072871769,1.6908375622286196,4.592077898274065e-07,4.136161659588258e-05,0.0005115285001661,0.3706787671609666,-0.3733657741990448,0.0003119472747219,0.0017760021363437,771.0,7.9,50835554,2015 GW56,(0.10688043896259883-0.002181752776752064j),(-0.013833468707506926+0.015035242613724745j),2.6238017480026465e-07,-2.623801748002632e-07,0.1056698481249905,45.32154387206841,0.0227490092727688,0.1069027047273205,0.0204323633147862
2190,2015 GW57,44.923174815621294,0.04978324909363,0.0491867569755726,2.216532474477201,1.071984812568609,44.92557993122475,0.0488117080225627,0.0583218435239619,44.92557993122474,0.0486767140731422,0.0581168096511112,-4.005204528072085,1.0216513838781924,1.527700553192966e-07,0.0001297501565835,0.0001617464088704,0.3545954800945596,-0.3578674345423168,0.0017978521533614,0.0009108006741818,771.0,8.1,50835575,2015 GW57,(-0.04782733199738392-0.0021985106891679066j),(0.01719946324611074+0.036801187810338316j),2.7568603675150216e-07,-2.7568603675150205e-07,0.04978324909363,44.923174815621294,0.0491669261505805,0.0478778355320953,0.0406332059248889
2191,2015 GW58,45.38713872608173,0.127122506044494,0.2068335116686217,4.706573814393675,-1.3739336284357306,45.38965819803972,0.1240485231617733,0.2029031609839539,45.38965819803971,0.1239498423797753,0.2016083048968178,-1.582147547712861,-1.3656979096548465,0.0001243194017907,0.0001667205642257,9.073462882699028e-05,0.2747297833533027,-0.3240542531478584,0.0003113634868218,1.1803894536172316e-05,771.0,7.9,50835598,2015 GW58,(-0.12381380835466248-0.019744683331759137j),(0.034786206705337296-0.2076964653009183j),2.602779437397596e-07,-2.602779437397612e-07,0.127122506044494,45.38713872608173,0.205361936466007,0.1253782742709299,0.2121778571282572
2192,2015 GX54,39.35392080378223,0.1600793137775503,0.2285263896722919,3.169247522329264,-1.3594541997436218,39.40483530310991,0.1559896972704248,0.2338408069343786,39.40483530310991,0.1556035033061947,0.2319429710755192,3.1111216390427074,-1.3330948196851318,2.9120486054479298e-05,0.0010983661149831,0.0011635143060928,-1.195335017422857,-0.3813792443820169,0.0214672719098586,0.003946769563019,856.0,9.0,50830937,2015 GX54,(-0.045281069022791456+0.12788259752489253j),(0.09169474660014532-0.20414480543558697j),6.533310560971893e-07,-6.533310560971997e-07,0.1600793137775503,39.35392080378223,0.226542471669378,0.1356625739161706,0.2257038106652572
2193,2015 GX55,184.0014493026624,0.9195590161474309,0.9262659765985114,1.4733212808288787,-1.425870795566773,-271.70239205560347,0.9077734091663212,0.86157668694317,-271.7023920556036,0.5501724910253347,0.5134430818517975,2.323335694154615,-1.6027839838847062,274.24735616638867,0.1665004976783767,0.1879310189917111,-0.0547572579102315,-0.037573699461027,0.0059281214666791,0.0056889352965575,858.0,9.4,50831146,2015 GX55,(1.1006204653870255+0.0522625612436778j),(0.0827136481256026-0.5600047065460386j),1.0449154799941999e-09,-1.0449154799941999e-09,0.9195590161474309,184.0014493026624,0.799382031532062,1.1018606010455687,0.6017430583761381
2194,2015 GX56,44.32122250427927,0.0776229954624911,0.0429881426465018,2.7781561192081696,-2.1600151244602874,44.32494295817298,0.0839500246405028,0.0417385387360099,44.32494295817299,0.0836974410339932,0.0410781705955582,2.751167459994812,-2.155375507181195,2.034041425494236e-05,0.0001088103934543,0.0001862383292082,0.4038768455928189,-0.4062244357536622,1.2293015380301577e-06,0.0009602351880461,771.0,7.9,50835557,2015 GX56,(0.0650495059809622+0.0512111687577171j),(-0.031628876209715266-0.04259469890836769j),2.97750953421785e-07,-2.977509534217848e-07,0.0776229954624911,44.32122250427927,0.0429749036622642,0.0827890212159717,0.053078611430275
2195,2015 GX57,45.62976852297164,0.1806295618025765,0.2475906847838202,5.422068463815995,1.511152456516831,45.60773404895421,0.1799618313121233,0.2542786094522231,45.60773404895422,0.1802113014108369,0.2518255663959499,-0.939869749193267,1.51754980275046,0.0093773320699116,0.0008353917848781,0.0005623510352681,0.243838727827319,-0.3234445540625957,0.0005688165374029,0.0005302226863047,771.0,8.6,50835576,2015 GX57,(0.14556158744378342+0.11391881101816514j),(0.009560963506083668+0.2385790108679703j),2.527379310522192e-07,-2.527379310522207e-07,0.1806295618025765,45.62976852297164,0.2450688280073376,0.1848395824571853,0.2410995426052647
2196,2015 GX58,43.724043388684606,0.0728357922351792,0.0466509000228732,3.3354850959108284,-0.8362621804902158,43.72223362457533,0.0614149828513697,0.0361365340526389,43.72223362457532,0.0571016783775978,0.035021611293321,2.8283176790116604,-0.5782840507330671,1.7864608138774975e-05,0.0001145242816854,4.451738729670712e-05,0.4884084431436981,-0.4297053993527529,2.304844314442248e-06,0.0008476160138229,858.0,8.0,50835599,2015 GX58,(-0.05617371706406671+0.051367485462869386j),(0.02144601518205544-0.04227103771446176j),3.223902090373942e-07,-3.22390209037397e-07,0.0728357922351792,43.724043388684606,0.0466339807547723,0.0761190189871882,0.0474178961746365
2197,2015 GY51,47.537987296179686,0.3096203766506902,0.1507754635951711,1.3833677104451354,-1.4571193273692915,47.733563578981794,0.2611028207963061,0.182389267083136,47.73356357898181,0.2117991913565548,0.1820289761695158,0.9527765573081156,-1.3249171115998783,8.05390205326158e-05,0.0187023459087073,0.0133077768106236,-0.1609556343578599,-0.2049217964552014,0.0212948809637318,0.0038074394424487,1146.0,7.6,50797889,2015 GY51,(0.3133928694573101-0.02047763030411348j),(0.013772814269041448-0.15116478028534752j),2.0308670130867037e-07,-2.030867013086699e-07,0.3096203766506902,47.537987296179686,0.1502048434398053,0.3140611787049755,0.1523799298175253
2198,2015 GY54,39.302652178309145,0.1185976884057063,0.0437352732567799,2.295755926201551,-1.0425823131616982,39.40711776957936,0.12499478782281,0.0308722372860551,39.40711776957936,0.1249557980345033,0.028629959152894,1.9448059482797493,-0.7198057329314802,3.528337480658598e-06,1.2376163627523172e-05,3.0219531339237586e-05,-1.9981770106998744,-0.497187895419918,0.0016900991421325,0.0005807435448798,824.0,9.1,50830938,2015 GY54,(0.03010842795754923+0.08568166907793585j),(0.06433181604512747-0.021060237715174422j),6.599106773810754e-07,-6.599106773810915e-07,0.1185976884057063,39.302652178309145,0.0437213319736536,0.0908177617542727,0.0677431318892027
2199,2015 GY55,100.90453528558946,0.642784831094678,0.0675408010548644,3.0070051396213167,-1.122936508067616,97.27180870602518,0.6272618498014704,0.0823126749079167,97.27180870602514,0.573469386902132,0.076705246999887,2.8175291773707496,-1.0112779261548173,1.3089930638870595,0.0216262360656195,0.0155965993172723,0.0688641911866561,-0.083325210694563,0.0051120441517788,0.0054252918879442,2278.0,7.38,50831147,2015 GY55,(-0.2107801849643578+0.6507466807891026j),(0.027239673553241056-0.058745398634795484j),9.119845548289502e-09,-9.1198455482895e-09,0.642784831094678,100.90453528558946,0.0674894619474984,0.6840318186543979,0.0647988834322208
2200,2015 GY56,43.34815664668108,0.0479641630250439,0.0266507115286908,0.7228266964655958,-2.6414027200550616,43.35054308845284,0.0506522176389246,0.0235114284807689,43.35054308845287,0.0499766941674811,0.0211094348749039,1.0992887166446883,-2.879463354097903,1.2527439975502548e-05,4.245443680782154e-05,1.915564818211699e-05,0.4508388383809289,-0.4462709249342871,1.7808438759304924e-06,6.648178623322255e-05,771.0,8.1,50835552,2015 GY56,(-0.01379768416687336-0.036090842719301346j),(-0.03483485985742284-0.021155789536529523j),3.394796344993911e-07,-3.394796344993887e-07,0.0479641630250439,43.34815664668108,0.0266475568164434,0.0386383878617901,0.0407670870528214
2201,2015 GY57,43.88582212859158,0.0718435787022413,0.0132025353629146,6.273645373988381,-0.3088263021006719,43.88210741930772,0.0805392367300167,0.0163691537153744,43.88210741930771,0.079980432432781,0.0117724826400807,-0.3405238282210009,0.122648536605965,1.8582364433263904e-06,2.52157147863382e-05,2.372013912150346e-05,0.4367540823421781,-0.4322146837468686,1.968587843255012e-06,0.0014842577691555,856.0,8.3,50835577,2015 GY57,(0.07032754660823975-0.015270536764697817j),(0.0033949131562822487-0.01146284092791994j),3.154354095135635e-07,-3.154354095135631e-07,0.0718435787022413,43.88582212859158,0.0132021518173341,0.071966333135822,0.0119552903315193
2202,2015 GY58,44.527134305222646,0.0649681196869062,0.0319415856456816,5.910376614286228,1.0944307691258743,44.524585729621,0.0663897305085182,0.0391470328479728,44.52458572962099,0.0660036718135215,0.0386369349050787,-0.2866641327205796,1.0201775525391532,0.0006276831730063,9.986570556819628e-05,0.0005322863958302,0.3980835372766671,-0.3865289354690512,0.0008371821958663,0.0013629499175749,858.0,8.3,50835602,2015 GY58,(0.05042791309182257+0.04871293853182892j),(0.007403105838258407+0.02165169477918094j),2.899233459296296e-07,-2.899233459296306e-07,0.0649681196869062,44.527134305222646,0.0319361544430057,0.0701136562960608,0.0228843456252408
2203,2015 GZ54,47.75363585404719,0.2764649254996276,0.0091775394337694,0.6282028725542972,-0.879886015748984,47.73384985949383,0.2745695586699616,0.0282240959965047,47.73384985949384,0.2747593548625532,0.0274581521816569,-0.0274391242615625,-0.2221117657314457,4.119472932315981e-06,0.0002852251303738,0.0005311761945581,-0.4608500115886758,-0.230116123975846,0.0005919380569247,0.0004349401759892,891.0,7.7,50831006,2015 GZ54,(0.271113801240786-0.06702578229186648j),(0.0030140247233598405-0.012114478851933098j),1.9839174754060565e-07,-1.9839174754060563e-07,0.2764649254996276,47.75363585404719,0.009177410601191,0.2792761155470784,0.0124841114798774
2204,2015 GZ55,64.77068443168464,0.4200909624055751,0.0792398902914692,5.36574410632465,1.947400455035348,65.28549824948888,0.4241618089899519,0.0882111239399296,65.28549824948888,0.3903918405361221,0.0859950867290703,-0.7000390673430872,1.8695195716467747,0.1673579887572601,0.0245484160249198,0.0046884382538566,0.1509932130600911,-0.1539173698532748,0.0042823653743357,0.001585267928008,859.0,7.9,50831165,2015 GZ55,(0.22155918467259092+0.3690191739135858j),(-0.0268184461610486+0.06524584508459534j),5.0230960837554624e-08,-5.0230960837554584e-08,0.4200909624055751,64.77068443168464,0.0791569923016661,0.430422609801865,0.0706011733983477
2205,2015 GZ56,44.12560020015643,0.0671918223852038,0.0187298868137888,2.4264196533298,-2.716898370013278,44.12945404950446,0.0752465292865009,0.02265971559475,44.12945404950447,0.0749502526360913,0.0210852769065585,2.819133465145536,-3.030399818524516,0.0020079951135526,0.0001110509233834,0.000761857404653,0.4132877538120737,-0.4132848540110222,0.0003903982801448,6.534647687161456e-05,768.0,7.0,50835553,2015 GZ56,(0.06629922498649565-0.012654492921582123j),(-0.025411095503263745-0.014848155656506497j),3.055633808415604e-07,-3.055633808415622e-07,0.0671918223852038,44.12560020015643,0.0187287917319144,0.0674960993310898,0.0294353819846495
2206,2015 GZ57,44.23749444491242,0.0646320357538218,0.0499334472086571,4.231407993293679,-1.231246445315716,44.23465992475791,0.0568203453991435,0.0384054319339628,44.23465992475791,0.0566100100339878,0.0377489972294366,4.102729218231757,-1.0974664961226888,0.0014747247648056,8.670968569155443e-05,0.0001818354548464,0.3964031970181698,-0.3968324168062888,0.0017939944174658,0.0010258687704886,768.0,8.2,50835578,2015 GZ57,(-0.06222655697571371+0.015490231641274287j),(0.008592431761542101-0.05403344848218361j),3.0103112352631905e-07,-3.0103112352632e-07,0.0646320357538218,44.23749444491242,0.0499126995423579,0.0641255929356764,0.0547397033007418
2207,2015 GZ58,42.756904297475074,0.0610287824085164,0.079327279536646,3.5395157421447205,-1.4275573201679794,42.76141791437353,0.0449030335967754,0.0565048628530666,42.761417914373546,0.0438817182447136,0.0553289271311266,3.1812729490827185,-1.269952351940038,1.3118203005230124e-05,9.62772681602808e-05,5.640139222007772e-05,0.4719723114279153,-0.4766729748870981,0.0010027996398273,0.0015311316305084,859.0,8.2,50835603,2015 GZ58,(-0.028064642100939282+0.06439433038771351j),(-0.003915641843246756-0.08837026288158735j),3.691530359319653e-07,-3.69153035931969e-07,0.0610287824085164,42.756904297475074,0.0792441070312052,0.0702442447630823,0.088572735747504
2211,2015 HZ196,43.14366615523946,0.0423710327236293,0.0294829662319602,3.7880042637245377,-1.9604584827905844,43.14624447694258,0.037242472896087,0.0223391273278915,43.1462444769426,0.0363254443508972,0.0193377074813967,3.464848197140181,-1.8543752452293512,5.314565858828313e-07,9.550670096984475e-05,0.0001571739383245,0.4560744748934311,-0.4550124296416525,0.0005170824678548,0.0005422975828902,771.0,7.0,50835828,2015 HZ196,(-0.007977523335315139+0.05091250095263193j),(-0.023765864771241388-0.03609813117239604j),3.492765100439805e-07,-3.492765100439815e-07,0.0423710327236293,43.14366615523946,0.0294786950959704,0.0515337135457677,0.0432325753171321
2212,2015 KA174,43.67011810143181,0.1224357334232493,0.2141793291774366,1.0011267570880271,-0.5270862506042654,43.66881777568077,0.1550482453317862,0.1818387124703116,43.668817775680765,0.13485470647754,0.1798743132734032,1.1161945987524835,-0.5216333554345238,4.896508961407724e-05,0.0083028431913438,0.0037764085421833,-0.3567178953473855,-0.3582047873692462,0.0357984639238499,0.0022573059241967,3628.0,7.78,50831045,2015 KA174,(0.11138599138502563+0.06385132159352008j),(0.174063747508354-0.11491474843961248j),3.248055125861429e-07,-3.2480551258614466e-07,0.1224357334232493,43.67011810143181,0.2125455805249166,0.1283893700664666,0.2101178267418706
2213,2015 KA175,43.33315690145041,0.0721847043644502,0.1444857646928254,1.9506136860161327,1.341462206462047,43.334454655332806,0.0626429409171269,0.1534621711158232,43.3344546553328,0.0623844087788342,0.1527995853308571,-4.282600304722664,1.3157266109058483,1.4461138638241764e-05,0.0003045035426467,0.0001580169352295,0.3708176743961304,-0.4109205405134911,0.0001819697910803,0.000801369819622,3275.0,6.92,50835614,2015 KA175,(-0.06886566150909787-0.0017370662432730933j),(0.02124164208819677+0.13198620364597452j),3.401220961917429e-07,-3.401220961917424e-07,0.0721847043644502,43.33315690145041,0.1439835717548545,0.0688875658897827,0.1340860028745055
2214,2015 KA176,44.2877583528204,0.1434972945292524,0.0938470371322156,2.86660912069782,1.1451750222010728,-237.23132566852243,0.6550964238302377,0.1003697388643617,-237.2313256685224,0.6076566504943092,0.0648360846929339,-0.017014885345457,1.920028580474681,170.6306686038743,0.3462341948338259,0.0308178300387803,-0.0023592530341073,-0.4395234337336841,0.2084380272984546,0.2188761551931452,731.0,8.5,50835637,2015 KA176,(-0.09097747852193548-0.10373288517302794j),(0.030657299417717422+0.07804963329339874j),2.990901768270476e-07,-2.99090176827048e-07,0.1434972945292524,44.2877583528204,0.0937093418063657,0.137976132227751,0.0839533117735989
2215,2015 KB174,43.636417374771206,0.068208538556197,0.0874540503269113,4.26389057654432,1.028320974192431,43.66910270748879,0.0761864941181583,0.0804846970375526,43.66910270748879,0.0584550957589618,0.0787809241127357,-1.4630760906379408,0.9488634811758988,0.0001329698479885,0.0087282752408181,0.0116839244705675,-0.4184667410844914,-0.4248298770136427,0.0281256793887698,0.0014320750727156,1184.0,8.1,50831037,2015 KB174,(0.03964766312743704-0.04911110278062485j),(0.03494914269394887+0.06694572702503752j),3.262446515560756e-07,-3.262446515560768e-07,0.068208538556197,43.636417374771206,0.0873426151123522,0.0631176489406554,0.0755913229286325
2216,2015 KB175,42.129323481963375,0.1069312853223151,0.1357185468574228,2.424868037403005,0.0123911835216981,42.14404174651473,0.1131170330224774,0.1552496251345039,42.14404174651474,0.0804547031062389,0.1366047928599198,2.794742939208913,-0.0268294179622818,0.0257211294819547,0.0048394673629975,0.0150882607587577,1.1087551914584677,-0.511410688386709,0.3387442995451009,0.0034711288969976,3751.0,7.12,50835613,2015 KB175,(-0.07653752727680506+0.08727920021057145j),(0.11306590421332058-0.01124372261597574j),4.052556627194926e-07,-4.052556627194979e-07,0.1069312853223151,42.129323481963375,0.1353022852384995,0.1160846754358416,0.113869506611518
2217,2015 KB176,45.17862119938599,0.1817280723734815,0.4916212978247496,6.115593916786969,2.036697889612571,45.16330487932959,0.1920190115147819,0.4897361112963398,45.16330487932958,0.6869209055987059,0.4710864106918144,-1.0659054576256004,2.0372767525956825,0.0001356898057582,0.0422057872119167,0.0008061939496232,0.0929286770493584,-0.2231882976993084,0.0016020165968823,0.0019295102318655,1189.0,9.2,50835638,2015 KB176,(-0.05230052239249678+0.17913800976364008j),(-0.22261534594279717+0.42500018760730557j),2.6705916889229205e-07,-2.6705916889229173e-07,0.1817280723734815,45.17862119938599,0.4720557933437825,0.1866166423034292,0.5003967096413466
2219,2015 KC173,39.37592041932832,0.1340719420121261,0.2752913859962604,1.7086640636819093,-0.6311183042645174,39.40516554576899,0.1291062602031409,0.2779371898735512,39.40516554576899,0.1163942224863206,0.274807022805178,2.1205184451691124,-0.556292018663051,0.0001056233512605,0.0106304113581473,0.0017621758058173,-1.8420929822022944,-0.3475011099708067,0.0035437650544333,0.0001140240436991,1183.0,8.6,50830940,2015 KC173,(0.05620359236461488+0.08976333381878782j),(0.2656179866465351-0.14342469671004981j),6.503201550737131e-07,-6.503201550737149e-07,0.1340719420121261,39.37592041932832,0.2718273626492267,0.1059070341995796,0.3066501846797393
2220,2015 KC174,55.56467474237871,0.4075955226184118,0.1355002454931296,5.904804391506541,1.2416791232040565,55.38862651678468,0.4037743551098631,0.1427708770172416,55.38862651678468,0.4036201415373226,0.1425587146043195,-0.3396351683907308,1.214311841351816,1.1034365372055202e-05,0.0037211753997802,0.000387024735528,-0.0727918783688326,-0.1296160947635992,0.0009981523833433,0.0017265935236689,1184.0,7.9,50831067,2015 KC174,(0.2710666833905498+0.3174446794909824j),(0.04187254481931285+0.1176841662560428j),9.64509938645252e-08,-9.64509938645252e-08,0.4075955226184118,55.56467474237871,0.1350859880714322,0.4174305587537705,0.1252385923739754
2221,2015 KC175,46.22239676503532,0.2096463937600836,0.4995190943134635,4.647273416905538,-0.7509599898333651,46.21733066707669,0.2002678926698296,0.5022011163536589,46.21733066707671,0.2011525068912694,0.4814438506569671,-1.6430136810983609,-0.7512359468641903,0.0005752913002228,0.0031561444976919,0.0006729842319712,0.0776053290097877,-0.201937570356896,0.0016760823679031,3.115168384460358e-06,766.0,8.2,50835615,2015 KC175,(-0.15255801856492313-0.1408822821348088j),(0.3531317221197723-0.33917307570756194j),2.355958847061605e-07,-2.3559588470616175e-07,0.2096463937600836,46.22239676503532,0.4790034487376139,0.2076578109486067,0.5116686961574305
2222,2015 KC176,41.96809225626318,0.1048413947115792,0.1979377142335333,1.3529237743124032,1.834141860268656,41.93147691084969,0.0977665932723209,0.2183163524518497,41.93147691084968,0.0957948397488044,0.2165151446066495,0.8023593110132572,1.9945519546664183,0.0061212629959012,0.0055434744616942,0.0029279089896328,0.4318437815166258,-0.4692727527885456,0.0017028833839809,0.0020746777205362,1087.0,8.8,50835639,2015 KC176,(-0.09917248873380231+0.015517893877964463j),(-0.07617261023094968+0.17617666134399348j),4.154616758868029e-07,-4.1546167588680213e-07,0.1048413947115792,41.96809225626318,0.1966477324016492,0.1003792187261084,0.1931372434488993
2224,2015 KD173,39.46496178607102,0.2503321251526633,0.1057215356150072,2.15005096049944,0.9976995411143808,39.40297895689825,0.2387278954947101,0.1296647195276292,39.40297895689826,0.1902332276920156,0.1286324592420475,-4.271722797802523,1.1408564735738085,1.7998031642273474e-05,0.0202418953977087,0.0037771308611755,-0.3827121488656436,-0.3506809125563708,0.0611988948790373,0.0092229359475803,1034.0,9.8,50830939,2015 KD173,(-0.26030995655792605-0.03212024658422748j),(0.10519295330011097+0.10677983695961489j),6.391692712022053e-07,-6.39169271202195e-07,0.2503321251526633,39.46496178607102,0.1055247032874834,0.2622841659799937,0.1504586307006661
2225,2015 KD174,55.31879685388962,0.4205191072873063,0.3043117259571152,0.8052912910138375,1.8845533871983329,55.38793268798734,0.4216016997042512,0.3061085933461196,55.38793268798733,0.41745095468916,0.3011294641861162,0.6377302333611539,1.9412436935530928,6.386568658042126e-05,0.004612208710284,0.0014816154637366,-0.0728229497113058,-0.1152667148576143,0.0037721109357951,0.0021700973858692,1189.0,8.9,50831071,2015 KD174,(-0.3872163462266591+0.18874659025151555j),(-0.08910045016691584+0.26989186476316823j),9.836304381991041e-08,-9.836304381991065e-08,0.4205191072873063,55.31879685388962,0.2996365960351455,0.4307688174841552,0.2881918618001392
2226,2015 KD175,46.003612136274334,0.1855875888219882,0.4688158313264999,0.9599850317037016,2.0028178125397056,46.00000890877131,0.182612818809743,0.4720521796323121,46.00000890877133,0.8606730575294876,0.4556115532957586,-0.4334537988539462,2.003639007320725,0.0002739406990756,0.0613866483617825,0.0012566717873328,0.089870026596354,-0.2125878715139318,0.0040551095505086,0.0011976255711686,1190.0,8.8,50835616,2015 KD175,(-0.18235943650779388+0.036900621048208834j),(-0.19730651339823263+0.4124526415470236j),2.417230239024196e-07,-2.4172302390241845e-07,0.1855875888219882,46.003612136274334,0.4518302008575506,0.1860554216280289,0.4748630165822034
2227,2015 KD176,46.1369862872802,0.1519868994833295,0.175653228302676,3.167728936883667,-0.438693760728395,46.13069897978364,0.1522968845333737,0.1688627407242949,46.13069897978363,0.1522424656300111,0.1681105234895496,3.210651997383833,-0.4000166929662746,0.0025631458978446,0.0004940438798276,0.0010846744040412,0.2800613049175044,-0.3287458385262012,0.0042632435105603,2.9790564391753457e-05,4044.0,7.59,50835640,2015 KD176,(-0.1385450536318926+0.06480203156566142j),(0.15356610410956678-0.07974061825742873j),2.3796627301212778e-07,-2.379662730121281e-07,0.1519868994833295,46.1369862872802,0.1747513516468602,0.1529510875440281,0.1739103321142381
2228,2015 KE172,129.79639013752353,0.660000122362986,0.6836466384858997,0.231505811429745,2.1229563808623992,130.1180434508221,0.6608588192055178,0.6837547053419594,130.11804345082209,0.6586283394882978,0.6315838232323565,0.3120375361421255,2.1204026344275544,0.0141456748212846,0.0029185017146791,0.2196447123500191,0.0046475527876682,-0.0117405890502275,4.87041016054548e-05,0.0015224364303426,1189.0,8.1,50819602,2015 KE172,(-0.4978790614477588+0.4996181204697171j),(-0.30303123866935183+0.48908385911917535j),3.6398531526349724e-09,-3.6398531526349724e-09,0.660000122362986,129.79639013752353,0.6316243635043383,0.7053380934911951,0.6130355435646395
2229,2015 KE173,39.35202124876113,0.2540776321547592,0.1141312785728097,4.36353538333314,0.0489544437576489,39.40337793687511,0.2358472485941975,0.1379300591734461,39.40337793687511,0.1978603707199945,0.1378070742746345,-1.927395973102321,0.163619406383286,2.643575562261815e-05,0.012063286727051,0.0029229249380457,-0.3877630461147434,-0.3704058503397281,0.003885093852397,0.0077262767064521,2888.0,8.14,50830941,2015 KE173,(-0.08293208312213592-0.2728663533005545j),(0.15615348909239335+0.022831207641063805j),6.535549370232232e-07,-6.535549370232213e-07,0.2540776321547592,39.35202124876113,0.1138836618690807,0.2851907732983658,0.1584762543240009
2230,2015 KE174,55.44403631306541,0.2900813390857302,0.4278997846174881,0.0923924014939601,1.890193664519219,55.38821873876992,0.3273584295237471,0.3987535630341418,55.38821873876993,0.32813450280009,0.3889244262824459,0.127109150882801,1.8742126678688176,3.116933430307558e-06,0.001047835571561,0.0021909744320566,-0.1570223821385977,-0.100940530684782,0.001594843335948,0.001787410624557,3003.0,8.07,50831063,2015 KE174,(-0.11715041674371218+0.2694763617826815j),(-0.13040495404012137+0.38965050240884264j),9.738859603144769e-08,-9.738859603144766e-08,0.2900813390857302,55.44403631306541,0.4149608605946441,0.2938396326278266,0.423433230771316
2231,2015 KE175,45.736141416069366,0.1218319826911174,0.1072526970920214,1.9854209950275368,0.91030041551366,45.73024510508915,0.1667733881123924,0.1733889258526189,45.730245105089146,0.1665330730796623,0.1729160183845139,2.0971101051457843,0.9060321135046064,0.0082153712728187,0.0090266329972531,0.0111893517238873,0.3236488593555692,-0.3568072112941207,0.0051823513263505,0.0004946941617257,4044.0,7.3,50835617,2015 KE175,(-0.11714880742042746+0.03380264786210227j),(0.060644676748602674+0.07849260360020613j),2.495611779244595e-07,-2.495611779244592e-07,0.1218319826911174,45.736141416069366,0.1070471915088112,0.1219281021033202,0.0993544352159424
2233,2015 KF173,39.36077617901594,0.257192448113813,0.2434142163669562,2.784279737379548,-0.5219753720413239,39.40267652057777,0.2385993792865216,0.2589757303179388,39.4026765205778,0.1691954623209303,0.2548869079470996,2.991814099064712,-0.3953600907188719,9.17957647201048e-05,0.0165278725904636,0.0069479459166008,-0.3245388200384543,-0.3128006745602972,0.1881280903634648,0.0033754120501662,1092.0,8.5,50830942,2015 KF173,(-0.17272595383843012+0.17151097670800253j),(0.25136587053060083-0.10151538013660949j),6.523461256062257e-07,-6.523461256062294e-07,0.257192448113813,39.36077617901594,0.2410175925622975,0.2434137840401165,0.2745259932345563
2234,2015 KF174,55.636482596238885,0.4693630392295494,0.1466159638334519,0.6406618413636966,1.2836192185105513,-3910.596998481002,0.8971619408612284,0.1783148202416456,-3910.596998481003,0.8717251089040419,0.0418811659215802,0.2335518502167226,1.6535658773183188,843.4224323346307,0.401808258482425,0.0699028390230254,3.780538851370507e-06,-0.1581248951684589,0.0068186456458978,0.1163980672326491,740.0,10.0,50831064,2015 KF174,(-0.1672708402656548+0.4545683282169284j),(0.039055719877636806+0.12725384081682864j),9.586884523665397e-08,-9.586884523665377e-08,0.4693630392295494,55.636482596238885,0.1460912461121535,0.4843675247383038,0.1335085864570471
2235,2015 KF175,45.21119343783021,0.1812981070214162,0.1439332049754609,5.886761241559436,1.4335744877267134,45.24156647819896,0.1880864077521269,0.1561038130353318,45.24156647819896,0.1872324805508253,0.1553930449981607,-0.260354674250977,1.4085016094133571,0.0022257379499015,0.0006941915499269,0.0009704361572126,0.372589965906583,-0.4155921359883863,0.0015601926290129,0.0018664312040218,1184.0,8.6,50835618,2015 KF175,(0.09391197459044216+0.1614198513163669j),(0.013764675341040759+0.1351164088864809j),2.659488362436873e-07,-2.659488362436862e-07,0.1812981070214162,45.21119343783021,0.1434367477136965,0.1867507091565487,0.1362367667848875
2236,2015 KG163,680.1619585832505,0.9404650586773676,0.2555953080089816,0.4585917989117103,2.0439848997378167,819.1971930920009,0.9493350193501056,0.2478968734997344,819.1971930920009,0.9425684254121872,0.1728276983233041,0.8832884795311977,1.546539231427166,61.47004301991359,0.0061508873330161,0.0709737241222588,0.0001236719976827,-0.0023531170736078,0.004572584891591,0.0025390162657614,739.0,8.2,50775279,2015 KG163,(-0.9222378746691935+0.6852325325505187j),(-0.06589762792431884+0.12651854305128762j),1.0526581336334188e-11,-1.0526581336334188e-11,0.9404650586773676,680.1619585832505,0.2528214216134451,1.1489413915165336,0.1431397578965123
2238,2015 KG173,39.466007681202896,0.2816626917761582,0.115318848461408,1.5210684900527554,1.3318679427646196,39.40278234294134,0.2439990102535869,0.1912175846655107,39.40278234294136,0.1972909046795977,0.1895117724265753,0.9337619990651728,1.442301853447348,2.90434095847143e-05,0.01267543541643,0.0019718482304487,-0.3475691773898008,-0.33557494715095,0.0035593281965755,0.0048084803775161,1185.0,9.6,50830944,2015 KG173,(-0.2807202100683647+0.05043158043320116j),(0.07550358476915989+0.1290954806867874j),6.39243518347993e-07,-6.392435183480102e-07,0.2816626917761582,39.466007681202896,0.115063424954023,0.2852142714623818,0.1501173045474221
2239,2015 KG174,55.47261700409288,0.4559926528629508,0.3036789613908843,3.6098327867268174,-0.7234951396669795,55.38783534468345,0.4494602028717176,0.3154387705513699,55.387835344683474,0.3738047443508326,0.3099713137835824,3.0588569310284344,-0.7100143438286698,0.0001115797736375,0.0339284913413246,0.0036202919553857,-0.0449652381433247,-0.1216082114143827,0.0042200302395393,0.0021252903120036,2540.0,8.72,50831066,2015 KG174,(-0.45368428363016616+0.11919735436658814j),(0.21393761988484547-0.19368414596170644j),9.714407698784105e-08,-9.714407698784096e-08,0.4559926528629508,55.47261700409288,0.2990328448970029,0.4690814838607584,0.292751437876619
2240,2015 KG175,43.466789043198055,0.0760546085142154,0.1165022697333134,5.274758427911099,1.248196253917122,43.46250449447306,0.1031446676197881,0.1442445560988232,43.46250449447305,0.1029535310078138,0.1435360385376383,-0.968239920869435,1.2386483880624195,0.0003589035994854,0.0028890502295195,0.0020218983655829,0.4127766269271466,-0.4339710679686583,0.0051544767513947,0.002450996427291,2539.0,7.52,50835619,2015 KG175,(0.07636582922615384+0.02663437249259421j),(0.025973342947723993+0.10212406917273939j),3.339540465279785e-07,-3.3395404652797576e-07,0.0760546085142154,43.466789043198055,0.1162389052690832,0.0808772506423923,0.1055712288194481
2241,2015 KH163,153.00998520656003,0.7389769758153842,0.4528627659795717,4.069093007684767,-0.7354413091556481,153.21857273879763,0.7289245045007553,0.4839148401756897,153.21857273879772,0.5813119802121086,0.4560215821573459,3.8406122826029945,-0.7490760773841191,0.0284816938032441,0.0836547532457894,0.0170063931764956,-0.0023481222063731,-0.0117899174671186,0.007215598367249,0.0022922877686543,1085.0,7.9,50775281,2015 KH163,(-0.7929121060282948-0.15420170889548707j),(0.275094807047865-0.25298604833413907j),2.0166995602162804e-09,-2.01669956021628e-09,0.7389769758153842,153.00998520656003,0.4375415175578926,0.8077671538955483,0.3830343632462984
2242,2015 KH173,39.51090446700758,0.2867744648397364,0.1697767624420382,0.0085166078691498,1.6635063077067505,39.40265748191088,0.2938943671733621,0.1620358502219002,39.40265748191087,0.2835992558923794,0.1613082571566087,-0.0999040659325831,1.6494463151371932,1.538556469886929e-05,0.0068207047188151,0.0003104290757249,-0.0927634969116821,-0.3586207886101054,0.002722782942773,0.001281016966648,1035.0,10.0,50830945,2015 KH173,(-0.037581034911629604+0.2566409089594882j),(0.035685582898484156+0.18566500474057346j),6.334815733197157e-07,-6.334815733197157e-07,0.2867744648397364,39.51090446700758,0.1689623253166924,0.2593778909941659,0.1902082180600575
2243,2015 KH174,55.34312372325145,0.428323927019813,0.1866158367989089,1.3094681343849643,1.8703607532014024,55.38812011527559,0.4306509879005153,0.1868259039432758,55.388120115275605,0.4096749780061003,0.1866886195809036,-4.950913783624663,1.8791801922217928,8.91066879311589e-05,0.0167195455001761,0.0015036130546134,-0.0612205030429333,-0.1276091896405397,0.0048999051585249,0.0035727527760623,1184.0,7.78,50831070,2015 KH174,(-0.43852276622995945-0.016010581044253992j),(-0.05225351734277195+0.16449263756596622j),9.815738742333896e-08,-9.815738742333908e-08,0.428323927019813,55.34312372325145,0.1855345572660735,0.4388149441477014,0.1734613184715366
2244,2015 KH175,40.28358930040958,0.07072829389079,0.316757405256974,5.421799857350978,1.9754328421491056,40.26681587452872,0.0693793729628137,0.3282633470159412,40.26681587452872,0.0690879503235681,0.3223867175281438,-0.8985726619354208,1.989264818524992,0.0002862038464444,7.956687426743712e-05,0.0002233009395913,0.3169321350118831,-0.4438714939561567,0.0019022618456979,0.0019154687776859,1087.0,8.9,50835620,2015 KH175,(0.004098441868239992-0.03697099348938171j),(0.16250551084721812+0.415068735515432j),5.490947742168806e-07,-5.490947742168889e-07,0.07072829389079,40.28358930040958,0.3114869264922955,0.0371974674586758,0.4620082106676672
2245,2015 KJ173,39.31523907740604,0.1090552025785872,0.1663803723346223,0.8545348425643446,-0.1286949127394829,39.40687195170757,0.1139764518589845,0.1638236520653682,39.40687195170757,0.1134257258302399,0.163165729545067,0.878493499387467,-0.114928961833333,8.593405399139502e-06,3.66586790924227e-05,0.0001590347886376,-2.366904395803838,-0.4206147878800739,1.3201604763474475e-05,0.0016913207567483,912.0,8.8,50830943,2015 KJ173,(0.07459194589378638+0.0450838954554116j),(0.2071772660390942-0.004471372301262044j),6.580593086967713e-07,-6.58059308696767e-07,0.1090552025785872,39.31523907740604,0.1656137986806993,0.0871579945940476,0.2087380537924113
2246,2015 KJ174,42.36995315594793,0.097674081428395,0.1855107274297424,5.320350660366009,1.6864419516361466,42.27057322144961,0.099347005647486,0.1699157844952932,42.27057322144962,0.078475431670834,0.1683816169557812,-1.1597945313506646,1.794932901827863,0.0021198171554082,0.0095400944156219,0.0185176145450075,-0.7422679602704123,-0.4392361969513553,0.0752961414764771,0.0113698370831644,3003.0,8.04,50831075,2015 KJ174,(0.07754460766787336+0.07990820742590313j),(-0.04028591884722067+0.17202611838425108j),3.908140651536575e-07,-3.908140651536615e-07,0.097674081428395,42.36995315594793,0.1844485220205648,0.1113484970369405,0.1776126992243901
2247,2015 KJ175,42.91799494191404,0.1159531059974734,0.6696431277275039,0.1534475781556663,-0.8271728207911787,42.93019427067632,0.1256613364727705,0.6666961126998154,42.930194270676346,0.1255245737401834,0.6185877110141255,0.1515863961304198,-0.8250941529983171,0.001936561112626,0.0013737519379313,0.0013747628114878,0.0164368200915767,-0.1901978570802756,0.0011591784979771,0.0009478083247929,496.0,7.8,50835629,2015 KJ175,(0.09389254844757862-0.061396181821001504j),(0.42937068341644535-0.491522069182522j),3.607119356297488e-07,-3.60711935629748e-07,0.1159531059974734,42.91799494191404,0.6207062232796526,0.1121842314952434,0.7110779220177038
2248,2015 KK173,39.23052596440464,0.2556277109491479,0.1552101394038504,1.6631479617890452,-0.1324333417532092,39.40352727094,0.2363042180187219,0.1852215703479079,39.40352727093999,0.1705412385890161,0.1835505407089692,1.844359982208093,-0.1027028130403519,2.4763672145090908e-05,0.0227243271844629,0.0038568088355536,-0.3843515178339281,-0.3738019106115169,0.0922903678182235,0.0034837458096867,816.0,9.1,50830947,2015 KK173,(0.003658874625513491+0.2316297962790342j),(0.1912455989726857-0.004537400083192136j),6.692060514073155e-07,-6.692060514073162e-07,0.2556277109491479,39.23052596440464,0.1545877160350874,0.2316586926661551,0.1924858431796841
2249,2015 KK174,42.29825772443815,0.2384471996589936,0.1404065471514547,6.093544063610252,0.0760168971753416,42.27064059530866,0.2372083902712287,0.1369720327323549,42.27064059530866,0.2371389207634735,0.1366931556378554,-0.2405423049719648,0.0834803366708892,9.543434267017229e-06,0.0004452650127659,0.0003972877126461,-0.4460546769144923,-0.3131145199004254,0.0023083789869305,0.001453392226855,889.0,8.3,50831084,2015 KK174,(0.24311628801864624-0.011346459202333542j),(0.1180209550657127-0.0014174966877308556j),3.950783423900085e-07,-3.9507834239000884e-07,0.2384471996589936,42.29825772443815,0.1399456725938483,0.2433809188009519,0.1183052434294513
2250,2015 KK175,45.1452700975245,0.1430231863813777,0.1376814859268233,5.386444561239712,1.012177535072456,45.09516498963508,0.1531140804318861,0.1540125744450888,45.095164989635066,0.1516240576871136,0.1533239143198033,-0.9599766652464788,1.0111243596640391,0.02214392570575,0.0037186676134522,0.0034351442270006,0.3650660413477625,-0.3858744988692735,0.007199941597556,0.0029319451817681,911.0,7.8,50835621,2015 KK175,(0.14378129052825642+0.02127496962926078j),(0.06666978322041132+0.10985907254115694j),2.681580354962758e-07,-2.6815803549627375e-07,0.1430231863813777,45.1452700975245,0.137246911921045,0.1453467709950821,0.1288626700380264
2253,2015 KL167,47.43569570907188,0.2554295309125718,0.176680361710141,5.623799214534963,1.532383242847608,57.85106893720577,0.3300531743409285,0.175586417764314,57.85106893720575,0.2800446441838813,0.1514170107737462,-1.621914644283461,1.5239939966175382,9.888851170028357,0.0543890615889981,0.0122201095037376,-0.0682497297059929,-0.2639543750014602,0.0525826139455126,0.0263295433396882,1189.0,8.3,50797890,2015 KL167,(0.16625278711861505+0.20006298197177871j),(0.0036918037802214487+0.16811890174692723j),2.0535852737888894e-07,-2.05358527378888e-07,0.2554295309125718,47.43569570907188,0.1757625877786688,0.2601253274484201,0.1689622138329753
2254,2015 KL173,39.43229200787318,0.3264750963916308,0.1536173739758174,1.3552941632240465,-0.0312281521480787,39.40226912689055,0.323942397530733,0.1616961811292738,39.40226912689056,0.2646498672184517,0.1610255373934322,1.3948305620606083,-0.0421035442551157,1.857821080092995e-05,0.0591315379075917,7.413758604781363e-05,0.0132055033619634,-0.3616863810581224,0.0046491452887648,0.0004365908874408,827.0,9.9,50830946,2015 KL173,(0.07309344063458494+0.2912074602184965j),(0.19649782682969058+0.01412087196444449j),6.43199894406711e-07,-6.431998944067152e-07,0.3264750963916308,39.43229200787318,0.1530139017110391,0.3002406300797892,0.1983016568500581
2255,2015 KL174,42.35198408149802,0.1426199912812963,0.3604982338889736,6.087965162116054,1.9641977338487595,-5904.175672068021,0.682080676499201,0.2526170503492061,-5904.175672068021,0.6604463427878029,0.1554312580569129,-2.9864636145125822,2.404630052064874,8839.27969259881,0.2528233882806195,0.0807118993523835,0.0001830612909824,-0.335407283570132,0.0045131955982913,0.1956139185188433,1184.0,8.9,50831077,2015 KL174,(-0.023831685454766327+0.15552327243463268j),(-0.15591976210218111+0.3178287849904649j),3.919047611306674e-07,-3.9190476113067163e-07,0.1426199912812963,42.35198408149802,0.3527404850461871,0.1573386077871286,0.3618598788053006
2256,2015 KL175,44.81084229505348,0.1277146409600124,0.1284694589583606,2.530135437052202,0.6901323361220296,44.81426999004655,0.1154134896976253,0.1247017348709254,44.81426999004654,0.115208779559165,0.1243029116483547,-3.749082626926108,0.6867754237950698,0.0002217667797199,0.0003484365304229,0.0003810242739009,0.3498694560890814,-0.378046420541954,0.0007998289831606,0.0010416922840034,2268.0,7.95,50835623,2015 KL175,(-0.12609964746792257-0.004789238202931482j),(0.09204142769821488+0.07494624025917397j),2.7961092399900946e-07,-2.796109239990108e-07,0.1277146409600124,44.81084229505348,0.1281163652009774,0.1261905618265437,0.1189757436102107
2258,2015 KM167,47.7671653959997,0.3338203586985145,0.1215577704348321,2.7599506841685315,0.2886082019092641,47.73289653104101,0.3285517087486419,0.1349306082881777,47.73289653104102,0.3188963565691581,0.1343345679072584,-3.472570351352517,0.3321155713442261,5.0702049898346966e-05,0.0063413604963252,0.0018841286589739,-0.3353042988294372,-0.2019393992029932,0.0166790238735933,0.0001423526651752,740.0,8.9,50797891,2015 KM167,(-0.33656031970030287+0.03398072011847127j),(0.11036050006071148+0.028392888984293655j),1.9807243995291048e-07,-1.9807243995291085e-07,0.3338203586985145,47.7671653959997,0.121258629354094,0.3382713971599431,0.1142024397650944
2259,2015 KM173,39.47044245977753,0.2279070272993331,0.1440034072743846,5.264465835510197,1.6575678174945605,39.40300499630165,0.2398131927635773,0.1268720130171721,39.40300499630165,0.2149416688725892,0.117055566553943,-0.955703859437729,1.5983227562141074,1.8665574555054224e-05,0.0092383330529999,0.0074212956513927,-0.3879087352563016,-0.3857351911555642,0.0006036227510189,0.0066548913822727,1036.0,8.7,50830948,2015 KM173,(0.17618109529273998+0.10610657427569833j),(0.036747471232448634+0.1609599486803542j),6.385351520317084e-07,-6.385351520317041e-07,0.2279070272993331,39.47044245977753,0.1435062237312958,0.2056657079901115,0.1658608503243585
2260,2015 KM174,42.23875090784767,0.2116541651122915,0.2278129065627594,1.4792414410213317,-0.5531845637502713,42.27076842932693,0.2307034328531008,0.2064021684676386,42.27076842932694,0.2100745699716677,0.2037755985835839,1.171594683878143,-0.2671189937555528,0.0001657527066573,0.0124560087962728,0.007901188545506,-0.3351080895101253,-0.3353189533384466,0.0012587487393205,0.006049806696259,1182.0,8.3,50831076,2015 KM174,(0.13256029375765352+0.18669014070464507j),(0.17062841026692077-0.1303108456881777j),3.985432060115926e-07,-3.98543206011599e-07,0.2116541651122915,42.23875090784767,0.2258474805992258,0.2289660239368181,0.2163819879866739
2261,2015 KM175,46.47636924372049,0.0810546577788513,0.1209917170990094,1.3394559541698587,0.6420653106374589,46.47631026182535,0.0804315962277863,0.1258044607193368,46.47631026182535,0.0804135299824826,0.125585813548186,1.3212432733006736,0.635655998613339,4.6003985504710935e-06,0.0009191050255619,0.0007904969276906,0.2817721585234746,-0.2937718569452406,2.3432358121564645e-06,0.001875870525469,762.0,8.4,50835622,2015 KM175,(-0.03143380134696045+0.0777032395345585j),(0.09276762930460129+0.06676042616493304j),2.2876652505924725e-07,-2.287665250592477e-07,0.0810546577788513,46.47636924372049,0.1206967335591084,0.0838205064485126,0.1145428565121247
2263,2015 KN173,39.556127119219575,0.1931865871834407,0.1127163390871534,2.630935608165297,-0.2936673115084046,39.40438016993392,0.1924877046909908,0.1137357558637823,39.40438016993392,0.1923833527172725,0.1133895770713936,2.621894439297765,-0.294504082615886,4.963161383372158e-06,4.98854810115218e-05,2.93227503106024e-05,-0.8032272353906142,-0.396831909962392,0.0001587666397004,0.0002740005012034,1183.0,8.3,50830952,2015 KN173,(-0.1432635530581284+0.10688867961083422j),(0.1602912679582334-0.010822406366797023j),6.27973729588573e-07,-6.279737295885723e-07,0.1931865871834407,39.556127119219575,0.1124778143175027,0.1787446096076375,0.1613554544315821
2264,2015 KN174,45.67776700948709,0.195493497799827,0.1681301814044546,1.2054175497798276,-0.2372680775803688,45.7067696486701,0.1581387649860152,0.121683437886765,45.7067696486701,0.1555308805678985,0.1213385589344123,1.2500425780053095,-0.2243073333059285,0.0107535398664255,0.0053730823613034,0.0058555434654517,0.3516964633860864,-0.3744318373308679,0.0050264480406928,0.0045609997735466,1185.0,8.1,50831114,2015 KN174,(0.11248742775156255+0.165957533539341j),(0.15668321011669986-0.04496689578594211j),2.5123046102561024e-07,-2.512304610256096e-07,0.195493497799827,45.67776700948709,0.1673391896667822,0.2004877161838712,0.1637387989091049
2265,2015 KN175,47.275862327487694,0.1217146697667613,0.1962013636593506,4.383178876137666,-0.2809488022133276,47.27889608044535,0.1228244653522836,0.1968882025060561,47.27889608044534,0.1227909922125805,0.1958129350920368,-1.860301918680897,-0.2839765714016379,0.0001045605788357,9.351033543966918e-05,0.0002343867205035,0.274742455265402,-0.2699225707346977,0.0016580503244237,0.0019375596409289,2617.0,6.96,50835624,2015 KN175,(-0.06911151551019186-0.09714418762194668j),(0.1843946248611599-0.05939780472241296j),2.0899084707970625e-07,-2.0899084707970725e-07,0.1217146697667613,47.275862327487694,0.1949449898680569,0.1192199428151325,0.1949579292155154
2267,2015 KO173,39.46488487605717,0.1941252386488041,0.2038397422769031,2.5758421515916314,-0.5556402398372146,39.40364257459062,0.189937543544715,0.2073205748895084,39.40364257459064,0.1891619308840861,0.2057518504263341,2.5770296312617966,-0.6040752140369058,4.931048410324946e-06,5.545646319285046e-05,0.0001698622774833,-0.8199081260256655,-0.3404765949886494,0.0017623393779877,0.0009199577869978,1183.0,8.8,50830954,2015 KO173,(-0.09268643911371544+0.14513282038803776j),(0.21999731634977002-0.08691129928887684j),6.392721187924721e-07,-6.392721187924764e-07,0.1941252386488041,39.46488487605717,0.2024310600701434,0.1722042727384164,0.2388058995236918
2268,2015 KO174,69.53023881212408,0.5244768298537358,0.1152086356088868,2.029475534873608,0.3493394077578281,69.31611373506063,0.5237948676406046,0.1132950748493674,69.31611373506061,0.501555779841803,0.1130519524208184,2.13628469378132,0.3247886830880392,4.593723830597966e-05,0.5065256807547008,0.0011558405650208,-0.0142243733229526,-0.0775985211655769,0.0009734982597102,0.0020600007916976,2268.0,8.14,50831117,2015 KO174,(-0.3940332388775789+0.37682535842569015j),(0.1009807959484842+0.031330273356433916j),3.771573516553956e-08,-3.771573516553956e-08,0.5244768298537358,69.53023881212408,0.1149539434204567,0.5452151356052076,0.1059273893720996
2269,2015 KO175,40.369817172479394,0.0865309674427256,0.5198805796084387,1.0467526057108936,-0.7062931188119496,40.39190947541827,0.1042658380286426,0.5138546273350735,40.39190947541826,0.0967297186903385,0.4921462613593992,1.6781389176269417,-0.7069594051572748,0.0108483829991686,0.0120108109143607,0.0012092327597212,0.1494489379118888,-0.30979820954033,0.0017727527266309,0.0016032725551829,891.0,8.2,50835625,2015 KO175,(0.044561615783755636-0.10799620511360605j),(1.0425274957044146-0.0441152349480729j),5.406683645341563e-07,-5.406683645341592e-07,0.0865309674427256,40.369817172479394,0.4967764989946805,0.1168285834896543,
2271,2015 KP173,39.32254963827702,0.2229003772663192,0.1004783786809569,1.666371022853235,-0.0913849009147064,39.40317869996819,0.2353263098888271,0.0741263834016232,39.40317869996818,0.1987847014120694,0.0735558204366239,1.682457697308686,-0.1307581355948403,2.7311175975734364e-05,0.027107707080988,0.004006946916569,-0.3995762018523974,-0.357189607861939,0.0040055684920415,0.0017564953389388,766.0,9.2,50830951,2015 KP173,(-0.008041970011867615+0.19676597315691008j),(0.14180753544545704+0.007830608510547761j),6.573150365360948e-07,-6.57315036536104e-07,0.2229003772663192,39.32254963827702,0.1003093939855588,0.1969302451987953,0.1425054127654714
2272,2015 KP174,38.79089003771676,0.0645655075440264,0.1147555397900355,3.914460902668829,1.2984648133778065,38.75710370321165,0.049179656469614,0.0884275138565865,38.75710370321164,0.0471770847990711,0.0827325359782362,-2.671855844463132,1.4291307494705636,0.0005619811120312,5.6771452832618505e-05,0.0005213328343184,1.1292732130872978,-0.9415718903506178,0.0020805309203763,0.0019524427196151,1183.0,8.7,50831135,2015 KP174,(0.0258893583569553-0.07723593989555697j),(0.06132227199003363+0.12175991393911005j),7.319557198949726e-07,-7.319557198949714e-07,0.0645655075440264,38.79089003771676,0.1145038394698548,0.0814594947669388,0.1367559800389979
2273,2015 KP175,44.83310902635279,0.1256640899936325,0.183345583362221,2.0001493636954315,1.5749608559138235,44.83461309186399,0.1215262821190945,0.1912202535364245,44.83461309186399,0.121462129197882,0.1902119418338286,-4.239099174934392,1.552484080970094,2.0442680129293056e-05,3.872716730506102e-05,0.0001394055878736,0.2958694204506988,-0.3500774066557654,4.865008386787423e-06,0.0019243462691446,2538.0,8.01,50835626,2015 KP175,(-0.11279304614693615-0.047658654351798016j),(-0.007265083074369835+0.17592758267674077j),2.7882925456088765e-07,-2.7882925456088935e-07,0.1256640899936325,44.83310902635279,0.1823200964435028,0.1224484323857558,0.1770002911566779
2274,2015 KQ173,39.35091188366319,0.2573678192762098,0.653316281789664,4.151259359854534,-0.7912355181105901,39.40063085004728,0.2951154667293673,0.6354454737026488,39.40063085004729,0.2701216517134929,0.5938138894724838,-1.9782203199802,-0.8115191490874372,1.3747380019569734e-05,0.0013149733007875,0.0009611465876492,-0.2161517613989485,-0.2161480209893444,0.0001185344941856,0.0001147036588743,767.0,8.9,50830949,2015 KQ173,(-0.26062415265237465-0.08432868219466655j),(0.4875140630614531-0.43137775245029936j),6.538004477051093e-07,-6.538004477051036e-07,0.2573678192762098,39.35091188366319,0.6078231112673936,0.2739275006027276,0.7088562853086477
2275,2015 KQ174,55.00361999075474,0.1113779727773435,0.4343363575588972,5.002088258703315,1.9130980727401503,55.00330962597307,0.109630765658368,0.4356714544574475,55.00330962597304,0.1103028653282797,0.4222970801129673,-1.2779711701749812,1.9123737756236745,2.8419035994600147e-05,0.0005926210983131,0.0002608665878528,0.0610431587793428,-0.1033179637424448,1.2863130797012746e-05,2.787424544334737e-07,1183.0,7.3,50831142,2015 KQ174,(0.0902197134585134+0.06669781850978805j),(-0.14423373889770338+0.3999103292005239j),1.0091198433118668e-07,-1.0091198433118676e-07,0.1113779727773435,55.00361999075474,0.4208084711631377,0.1121971287088082,0.4391004722782444
2276,2015 KQ175,42.947611677854695,0.1031232087443555,0.200552197244187,2.8439407751236487,-0.2625774131770662,42.95199788257699,0.101983499560922,0.1950167632430947,42.95199788257699,0.1014603338989228,0.1936982464891238,2.827885413117342,-0.2848764405002541,6.023416935490982e-05,3.7090103688581374e-05,3.03916142516959e-05,0.3623186519121508,-0.4273574390844454,0.0006769487274782,1.947961207718141e-06,740.0,8.9,50835627,2015 KQ175,(-0.0843755369008317+0.0657581117702112j),(0.17900897340039792-0.061196331882206176j),3.592704385027146e-07,-3.592704385027188e-07,0.1031232087443555,42.947611677854695,0.1992104905416576,0.1069736439076803,0.1903273528560565
2277,2015 KR173,39.308098105360905,0.112954275568041,0.0950630079134079,0.2178403746756894,0.3634723831714302,39.40721839512644,0.1150496892333261,0.0998091831886367,39.40721839512644,0.1149938627852343,0.0994664001293705,0.2163772238126156,0.4041799521357657,8.105745731715094e-06,1.4675628869148495e-05,5.609425752305893e-05,-2.402133679932947,-0.4484788909162976,0.0025082660047122,0.0017729985905741,768.0,8.5,50830953,2015 KR173,(0.0875032486983011+0.034846293950964606j),(0.1311238264764658+0.05035200429260513j),6.590645557451774e-07,-6.590645557451729e-07,0.112954275568041,39.308098105360905,0.0949198922501935,0.0941864254278384,0.1409251805952991
2278,2015 KR174,89.16862859263334,0.8737897379730061,0.6880794043872359,5.693170196518362,2.0882521601682744,-12987.64431562754,0.9455523165284848,0.6658422527480328,-12987.644315627538,0.891586310010158,0.2849528113168332,-0.6778104028675678,2.8814297855118403,5574.459914110185,0.7429926109677547,0.2325747963687946,4.51916612298392e-06,-0.0028529192135477,0.0656390156334384,0.0837327553933776,764.0,12.9,50831148,2015 KR174,(0.07350501301463117+1.0109766563491076j),(-0.2311571594701882+0.40349221720258377j),1.4450236340024356e-08,-1.4450236340024353e-08,0.8737897379730061,89.16862859263334,0.635054757426833,1.0136452962555995,0.4836523457601797
2279,2015 KR175,44.07429884034719,0.1017795718064358,0.2794790146021305,2.671223734498888,1.865485815911384,44.07800996256852,0.1049432254507118,0.285000221845444,44.07800996256851,0.104895642619521,0.2814582871886232,-3.5374111269856856,1.859461199841763,5.880204751697246e-05,1.6436527062140917e-05,0.0002908756259013,0.2301139098830176,-0.323620371980886,2.584066553555642e-06,0.0004042211384306,731.0,8.1,50835628,2015 KR175,(-0.01587176490461078-0.09362201177593021j),(-0.08923348882193638+0.25866764727929026j),3.0766832199948575e-07,-3.0766832199948453e-07,0.1017795718064358,44.07429884034719,0.2758549152318374,0.0949578538624354,0.2771616145990225
2280,2015 KS173,39.34673721822853,0.1828028309334325,0.5555737263657987,5.885794930732825,2.036351474693052,39.402445594639765,0.165890838195803,0.5632215304123634,39.402445594639765,0.1623538539794333,0.5341721511153271,-0.4729391810185823,2.031266163775694,1.080455645266418e-05,0.0008580765876993,0.0002788700023575,-0.9187580556090384,-0.2301202846809913,0.0064491974448081,3.331200333777384e-06,1184.0,9.8,50830950,2015 KS173,(-0.019742589933972498+0.1551407194369134j),(-0.20019190142460502+0.503204546923984j),6.541399869255902e-07,-6.541399869256034e-07,0.1828028309334325,39.34673721822853,0.5274308237425998,0.1563918561968751,0.5722964929493057
2281,2015 KS174,32.48920940451141,0.2254003575468354,0.095132406669398,1.5036770498460328,0.0758276375642509,-197.9954529228253,1.0024086836020325,0.1606668329737927,-197.9954529228253,0.1159624253190185,0.010066864037779,-1.0729355655602428,-1.949438045072733,7.44934083863324,0.566714281540582,0.0667289091498813,0.0082335762995818,-2.288228519394756,0.0282577962176351,2.051471346552786,918.0,10.6,50831150,2015 KS174,(-0.009017495737483722+0.22042600169805618j),(0.10444559513859522+0.011691182004911467j),8.26317447535788e-06,-8.26317447536023e-06,0.2254003575468354,32.48920940451141,0.0949889774362024,0.22061037476503,0.105292333751264
2282,2015 KS175,45.28359070821102,0.1040945541444671,0.1067191798442446,0.687596884704134,-0.0587300849868881,45.27781142786981,0.1029040432346219,0.1032104794687015,45.27781142786984,0.1029267355483806,0.1030044227962908,0.6704584867778884,-0.0303739165763407,0.0001577298905571,0.0077551510064703,0.0078299544815572,0.3382022328176123,-0.3574634123041871,0.0010718792933919,0.003842105803827,1183.0,8.0,50835630,2015 KS175,(0.08559386700816043+0.06587838002639511j),(0.10057955529372553-0.01235159172973639j),2.636316688051865e-07,-2.63631668805189e-07,0.1040945541444671,45.28359070821102,0.1065167246728998,0.1080105134897191,0.1015093691357932
2283,2015 KT173,39.59841269241849,0.2460782274639558,0.0899302479459323,2.8927505727785583,0.2715019499054159,39.403774879174655,0.2473658491294184,0.0877786167295263,39.40377487917468,0.2465222039471076,0.087367526886143,-3.4932154338316947,0.3803283094389013,8.330712622981388e-06,0.0004475727829802,0.0007237460910868,-0.3055430721661824,-0.3965496254236479,0.0023278102315741,0.0017920040220512,1088.0,9.3,50830955,2015 KT173,(-0.2568665836209793-0.039769254426963385j),(0.14113320651206238+0.046271087777046783j),6.231190082976013e-07,-6.231190082975914e-07,0.2460782274639558,39.59841269241849,0.0898090792305402,0.2599269808596062,0.1490762892879755
2284,2015 KT174,52.20295644286699,0.2736832385204539,0.4903211137280406,5.430771137179654,2.010266611003635,52.262075297618175,0.2858700753562637,0.4855866590184384,52.26207529761817,0.2769685548570026,0.4672634756874079,-0.7881012666145928,2.0065000081765207,0.0535118240824263,0.0289390861944017,0.0030200342970752,0.0645860674673282,-0.1457557637237486,0.0028597751359389,0.0020595832941674,1184.0,8.8,50831169,2015 KT174,(0.11120723913553926+0.2542841704381464j),(-0.20320048290604337+0.426050715215476j),1.281930318145907e-07,-1.281930318145908e-07,0.2736832385204539,52.20295644286699,0.4709091930958249,0.2775382664995321,0.4915888282212847
2285,2015 KT175,45.30114998978703,0.0687353437255597,0.096945937761914,1.392101930752237,-0.1167215619494655,45.29865470425864,0.0618173415348028,0.092310944884843,45.298654704258645,0.0617661977621868,0.0921681594646057,1.3162089586792862,-0.0854673513172993,1.529284872902974e-06,0.0002588762467022,0.0001492095893975,0.3287406931572422,-0.3401872057976098,4.876298059119225e-06,0.0018712089260189,3628.0,7.69,50835631,2015 KT175,(0.021296339201940497+0.07035742134158396j),(0.09055226151655328-0.017367542596788688j),2.6301784202543866e-07,-2.6301784202544e-07,0.0687353437255597,45.30114998978703,0.0967941511353241,0.0735098687336692,0.0923338744959757
2286,2015 KU173,39.41645024906539,0.212699304339007,0.2205839327702001,3.362732364376945,-0.5220190349423313,39.4032070548831,0.2024805500218098,0.2342503212684425,39.40320705488309,0.2000933768324608,0.2321174131817957,3.336168625304444,-0.4460468855327631,5.556666495766614e-06,0.0001980717682168,0.0002980902745025,-0.6925671717110782,-0.3195948557348788,0.0018359402642874,0.0002380938181816,1185.0,8.3,50830956,2015 KU173,(-0.21194950395201764+0.033950806279563664j),(0.23526555175037417-0.09004609691173543j),6.453455329729418e-07,-6.453455329729352e-07,0.212699304339007,39.41645024906539,0.2187994443438109,0.2146514604481852,0.2546524372862131
2287,2015 KU174,79.40743844037554,0.5353234032788919,0.1330020026025327,2.515709381407028,-0.0913331431470558,80.12011945340446,0.5384341961310526,0.1294879359933177,80.12011945340447,1.246796089020726,0.1218095866064554,2.689343375229797,0.0569873789386193,0.287730642330578,0.6633192052808122,0.0173410861133997,0.1017315070522317,-0.106091581625554,0.0073514109659264,0.003082157713735,1184.0,9.1,50831171,2015 KU174,(-0.4200674343446128+0.36647165435015516j),(0.1230461863918567-0.01635801509859769j),2.2438076121174065e-08,-2.2438076121174065e-08,0.5353234032788919,79.40743844037554,0.1326102254019507,0.5574568349558602,0.1244497505580944
2288,2015 KU175,43.92869672323126,0.0481587764768338,0.1165211901350473,1.5065771597117583,1.4344501261954958,43.92797125585896,0.0280007136855021,0.1222510718472915,43.92797125585896,0.0276192950428735,0.1219854150751318,1.4951701338783605,1.3964090718754585,0.0002983981997854,0.0016853527200023,0.0003603950108239,0.3593812766044053,-0.384926564930604,0.0035459326310198,0.0001612987475789,768.0,8.4,50835632,2015 KU175,(-0.04521780260159083+0.016733015575742503j),(0.006812174025474222+0.10791398569306755j),3.1355836805758645e-07,-3.1355836805758534e-07,0.0481587764768338,43.92869672323126,0.1162576973939605,0.0482145567476719,0.1083406047596503
2292,2015 KV173,39.53677649849917,0.1744452447409606,0.1076576427342097,0.4374172669178167,1.3198459351804368,39.40468154947873,0.1749570799424263,0.1157507901687887,39.40468154947874,0.1748512415757817,0.115444790566714,0.4349091795353326,1.3238484511103348,3.496910949344663e-06,7.884843289356338e-06,4.751168688114784e-05,-1.0284776571790877,-0.396838729146477,2.7814995679276165e-06,0.0014919226995596,1087.0,9.0,50830957,2015 KV173,(-0.040899735695068634+0.13971131250414082j),(0.07881096574256656+0.12438830621966553j),6.305805739682131e-07,-6.30580573968229e-07,0.1744452447409606,39.53677649849917,0.1074498015215106,0.1455748577933572,0.1477910133589258
2293,2015 KV174,52.0500794949177,0.3000395156551674,0.3836534852364656,3.468647270481211,-0.6618884672267872,52.00225047532219,0.3050656726983562,0.3780359762962256,52.00225047532221,0.3051023662620025,0.3700843572786416,3.4010120164616486,-0.6616133614837334,0.0198919353292688,0.0038757889387267,0.0012888387353275,0.1162192397483147,-0.184197678889447,0.0011143156373427,0.0016461336759451,1184.0,8.6,50831172,2015 KV174,(-0.28634495234538876+0.10091761752028873j),(0.29307767099864607-0.23367613206251378j),1.3000986822739794e-07,-1.3000986822739778e-07,0.3000395156551674,52.0500794949177,0.3743108488887345,0.3036079663968886,0.384215596083438
2294,2015 KV175,45.44060631672488,0.1611873452846406,0.3149128359484663,2.602790752348973,-0.7043300524069593,45.41603422529892,0.1644482173075874,0.309638737482552,45.41603422529892,0.1644680101266725,0.3050237951810862,2.552022641384428,-0.7002338061047554,0.0169735332944243,0.000852043202745,0.0003393444215213,0.218066741778813,-0.2909052766412558,0.0018857966677696,0.000228359804767,2540.0,7.16,50835634,2015 KV175,(-0.05082498470541059+0.15749622153509302j),(0.23207737364639036-0.2077483368956843j),2.585634020040944e-07,-2.585634020040951e-07,0.1611873452846406,45.44060631672488,0.3097335947862116,0.1654939239613839,0.3167492519780263
2295,2015 KW173,39.42439595372991,0.1986161916311538,0.3185850607173895,1.9948921736708431,-0.6396716102106541,39.40288136214034,0.2085603884784279,0.3007112197875196,39.40288136214033,0.1967290821863228,0.2965290424467252,1.453194488691056,-0.6331481552001671,4.930335738546028e-05,0.0042116069918283,0.0032795345104131,-0.6730608780392443,-0.2982045245635828,0.005731415748987,0.0011389336274315,1182.0,9.5,50830958,2015 KW173,(0.035021958646504876+0.1653707663656556j),(0.29893972508871863-0.16887330366811942j),6.443728777410903e-07,-6.44372877741082e-07,0.1986161916311538,39.42439595372991,0.3132231356933528,0.1690385398534953,0.3504720069345177
2296,2015 KW175,46.27488054508809,0.1480286024565403,0.0838273660561799,1.9608658932551144,0.2252204905526298,46.27493626060096,0.1574957479353067,0.1077843553175322,46.27493626060096,0.1573272950255587,0.107421900204769,1.948550437333263,0.2739056378103721,0.0002376190664192,0.0030997793217581,0.004862784020199,0.3273445696750239,-0.3524477639910154,0.0042506262816848,0.0006430307842331,1185.0,8.6,50835633,2015 KW175,(-0.08470576160577484+0.12474956758119544j),(0.077089202672393+0.013003866154726682j),2.34093518266309e-07,-2.340935182663089e-07,0.1480286024565403,46.27488054508809,0.0837292243464576,0.1507896570090588,0.078258149761888
2297,2015 KX173,47.90848928260739,0.2381794788011315,0.2468547296622923,3.9474632643208736,-0.5259578235974224,47.73342317605613,0.2603940144866112,0.2346930720701253,47.73342317605613,0.2037805947586558,0.2279142263725356,-2.04586179981298,-0.5278064973573664,5.469009988097182e-05,0.0097204875460621,0.0150992343753027,-0.1708746941872272,-0.2003452636854389,0.0335424540776458,0.0043085255256957,1184.0,8.4,50831010,2015 KX173,(-0.22991077997469583-0.0638304197140586j),(0.2072581285452386-0.12697246559612185j),1.9507994804721157e-07,-1.950799480472113e-07,0.2381794788011315,47.90848928260739,0.2443552490306245,0.2386069764894687,0.2455187364272128
2298,2015 KX174,51.84619641126433,0.2725756626541953,0.1829318835959888,1.3204582459885694,-0.3090019477978505,51.86780432556608,0.2762351504278874,0.1952123212832605,51.86780432556607,0.2766293162249692,0.194493574271861,1.30871112717974,-0.2903462368015561,0.0005490750528923,0.0005303959657564,0.0003882429007523,0.2179795690576661,-0.2417477726377022,0.0016829915754823,0.0015130416158423,4044.0,7.49,50831174,2015 KX174,(0.14654777745555198+0.23463518632808408j),(0.16992756010680837-0.059266727040885925j),1.3231875623852053e-07,-1.323187562385204e-07,0.2725756626541953,51.84619641126433,0.1819133150138962,0.2766404195709237,0.1809523371861501
2299,2015 KX175,45.68197312753784,0.0721326388122852,0.0768026769264227,0.0656938153898236,0.3804703948539819,45.67479455704608,0.0713545507980133,0.0761930638453072,45.67479455704607,0.0713403429503265,0.0760313686955417,0.0593344725920914,0.3923953571711329,1.4735216375147675e-06,0.0001433404297675,0.0001217495529374,0.3242484323926644,-0.3310838592350802,0.0001985451139598,0.0011160793540871,1184.0,8.2,50835636,2015 KX175,(0.06625344935038358+0.03525588608343822j),(0.06624475641655123+0.022600952769168146j),2.51116792941607e-07,-2.5111679294160656e-07,0.0721326388122852,45.68197312753784,0.076727193825434,0.0750499637198594,0.070051355550745
2300,2015 KY173,62.6689551160357,0.4361759931511094,0.138965014872282,2.220276450033332,0.928595548174437,62.54702157485035,0.4347689370849792,0.1385826677710673,62.54702157485035,0.3632905557454519,0.1385998542952799,-3.653795381068468,0.8186093425542805,2.9119798449739447e-06,0.0431001144586363,0.0006371936962157,-0.0541487943105828,-0.0949522079760033,0.0134109442966144,0.0008369564147228,913.0,8.8,50831022,2015 KY173,(-0.4473902909892607-0.002931515049505563j),(0.07969989554375899+0.10059228614071947j),5.755459025954337e-08,-5.755459025954331e-08,0.4361759931511094,62.6689551160357,0.1385181812590165,0.4473998952301407,0.1286938780554235
2301,2015 KY174,54.10375189148442,0.3371239414897931,0.3237223985633918,1.0896726256137104,-0.5639314900469539,54.09238459749046,0.3313305292046743,0.3293624045700391,54.09238459749046,0.3314521839926874,0.3235783221137014,1.1369384658687918,-0.5658216156105006,0.0111642640757745,0.0012303530162716,0.0001328025075324,0.1338857081038492,-0.1831499017732135,0.0019369611804964,3.5077988362034227e-06,891.0,7.6,50831176,2015 KY174,(0.2962168888107639+0.1725961883836717j),(0.264104804392698-0.1719155935708693j),1.0872423401353397e-07,-1.0872423401353397e-07,0.3371239414897931,54.10375189148442,0.3180978056585889,0.3428321593160425,0.3205926306728376
2302,2015 KY175,44.51916453131619,0.0496260507387118,0.1375843090786614,1.2075065590543623,1.801761964891449,44.50512864410148,0.0523006975256158,0.1478998436178105,44.50512864410149,0.0516181075874263,0.1475341098039448,-4.509546543104457,1.7861611824573285,0.007235128520968,0.0092549603061172,0.00300232238076,0.340206834231757,-0.354359207281724,0.0087526075179091,0.0021115994866177,822.0,8.0,50835635,2015 KY175,(-0.047540308719813795+0.012308501781233612j),(-0.0387074248271863+0.12703229523702694j),2.9030520142005986e-07,-2.903052014200595e-07,0.0496260507387118,44.51916453131619,0.1371506540224248,0.0491078422380156,0.1331920604263624
2303,2015 KZ173,75.63964962694705,0.5915440552450719,0.3733314408888461,5.92426635820037,1.9347347934249268,-134.3044639730766,0.6586347532306739,0.3156039056983535,-134.30446397307657,0.5614701754300488,0.2155594748844051,-0.9514865249774171,3.117036083356396,181.95598421908235,0.113381457236906,0.043703863650391,0.0013343588537709,-0.1214824095890858,0.0470189839718744,0.0565901335642846,1156.0,9.6,50831031,2015 KZ173,(-0.00307817596021151+0.6225518827241505j),(-0.11730582344461493+0.306300693425134j),2.7081484109240643e-08,-2.7081484109240653e-08,0.5915440552450719,75.63964962694705,0.364719412968306,0.6225594926194816,0.3341804602011929
2304,2015 KZ174,48.371713535614425,0.296508865087349,0.2659038888754682,5.644515367192066,1.9527922502719084,48.95232679127276,0.2953167077543354,0.2679517217919388,48.95232679127278,0.2495128381250967,0.2386954460484044,-0.4688353335127206,2.0136330566745406,0.2746766418993426,0.0162459351424082,0.0285718209870654,0.2015525509481101,-0.2858625149555129,0.0226847306506189,0.0092110539752319,1178.0,8.9,50831177,2015 KZ174,(0.0767753735781669+0.2922728664467877j),(-0.09887095498597262+0.2353492699382963j),1.857940140917265e-07,-1.8579401409172626e-07,0.296508865087349,48.371713535614425,0.2627814974141774,0.3021884948986127,0.2581309388726487
2305,2015 KZ175,46.94439074741064,0.1944591185655472,0.303689643283596,5.5838300340552,-0.6578275410821812,46.96426959559437,0.1965311853540429,0.2994138107459475,46.96426959559438,0.1965384069038278,0.2950165553477964,-0.6782269092007799,-0.6596917676062338,0.0009970397906683,0.0004764010987212,0.0003628426682073,0.2042919338335862,-0.2700327244184643,0.0015200712251197,0.001130837474571,1124.0,7.4,50835641,2015 KZ175,(0.04224728460463733-0.18794006490755097j),(0.2336797063221735-0.1885648528747831j),2.1685859844550145e-07,-2.1685859844550213e-07,0.1944591185655472,46.94439074741064,0.2990430379993563,0.1926299588691221,0.3049771629231142
2306,2015 ML150,43.62685620094363,0.0448975997953063,0.1294859384513004,3.642190645386113,-2.295932690835237,43.62273446552275,0.0472394890788911,0.122905987705293,43.622734465522754,0.0460204795616523,0.1226240916897594,3.5398160048079355,-2.3078360651925,0.0002407605506248,0.0002086648339806,0.0001548288059927,0.4290447611685302,-0.4023729053192746,0.0017855693281966,0.0014219623112035,822.0,8.1,50835642,2015 ML150,(0.01227554462479965+0.051789848952294215j),(-0.09594957367999013-0.10465033283774564j),3.266714198462166e-07,-3.26671419846217e-07,0.0448975997953063,43.62685620094363,0.1291244016709182,0.0532247822948755,0.1424602986459962
2326,2015 RA278,62.62213474564051,0.4279172515541128,0.2019413454465666,1.824226025452914,1.7818886024419625,62.54696350945082,0.433752270230532,0.1885768522545732,62.54696350945083,0.4047943747794714,0.1876883497839074,-4.693797696475282,1.713136130608465,4.327622290734073e-06,0.0693062396135412,0.0031317124677225,-0.0610869954707897,-0.0918115130641971,0.0007934427521908,0.0018403948598925,893.0,9.2,50831026,2015 RA278,(-0.3920321061096705-0.1961374013004423j),(-0.03935597093828431+0.1825209933509377j),5.7720213020199554e-08,-5.7720213020199534e-08,0.4279172515541128,62.62213474564051,0.2005716030135932,0.4383595013338648,0.1878181299265378
2327,2015 RA279,59.82953033440954,0.6878207772994929,0.5250715179000413,5.251620511634454,1.478576869133884,99.49930573694652,0.6798459002771392,0.7174746045387816,99.4993057369465,0.4746254708402266,0.5053164550436725,-1.684343506159688,1.885949031214324,22.007019361461097,0.6262004830644464,0.0459144130878145,-0.0612312045530537,-0.0596131292047279,0.0294149477212345,0.0237900038858876,822.0,7.6,50831156,2015 RA279,(0.6677849530369628+0.32053500604042484j),(0.04130116675567708+0.4355339722856502j),6.992690202196477e-08,-6.99269020219648e-08,0.6878207772994929,59.82953033440954,0.5012748895431007,0.7407289879570759,0.4528030938492584
2328,2015 RA280,44.85102563422864,0.0959689247659243,0.0521619012614686,4.095888795355334,-2.4984216623091537,44.85038102137243,0.0962254437707151,0.0556016512287214,44.850381021372414,0.096122171961026,0.0553045069404055,4.030216658166224,-2.5427730877257453,0.0003593241339707,0.0004030339540558,0.0010143518515411,0.375791573025748,-0.3837755023942032,8.562891989187041e-05,0.0012795329488834,914.0,7.6,50835657,2015 RA280,(-0.0011057526655172975+0.10125234999745128j),(-0.04810770515088807-0.03762543418362442j),2.782251938749297e-07,-2.782251938749303e-07,0.0959689247659243,44.85102563422864,0.0521382502398665,0.1012583876474619,0.0611119590181847
2329,2015 RA281,42.728984190063166,0.0474981391284697,0.1719465930559222,1.1339916795923095,-2.133082433905163,42.73054783085381,0.0511448713012504,0.1616020082174614,42.73054783085382,0.0507733712952915,0.1609077558599657,1.159154168334263,-2.1287905569654964,2.8334834917111844e-05,5.5038587243572926e-05,2.213471803285936e-05,0.3834675817454511,-0.4344111834948754,0.0015454012910667,0.0015992712487516,801.0,8.7,50835679,2015 RA281,(0.029141624617353423-0.027709976413097928j),(-0.10696347893732476-0.15526118301135014j),3.7070522403635577e-07,-3.7070522403635466e-07,0.0474981391284697,42.728984190063166,0.1711005597838081,0.040212896913219,0.1896749719661235
2330,2015 RB278,75.67150563106473,0.4390519202409215,0.4908324342458161,5.414065994236877,-1.870658594923033,75.76885453854791,0.4231856706235053,0.5053807482129435,75.76885453854793,0.4079932282359724,0.4832329524973763,-1.0441280048899308,-1.841974913716984,1.003080286612043e-05,0.0124008028464542,0.0040142701157747,-0.0353972055617551,-0.0354035235261632,0.0021924472701476,0.002185908076667,883.0,7.6,50831030,2015 RB278,(-0.4147068627184272-0.17612670016835547j),(-0.13472085591403707-0.4451930090113022j),2.70329076827663e-08,-2.703290768276629e-08,0.4390519202409215,75.67150563106473,0.4713602091147115,0.4505578725291061,0.4837821955553809
2331,2015 RB279,126.43525716953916,0.7350286323009628,0.3446433707682081,3.047288907295384,1.5562547133400289,811.5013531496328,0.9203493725197036,0.2196234507134748,811.5013531496329,0.8954118857588006,0.2026802516488466,-3.460687144797226,1.5877407742290268,314.13428286433754,0.0507090638439852,0.0053059330014284,0.0021745879521838,-0.0027765511187814,0.0025216689370899,0.002438476928779,3419.0,9.14,50831154,2015 RB279,(-0.08732058243713169-0.7976696330574989j),(0.0058535184866012994+0.2767330217824957j),4.002575297477034e-09,-4.002575297477033e-09,0.7350286323009628,126.43525716953916,0.3378610407325121,0.8024348743787528,0.2804571043747341
2332,2015 RB280,43.79145954251467,0.0727258794089644,0.0483802172166394,1.361772569510081,2.2452375101641,43.788734463444506,0.0691495090193802,0.0600418553187042,43.78873446344452,0.068543037725384,0.0595461730954177,-4.707095201009649,2.12517540075692,5.01538174295288e-06,5.266810482140445e-05,4.7493227438502345e-05,0.4296752768973985,-0.4242482335459062,0.0018073738410276,0.0014943772767716,2495.0,7.65,50835658,2015 RB280,(-0.0629111294046423-0.025156816919390125j),(-0.03968336277428731+0.030140226925904515j),3.194602440712399e-07,-3.1946024407123935e-07,0.0727258794089644,43.79145954251467,0.0483613459363658,0.0677545248709144,0.0498523892946694
2333,2015 RB281,43.25790941517464,0.053482128241526,0.0658781331641811,1.445864240676725,3.0537811248854045,43.25790508646244,0.0501589752190218,0.0647064325893702,43.25790508646246,0.0495546252575917,0.0640693738765686,-4.584241135731354,2.9160544281574445,1.0174073619120829e-06,0.0005044552764709,0.000360392756548,0.4390978810249531,-0.4454722719189273,0.000303049787905,0.0006553097745822,3388.0,7.62,50835680,2015 RB281,(-0.008262318057213825-0.04293693958974791j),(-0.07750182565547636-0.0028075075966038773j),3.437822410343808e-07,-3.437822410343773e-07,0.053482128241526,43.25790941517464,0.0658304924393927,0.0437246690211855,0.0776306101743206
2334,2015 RC277,46.39398396210715,0.1604052388034682,0.4237677186594482,2.1680946452116068,1.5845726106892646,46.3980379567636,0.1585904586259006,0.4272229004332524,46.39803795676361,0.1588905918654276,0.4143996448566495,-4.133164661466068,1.581723815678564,0.0008006226226301,0.0018776983084386,0.0001082186120407,0.110336339685562,-0.2160267734525972,0.0019185445344612,1.0208349590772525e-06,1971.0,8.0,50825073,2015 RC277,(-0.13084937146145112-0.08891904706452787j),(-0.009763737318613805+0.41227126567599337j),2.309284533401605e-07,-2.309284533401597e-07,0.1604052388034682,46.39398396210715,0.4111978129383333,0.1582028917015126,0.4250725382135984
2335,2015 RC278,43.7054141865274,0.0842448301158741,0.0861143969473471,4.031585911446813,1.9615599914830564,43.66891396171047,0.0927598250769436,0.0920457403619725,43.66891396171048,0.082447328470223,0.0914616492000429,-2.817468857434865,1.8971146292339809,0.0009374367589029,0.0006969393181733,0.002482674364329,0.5069727305246738,-0.4389019936838298,0.0047456897320167,0.0019606932340257,2294.0,7.89,50831039,2015 RC278,(0.08299650438221237-0.016354115790189014j),(-0.042582091728649206+0.07172865987768953j),3.231997686943299e-07,-3.231997686943345e-07,0.0842448301158741,43.7054141865274,0.086008003467839,0.0845924159895289,0.0835130789648716
2336,2015 RC279,101.3242310261588,0.6874356087210762,0.3253207494046721,5.989732937750326,-1.989159209668564,-2626.1592472247494,0.8765662850630723,0.1927797979835487,-2626.1592472247503,0.836378145957903,0.1397164514507456,-0.5792964184764544,-1.6648394689925834,2558.2094074230454,0.0563187441950374,0.0280748457121066,0.001262310224876,-0.0281808761163559,0.0040959184425091,0.0175542159794726,822.0,9.1,50831155,2015 RC279,(-0.4833445167120442-0.5602283283844001j),(-0.11048844842736907-0.2576851898350162j),8.978791634016254e-09,-8.978791634016253e-09,0.6874356087210762,101.3242310261588,0.319612727832851,0.7399173614397616,0.2841832955944175
2337,2015 RC280,43.28809904910843,0.0473429857640214,0.0338880074732177,0.914663953545837,-2.97839718229945,43.28827872493772,0.047160664474197,0.0334667606558636,43.28827872493771,0.0465611435095211,0.0319965589566559,-4.906702784507752,2.966098451767137,0.0001625782518977,7.250603372514228e-05,0.0001079892056612,0.4502452567579106,-0.4484856559364474,0.0005663540131206,0.0012761949977427,862.0,9.0,50835660,2015 RC280,(-0.01978467441595211-0.03245465126758574j),(-0.04518922241792882-0.01401135220518335j),3.423113456401432e-07,-3.423113456401407e-07,0.0473429857640214,43.28809904910843,0.0338815216976695,0.0380097057426893,0.0473292291372348
2338,2015 RC281,46.06534079311981,0.0170860705785699,0.0982347078652878,5.087007677243453,-2.569898207753871,46.06760872758577,0.0131516261240223,0.0959006618043257,46.06760872758578,0.0129359728991525,0.0958032655435547,4.965170008858247,-2.5860319962295177,3.3471798986900995e-08,0.0001617001673917,8.794660814997264e-05,0.2958541260621824,-0.3007825464715634,1.6270033732386874e-05,0.0002128060333822,2294.0,7.49,50835683,2015 RC281,(-0.01282154572101277+0.013693077245746754j),(-0.08698833841244868-0.0588197410519469j),2.399567678190655e-07,-2.3995676781906615e-07,0.0170860705785699,46.06534079311981,0.0980767889789094,0.0187587952474035,0.1052021987647625
2339,2015 RD278,43.65278170695826,0.1127710885901627,0.0509485232557121,2.474006374681068,2.043894348155956,43.66927447889884,0.1101827987598405,0.0652862302815302,43.66927447889883,0.1060907378359009,0.0631885575457036,-3.930953185826176,1.854694746906932,1.583123227979253e-06,0.0011711348824299,0.0001597837237844,-0.2914161786637028,-0.4250115337683924,0.0003488688800536,0.0014612031029925,796.0,9.0,50831036,2015 RD278,(-0.019576862055719912-0.10289821958835721j),(-0.033202754538234555+0.037388535717835805j),3.255141230359021e-07,-3.255141230359012e-07,0.1127710885901627,43.65278170695826,0.0509264844942219,0.1047439598373217,0.0500241158969991
2340,2015 RD279,50.82107837082772,0.3947142501141969,0.2755391962771247,1.1298288791503612,-2.024923534026654,-359.3438265868412,1.002479387179583,0.2236085405431239,-359.34382658684126,0.0575359977631205,0.0120793686276573,-0.0554036972147269,-1.590444431318795,9.06302907301868,0.6061639619141913,0.1331688023621791,0.156157750783204,-0.3480156252928208,0.1472607939226967,0.26403863722385,822.0,9.3,50831157,2015 RD279,(0.2524268908702599-0.31298187775330716j),(-0.11659319693075788-0.24142707287550216j),1.4560881066731642e-07,-1.4560881066731602e-07,0.3947142501141969,50.82107837082772,0.2720658335407637,0.4020907746223633,0.2714268608733322
2341,2015 RD280,44.64653690192019,0.1088706695133186,0.0393398965293769,4.98057249512048,-2.421461592835596,44.64373710517868,0.1011885333804655,0.0341153922271273,44.64373710517869,0.1009720636866805,0.033320949534743,4.978093820837593,-2.4767530042599555,3.549318499898428e-06,7.84988461729229e-05,0.0001117978722945,0.4005360726428753,-0.4015275191605681,0.0012861436901551,0.0009513568287315,2685.0,7.65,50835661,2015 RD280,(-0.0894903560074755+0.06552859154090582j),(-0.036417566864835424-0.032456659417844064j),2.855381239577268e-07,-2.8553812395773e-07,0.1088706695133186,44.64653690192019,0.0393297500638726,0.1109167260952088,0.0488012697812365
2342,2015 RD281,41.34365252483754,0.1122734278228373,0.3071754257859327,1.8388850846331053,1.6879448552729477,41.35817819843612,0.1255773166471545,0.3109010339617353,41.35817819843612,0.1250488544552519,0.3060354951056325,-4.252933165769223,1.6925988298577133,0.0156522819534828,0.0051177826069087,0.0023984376825886,0.3009198136820811,-0.4317190958710052,0.0057721709087325,0.0052415812153905,764.0,9.3,50835684,2015 RD281,(-0.09326873847765191-0.0028453867038881198j),(-0.08005492590184006+0.28021244253229904j),4.584556933095021e-07,-4.5845569330950185e-07,0.1122734278228373,41.34365252483754,0.3023674862639995,0.0933121310586532,0.2957148580711394
2343,2015 RE278,43.63354754399372,0.0742362205216565,0.1245652860443584,2.4253124138628017,1.848966114192219,43.66771038871553,0.082937551486656,0.1440152901506476,43.66771038871554,0.059745729956165,0.1438255827381412,-4.0293441871726365,1.706214389668883,0.0003316827036101,0.0080472903336045,0.0008711156670983,0.4683087725927991,-0.4098406988637938,0.2784842541399558,0.0050210454529414,914.0,8.9,50831043,2015 RE278,(-0.02925867841702671-0.05927655840129288j),(-0.04428098000677747+0.11168793513047112j),3.26382694416781e-07,-3.26382694416783e-07,0.0742362205216565,43.63354754399372,0.124243399445833,0.066104316338745,0.1204366895430615
2344,2015 RE279,57.67328398662065,0.4275761562526711,0.2559604542467319,1.834369749314419,-2.0024384933018657,-288.7562894030341,0.6219939369188732,0.2143530959947,-288.7562894030341,0.4452897073811062,0.1468078604083341,1.5460092984853104,-2.3769002552473064,326.41137412537466,0.0959817599076538,0.0230692256703894,0.1482304618941021,-0.2422402063805675,0.0642568138777965,0.1105204216515368,862.0,8.3,50831152,2015 RE279,(0.43219620960828686-0.07272342189143452j),(-0.10118600051841249-0.22522108887087705j),8.187182249066143e-08,-8.187182249066122e-08,0.4275761562526711,57.67328398662065,0.2531746884685386,0.4382719015535559,0.2494872942874211
2345,2015 RE280,44.31005050679183,0.0433801736578046,0.0367313633107257,4.644839355930877,-2.6725192347128326,44.3111126185698,0.0393714915048675,0.0363008147831819,44.3111126185698,0.0390882655990958,0.0357186497298311,4.594850500101647,-2.7533748283040103,9.440822521705009e-08,2.0616680078402112e-05,0.0001217937412184,0.3874497549210635,-0.3874394918457697,0.001577288920357,0.0005855088663957,914.0,7.9,50835662,2015 RE280,(-0.015215529214722615+0.04615233253244316j),(-0.04055911630505099-0.023521310575744574j),2.982286253217814e-07,-2.982286253217794e-07,0.0433801736578046,44.31005050679183,0.0367231042512119,0.0485957830214648,0.0469031628999473
2346,2015 RE281,45.85585777510012,0.1572498695968772,0.1639380669206822,2.277555223804848,-2.234338064629449,45.857743392091066,0.1564573725413056,0.1550385006933579,45.85774339209106,0.1565004566980307,0.1543886123096125,2.294500579646539,-2.213560617677619,8.075193288526151e-05,0.0002392619759192,0.0001658349514295,0.3095809328670966,-0.3498680671064568,0.0003565609396491,0.0012536880693119,822.0,8.9,50835685,2015 RE281,(0.15869312898992438+0.0107235172318223j),(-0.10492918388539121-0.13399415714199903j),2.4598489031739816e-07,-2.459848903173987e-07,0.1572498695968772,45.85585777510012,0.1632047282919509,0.1590550313898745,0.1710222751246346
2347,2015 RF278,43.63524902638666,0.0828281846849523,0.0660683795790945,3.069664711513552,2.7706358224095893,43.66761749988957,0.078808862173227,0.0661729719927357,43.66761749988958,0.0604046002752036,0.0657216800751431,-2.936547535755804,2.592078130339581,0.0004896907278447,0.0048285845234118,0.0015320755851266,0.4419186025167796,-0.4353406296753139,0.0123986948077929,0.0040435078275517,822.0,8.2,50831047,2015 RF278,(0.07714937716088681-0.027533141458782537j),(-0.07159689287042727+0.01606136977571953j),3.2631579523532e-07,-3.263157952353204e-07,0.0828281846849523,43.63524902638666,0.0660203249832062,0.0819152017326582,0.0734423126883849
2348,2015 RF279,42.88914378787353,0.2408993213873177,0.1382699438345314,1.8325480534127525,-2.3281952658768263,-65.02743671302785,1.013039350904871,0.043585782442306,-65.02743671302784,1.0081710741128431,0.0130591045157387,2.613389607148229,-2.1516500296550904,7.932256524086183,0.7804397349915311,0.015943737555896,0.5468801642360434,-1.6466710297618237,0.5539790540907911,1.5170867184666352,3777.0,8.47,50831153,2015 RF279,(0.21647045948410612-0.10414968213033572j),(-0.10776949364715348-0.10844118253430242j),3.624076583723677e-07,-3.624076583723709e-07,0.2408993213873177,42.88914378787353,0.137829777376635,0.2402220142224896,0.153486707901223
2349,2015 RF280,42.97721808964761,0.0867015376700418,0.357420739213959,6.203084569158016,-1.7805727824680695,42.97704946219527,0.0908296667463586,0.3513297285384235,42.97704946219527,0.0909065355553039,0.3444474541833666,-0.0502802546065461,-1.7741163543783642,0.0003057252287936,0.000139899519639,0.0003037711013792,0.1947539495458586,-0.3194439809485859,0.0019392063836432,9.41055859942467e-05,914.0,8.8,50835663,2015 RF280,(-0.02176636922820522-0.07242650658999802j),(-0.08751312075229561-0.3563466725396539j),3.5766369060621325e-07,-3.57663690606212e-07,0.0867015376700418,42.97721808964761,0.3498591422077646,0.0756265408848612,0.3757123430778437
2350,2015 RF281,46.09331989722032,0.1757230551155121,0.1451266122772847,2.8073637995914424,-2.1993378980865965,46.13742279055048,0.165802202990177,0.1148690549453988,46.1374227905505,0.1485512132937513,0.1145509818307707,2.729223830651448,-2.1818165804202647,0.0078417275142351,0.0134291728226548,0.0036686774908783,0.3411028878973039,-0.364618345450171,0.0047558209576248,0.0017834734667836,822.0,7.5,50835688,2015 RF281,(0.14582670218194257+0.10445051291311261j),(-0.08896576095666076-0.12205425313024845j),2.3917103735649906e-07,-2.391710373564991e-07,0.1757230551155121,46.09331989722032,0.1446177121481657,0.1793748497339392,0.1516171294195036
2352,2015 RG278,43.62834020849505,0.1685781851260187,0.0838883862021025,0.7100560005036423,-2.5908155980770364,43.66906152764007,0.1404297316371964,0.1172428034129983,43.66906152764008,0.1251233147139409,0.1158926764608923,0.7571697752563968,-2.482917163444066,0.0001359697548979,0.0095128495619782,0.0089251260085617,-0.3723327911796714,-0.3748927803409038,0.0038365685723179,0.0158502073675921,822.0,8.9,50831048,2015 RG278,(-0.04935103957459973-0.15310340207132386j),(-0.08111726080940274-0.05143063160719874j),3.266269497419016e-07,-3.266269497419027e-07,0.1685781851260187,43.62834020849505,0.083790030066863,0.1608607373876769,0.096195778933281
2353,2015 RG279,59.81903213621683,0.4246343037685533,0.2471665469700452,4.705211850225793,-1.8229869170531832,60.79677125034086,0.4208278025447241,0.2490408753087405,60.79677125034087,0.3729598842787872,0.1994412096895748,4.8499794594778,-1.881949906883928,0.357488027169404,0.024860500606814,0.0317544176693003,0.1180658171456557,-0.1563727943559624,0.0169247569139674,0.0259780515525627,914.0,6.7,50831179,2015 RG279,(-0.42036271127561387+0.11202557972684579j),(-0.05795638891882318-0.2319865924364999j),6.997418929335498e-08,-6.997418929335509e-08,0.4246343037685533,59.81903213621683,0.2446576019557303,0.4350339521739895,0.2414559000257433
2354,2015 RG280,42.63194414084944,0.0550939628316481,0.0525639165018706,1.6853920519548184,2.554742420708712,42.63502965399296,0.0611193864830714,0.0755468998031076,42.63502965399296,0.0596135857505335,0.0747462642644933,-3.958739766105976,2.270345954534584,0.000871340004458,0.0035477293405178,0.0026607092575107,0.4906200742889275,-0.4888682590957384,0.0056239943600597,0.0035148593150636,796.0,8.7,50835665,2015 RG280,(-0.02143570361075289-0.03615496669285606j),(-0.06002381088447831+0.018679992756028736j),3.759826761066476e-07,-3.759826761066474e-07,0.0550939628316481,42.63194414084944,0.0525397144658695,0.0420317856609682,0.06290482156591
2355,2015 RG281,46.16427763132963,0.2217682975288577,0.1630992080636353,1.203874931636758,-2.22094536140616,46.209383887475866,0.2335017008127914,0.1713578495443265,46.20938388747587,0.225151225309276,0.1681069601747144,1.589788880937563,-2.4296489432275687,0.2354338431780512,0.0120444108900471,0.0035450087796364,0.3730814252152851,-0.4169698161979334,0.0157582626408615,0.007610312311991,883.0,8.4,50835689,2015 RG281,(0.11835960631145548-0.18619884919030344j),(-0.10166590186917492-0.13370999578394271j),2.3719713309677657e-07,-2.371971330967759e-07,0.2217682975288577,46.16427763132963,0.1623770593412408,0.2206331975156868,0.1687712493848452
2356,2015 RH278,55.475835783784696,0.3851506480035198,0.0891064376758357,5.025003602889971,1.7689890030120397,55.38856711401556,0.3846804668364289,0.0840146559594695,55.38856711401555,0.384576531767741,0.0834400648911898,-1.2368106366453515,1.758751572062312,6.763237178956166e-06,0.0027205151515682,0.0005973432591135,-0.1058700697374427,-0.1221023054876883,0.0041539077804969,3.687556216289781e-07,883.0,7.2,50831072,2015 RH278,(0.3428814961620823+0.19277132278315118j),(-0.01680741165381247+0.07913961448665074j),9.712210959228265e-08,-9.712210959228277e-08,0.3851506480035198,55.475835783784696,0.0889885675956487,0.393355441424056,0.0809932047764406
2357,2015 RH279,70.85609442232585,0.4648603463664625,0.1795553346889544,3.6483436911235696,1.7076805500317398,70.74258514261177,0.4599964005454363,0.1966413745274468,70.74258514261176,1.4686420108217326,0.1944454789727473,-3.167192338187677,1.826702006366287,0.0336678595420378,0.3499282977172975,0.0044842374976615,0.0956825930545751,-0.1057135762958525,0.0015598042295807,0.0014668210522785,914.0,8.7,50831178,2015 RH279,(0.28734562888647863-0.3828058313836838j),(-0.02182656780559103+0.1620853906374429j),3.499310912357022e-08,-3.4993109123570255e-08,0.4648603463664625,70.85609442232585,0.1785920745790559,0.4786520813508693,0.1642863998844927
2358,2015 RH280,44.95209831544015,0.1065417340801072,0.0598544296583035,2.7130018020562403,2.473961397012648,44.94757903238352,0.1078707380701222,0.0597952764411625,44.94757903238353,0.1077442672684607,0.0594448074830429,-3.437967682105241,2.386451873317559,8.231164225059714e-05,0.0003116459803194,0.000530880785467,0.3803602513549846,-0.386764924646009,3.4218749556023176e-05,0.0015023115637653,893.0,9.0,50835664,2015 RH280,(0.05019555426313388-0.0898743109651759j),(-0.05311523357759318+0.03060703729370006j),2.746834116705081e-07,-2.746834116705072e-07,0.1065417340801072,44.95209831544015,0.0598186974509374,0.1029416603676488,0.0613411427704397
2359,2015 RH281,46.93180277483354,0.172644291585694,0.1004804366186119,2.2624848096168826,-2.3268662635901776,46.91717332410754,0.1810311228716844,0.1040319812662694,46.91717332410753,0.1808363783424247,0.1037522857401623,2.2775010008975043,-2.3327243744017654,0.0006213595605182,0.0002081208759904,0.0003173862338363,0.3522191234904166,-0.3545641114660464,7.640768593518606e-08,0.0013298062551566,801.0,8.4,50835690,2015 RH281,(0.1737965653465916-0.008151714359594681j),(-0.07181725837684204-0.07790561705591698j),2.1717983124472186e-07,-2.1717983124472173e-07,0.172644291585694,46.93180277483354,0.1003114415433674,0.1739876333917802,0.1061568291747478
2360,2015 RJ277,46.69724977879655,0.2035246609952247,0.111768644544547,1.4621195016457715,-2.2704488048050497,46.662767380550285,0.2028447101034139,0.0925882512633722,46.6627673805503,0.2024688527003468,0.0925174292245601,1.548418822598954,-2.3047123611678604,0.0092900477426028,0.0016424986604273,0.0037915865327242,0.3769551608548176,-0.3984507672480354,0.0012063706760378,0.0042536264518033,3633.0,7.41,50827141,2015 RJ277,(0.14236551458020222-0.1448200538042397j),(-0.07484354600892705-0.09002297443057836j),2.2295220566255362e-07,-2.2295220566255563e-07,0.2035246609952247,46.69724977879655,0.1115360832519342,0.203078279797591,0.1173403997361938
2361,2015 RJ278,42.183759656681005,0.156155633328248,0.1033269680151224,3.63096690977113,-2.160819887743273,-812.2813139470651,0.7870564400497823,0.0889422574273464,-812.2813139470653,0.7649239739863405,0.0358982998728576,1.038890166125408,-1.7814934297077727,269.2317355210213,0.3457692570526362,0.0320385642398206,-0.0024809414828966,-0.6170375737194306,0.0219813320330894,3.212665381723034,914.0,7.7,50831078,2015 RJ278,(0.020563957436518183+0.17305242812338764j),(-0.07846145253366482-0.0978625939210567j),4.019217372388986e-07,-4.019217372389042e-07,0.156155633328248,42.183759656681005,0.103143205059376,0.1742699607644736,0.1257636607913926
2362,2015 RJ279,56.51450310583651,0.3324567941620517,0.5276642761473248,3.3558977483964667,1.545067233484414,56.43129935447255,0.3429416147426351,0.5215964126640874,56.43129935447256,0.2783828217575748,0.4984156310322479,-2.677245552486026,1.53865381853759,0.0027013116412768,0.0359423117063709,0.0012661161241825,0.0521519703991622,-0.1127576578085466,0.0099321841570919,0.0002353477791621,888.0,9.5,50831175,2015 RJ279,(0.06339135646542597-0.33064212262955417j),(0.013233316276955353+0.5015814251510864j),8.946916030786441e-08,-8.946916030786454e-08,0.3324567941620517,56.51450310583651,0.5035166849876999,0.3366640422312781,0.5256275769650498
2363,2015 RJ280,45.35721887090722,0.0672331218934743,0.0490838820039694,0.0478560613682628,-2.771105627093713,45.35766436362788,0.0634093856311714,0.0458300154513191,45.3576643636279,0.0633374806800001,0.0455881041557145,0.1247997615367673,-2.830295824380227,9.100427487235836e-06,7.484748439967693e-05,0.0002556644902701,0.3451426084018713,-0.3451745638877957,0.0017957185452529,0.0011580736266655,539.0,8.3,50835666,2015 RJ280,(-0.0602115217828352-0.02284934644179483j),(-0.05118262919246974-0.023811633557671373j),2.612524463411517e-07,-2.612524463411514e-07,0.0672331218934743,45.35721887090722,0.0490641753385137,0.0644012421326017,0.0564804932048249
2364,2015 RJ281,46.13313784992653,0.175343696659629,0.2007557557841233,4.060166287069021,-2.045287671635233,46.12646106342866,0.1694781755849741,0.2029312497170259,46.12646106342866,0.1637243784794232,0.201948911181224,4.128633884141687,-2.06420231677096,0.0029382000604618,0.0055468198650639,0.0017991485975226,0.270988391048936,-0.3245376920707878,0.0065820600754418,0.0015840087671407,801.0,7.5,50835699,2015 RJ281,(-0.07461373451760077+0.1625996372422941j),(-0.09518213180991193-0.1825570344388591j),2.380568663423507e-07,-2.3805686634235202e-07,0.175343696659629,46.13313784992653,0.1994099649729202,0.1789017926405116,0.207363221200173
2367,2015 RK278,42.31189157650991,0.1540304648983798,0.1846127954069305,5.451057196406285,-2.1662753514064743,42.27230953587144,0.1515366113841937,0.1815842874336368,42.27230953587144,0.151397962529107,0.1807020796267416,-0.8174995594976826,-2.163147820419168,1.825623424555644e-06,7.103841254598096e-05,0.0001930468113132,-0.951028784676422,-0.3578426323911058,0.0016800202021278,0.0008616712861697,3777.0,8.3,50831079,2015 RK278,(-0.1483464084470851-0.006283056997120364j),(-0.12246687180029545-0.16355780801813904j),3.9435543066090353e-07,-3.943554306609077e-07,0.1540304648983798,42.31189157650991,0.1835659223173007,0.1484794049839184,0.2057755742293151
2368,2015 RK280,45.40377451332254,0.0622947448640206,0.4212338220589012,4.139971133883236,-1.8019528289442115,45.40040111133271,0.0610574337069227,0.4187530985678849,45.40040111133273,0.0611912913426234,0.4068769606172236,4.0956391215645525,-1.80170545658986,5.962717686458738e-05,0.000321434941187,0.0004385352192166,0.1193756721000909,-0.2230760122440465,0.0018216224667912,0.0014688264519332,539.0,8.4,50835673,2015 RK280,(-0.04201797201694995+0.0492845631896373j),(-0.10110633829394745-0.41264353635324313j),2.597671891589872e-07,-2.597671891589865e-07,0.0622947448640206,45.40377451332254,0.4088867316797591,0.0647647909068696,0.4387957359939469
2369,2015 RK281,44.31152526741463,0.07521263975058,0.0651358965762438,2.315401060277658,-2.836113119089527,44.31437703810308,0.0849361486715816,0.0675351646062438,44.31437703810306,0.0846867196122994,0.0671271271993045,2.4389055268028814,-2.900150616207659,2.344291597839728e-06,0.0005719021005891,0.0007438714277581,0.3944837528289223,-0.4015603502321189,1.4083153459833278e-06,0.0017541079794821,893.0,8.6,50835691,2015 RK281,(0.06704129131482867-0.0312419741825828j),(-0.06982904928455216-0.02648230992048782j),2.981653448088373e-07,-2.98165344808837e-07,0.07521263975058,44.31152526741463,0.0650898478303705,0.073963475391472,0.0747516486858224
2371,2015 RL277,34.55988050731752,0.8496283587858899,0.0814689347234832,0.2612125231018334,-3.004172665767036,-358.5519424721594,1.0143044899926428,0.1155578433605645,-358.5519424721594,8.328638022168442e-05,7.828950664876634e-05,-1.5475765771938337,2.930862569781851,0.0599852405128753,0.4535759630286486,6.738571285998337e-05,27.657510283328183,-13.1998744540242,24.73304349944035,11.768248378077304,462.0,16.4,50827137,2015 RL277,(-0.9210843852410907-0.3410438625759731j),(-0.04639666283622931-0.0035958787792946725j),2.4979844299095984e-06,-2.497984429909948e-06,0.8496283587858899,34.55988050731752,0.0813788438626891,0.9821951745634354,0.0465526123982902
2372,2015 RL278,79.05553654960809,0.5344579182686785,0.3133715772053301,0.4243308015087885,-1.820536982719692,78.82472945839984,0.5481003008933928,0.2726011436008169,78.82472945839987,0.4323799329881057,0.2435653933099281,0.1523550297677181,-1.5972896483084396,0.2029345295875337,0.042081917616628,0.0373780231573732,0.0808975056628833,-0.0782013291292568,0.0153940109918043,0.01366180407871,893.0,8.8,50831118,2015 RL278,(0.09667240684242323-0.54786766222478j),(-0.06950930968341305-0.2832314944791211j),2.282588683066672e-08,-2.2825886830666704e-08,0.5344579182686785,79.05553654960809,0.3082677626358799,0.55633131275918,0.2959368631236457
2373,2015 RL279,44.20531052933181,0.0330738648549663,0.0355727279265351,1.5887320044710729,-3.1295549862946195,44.207282959116704,0.0360509948865704,0.0368087510400086,44.20728295911671,0.0356965447372448,0.0361623001144131,-4.334593254251762,2.9486636985009533,4.731734686133599e-06,1.2198622186441544e-05,3.374936258684648e-05,0.3921356472416472,-0.3921356056805636,0.0003076532810207,0.0008784313585634,822.0,9.1,50835643,2015 RL279,(0.002811272028094086-0.026628754495989088j),(-0.04367578829939197-0.007471368947514989j),3.023347784861416e-07,-3.023347784861422e-07,0.0330738648549663,44.20531052933181,0.0355652260004033,0.0267767402127966,0.0443247352973782
2374,2015 RL280,45.082932404621424,0.065548024323299,0.081177371002591,1.5360147101887949,-2.531182656614934,45.08418585901788,0.0712379843137943,0.0791893482650725,45.08418585901788,0.0711952556262779,0.0789572817944001,1.574027996845428,-2.5551395395765253,2.0205985550036784e-06,0.0004031239133725,0.0003594331459603,0.3473484279211096,-0.3545674230358554,0.0001647997025388,0.0011864342362424,822.0,8.6,50835667,2015 RL280,(0.037068415577732966-0.050166726817328915j),(-0.07241862167988511-0.05271152651600408j),2.702509347426112e-07,-2.702509347426094e-07,0.065548024323299,45.082932404621424,0.0810882437333971,0.0623760203364083,0.0896911927120435
2375,2015 RL281,40.29754606723344,0.0464781917994921,0.4342688430730392,2.202227282526227,1.582120323245027,40.29639155963807,0.044937469574336,0.440612495124546,40.29639155963807,0.0449671973593783,0.4266769206811598,-3.99049449000745,1.57153131739274,7.134593816983369e-05,9.88982416337134e-05,0.0004223196216901,0.1845946362804308,-0.3498468733996149,0.0013685502429418,0.0017617890301397,893.0,9.0,50835692,2015 RL281,(-0.06564462179423422-0.13315928527047938j),(0.3122155474454397+0.5697253044564254j),5.47622743207116e-07,-5.476227432071171e-07,0.0464781917994921,40.29754606723344,0.4207472244714622,0.1484608083780125,0.7071445611534658
2376,2015 RM278,45.76562532848971,0.1837468179599145,0.3865433183049886,3.562979741586454,1.5643049098418775,45.724512704704864,0.2041491977012867,0.3844300766980418,45.724512704704864,0.1747542394340767,0.3749935444406246,-2.343136572741196,1.5502930035395517,0.0087354062560903,0.0268508782203183,0.0009332384207726,0.1566404935744165,-0.2606409773239907,0.0222438413224472,0.0008914254177075,893.0,8.5,50831116,2015 RM278,(0.07551305675287477-0.16487740717250188j),(-0.0023566390475913304+0.3750137370489652j),2.486459515871328e-07,-2.486459515871335e-07,0.1837468179599145,45.76562532848971,0.3769890339066921,0.181347128833323,0.3844195805723354
2377,2015 RM279,44.10701705344795,0.0640382328980655,0.0280978733821841,4.288890207710383,-3.045660453777825,44.110470714486986,0.0654342879694729,0.0356771594237351,44.110470714486986,0.0651387619688228,0.0348598412118932,-1.825209620601956,2.952317807679115,1.2382933835630352e-05,8.018394890225622e-05,0.0001002529509497,0.4062249036901331,-0.4085499784240805,0.0010500698480787,2.765984417549089e-05,893.0,8.2,50835644,2015 RM279,(0.0224865645331154+0.06733702380318815j),(-0.03635981388215957-0.009849732756240367j),3.062848107197168e-07,-3.0628481071971685e-07,0.0640382328980655,44.10701705344795,0.0280941763608277,0.0709923964884486,0.0376792389362327
2378,2015 RM280,45.57454867222306,0.0596792105195017,0.0868961743336982,1.99431074508227,2.675213490691676,45.57428056334298,0.0577305918057673,0.0882824369294691,45.57428056334299,0.0577510793151511,0.0881421779463103,-4.216925793434731,2.6251978128744367,0.00033396397859,0.0002802130929205,0.0001700152787322,0.3194798604536241,-0.328695732453885,0.0001304707618845,4.0594176818046415e-05,816.0,8.2,50835668,2015 RM280,(-0.0013583154241261005-0.05544370020064828j),(-0.08264597318356807+0.03309026653404575j),2.544224674989483e-07,-2.544224674989484e-07,0.0596792105195017,45.57454867222306,0.0867868575736048,0.0554603363921531,0.0891422934752875
2379,2015 RM281,45.79465375720461,0.1505009718946377,0.1955640110058114,4.485760503742871,-2.077575464816595,45.79581082148484,0.1466707734108677,0.193186062115861,45.79581082148484,0.146764067346815,0.1920340753773207,4.478052873805215,-2.07672996792764,0.0003198794152143,0.0001693884199429,0.0001174149130129,0.2749456527556019,-0.3263928783604916,0.0019194555442192,0.0014553331621759,801.0,7.9,50835693,2015 RM281,(-0.11101309535044704+0.10500737798448426j),(-0.09901620344490296-0.175556108350082j),2.477843297445026e-07,-2.477843297445029e-07,0.1505009718946377,45.79465375720461,0.1943198257965556,0.152808562490666,0.2029445795119746
2380,2015 RN279,42.85021386734419,0.1116817774789137,0.2774209440853095,5.485878080722447,-1.8651868989243665,42.84441856974995,0.1103278019020872,0.2700457470338719,42.84441856974993,0.1096386076409466,0.2669154257635863,-0.8865004142263289,-1.84561423185656,0.0041489061028048,0.0008154500698994,0.0001455874550104,0.2888307520506772,-0.3827609857515575,0.001618775836347,0.0016094295528736,2294.0,8.12,50835645,2015 RN279,(-0.09601518978421726-0.040099585179265124j),(-0.0945001864103969-0.2734574092358074j),3.6425396220708857e-07,-3.642539622070881e-07,0.1116817774789137,42.85021386734419,0.2738761165060034,0.1040523589393743,0.293522116747409
2381,2015 RN280,41.36785093214223,0.1261821124534081,0.3433758873283494,6.103382447173781,1.6046404402379422,41.34443830931046,0.1285745982438652,0.3503575445132219,41.34443830931045,0.128303763909009,0.3435028328617136,-0.0910895350407259,1.5887553586180214,0.0083893290239644,0.0054583843910592,0.0026644175218262,0.2520312265188995,-0.3985087881766455,0.0072558224627937,0.0052483321860117,822.0,7.8,50835672,2015 RN280,(0.028952477842858215+0.1631935913453404j),(-0.054682228289720664+0.31798109350016523j),4.566751971022718e-07,-4.566751971022683e-07,0.1261821124534081,41.36785093214223,0.3366678193144731,0.1657419507228968,0.3285264161817815
2382,2015 RN281,42.52999983018392,0.1281777413908148,0.7038910554280375,5.594716990776579,1.5672279112825789,42.51021678542807,0.1319182718213983,0.7046936374318653,42.51021678542806,0.1316405228370246,0.6480301942288959,-0.6880363400520461,1.5682854504857255,0.0015219709717528,0.0002174505093784,0.0014949232168084,0.0187835755698247,-0.1855019048950345,1.7086409921685662e-06,0.0010676553109853,893.0,8.3,50835696,2015 RN281,(0.0858084779042056+0.11262284934194908j),(-0.014803280524974117+0.6757881719412998j),3.816678869779988e-07,-3.816678869780008e-07,0.1281777413908148,42.52999983018392,0.6471888462500698,0.1415874326136889,0.74225343209069
2383,2015 RO278,45.43707297746257,0.2383037816663771,0.4402028201598168,2.494450610058376,1.5109894488532445,-639.1999837200647,0.5766715725029037,0.2356125597404545,-639.1999837200643,0.5499591628161371,0.2019464360058832,-3.0386989714650507,1.7816532428423424,525.6568689502093,0.2299007542316194,0.1168516783406795,0.0005097720061237,-0.2437151782168746,0.0185531030067013,0.0258352338834287,1592.0,8.87,50831115,2015 RO278,(-0.1549622379249339-0.17810318569969122j),(0.02037536069357539+0.42353164130841636j),2.5858624256381177e-07,-2.585862425638094e-07,0.2383037816663771,45.43707297746257,0.4261229581809437,0.2360805793348587,0.4378811412710558
2384,2015 RO279,45.4929199468179,0.0627984708224122,0.0291089649866666,2.021257251008386,-2.817841461391182,45.494844952812656,0.0675334172296195,0.0286751675577869,45.49484495281266,0.0674948486991818,0.0281995669281307,2.1696261335585345,-2.9183887064062337,2.2138280996527188e-06,9.97232506908144e-06,0.0004521184428982,0.343381531631407,-0.3428252215870029,0.0005326525425859,2.037792883794441e-06,586.0,8.4,50835646,2015 RO279,(0.04515079190743818-0.04061702704995989j),(-0.03282413911483277-0.015232202991225848j),2.569542391962413e-07,-2.569542391962409e-07,0.0627984708224122,45.4929199468179,0.029104854335335,0.0607316795111575,0.0361941440574164
2385,2015 RO280,41.39736065521068,0.0452055823490368,0.6067624703304656,3.054903258730929,1.4864925064015546,41.39678529506457,0.0475110360159808,0.6090301314351926,41.396785295064575,0.0467317139879404,0.57225741222584,-2.988367722985576,1.4869809786340484,0.0006202504842971,0.0005924968410188,0.0013373883237506,0.0516879371925631,-0.2324646585222886,0.0043344875393279,0.0011572360341891,914.0,9.1,50835670,2015 RO280,(0.0024515383995473107-0.007960541769040923j),(0.00855398911197832+0.5735602190927952j),4.545031934402526e-07,-4.545031934402613e-07,0.0452055823490368,41.39736065521068,0.5702108276791583,0.0083294817234387,0.6109233062981515
2386,2015 RO281,43.85325721087999,0.1697283659470063,0.0688735790218032,2.1164101687758468,3.075206316077376,-152.54802044582362,0.3466578905464231,0.0852439794297311,-152.5480204458237,0.3195363819437563,0.0599884790890735,1.5080562557634285,-3.0740355889131705,176.23960005397095,0.1768098875904838,0.0109114024526672,0.0015514398243005,-0.5364098322699434,0.6686853610149256,0.0288473671182222,801.0,7.5,50835695,2015 RO281,(0.0806364614864182-0.14385061166630395j),(-0.07748907818410938-0.0029669650009824366j),3.1677468545801e-07,-3.167746854580116e-07,0.1697283659470063,43.85325721087999,0.0688191408290632,0.1649097856339046,0.0776237877604538
2387,2015 RP278,43.126485341739,0.1662534369021207,0.1384143471712725,0.7235378305151308,-2.1526459985116944,-267.26228475039795,0.8769267657699903,0.2464169936271691,-267.262284750398,0.8539466139456242,0.0267373747213328,1.673401471151735,-2.56853597812784,57.34237146147616,0.6654922099843567,0.1321619318133383,0.3380160102840904,-0.5338067668727955,0.4294925456740344,0.4908064178218011,3367.0,8.71,50831119,2015 RP278,(0.026920373743437073-0.15526049971573302j),(-0.08814190030194417-0.12361209527182718j),3.500680388825097e-07,-3.500680388825109e-07,0.1662534369021207,43.126485341739,0.1379728010805224,0.1575770582745644,0.1524081328438263
2388,2015 RP279,44.06923201883599,0.0615485976917983,0.045589842929701,6.256320932333749,-2.3180218410843096,44.06789848274233,0.0587465890225794,0.0366408648248719,44.06789848274231,0.058453400154368,0.0358714588622729,0.0915909953519218,-2.362412232176048,1.5786019656263343e-06,6.137200863395444e-05,0.0001040908765471,0.4062172256588749,-0.4064266429653901,0.0015769952283698,0.0019596516789535,3756.0,8.31,50835647,2015 RP279,(-0.041254604811377084-0.037265856436267175j),(-0.03948867457723472-0.04061187644509853j),3.077787494826443e-07,-3.077787494826435e-07,0.0615485976917983,44.06923201883599,0.045574051992562,0.0555939427822076,0.0566755475402127
2389,2015 RP280,45.41574006655751,0.0936393099733949,0.0797839798701207,0.4869988696478211,2.467115731623747,45.42526760911513,0.1052794231206834,0.099023463490449,45.42526760911514,0.101865570591371,0.0986942658907785,0.6922189502436349,2.433568106901681,0.0023299736946242,0.005654516695162,0.0076424999156153,0.3381521008988985,-0.3508075612209523,0.0023723623482676,0.0028610258724588,1917.0,7.3,50835669,2015 RP280,(-0.09084648262769265+0.021867641898182997j),(-0.06754535578265823+0.043674142506896683j),2.593818400762646e-07,-2.5938184007626546e-07,0.0936393099733949,45.41574006655751,0.0796993628721905,0.0934413033300094,0.080522089847666
2390,2015 RP281,44.93996894702493,0.1169895844376779,0.079737915620424,5.510965867655778,2.9735534364200107,45.73296980158331,0.1988388911785236,0.1481779411860527,45.73296980158331,0.1820184626102077,0.1476759848374152,-1.0045352590937735,2.781919739873234,0.4336760380631341,0.0194831084255006,0.0104548616580547,0.3672411426852212,-0.4215399164785838,0.0096195933072849,0.0036939454145565,862.0,7.7,50835694,2015 RP281,(-0.06764912866374975+0.09970683369910519j),(-0.08460278408118573+0.006937749048377247j),2.75113508021257e-07,-2.751135080212588e-07,0.1169895844376779,44.93996894702493,0.0796534450708077,0.1204900713555502,0.0849890459770481
2391,2015 RQ278,45.95287313148797,0.1009611053612672,0.3304835569571858,1.6698651746614337,-1.9798660968883428,45.94771690933722,0.0986133290319824,0.3279539887759972,45.94771690933723,0.0985896059653154,0.3222925820864701,1.660153483384332,-1.9765274205235104,0.000209330783991,0.0002678019435538,0.000188065066533,0.1643103187129192,-0.2488946370664387,0.0010435153929317,6.530056474555845e-06,883.0,8.4,50831120,2015 RQ278,(0.0973634845072132-0.027039963031104692j),(-0.13508393455008194-0.3068100125433275j),2.43148226004238e-07,-2.431482260042375e-07,0.1009611053612672,45.95287313148797,0.3245004558489884,0.1010485413853651,0.3418507707645102
2392,2015 RQ279,46.74703316372245,0.170755278609723,0.0689077837988563,5.712010848026506,-2.4373772738716304,46.76067548798131,0.1651868602321605,0.0584603761739439,46.76067548798132,0.1651451256071062,0.0582411298110809,-0.5457169669111908,-2.4596838693429723,0.0002173973080199,1.9319816769236127e-05,0.0001971210308285,0.3547703039215313,-0.3545647181749372,0.0019210184186523,0.0011558161010152,893.0,8.1,50835648,2015 RQ279,(-0.1689953381108187-0.019595585221898262j),(-0.05573445798312432-0.0497157491756628j),2.2177347920487729e-07,-2.2177347920487837e-07,0.170755278609723,46.74703316372245,0.0688532644715404,0.1701276322746502,0.0747555201654952
2393,2015 RQ280,44.01934290956186,0.0440287775245965,0.0619776062690745,2.201586279630046,-2.8514026763175764,44.02237104328195,0.0524411563772784,0.0622208321098598,44.02237104328194,0.0521743308997341,0.0618543754027353,2.360419447724261,-2.943662382555692,1.6813455254020867e-06,0.0003381190319301,0.0002899387456942,0.3968315865734795,-0.4024600896207099,0.0009044040865048,0.0013561122748231,883.0,8.8,50835671,2015 RQ280,(0.036997910785559696-0.01975594740220699j),(-0.06805335885747238-0.02499519907017778j),3.0986679761160404e-07,-3.098667976116013e-07,0.0440287775245965,44.01934290956186,0.0619379355809139,0.0419421370492134,0.0725620707412465
2395,2015 RR277,39.3816790818829,0.2411963034857957,0.1466323977065489,3.782137508074543,-1.918378159899975,39.40282103620819,0.2433483129934654,0.1460102339783327,39.4028210362082,0.2083861352891848,0.1444411849395642,4.081838545270677,-1.895217662223128,2.124830653445248e-05,0.0075795458705961,0.0024571720576599,-0.3644502046393495,-0.3568905691602859,0.0046641274953447,0.0045136960634223,3364.0,7.88,50830961,2015 RR277,(-0.07732373628197059+0.20394698973187614j),(-0.004024496876357239-0.11789324990021195j),6.500811234552913e-07,-6.500811234552997e-07,0.2411963034857957,39.3816790818829,0.146107503648461,0.2181131238905575,0.1182372226247568
2396,2015 RR278,34.79037402694437,0.1002514588150571,0.0722751906404808,0.0909442922937149,2.848858177892416,34.896882764665094,0.1071588396603674,0.0716481837134018,34.8968827646651,0.1070619231657593,0.0686782898688989,0.0038889981630405,2.949185972439734,3.3178840288865374e-06,3.686885292443151e-05,3.8408076100178096e-05,-3.3125939054428355,-0.9721204004862568,0.0023018708796215,9.209214648755683e-06,862.0,9.7,50831121,2015 RR278,(-0.07460682252201846-0.027593239186892757j),(-0.056572788709182885+0.025341218988463615j),2.273926832852793e-06,-2.273926832852902e-06,0.1002514588150571,34.79037402694437,0.0722122830493686,0.0795459918264712,0.0620289442173229
2397,2015 RR279,44.20931472251589,0.0831596254182091,0.0411548535532353,0.0970917709880714,2.993528797888864,44.21044400992008,0.0775294592534313,0.0463765850217663,44.21044400992005,0.077279321686358,0.0458929744918148,0.2357270950886256,2.822518359305027,0.0004161096029621,0.0001850413991572,0.0002920925145079,0.4038762666638079,-0.4081106054149107,1.6142569493391382e-06,0.0004644724406008,914.0,8.7,50835650,2015 RR279,(-0.08129289068957234+0.01065833915333718j),(-0.048735882248215796-0.0009785588913509792j),3.0216838454399815e-07,-3.021683845439985e-07,0.0831596254182091,44.20931472251589,0.0411432370570886,0.0819886228093527,0.0487650305494085
2398,2015 RR280,41.4774868760167,0.0731698951177716,0.5791552686216744,2.059215297535648,1.500558029532401,41.47190623103735,0.0695987138418862,0.5822721424113887,41.47190623103735,0.0698952392846764,0.5505260851674739,-4.212836722103221,1.4954159751707243,0.0002303046039635,0.0007005606306457,0.0005995127685466,0.0586895615088737,-0.2441447509942338,0.0021893990799945,5.787679597159752e-05,2294.0,8.24,50835675,2015 RR280,(-0.057719322387280794+0.0032640912407645856j),(0.0017951570354955981+0.5489538214440765j),4.486686800894746e-07,-4.486686800894797e-07,0.0731698951177716,41.4774868760167,0.5473171551017156,0.0578115426923974,0.5811156039962234
2400,2015 RS277,39.41651943032614,0.1849235703618128,0.076439617569793,1.0468871880028503,2.043510750507994,39.40472756614369,0.1885630453710342,0.0838233488436761,39.404727566143706,0.1885598206620158,0.0836475335803354,-5.139568793917694,2.0000664989694683,2.018851382697319e-05,9.623760709318736e-05,0.0001140954371472,-0.84772827264883,-0.4198126068705877,0.0016857747295881,0.0016387066458291,857.0,9.1,50830959,2015 RS277,(-0.19312874729515478-0.019947772438504333j),(0.012167286147639317+0.08591816825188639j),6.452888960701684e-07,-6.452888960701726e-07,0.1849235703618128,39.41651943032614,0.0763651996739793,0.1941561913951087,0.0868846990679167
2401,2015 RS278,53.893889256580806,0.4112865282675262,0.2423411278286688,3.2716221626581,1.6784456275496007,-1756.8587383243196,0.8987659338048595,0.211641979147468,-1756.8587383243191,0.8824149808997168,0.0551471459825725,-2.5087502897570744,1.667806207643151,373.9442098069528,0.4061311884783579,0.1181159573989945,0.2151177049530159,-0.1796364321289954,0.2199007263836966,0.2375678860849122,1565.0,8.7,50831123,2015 RS278,(0.09932271267647984-0.4079675508223288j),(-0.025049471101496756+0.2247123690789504j),1.1064237775061645e-07,-1.1064237775061657e-07,0.4112865282675262,53.893889256580806,0.2399759993043967,0.4198839408424475,0.2280764782110193
2402,2015 RS279,44.165274369809616,0.0391320418674568,0.0399426051137792,4.286302494589783,-3.0859729813480743,44.16762706559831,0.0413277291725399,0.0445220867305708,44.16762706559832,0.0410339357106561,0.0439741426384234,-1.947396631510735,3.054147217198933,5.806118115190134e-05,4.936970158054511e-05,2.9019510916479813e-05,0.3925768539963002,-0.3944837982975308,0.0017710004134527,1.952449884936857e-06,914.0,8.0,50835649,2015 RS279,(0.016016250872000464+0.04301147331472231j),(-0.0481016519408463-0.009310099867915613j),3.039321932721904e-07,-3.039321932721927e-07,0.0391320418674568,44.165274369809616,0.0399319851443661,0.0458967006297612,0.0490139781780253
2403,2015 RS280,41.28338200027532,0.0321767969973248,0.5571723395675393,2.8316561030753817,1.5168017488566887,41.27624959469637,0.0331054348464419,0.5601132677029289,41.27624959469636,0.1038241288795748,0.531608949202605,-2.938277812796371,1.5106910441683226,3.009616383605674e-05,0.0126050899457433,0.0013364132662527,0.0975314719919486,-0.2559322804580119,0.003596400226204,0.0016534967979969,862.0,8.8,50835674,2015 RS280,(0.000505998680211981+0.013045779760473337j),(-0.018149762184696987+0.5248399857692911j),4.6296431901983217e-07,-4.6296431901983524e-07,0.0321767969973248,41.28338200027532,0.5287883277682329,0.0130555890033024,0.5528957303053746
2404,2015 RT245,44.387895698878566,0.0842257511664962,0.0414192682572989,0.1786828830337334,-2.8640202901541003,44.38555736674243,0.079268492048375,0.0378240655873144,44.38555736674244,0.0789962604653889,0.0371812345966488,0.3712487445405381,-3.011657872062644,0.0003656794542826,7.703594163800013e-05,6.089545171875357e-05,0.4015281271040488,-0.4005797940269362,0.0005691028203475,0.001310175284257,2567.0,6.76,50775214,2015 RT245,(-0.07397586515195995-0.031086033269293867j),(-0.047356797243115915-0.018171113825596656j),2.952299568117722e-07,-2.952299568117733e-07,0.0842257511664962,44.387895698878566,0.0414074264289128,0.0802419471934761,0.0507451001010593
2405,2015 RT277,39.56778545403671,0.1753186238143458,0.0969723247132437,0.8681194506367191,1.7762036317690064,39.40520538165244,0.1763801748477572,0.107139458602034,39.40520538165244,0.1762128748592357,0.1067872709404722,0.9685912526497484,1.7330249224573386,4.207839593905664e-06,4.516624677056881e-05,9.385227251902404e-05,-0.9696986512116132,-0.4414465487625514,0.00176209666385,1.7464771950878067e-06,888.0,8.5,50830960,2015 RT277,(-0.16338166706364002+0.05069694854834876j),(0.03446792206939492+0.11590531616678933j),6.266912532180267e-07,-6.266912532180249e-07,0.1753186238143458,39.56778545403671,0.0968204141509632,0.1710665067294239,0.1212184368685542
2406,2015 RT278,45.055127637110864,0.1941827352585798,0.316130819140674,3.2862063938056045,1.709677622152065,45.04291529554066,0.1721667914029566,0.3339580685785347,45.042915295540666,0.1343990825347743,0.3280339988671383,-2.750990101250416,1.6833925292292575,2.633348315003684e-05,0.1119268129594467,0.0008347116332408,-0.0306029526511577,-0.2864339563234305,0.0232816616871816,0.0001899309196413,862.0,8.6,50831124,2015 RT278,(0.055962060160614405-0.18244101635554472j),(-0.049211724656604734+0.30254048419616886j),2.7118200434238325e-07,-2.711820043423843e-07,0.1941827352585798,45.055127637110864,0.3108914516534306,0.1908310158917159,0.3115315066004771
2407,2015 RT279,43.790995479544414,0.0350788777699904,0.0506274377551562,6.122123855276189,-2.2888981804382773,43.79076645599491,0.0315870005886802,0.0425935390728121,43.79076645599493,0.03104172295424,0.041925194062677,-0.0441849264717921,-2.3479871225812348,7.651299330478488e-07,7.331239149310596e-05,6.50882131236682e-05,0.4109205787303995,-0.4124873861059923,0.0002199690432549,0.0007538673635878,914.0,8.2,50835651,2015 RT279,(-0.024890272451888372-0.014877585282457022j),(-0.042813090539449705-0.04570386651481965j),3.194743058624471e-07,-3.194743058624468e-07,0.0350788777699904,43.790995479544414,0.0506058130130527,0.0289977276103838,0.0626653152529174
2408,2015 RT280,41.39497803680685,0.0510423297712732,0.1923874893451019,0.3575954366630789,1.7239601096276558,41.38520315566589,0.041854052536815,0.2087683133007979,41.38520315566588,0.041001382486827,0.2073139524426022,0.233757985637155,1.7181441970048816,9.1519899630068e-05,6.215570883180181e-05,0.0001461097683773,0.4038762995046422,-0.4806673520561434,8.373784847151377e-06,0.001556326161409,857.0,8.7,50835678,2015 RT280,(-0.014764324235812303+0.08124102851893047j),(-0.07112259509463548+0.16815936033893206j),4.546660822528777e-07,-4.546660822528818e-07,0.0510423297712732,41.39497803680685,0.1912028791398037,0.0825717263047943,0.1836114212443079
2409,2015 RU245,30.990584122449164,0.2898574585670315,0.2357670138198547,3.5576832300897103,1.4756341398866435,222.019593774504,0.7176855568775329,0.2931617557383975,222.019593774504,0.6258945891421621,0.1605896596528872,-2.0242693785276447,1.4703894672504951,120.37835330723604,0.110180357331665,0.0485847804601958,0.0013781827569455,-0.5286609756137872,0.0046548261400191,0.414147696183887,1670.0,9.3,50775218,2015 RU245,(0.08646675622563643-0.284710353936638j),(0.03247203742159563+0.23371246730810866j),5.8601352381795954e-05,-5.860135238177596e-05,0.2898574585670315,30.990584122449164,0.2335888488871376,0.2975508117463458,0.2382037917378523
2410,2015 RU277,39.331145559744186,0.2492742248306797,0.2834398333195941,3.1967367822506385,1.5986905916974137,39.403400829208834,0.2665893988636796,0.2545753934250825,39.40340082920884,0.203625114302334,0.2499232740764763,-3.001660411777988,1.4783416230876658,5.470230284567868e-05,0.0187612128400696,0.0136513190144501,-0.0780540278540192,-0.392044891202233,0.0665236502848693,0.0103252595942388,3419.0,9.03,50830962,2015 RU277,(0.013862752448805644-0.27815392325990734j),(0.035646292584270343+0.2949188793132834j),6.560577836599379e-07,-6.560577836599384e-07,0.2492742248306797,39.331145559744186,0.2796598775823335,0.2784991578628835,0.3016177539506826
2411,2015 RU278,50.84825939800095,0.2468758271136869,0.4756268297449814,4.356678078663365,1.6325638668458478,50.85949966625581,0.2370898527407929,0.4820500845051796,50.85949966625581,0.1750667415870851,0.4636582207762175,-1.9879903827869545,1.6264772029651262,0.0050033347388054,0.2267214506285602,0.0009708368747997,0.0579416286688767,-0.1502792788909436,0.0198411929482048,4.7104806871679895e-06,3367.0,7.01,50831125,2015 RU278,(0.23829009447071553-0.07062768735190214j),(-0.02972227112126606+0.4581165835040946j),1.4530406462490076e-07,-1.453040646249006e-07,0.2468758271136869,50.84825939800095,0.4578957924246741,0.2485365955821004,0.4769590649827729
2412,2015 RU279,46.21619981911945,0.1321707721930511,0.1010892683820015,0.9857809705506364,-2.1583670515057944,46.20272322989403,0.1428646351026092,0.1067236284757601,46.20272322989404,0.1427495606377455,0.1064937325386795,1.0346258135557975,-2.174359946272064,2.125331180213062e-05,0.0003838846904717,0.000492838843603,0.3240451664421504,-0.3428850213172115,6.0367045350218575e-05,0.000747371258908,914.0,8.7,50835652,2015 RU279,(0.05236117963880921-0.11852960874946208j),(-0.059988536639064075-0.0893611897377539j),2.357550061908023e-07,-2.357550061908034e-07,0.1321707721930511,46.21619981911945,0.100917183783249,0.1295799416710326,0.1078380973044123
2413,2015 RU280,47.03956766804137,0.1157461461373009,0.0616769117383617,3.8284658220959606,2.721119713514382,47.05092678757428,0.1194973070244568,0.0652449270780567,47.05092678757428,0.1194187494643861,0.0650817806895945,-2.3769811641985426,2.6555124147317666,9.888644534539555e-07,3.9028425637569725e-05,1.7402829365164023e-05,0.3216946152858468,-0.3052553256354587,0.0013360353460854,1.381941615313099e-06,566.0,8.8,50835682,2015 RU280,(0.11269153344646025+0.03344456488421714j),(-0.05943163738008225+0.01973365778893167j),2.14569343593512e-07,-2.1456934359351249e-07,0.1157461461373009,47.03956766804137,0.0616378155872313,0.1175496517681327,0.0626631763478471
2414,2015 RV277,39.320388413341,0.1648090181386472,0.1187444386614295,4.815542810187308,-2.3740018516946475,39.404471467511634,0.17528365153879,0.1106438954646934,39.40447146751163,0.1752464346190154,0.1104178957483787,4.840355505441701,-2.367666962663657,4.934859057157637e-06,7.866650798859728e-05,6.598499655321064e-05,-1.037572567824267,-0.3829234540265548,0.0003127259074597,0.0017513249575862,862.0,8.2,50830963,2015 RV277,(-0.13358857410686664+0.0790457294109223j),(-0.04182336537892123-0.06499304950693065j),6.575744139901089e-07,-6.575744139901131e-07,0.1648090181386472,39.320388413341,0.118465581117454,0.1552228542129365,0.0773642153111097
2415,2015 RV278,50.373374522679086,0.2773629487980541,0.1713060766585468,1.9758248964135288,1.929901113307904,50.08074378116176,0.2728784468117795,0.1490929635305563,50.08074378116178,0.1936679667968591,0.1088502258794276,-4.2905477100511895,2.277635213807028,0.2012608391763724,0.0254181720388517,0.0315864201945682,0.3225782202606276,-0.2679219447901634,0.1119297977951206,0.0411016693815245,862.0,8.4,50831126,2015 RV278,(-0.20182267045885088-0.1922672808089764j),(-0.0602066353040505+0.15215356895058207j),1.5194681502353848e-07,-1.5194681502353904e-07,0.2773629487980541,50.373374522679086,0.1704694536614327,0.2787455785852391,0.1643715202403686
2416,2015 RV279,45.46639884202219,0.138948120591888,0.0530668081408121,0.4070541399699703,3.093536294396871,45.47257853469264,0.1345600051593592,0.0516230260590106,45.47257853469264,0.1342006033345717,0.0512512755761378,-5.742072299689719,2.9700943040544527,0.0001009042767345,3.989698354198861e-05,0.000404032705202,0.3851200638574838,-0.385091824733538,2.5275171955399485e-05,1.2049273631342522e-05,914.0,8.3,50835653,2015 RV279,(-0.1291805690893078-0.04459639335776551j),(-0.05804127186303071-0.0034601322637336967j),2.577891430361067e-07,-2.5778914303610695e-07,0.138948120591888,45.46639884202219,0.0530419048638643,0.1366618371410174,0.0581771302934239
2417,2015 RV280,42.780934766728535,0.1175981842902076,0.1972434508800364,0.2128118155216238,-2.030910576216317,42.7803356645406,0.1267948804945719,0.1849036230012503,42.780335664540615,0.1249256220705937,0.1835916551126924,0.2268483478774725,-2.052599191716693,0.0003756762999516,0.0001480882021029,0.0001558612563502,0.4179884745195203,-0.4672752266806829,7.326979013445283e-06,0.0013796164453834,565.0,9.4,50835681,2015 RV280,(-0.025477418596473893-0.10232850981685856j),(-0.10217958432430573-0.18570179026156033j),3.679003048416732e-07,-3.6790030484167604e-07,0.1175981842902076,42.780934766728535,0.1959669777535474,0.1054524669207832,0.2135771519680284
2419,2015 RW245,56.46839027237973,0.531096847522999,0.2417787260514899,0.4525429536377663,-1.9787499886805668,-53.95389805046264,1.0800194524116615,0.5306767439892456,-53.95389805046262,1.0465279833586605,0.1874477598059231,-3.79171147390988,2.6536550206708456,19.19708504988429,0.1820589248106521,0.2557380702229996,-0.2257716031849058,0.0008333676572875,0.2282293529525467,0.2599695012023384,1501.0,8.82,50775219,2015 RW245,(0.02480632828824644-0.5513901735502217j),(-0.08788772805306376-0.20856209454611563j),8.979305973480672e-08,-8.979305973480688e-08,0.531096847522999,56.46839027237973,0.2394299936471735,0.5519478937462193,0.2283017453485194
2420,2015 RW277,30.01539490217728,0.0766174377901997,0.5463497165126696,2.3638656440401604,-1.8992432057981976,5.498290982950818,0.5574050800707929,0.3971566148331594,5.49829098295082,0.5513457086470248,0.2953902213441397,1.1512062950756463,-1.706214984099612,18.07057007113641,0.3562465372416569,0.1640518120101514,1.209866958648262,-0.4755128479597783,1.080486595132099,0.0103818230652337,559.0,10.2,50831001,2015 RW277,(0.06260259618046934+0.0276990263836719j),(-0.16324024244958363-0.5052665876629382j),0.0048590361261265,-0.0048590361264546,0.0766174377901997,30.01539490217728,0.5195717973688517,0.0684567097598056,0.5597588037485111
2421,2015 RW278,37.8499158936684,0.0516230068887531,0.0474006486687335,2.973076403036272,2.6344878864615966,37.85015116540764,0.0381117387507223,0.0375596257808406,37.850151165407645,0.0373084821059297,0.0337003109825831,-3.587662576930645,2.871175440648755,0.0001443267163448,6.739637179590506e-05,0.0006737300045287,1.3275961057555326,-1.1905159288300358,0.0029599932792575,0.0025011785213164,3777.0,8.9,50831136,2015 RW278,(0.03629772902465742-0.047263749843493436j),(-0.02043145662805514+0.030413285456412358j),9.020682780845672e-07,-9.020682780845796e-07,0.0516230068887531,37.8499158936684,0.0473829005299843,0.0595935162716195,0.0366471482238764
2422,2015 RW279,43.90910665417276,0.0790191268513783,0.0497396597786562,0.8892312714358779,2.764878231472261,43.90638127136232,0.0742351769598999,0.0549501728282939,43.90638127136232,0.0739454519875949,0.0544843317879688,-5.180263808591487,2.621193529293921,1.832240688512452e-05,0.0002360129768208,0.0003092568351407,0.4179549634732253,-0.4205094251323288,1.0856113920374764e-05,0.0019633516418181,914.0,8.2,50835654,2015 RW279,(-0.06690078553230272-0.03160198297764914j),(-0.05525827815714185+0.01084512634373366j),3.144519846514434e-07,-3.144519846514442e-07,0.0790191268513783,43.90910665417276,0.0497191527160372,0.0739891913252117,0.0563422727331164
2423,2015 RW280,41.35535198068301,0.1397101489869237,0.5624435957517997,0.286624030694969,1.508605995860288,41.37474902760226,0.1482790910805136,0.5627961632851591,41.374749027602284,0.1408323095177214,0.5342332154043764,0.4786296602890305,1.508075776759751,0.0238164337873309,0.0084093358142637,0.0012008423126968,0.0799321933751791,-0.2651467072689744,0.0029141112215872,0.0015089839541261,893.0,8.4,50835687,2015 RW280,(-0.020415640428048547+0.17531431122112429j),(-0.00946953284808942+0.5288340623319543j),4.575967619335e-07,-4.575967619335048e-07,0.1397101489869237,41.35535198068301,0.5332549589522971,0.1764990257565876,0.557326114218062
2424,2015 RX245,423.5389437573161,0.892448791598541,0.2178506485075654,1.262859110127974,-1.8517100953772985,393.93257472554063,0.883956924747142,0.2209071617584882,393.9325747255406,0.8819764584507929,0.2180015164620047,1.2968413035562878,-1.8585189924750656,5.49164921588247,0.0121164017292284,0.0016387766819898,0.00234761810116,-0.0023482675499728,0.0023486387881136,0.0023918247057771,2327.0,6.2,50775282,2015 RX245,(0.8712610988018097-0.5819087029173167j),(-0.03862379795513445-0.146171274679417j),5.531101578792956e-11,-5.5311015787929553e-11,0.892448791598541,423.5389437573161,0.2161315739779047,1.0477183022245296,0.1517700710230811
2425,2015 RX277,47.64046880895321,0.2062354340032476,0.026522732804049,3.169358192118672,-3.114154263710104,47.73480522696163,0.2076285740903576,0.0296807111202423,47.73480522696164,0.1773700869598443,0.0295525824944898,-2.5632336618350453,2.9251062471562044,5.147378318424224e-05,0.0133734790493526,0.0005747287545354,-0.1097792300047019,-0.2556807016128701,0.0055928821446108,0.0042576728810515,801.0,7.9,50831007,2015 RX277,(0.20777564526062928+0.014004398810253343j),(-0.02903172875649301-0.005924670904103696j),2.008201969848261e-07,-2.0082019698482577e-07,0.2062354340032476,47.64046880895321,0.0265196233203483,0.2082470694860013,0.0296344402385774
2426,2015 RX278,37.73264779832322,0.068408402797541,0.4094667676773321,1.2185151330088535,1.5342193225515497,37.75354603469209,0.0562231402304134,0.4247045430373557,37.75354603469211,0.0551880431305078,0.4116622896368423,0.860946619415089,1.5663608889821334,0.0012521465106189,0.0007664906074442,0.0003378475197439,0.2043428057751866,-0.4745328638448172,0.006939201343357,0.0001868682492562,3388.0,8.15,50831137,2015 RX278,(-0.0660122178481332+0.011193633746716575j),(0.035108364395436895+0.41299069629913454j),9.275531594459456e-07,-9.275531594459636e-07,0.068408402797541,37.73264779832322,0.3981202328714495,0.0669545393657893,0.4273716575758334
2427,2015 RX279,43.1717438659045,0.042413177513559,0.2867197745921085,0.4864086067354503,-1.874881122239604,43.17107843201034,0.0444792934841771,0.2803806866317609,43.17107843201036,0.0444269147861198,0.2770447658710001,0.479718439211876,-1.873447660364339,1.934534946748972e-06,1.001876566598709e-05,0.000335378342559,0.2442035950398129,-0.3439661100940271,1.723759964627318e-06,0.0010887647044251,560.0,8.7,50835659,2015 RX279,(0.010455381132353116-0.031944706463077475j),(-0.0979311273194793-0.28128069866219846j),3.4794300697047786e-07,-3.479430069704812e-07,0.042413177513559,43.1717438659045,0.2828074364300089,0.0336121892419245,0.3024303433923448
2428,2015 RX280,43.92746063471022,0.1343531067868947,0.3935917005791108,0.3378855886673966,1.5827305676875634,43.91596508706417,0.1391128248802774,0.3955875788138838,43.915965087064166,0.1392543888093843,0.3859227969140574,0.3131345102866767,1.587773158349386,0.0025782975502867,0.000284413156805,0.0005597195250662,0.1594928213371559,-0.2805173789290406,0.0001645870835561,0.0011897982015532,883.0,7.3,50835686,2015 RX280,(-0.04414008142111249+0.13362665100746346j),(-0.0136631990967936+0.38185612872796865j),3.136780761522112e-07,-3.136780761522096e-07,0.1343531067868947,43.92746063471022,0.3835079521144645,0.1407282084279228,0.3920681940841183
2430,2015 RY245,225.1281947061524,0.8609011114146803,0.1235108311508034,0.0866116590997609,-2.3813997239328124,3497.038346605415,0.9199609092005612,0.1450550010027379,3497.0383466054145,0.7899164071140735,0.1163375900469176,-0.381811576667233,-1.9934051453297608,2494.071955381644,0.1200168825271675,0.1521025909190109,0.0012493426079004,-0.0104315427901697,0.0054629175296694,0.0033864802179824,538.0,8.9,50775280,2015 RY245,(-0.6565629159086113-0.7425545019026137j),(-0.06196012321356966-0.0664828744371618j),5.113513502027266e-10,-5.113513502027266e-10,0.8609011114146803,225.1281947061524,0.1231970458322462,0.9911922370772772,0.0910047654758158
2431,2015 RY277,47.45098406808921,0.2771031754265842,0.08505286705605,6.229256886751165,-2.7614277617815413,47.73403710867057,0.2944364894683059,0.0911694499732596,47.73403710867058,0.2368429748817612,0.0876254980299785,0.6486710516548784,-2.618143402730124,0.0002048293576534,0.2647919862141168,0.0060176621813201,0.0375676195655388,-0.2246329135058615,0.0509823641082207,0.0047795113053284,2685.0,8.09,50831008,2015 RY277,(-0.264355406032162-0.08700093542582629j),(-0.08035535687522583-0.036173931991425094j),2.050280661612149e-07,-2.0502806616121465e-07,0.2771031754265842,47.45098406808921,0.0849503588725196,0.2783036892737824,0.0882367360602674
2432,2015 RY278,38.84768320878521,0.056738337503698,0.0432385983353568,1.328211520303543,-2.8215382799223234,38.82824634822378,0.0496034617893844,0.0633073131140911,38.82824634822377,0.0483370330006874,0.0579004599542439,0.9346317767383336,-2.634307459553289,0.0004726190917288,5.4334217386072575e-05,4.020947994223952e-05,1.2617164928944316,-0.9678724370019725,0.0013309100760705,0.0004262094029124,3388.0,8.19,50831140,2015 RY278,(-0.0009670084024840306-0.07769099903597737j),(-0.009574836528253902-0.0017834919370985879j),7.234728873830077e-07,-7.234728873830148e-07,0.056738337503698,38.84768320878521,0.0432251266176701,0.0776970169083647,0.0097396785138078
2433,2015 RY279,44.79239920717534,0.1753938906318273,0.3085586783042255,2.236228699597895,1.5656759347398723,44.7968686171624,0.1724585512395717,0.3164313123138443,44.7968686171624,0.1719475280558551,0.3114366689489387,-4.080004477543112,1.5678358077480608,0.0055218295291334,0.0009902454713854,0.0007854876220682,0.208619501911123,-0.3099626158728188,0.0019602071356987,0.0008015130933263,3756.0,8.48,50835655,2015 RY279,(-0.1384379312597104-0.10261064453105723j),(-0.005014463522367485+0.29846047191136743j),2.7994032501732174e-07,-2.799403250173248e-07,0.1753938906318273,44.79239920717534,0.3036857010171949,0.1723194857888895,0.3031233317652902
2434,2015 RY280,46.33946052336898,0.1390382129559562,0.3089294707377728,1.177124330302787,-1.986795795192306,46.330088755387735,0.137215536629871,0.3062948105048436,46.33008875538774,0.1371971323950722,0.3020091223016187,1.150590823548142,-1.983314796818676,3.877491195458196e-06,0.0002645124983816,0.0005752278337638,0.1808052374993972,-0.2564192772775343,0.0008510446542493,0.0017466977533762,1877.0,7.6,50835676,2015 RY280,(0.09710314400202726-0.09746032523443816j),(-0.12780972091828796-0.28567083760332473j),2.3239382846115374e-07,-2.323938284611549e-07,0.1390382129559562,46.33946052336898,0.3040389608806094,0.1375773802988009,0.318306633469795
2436,2015 RZ277,62.25001743872213,0.4448952829467791,0.1037359009765654,0.5303094791580785,1.7780419119957769,62.5474294520284,0.4466897395134419,0.1017881362129572,62.54742945202842,0.3259319971503568,0.1011741429998881,-0.1238099249583726,1.851264138504612,0.000285526928914,0.0603081380179933,0.0022911400093643,0.0234811299693322,-0.1046584458328135,0.0259840573970201,0.0041544068786099,914.0,6.8,50831028,2015 RZ277,(-0.307231129794002+0.3385846033639236j),(-0.019414592470386478+0.0911515993815277j),5.9167646641770034e-08,-5.9167646641770054e-08,0.4448952829467791,62.25001743872213,0.1035499483482005,0.4571985353756115,0.0933316870839325
2437,2015 RZ278,72.06759785318872,0.5345004908557693,0.2207466279717393,6.146928720465212,-1.836220034909087,85.41266748939286,0.613992133866077,0.1675447340764913,85.41266748939285,0.5305716383443994,0.1455399707458497,-0.0445613652059257,-1.6432375007486544,0.8915858491758779,0.2126127010930589,0.0125193662148179,0.0248117968620856,-0.0572366103399442,0.063321130150464,0.0769931541130661,822.0,8.9,50831149,2015 RZ278,(-0.21752629810634586-0.5120240850102855j),(-0.05189045499471993-0.20052375827383465j),3.2722110751012586e-08,-3.272211075101257e-08,0.5345004908557693,72.06759785318872,0.2189581945199801,0.5563149773271172,0.208639338207146
2438,2015 RZ279,43.55896677970621,0.0708283651942245,0.0777112957092692,4.148091216388098,-2.321933365733737,43.56755146069036,0.0666745785659691,0.0713275916510122,43.56755146069036,0.0651674493560391,0.0708547829500606,3.905450305762949,-2.34700252942496,2.9730775462315704e-06,3.0067139946441976e-05,7.551292761744543e-05,0.4580082016409606,-0.4338613746592599,0.001938389925096,0.0016899453098978,893.0,7.6,50835656,2015 RZ279,(-0.015575342070627796+0.07681871028828975j),(-0.06342209038591645-0.06469037979706344j),3.29726790866024e-07,-3.297267908660228e-07,0.0708283651942245,43.55896677970621,0.0776331023154835,0.078381793364105,0.0907180154995779
2439,2015 RZ280,43.97162351977931,0.1366163022902222,0.2121417194432354,1.5816275632632948,1.791820991281746,43.973270355664965,0.1341198328660426,0.2218485837273285,43.97327035566498,0.1339213582644879,0.2201909881357987,-4.578487412983416,1.7701276153060774,0.0075217884893172,0.0004754791685725,0.0002648032089242,0.3099180269864066,-0.3786776757480034,3.119192429375333e-05,0.0015089224601689,586.0,8.5,50835677,2015 RZ280,(-0.1312923169935955-0.024461428448768963j),(-0.05506902162409305+0.19828700312908326j),3.118325796636868e-07,-3.118325796636884e-07,0.1366163022902222,43.97162351977931,0.2105540879722347,0.133551615427523,0.2072729254070913
2478,2015 VA164,45.766329115133736,0.0720850045430735,0.4476319155048315,1.1212692488612015,2.247900845849951,45.76464210044403,0.0702720647806676,0.4499152881532036,45.76464210044404,0.0704726928831355,0.4353108378199201,-5.180852814379657,2.247975924662774,6.076795636586096e-05,0.1664570517518434,0.0004737913163221,0.1005773503229978,-0.2066540851179206,0.0018103916003927,1.780052096611066e-05,846.0,7.2,50825071,2015 VA164,(-0.06912376109988037-0.012289703247654212j),(-0.282589858510917+0.33968378149704304j),2.4859604149929816e-07,-2.4859604149929826e-07,0.0720850045430735,45.766329115133736,0.4328319816778396,0.0702077713256071,0.4576733225212351
2479,2015 VA165,39.61447792328629,0.2817953256112749,0.2610596789159579,1.9679944935988367,2.14063013698078,39.40322084015757,0.2798226768388986,0.2620181805534494,39.403220840157566,0.216905406207389,0.2583426931492957,-4.245457989936411,2.200710627412103,1.5744753756870085e-05,0.0073879206962321,0.0050064574617622,-0.0923579623930446,-0.3820158720604616,0.0192521168989104,0.0015690873932762,828.0,10.0,50830981,2015 VA165,(-0.17073464007076558-0.2689911038206136j),(-0.08069136700975651+0.2376823098098204j),6.212180823408289e-07,-6.212180823408268e-07,0.2817953256112749,39.61447792328629,0.2581044704445638,0.3186008965064693,0.2537193151820062
2480,2015 VA166,47.766399877143634,0.4183760901427041,0.2154045232383284,5.145494299377929,-1.0844071501627373,47.73224374505308,0.3285231431526024,0.3196557337713562,47.73224374505307,0.2941067442387481,0.2810104128600286,-0.9233409792463534,-1.389978623409741,0.0004352373603823,0.0394344247418054,0.0136025932726309,-0.202429048639608,-0.2021299659591278,0.0018362852993185,0.0017127469664797,764.0,8.9,50831005,2015 VA166,(-0.25896553627479146-0.3381110849136519j),(0.09306478368660519-0.18630947564143827j),1.98143549833902e-07,-1.981435498339017e-07,0.4183760901427041,47.766399877143634,0.2137426204887735,0.4258899561149301,0.2097957298975045
2481,2015 VA167,43.69183156109079,0.0947905504302752,0.2116573139314986,3.833845663857762,2.1145305516593056,43.669047815051286,0.1275010297173635,0.177673225474153,43.66904781505128,0.1059035358656149,0.1749839248185719,-2.1366908282591948,2.0679487978553417,3.594548433289991e-05,0.0098141236272259,0.0053204440413102,-0.3463089578426052,-0.3689335648942711,0.0342715089333815,0.0021120068901781,1034.0,7.77,50831060,2015 VA167,(0.09185725042592965-0.023398257101224212j),(-0.11894589742532177+0.17263730613427786j),3.237399644861253e-07,-3.237399644861283e-07,0.0947905504302752,43.69183156109079,0.210080517077248,0.0947904683561957,0.2112136822495526
2482,2015 VA168,71.8867264574266,0.5285273926843094,0.0812350599270032,6.119500827156347,-1.0475027779365231,67.40416950714605,0.4850418933146352,0.079287458796501,67.40416950714607,0.4206640833159693,0.0678930037266163,-0.377578895028053,-0.6260052830440272,1.44751883070293,0.0314742978961609,0.0083129232287296,-0.0051548537454808,-0.1022414527728842,0.1398907496207667,0.0138265509021938,3421.0,8.48,50831159,2015 VA168,(0.19328015375158744-0.5145773185160676j),(0.03862227932557934-0.0698943142323495j),3.30261545351064e-08,-3.302615453510641e-08,0.5285273926843094,71.8867264574266,0.0811457425489604,0.5496790286753023,0.0799405832179619
2483,2015 VA169,43.869273660885504,0.0389491778696258,0.0118792410941598,6.183754936791941,-0.5976911111656654,43.864777198015005,0.0471085400899775,0.0137954123395394,43.86477719801502,0.0466973232753756,0.0096749039093061,-0.5710917782278666,-0.0284289286584672,3.885053867341548e-06,1.1827320674848548e-05,0.0001055270860525,0.4179612855009428,-0.4156332485679183,5.341713242173354e-06,0.0008180769874532,1125.0,8.1,50835709,2015 VA169,(0.03194968684461535-0.017749085928606988j),(0.0005939694465324028-0.01415916890161983j),3.160832104749398e-07,-3.1608321047494064e-07,0.0389491778696258,43.869273660885504,0.0118789617035695,0.0365487693468612,0.0141720961755531
2484,2015 VA170,43.48145451111794,0.0476413272894119,0.0212575247104796,2.237881131872662,1.9137782281633,43.48000749288873,0.0491281673077987,0.0348447105299771,43.48000749288873,0.0485205697705683,0.0336413985057822,-3.518907195318673,1.5189376429567616,1.1342879038112885e-05,7.76874984056812e-05,4.638810905233176e-05,0.4420882130208791,-0.4367504566889043,0.0006145619541968,4.393172141226634e-06,526.0,8.5,50835734,2015 VA170,(-0.02292826154853324-0.03185056525493967j),(-0.017957892419491178+0.011890666186368639j),3.33232395180247e-07,-3.332323951802492e-07,0.0476413272894119,43.48145451111794,0.0212559237632576,0.039244919221437,0.0215393961514692
2485,2015 VA171,42.93119543293601,0.0377460995272502,0.0321681019687746,1.611171876450994,2.4363304992688586,42.92931624739348,0.0367107235845091,0.0445165044727982,42.92931624739347,0.0357520652829491,0.0432166949004004,-4.013363812562191,2.025681079115947,1.7200928420100546e-06,0.0004172235604757,0.0003112010682682,0.4625785219053089,-0.4649303836465837,0.0011322949352275,2.3763083149811618e-06,1123.0,8.9,50835759,2015 VA171,(-0.020197449044328252-0.01870823803142706j),(-0.03842023338539119+0.011437238702401192j),3.600576055344856e-07,-3.600576055344908e-07,0.0377460995272502,42.93119543293601,0.0321625544013444,0.0275306214629958,0.0400972098367293
2486,2015 VA172,44.21679279660557,0.0670113740328253,0.0252326958965196,5.666090412458123,0.2086458815795937,44.20992098530478,0.0735195877472778,0.02724692650651,44.209920985304784,0.0733048488644758,0.026176209879323,-0.6502605929229821,0.319481828870009,0.0006037103312467,4.302212435776568e-05,4.235144430628499e-05,0.4065286519546898,-0.4084061334858533,0.001876395624327,0.0002034534434262,1125.0,7.57,50835785,2015 VA172,(0.06333621031892465-0.020214592197878543j),(0.016572603953857575-0.001810835724058205j),3.0190339353612574e-07,-3.019033935361238e-07,0.0670113740328253,44.21679279660557,0.0252300184186804,0.0664838722946369,0.0166720148773528
2487,2015 VA173,43.02306030395414,0.0100713324495101,0.0292730696436769,2.5859583249014886,2.0531727274864955,43.02055628050967,0.0152420489948749,0.043356257919317,43.02055628050967,0.0129288803360671,0.042220768805109,-2.6308937736188707,1.7675000322790653,2.439030648790057e-05,0.0002383115125895,4.497630427649643e-05,0.4508364984096595,-0.4546435987356634,0.0003475583223602,0.0008560349809737,1125.0,8.2,50835809,2015 VA173,(0.0022249913232038863+0.0004580514413117208j),(-0.026898430279407803+0.01678156741509072j),3.55351386103266e-07,-3.553513861032651e-07,0.0100713324495101,43.02306030395414,0.0292688890790657,0.0022716508339135,0.0317093599786694
2488,2015 VB164,44.885585351381145,0.0796372820138355,0.4454739064263581,2.524910184055985,2.1578925372166418,44.88589705841,0.0807157870371767,0.4479432588840075,44.88589705840999,0.0810011837552655,0.4332256570280087,-3.7593171767960953,2.1584040532400093,2.5370131860675007e-05,0.0004718317717747,0.0001096779854972,0.1064818230841168,-0.2254197142058555,0.0014531916920741,6.397225576297887e-07,846.0,7.8,50825074,2015 VB164,(-0.0009084354632963455-0.07451764051850877j),(-0.25074150100478637+0.3608467019805308j),2.7701947399269654e-07,-2.770194739926978e-07,0.0796372820138355,44.885585351381145,0.4308855849420422,0.0745231776257338,0.4549423883204905
2489,2015 VB165,39.62810434769719,0.2040140728353545,0.0199776531600003,4.092263369838897,0.481546717344942,39.40515017524116,0.197611155109265,0.0322038645550735,39.40515017524116,0.19761831031066,0.0312680556697477,-2.295918091587132,0.5529483939840611,1.1190120658093088e-05,0.0007130542461634,0.0014569524918638,-0.7255763590774487,-0.4638723038547874,0.0087776944208413,0.0015359262541739,1040.0,9.3,50830982,2015 VB165,(-0.037536599049620374-0.23827388386494294j),(0.07539168803640678+0.03257961234268753j),6.194159968851358e-07,-6.194159968851331e-07,0.2040140728353545,39.62810434769719,0.0199763243175607,0.2412124374908895,0.0822226191025963
2490,2015 VB166,47.64654543182096,0.3266286126345673,0.0094189183787484,2.196728557430836,-3.021211743781178,47.73301666485887,0.3260739838957491,0.0084130796949912,47.73301666485887,0.3253005417862719,0.0081547966041076,-3.715235012727214,2.894123768306172,1.5622899923170912e-05,0.0014040007236496,6.565719781693213e-05,-0.3473508059958861,-0.2092134241208432,0.0038945272112099,0.0013268981527636,1938.0,8.94,50831012,2015 VB166,(0.22557793217271555-0.24059164903898358j),(-0.011893201983726316-0.0063033361085783855j),2.007173902763872e-07,-2.007173902763872e-07,0.3266286126345673,47.64654543182096,0.0094187791112022,0.329802584996867,0.0134607296489151
2491,2015 VB167,43.641044273463685,0.068598613636137,0.0240885587535117,5.855189478728449,-0.2324030318183854,43.66835415681843,0.0727458382071335,0.0268746727274027,43.66835415681845,0.0582625918486803,0.0252463539103522,-0.5093657422821952,0.0674453620333609,0.0002374022696146,0.0046874428076735,0.0010764640789751,0.2095167021278689,-0.4316030306379965,0.1838567433570249,0.0026018891397281,1125.0,8.9,50831059,2015 VB167,(0.056478009272279306-0.034154394815592896j),(0.013302575602142925-0.013373049496888055j),3.260003210477489e-07,-3.2600032104774845e-07,0.068598613636137,43.641044273463685,0.0240862292219506,0.0660021834228161,0.0188636999463903
2492,2015 VB168,98.33243070282482,0.64598021043123,0.0511677700676428,1.1124586133375765,-0.663533360424376,281.85000184532254,0.8204735819235993,0.0327238366641399,281.85000184532254,0.7897370157164192,0.0287293531097537,1.615691593092817,-0.9530835595239396,93.47163485097204,0.0865013588083233,0.043236256216994,0.0106798676432356,-0.0143795852830418,0.0059991994272232,0.0282048814914906,828.0,6.7,50831158,2015 VB168,(0.6198372669267362+0.298595540187119j),(0.03684352045577352-0.03297808073120194j),1.0028325566313669e-08,-1.0028325566313669e-08,0.64598021043123,98.33243070282482,0.0511454455867715,0.6880098357515272,0.0494671010256503
2493,2015 VB169,44.008535826753565,0.0803358191231318,0.0088990495069626,2.3995121908371786,-0.1943768267229831,44.00981927014229,0.0738131238515495,0.0190399230984741,44.00981927014232,0.0734571442060133,0.0166517204742876,1.7589227197557171,0.361249497273691,6.036704389902447e-07,1.368479014049698e-05,3.0518174125417394e-05,0.4203130874076822,-0.420339103419144,3.7643258874550816e-05,0.0009170481458032,1125.0,7.6,50835710,2015 VB169,(-0.04571403204924678+0.07168758991614642j),(-2.6734699909884002e-05-0.009004719615535041j),3.103442874467909e-07,-3.103442874467901e-07,0.0803358191231318,44.008535826753565,0.0088989320502346,0.0850228397207782,0.0090048809999398
2494,2015 VB170,43.78907760560256,0.0094151852674628,0.0242906700764255,5.695840997864605,0.2963829515895371,43.78667121880472,0.0167054847367626,0.0290991350594972,43.78667121880471,0.0157606746150382,0.0280195958920191,-0.4413566977160305,0.4003557151127501,2.6568348905132294e-06,1.4822230913800017e-05,3.70785751437141e-06,0.4129830344382389,-0.4109266058941174,0.0002658512974123,0.0015402511146577,3064.0,7.51,50835735,2015 VB170,(0.011147810048957563+0.004808379565952795j),(0.013706761186374367-0.0005028639789973581j),3.195591332125529e-07,-3.195591332125524e-07,0.0094151852674628,43.78907760560256,0.0242882814159522,0.0121406006003785,0.0137164125407791
2495,2015 VB171,43.816709021054,0.0791138328818115,0.0199730458796829,3.5894650324361046,-1.016191582185394,43.823736232553685,0.0707534482555365,0.0146942799692403,43.82373623255369,0.0701393986709079,0.0092742493112788,3.005895928165535,-0.5141004782031783,8.531796109861939e-05,1.83849979002369e-05,0.0001483087849072,0.4367511735818059,-0.4299014763591036,7.869769412159075e-07,0.0038848989088338,832.0,7.7,50835760,2015 VB171,(-0.06463966211083907+0.0500560913725641j),(0.001079314803104959-0.024509163703243863j),3.184012211559869e-07,-3.184012211559903e-07,0.0791138328818115,43.816709021054,0.0199717179563988,0.0817551111631678,0.024535378770648
2496,2015 VB173,42.5519071944179,0.0259198369374067,0.038156354841985,4.918409614446677,-1.0684489168357325,42.55017575851487,0.0322700176447201,0.0296966330174561,42.55017575851488,0.030036105250972,0.0258593364640367,-1.5641720916534054,-0.6658016222148629,1.2340280290814188e-05,0.0001727143472377,0.0001660428573274,0.4932702514785663,-0.4921607433827594,0.0001592707418269,0.0009827588898776,3697.0,8.21,50835811,2015 VB173,(-0.01581646335823436-0.0032976211096723794j),(0.0013309539816659006-0.04414971605571342j),3.804092215261127e-07,-3.8040922152611433e-07,0.0259198369374067,42.5519071944179,0.0381470968292949,0.0161565719800125,0.0441841481525264
2498,2015 VC164,45.302796506650985,0.1432362399239626,0.4334392593126773,5.563551694608961,-1.0338321181557837,45.30567585195801,0.1444373660169066,0.4304918173039836,45.305675851958014,0.1447648322185487,0.4179077521982735,-0.6731908025584943,-1.0323120351229065,1.628147265392911e-05,0.0008278572632333,0.0008371542319186,0.1162550426642491,-0.2326365035537116,0.0010994552518487,0.0019346856916146,801.0,9.4,50825072,2015 VC164,(-0.024799298812535685-0.1366751102815132j),(0.2132678568769056-0.3737168253069351j),2.629944057033431e-07,-2.629944057033432e-07,0.1432362399239626,45.302796506650985,0.4199944997090286,0.1389067708646962,0.444811388313027
2499,2015 VC165,39.34885727907375,0.0994548724980217,0.249790538116832,2.5999559653738498,2.264453075589925,39.40758213404965,0.094824774919113,0.2571380318732689,39.40758213404966,0.0946146465538285,0.2544952968216167,-3.7096149306352393,2.2536830605907,1.710803529358239e-06,1.760904295576591e-05,0.0002102202157293,-2.968081028113686,-0.3964304207299215,0.0006253624716581,0.0018013151682476,828.0,9.7,50830983,2015 VC165,(0.007845539921139448-0.12651177490336862j),(-0.11485087408883275+0.20840329678457334j),6.537741266366018e-07,-6.537741266366066e-07,0.0994548724980217,39.34885727907375,0.2472010036081952,0.1267548093204151,0.2402599918618193
2500,2015 VC166,48.10141367476899,0.240315955933402,0.0428800917377221,1.0776646855811398,-1.5729570378852111,47.73341087599046,0.2351142698730517,0.2762120134777137,47.73341087599046,0.1732661886558434,0.2692707871661529,0.9887892411283652,-1.6825707772666174,0.0003810168527376,0.2078605173438907,0.0507257594942627,-0.2246844713596978,-0.190683163623222,0.1045724534054477,0.0020799869545356,739.0,9.0,50831015,2015 VC166,(0.2136733923591195-0.11273503228059945j),(-0.00255680594816737-0.04735772758093793j),1.911163920709393e-07,-1.911163920709393e-07,0.240315955933402,48.10141367476899,0.0428669523254359,0.2415895405549711,0.0474444947480695
2501,2015 VC167,43.69460327927335,0.1401018734464831,0.0542202054423225,4.440178423031996,1.4135943087247396,43.66938832009222,0.1260983628089587,0.0780543180015432,43.669388320092224,0.1219290699019011,0.0776115497976478,-1.842192523661616,1.3280161917432431,1.429061798065456e-06,0.000683159011822,0.000699809330961,-0.3616107446335891,-0.3616112804431346,1.0198805000754744e-05,1.084423934170182e-05,747.0,8.4,50831061,2015 VC167,(0.12992538044507498-0.05069690979470282j),(-0.0014439012738238898+0.045536992581581726j),3.236194734304345e-07,-3.2361947343043893e-07,0.1401018734464831,43.69460327927335,0.0541936429765243,0.1394660573276871,0.0455756548680329
2502,2015 VC168,44.203443671574085,0.2780475041611125,0.1427969042841991,4.196811540151664,1.961374063612933,-11528.719368413917,0.9177958122638832,0.3068982644479036,-11528.719368413907,0.2154870486773293,0.2053136455003809,-1.595723271508935,1.4739224363211672,26313.54119351502,0.7228154986220323,0.0830128485482179,0.0043789634661777,-0.0117774672348495,0.007165679920114,0.0035033045742638,1122.0,9.2,50831160,2015 VC168,(0.2804653258157582-0.028574810806823323j),(-0.0613603427295859+0.12225764645789274j),3.0239992439448505e-07,-3.0239992439448574e-07,0.2780475041611125,44.203443671574085,0.1423121045956984,0.2819172197606687,0.1372221411596628
2503,2015 VC169,43.47835108980735,0.1734125465489738,0.0480514732826756,4.372233654621041,2.023281735167648,43.59634683237541,0.1460232430862074,0.0721299115723551,43.596346832375424,0.1011132773325131,0.0627253041384437,-1.7980365594958008,1.66792061402649,0.0226042393704169,0.0079275476415843,0.0030112475598818,0.673901625149269,-0.5393320511884724,0.0513533331237925,0.0061183173945006,1041.0,8.5,50835711,2015 VC169,(0.1753843051299991+0.028041830763696263j),(-0.03167757353053663+0.03475900777070028j),3.334082787964377e-07,-3.3340827879643524e-07,0.1734125465489738,43.47835108980735,0.0480329840565018,0.1776119330408641,0.0470456128447411
2504,2015 VC170,43.59345940493817,0.0528098337390323,0.0158021439566262,6.262502894877506,-2.000024689248085,43.59164535460935,0.0581424215722804,0.0142368851268919,43.59164535460934,0.0554941062658824,0.0066259179186816,-0.2428674728371627,-1.4813600741852693,1.4393130011148133e-05,4.8616798838910673e-05,6.364492304275214e-05,0.4837015367448701,-0.437260051818989,1.2330351164184424e-05,0.0003419414621125,846.0,7.54,50835736,2015 VC170,(-0.020682585670876594-0.03944119696250787j),(-0.016888869284758804-0.022274271068775567j),3.2818407144957895e-07,-3.281840714495829e-07,0.0528098337390323,43.59345940493817,0.0158014863118588,0.0445351251021987,0.0279567640995865
2505,2015 VC171,44.42684388877051,0.054403228703777,0.045261599447732,1.1899016374640414,-1.1024416983680052,44.42192249241027,0.0606365703199989,0.0387215617709187,44.42192249241026,0.060404122451857,0.0381930119151732,1.0422500686545102,-0.9079089601201832,2.464853430928492e-06,1.7981358018963003e-05,0.0001211284004383,0.389787604026979,-0.3896354271802692,1.7139706516198822e-06,0.0001472855795732,826.0,8.4,50835761,2015 VC171,(0.05590611197610408+0.010711916155381128j),(0.012925328558387303-0.0471559737638848j),2.937156723573524e-07,-2.937156723573536e-07,0.054403228703777,44.42684388877051,0.0452461471184129,0.0569230928886036,0.0489147998205516
2506,2015 VC172,46.736598413244494,0.1393469156033429,0.0435361939776962,2.440717468759109,-0.0680608792723486,46.74502526600596,0.1349847480101236,0.042741416472687,46.74502526600597,0.1350297404762291,0.0424520773860521,2.315387388914954,0.030245112732986,0.0003972667987876,0.0001088862941732,0.0002018782621178,0.3341120425577701,-0.3287365713535734,0.0006507275555785,2.1774620535251124e-06,2694.0,6.78,50835786,2015 VC172,(-0.09950270363744768+0.10028035509535299j),(0.0395927739248125-0.008389784652240783j),2.2203864417134698e-07,-2.2203864417134738e-07,0.1393469156033429,46.736598413244494,0.0435224421959897,0.1412690257955077,0.040482975899896
2507,2015 VC173,43.07086932015691,0.0364939466690317,0.019608026603926,4.939416942472491,-1.1421804242058664,43.0699641044522,0.0327751217649266,0.0184183194016611,43.06996410445221,0.0317219726725048,0.0130852224711156,-1.7937892858872315,-0.4769747487571754,0.0002388873652223,0.0020911848505233,0.000230550793884,0.4599125993760933,-0.4580095993692244,0.0008132121052391,0.0017994893226061,1125.0,8.5,50835813,2015 VC173,(-0.02604186674545001-0.01198843723962389j),(-0.004872356430137469-0.026852659270715347j),3.52958140100428e-07,-3.529581401004289e-07,0.0364939466690317,43.07086932015691,0.0196067701630315,0.0286688236772312,0.0272945077288072
2508,2015 VD157,47.7038273724915,0.3102737048331111,0.0173301572967543,2.298271658711819,-2.5977486551200286,47.73328013102545,0.307229125208207,0.0210252964283733,47.73328013102546,0.30736336863237,0.0202258846109815,2.412214982104784,-2.711024527725178,2.904962512354495e-06,0.0003165557940139,0.0026738394029044,-0.4131629643507227,-0.2046492931910714,9.403147876839732e-05,0.0017129420116354,762.0,9.2,50797893,2015 VD157,(0.3008906323056937-0.09013990860017237j),(-0.017217280959746596-0.013934370753233257j),1.9948328576498694e-07,-1.994832857649867e-07,0.3102737048331111,47.7038273724915,0.0173292898361873,0.3141024923998018,0.0221513363674235
2509,2015 VD164,45.82594107174248,0.0718574025103211,0.5019370012314566,2.5273925731269813,2.172756904532733,45.82492941142337,0.0725623190220799,0.503755968159504,45.82492941142339,0.0726220689754633,0.4827126594905336,-3.733951584817585,2.179143140886635,6.766808803613952e-06,0.0001103486482907,0.0010246699292236,0.0751382293074248,-0.1901975426120701,1.7765023336008574e-06,8.99730886503732e-05,831.0,8.5,50825075,2015 VD164,(0.0002213846138402805-0.06795306712633487j),(-0.2856360180936906+0.4030479065892989j),2.468768242163562e-07,-2.46876824216356e-07,0.0718574025103211,45.82594107174248,0.4811245166485647,0.0679534277503601,0.5166837946566045
2510,2015 VD165,39.52232464081968,0.2233574655770986,0.1959470505455537,1.9302110833696824,-1.1119552180966707,39.40347281893279,0.2346670309159931,0.1659635761667307,39.40347281893279,0.1897871172441462,0.1647718738594267,1.5877440955148223,-1.090788662633598,6.869816092110325e-06,0.0128074278763793,0.0009887614875652,-0.385551135350241,-0.368032227839726,0.0017770687856744,0.0023056249722281,831.0,8.5,50830985,2015 VD165,(0.14527627646329755+0.1321106885371959j),(0.13709987110319555-0.15254393885738218j),6.322928263247797e-07,-6.322928263247812e-07,0.2233574655770986,39.52232464081968,0.1946955496591421,0.1963630070273228,0.2065659229224963
2511,2015 VD166,47.66953085783061,0.3585133831977975,0.0498912932258837,2.199306244098281,2.460437567705328,47.73240800196526,0.3610604377290598,0.0396854376814727,47.73240800196526,0.3613986083325285,0.0381915254016603,-4.0359081055025285,2.389056339296233,1.3123277166940722e-06,0.0006149611975211,0.0002225663680633,-0.2541000064842327,-0.2190752612444499,0.000482481148422,0.0015572670953984,1122.0,9.3,50831013,2015 VD166,(-0.018469223919608174-0.36155985445604544j),(-0.04022785267999176+0.02515234017771595j),2.0020632100326482e-07,-2.002063210032656e-07,0.3585133831977975,47.66953085783061,0.0498705980566308,0.362031270177687,0.0474616820065089
2512,2015 VD167,55.47797747530899,0.4149772938345093,0.2690099536183123,5.456058902157789,-1.035051939803749,55.38804867860011,0.4115236138464151,0.2734288978178385,55.38804867860012,0.4097308298282405,0.2697692577071936,-0.7224397134153986,-1.0510409535022809,4.508371083557713e-05,0.0109115018606284,0.0015903459800124,-0.0845136719341352,-0.1150577435239471,0.0033382567801266,0.0020556590773309,746.0,9.1,50831065,2015 VD167,(-0.12180558976358918-0.4059958683838452j),(0.13063540528464582-0.22473713719626998j),9.712339894319533e-08,-9.71233989431954e-08,0.4149772938345093,55.47797747530899,0.2657771282320098,0.4238740931484352,0.2629672103571781
2513,2015 VD168,115.38272734757696,0.7776115846391638,0.4049772278248888,1.90134927558557,2.0742689121862696,-55600.01055481237,0.9426134929287808,0.0812969294950377,-55600.010554812376,0.924972101515968,0.0570072215267887,-4.617305189483984,2.2071165678234466,24605.35405087173,0.71827693298285,0.0446911108101974,-0.0033252174679259,-0.4833296470127117,0.2668607308677645,0.2465479099138419,1039.0,8.1,50831161,2015 VD168,(-0.5789477265984909-0.6382203809445998j),(-0.15215723547386575+0.27377869261663207j),5.576588155689598e-09,-5.576588155689599e-09,0.7776115846391638,115.38272734757696,0.3939978303078853,0.8616877188324265,0.3185814704960886
2514,2015 VD169,42.74110767322993,0.0556013481515677,0.0320737712519086,3.758236126646783,1.7141225781329024,42.732367487988405,0.0650562733224818,0.0457508441270631,42.732367487988405,0.0632439646061855,0.0436207939599317,-2.004546213104487,1.3682784343937386,3.8040732549187e-05,0.0002112342926212,0.0002680587631721,0.5001484178950885,-0.4931113210995419,0.0011005261004862,2.2134808618290804e-05,2571.0,8.1,50835713,2015 VD169,(0.041762743863351555-0.028184371094291855j),(-0.0199286982538416+0.021716225918119343j),3.699850866217953e-07,-3.699850866217981e-07,0.0556013481515677,42.74110767322993,0.0320682723434035,0.0503833856442445,0.0294787919174028
2515,2015 VD170,45.6584752082474,0.1566862711698613,0.1616754697955935,3.962731536491028,-1.0686531649147224,45.65395395737215,0.1557029445609536,0.1571744469623119,45.65395395737215,0.1557395461730257,0.156446151136051,3.935483838651797,-1.0797516306253894,4.302502689684896e-05,0.000182544116523,0.0001188090333585,0.3157129990862175,-0.35691391600176,0.0010172527033533,1.6801894146868768e-06,3361.0,7.34,50835737,2015 VD170,(-0.15120905390565476+0.04264047950758781j),(0.0722599591809279-0.14658215231684485j),2.5187645959093325e-07,-2.5187645959093457e-07,0.1566862711698613,45.6584752082474,0.1609720517161383,0.1571062967410288,0.1641616415677276
2516,2015 VD171,46.53478687143625,0.1066188470849386,0.0624817308824397,3.592396174547093,2.2977091893245625,46.537592836906015,0.1091365823274386,0.0654988889294502,46.53759283690604,0.1091819853696241,0.0653630488837892,-2.630457423096105,2.230376004434111,0.0011155015063919,0.0001254864494135,8.593135956425996e-05,0.3150443107920035,-0.316959373624632,0.0003731347708681,0.0017955484430007,831.0,8.5,50835762,2015 VD171,(0.0995340747681344-0.03758431762907515j),(-0.045244340302727115+0.041036544830995184j),2.272510309593424e-07,-2.272510309593426e-07,0.1066188470849386,46.53478687143625,0.0624410843846542,0.1063936697909785,0.0611203553446429
2517,2015 VD172,42.07671319888912,0.1176667433698056,0.0654116695934748,0.8456020947138523,-0.6135094684150071,42.11563395841818,0.0936209735397555,0.0871861437626706,42.11563395841818,0.0827421631765896,0.0682989478481799,0.6734769727568297,-0.3857226794923022,0.0010730734331442,0.016521029456843,0.0185687774744103,1.077305575839148,-0.5868593677190899,0.0113295270432989,0.0298655840479732,1125.0,8.1,50835787,2015 VD172,(0.11994878592413413+0.04570187379253897j),(0.030334117681508368-0.05078630359865899j),4.084417165241941e-07,-4.084417165241863e-07,0.1176667433698056,42.07671319888912,0.0653650335668273,0.1283603229694554,0.0591903447769436
2518,2015 VD173,44.369395568027024,0.0718241670522362,0.0114744622328307,0.323493004638486,-1.1373913186593454,44.36275900178202,0.079396647283094,0.0123170215998496,44.36275900178202,0.0790976172512432,0.0074151571437012,-0.3036751838014345,-0.4343809043061082,1.43903560329e-05,2.528641884758052e-06,0.0002115287470689,0.406225463381015,-0.4047679725155323,0.0011761890399654,0.0007948190622733,1125.0,8.8,50835810,2015 VD173,(0.05106100670411865-0.04616017103410366j),(-0.0028350319257266212-0.017262379300661983j),2.959450532026665e-07,-2.959450532026648e-07,0.0718241670522362,44.369395568027024,0.0114742104402592,0.0688330429048124,0.0174945239367587
2519,2015 VE165,39.57198359510785,0.2132581013492206,0.0214329629635545,0.928666809281972,-2.7663313123053106,39.40435471500283,0.2078922011109032,0.0222418225121558,39.40435471500284,0.2077621228988816,0.021696108471538,0.980664948762492,-2.8741434003506483,7.222631942114762e-06,0.0001273610494275,0.0001814974602288,-0.6523526088070666,-0.4124349363996276,0.0004016546564423,0.0007627568176091,846.0,9.6,50830984,2015 VE165,(-0.0653058851992691-0.24026167943576027j),(0.034592949260667735+0.014078863373606167j),6.262392839350826e-07,-6.262392839350869e-07,0.2132581013492206,39.57198359510785,0.0214313220510862,0.2489789815364986,0.0373568679743471
2520,2015 VE166,47.83826422641844,0.2126015997142634,0.0596329821854282,5.987530076470046,-1.119092681629195,47.73464538428248,0.2147831637436361,0.0502037140764733,47.73464538428247,0.2148069304866094,0.0500398284661239,-0.2440943891501397,-1.1628313747911672,4.432335463968475e-06,6.793717096562505e-05,5.633907369631973e-05,-0.5189482229921294,-0.2136964939205675,0.0021521377185216,0.0017126109088209,823.0,9.3,50831014,2015 VE166,(0.03392364382152497-0.20875700068748101j),(0.02307145082513833-0.05819123752451926j),1.965916726005817e-07,-1.965916726005818e-07,0.2126015997142634,47.83826422641844,0.05959764506836,0.2114953875292854,0.0626389729853731
2521,2015 VE167,55.28935136703986,0.3862548046561816,0.5017696867762343,0.1089597207754771,-0.9318700931131796,55.3874770159208,0.3856693783113257,0.5014595635768768,55.387477015920815,0.3849447213401585,0.4813536138591831,0.1018771003060764,-0.9331991930064312,9.771215482462328e-06,0.001321423463861,0.0009043383747878,-0.0986260810307623,-0.0986261141347263,4.288909903534876e-06,4.2895745162029794e-06,828.0,9.3,50831069,2015 VE167,(0.2681200636629501-0.28805068435181513j),(0.2843865500412117-0.387559739333533j),9.86192194003292e-08,-9.861921940032924e-08,0.3862548046561816,55.28935136703986,0.4809778333182321,0.3935245421751653,0.5014596639931498
2522,2015 VE168,68.6197304137589,0.4878100803135526,0.0461071824307905,2.620872461352945,2.21978078483272,69.28700897384935,0.5030042318523466,0.1396754272264574,69.28700897384938,0.3974767639098877,0.1110071827871952,-3.349451674851943,1.5783522732581865,2.0385991519016646,0.0247799097953319,0.0154812758186509,0.1790054204560749,-0.1985463247926316,0.0235480708164187,0.0287098192103813,801.0,8.6,50831162,2015 VE168,(0.06450971191894665-0.4997149246962933j),(-0.024917719610879126+0.02930129055676822j),3.9765317135106034e-08,-3.976531713510604e-08,0.4878100803135526,68.6197304137589,0.0460908478370408,0.5038615969649677,0.0384732186613539
2523,2015 VE169,44.31016247047187,0.0331205204793228,0.0181991916770367,3.876870853588407,0.5511123433423583,44.3078664035927,0.0364520621370424,0.02550768147914,44.30786640359269,0.0361316631356441,0.0245883037805241,-2.307840697859095,0.5872678943641944,3.2074135792342094e-08,4.120601024826167e-05,0.0002319842198253,0.3897875543394469,-0.3874597901242422,1.7547459063679037e-06,0.001748017284559,2304.0,7.9,50835712,2015 VE169,(-0.007544342621257154-0.02558569726711671j),(0.007687825952762604+0.0026016577829550917j),2.982255623630253e-07,-2.9822556236302497e-07,0.0331205204793228,44.31016247047187,0.0181981870662089,0.0266748010345243,0.0081162021594293
2524,2015 VE170,42.47374109974039,0.1307926476944036,0.1859133796984976,3.035325887580885,2.1746375765437778,41.26116419612129,0.1471255888122234,0.1833105449071241,41.26116419612129,0.1164321990243391,0.1573084320289519,-2.519653395065918,1.5152264732888086,0.8069669744108108,0.0186039863166129,0.0112438133165695,-0.3812357266703989,-0.5232498434459631,0.6317568475992281,0.0120649700399496,3064.0,8.26,50835738,2015 VE170,(0.06657610041014082-0.1010050220706991j),(-0.12276654958708681+0.14110837999191947j),3.84776848494437e-07,-3.847768484944351e-07,0.1307926476944036,42.47374109974039,0.1848442506896118,0.1209726896010978,0.188146030625239
2525,2015 VE171,43.98130850186082,0.0889359437936106,0.0141350325944979,2.986670284680584,-1.498949624277081,43.98657564541736,0.0865000894255085,0.0148289338009993,43.98657564541734,0.0860681290876825,0.008842817618518,2.160931483779171,-0.7480259445444082,0.0004814448989659,4.895027225836301e-05,0.0001093754029817,0.432053543014974,-0.4447910521115467,2.078468262621463e-06,0.0014842000815941,831.0,8.0,50835763,2015 VE171,(0.009383132880081758+0.09568138138032868j),(-0.007816749545860523-0.021392451003016635j),3.113910766569209e-07,-3.1139107665692294e-07,0.0889359437936106,43.98130850186082,0.0141345619046255,0.0961403657445361,0.0227778017982045
2526,2015 VE172,43.8243601418766,0.0670237746398933,0.037038321384123,3.153923889319544,-0.0704010120302986,43.82375119577625,0.0628099196601584,0.0410297343452876,43.823751195776254,0.0624061891628779,0.0401713064964672,3.0057842158399226,0.0757825865864421,8.12849202880953e-05,8.32049229344114e-05,8.319448177867009e-05,0.4229164922819997,-0.4226324307048802,0.0002439504820351,3.7303981979517664e-05,858.0,8.4,50835788,2015 VE172,(-0.06483519242638575+0.01128512992493566j),(0.02751438952523861-0.010145013656430748j),3.180123903322408e-07,-3.180123903322423e-07,0.0670237746398933,43.8243601418766,0.0370298535401378,0.0658100017808018,0.0293293293179768
2527,2015 VE173,44.71480093980463,0.0868195091070141,0.0136876779921621,5.045611272416026,-1.57235296133626,44.71512578937076,0.0833551305084768,0.0103620402024211,44.71512578937075,0.0831654873207908,0.004856041214127,-1.7651885446380742,-1.0362223079351145,0.0001431469823821,1.938984173739997e-05,9.994317034450928e-05,0.3874427573002663,-0.4059671596763006,0.0013933325899572,0.0004786950295573,1125.0,8.3,50835812,2015 VE173,(-0.08065024467463279-0.022852978446805484j),(-0.0067979258132516585-0.020194259003831715j),2.831018682812113e-07,-2.8310186828121053e-07,0.0868195091070141,44.71480093980463,0.0136872505926515,0.083825536622012,0.0213093552242516
2528,2015 VF165,39.331868729189154,0.3455520181433059,0.4244567301374216,4.926378468779296,2.1575718722096973,39.40158144883521,0.2793068527234545,0.4662213217329039,39.40158144883521,0.2099669844462054,0.4484773862087927,-0.7424086554852269,2.100145211704432,2.436573892223404e-05,0.0093067950048966,0.0002538613593738,-0.2653262611801164,-0.2653199663685316,0.0011791272672521,0.001286084105006,1119.0,8.4,50830986,2015 VF165,(0.23717327350565878+0.2242932349229879j),(-0.18260757066361163+0.35684674671168093j),6.562313281406045e-07,-6.562313281405955e-07,0.3455520181433059,39.331868729189154,0.4118257810338973,0.3264331737088138,0.4124504547528181
2529,2015 VF166,47.69669845214462,0.3155401803646281,0.0298763354651199,4.124775308610388,2.150741671454288,47.7332032304136,0.3113655607105342,0.0400540569105298,47.7332032304136,0.311494750142467,0.0398595161685842,-2.37348593546313,2.358017741358528,1.1308875705433058e-06,0.000270161743748,0.0001198193926659,-0.3997873416936846,-0.2054221270613256,0.0005048024278066,0.0011555744926455,828.0,8.9,50831017,2015 VF166,(0.3203703444464852+8.048083451433303e-05j),(-0.018708998840539132+0.019151009676791553j),1.9958792701128544e-07,-1.9958792701128666e-07,0.3155401803646281,47.69669845214462,0.0298718910834384,0.3203703545553557,0.0267760926265376
2530,2015 VF167,55.50799325785135,0.2728454495089479,0.6251143237492205,0.3589468722873965,-1.021381152136466,55.3873724652926,0.4179399017137685,0.528420929016919,55.3873724652926,0.3547813128278708,0.497223403372303,0.8500686363737349,-1.057268308922572,0.0001984380262635,0.0325587289584713,0.0134283033134428,-0.0806309903841496,-0.0962013764515113,0.0105947838178837,0.0020759976743544,801.0,8.5,50831068,2015 VF167,(0.21742345779132047-0.16868631393968975j),(0.31503145991436643-0.519185448713731j),9.687031657944665e-08,-9.687031657944673e-08,0.2728454495089479,55.50799325785135,0.5851899814609745,0.2751872680712057,0.6526421960118771
2531,2015 VF168,41.04104875347475,0.3018336785456154,0.6210022877467376,3.410067497627875,2.091501144670432,-911.4586082571324,0.9516354150647908,0.2734059444586991,-911.4586082571326,0.9445726257777776,0.0562473080630735,-3.666708730584513,2.234166300652313,147.15317236294882,0.5958389064001379,0.13355880988085,-0.1137729284296976,-0.2172594678428711,0.3228551662994733,3.39728877660079,777.0,10.3,50831163,2015 VF168,(0.23561653258775136-0.14687256501362883j),(-0.36521471961089813+0.48422373302961713j),4.817685725200656e-07,-4.817685725200663e-07,0.3018336785456154,41.04104875347475,0.5818506089568345,0.2776449185242862,0.6516637209013965
2532,2015 VF169,43.83089009727867,0.0604195343558871,0.0283189710824398,3.3516322578549924,-0.1240515656742124,43.82828500210609,0.0565837326061932,0.0325875150037442,43.828285002106085,0.0562079073006736,0.0314741696006089,-3.140787210948672,0.0984965971963541,2.6779495321173584e-06,8.056208562488712e-05,9.746855024666424e-05,0.4208589587370014,-0.4203120541640214,0.0016922435240013,0.0012659107801505,2961.0,7.98,50835714,2015 VF169,(-0.05812469804969715+0.002191817917310891j),(0.018708893214159545-0.011035155272188521j),3.177535987084007e-07,-3.177535987084035e-07,0.0604195343558871,43.83089009727867,0.0283151861010784,0.0581660088810562,0.0217226046649929
2533,2015 VF170,42.76522526618079,0.0211586017560838,0.0257894630437256,2.774139925672543,-1.4876408310941176,42.76480805641404,0.0240913863756653,0.0189321423779994,42.76480805641404,0.0222606367860506,0.0103129382385156,1.971676798367745,-0.9133456439983696,8.34976790559638e-07,3.810808445738309e-05,9.441664956053502e-05,0.4746647140713276,-0.4766601882868952,0.000328601238401,0.0011968275993986,765.0,8.1,50835739,2015 VF170,(0.009337310105298577+0.03228422704460311j),(-0.01301482571257268-0.035616918799447846j),3.686868182694472e-07,-3.686868182694492e-07,0.0211586017560838,42.76522526618079,0.0257866043922689,0.0336073901972467,0.0379294128102711
2534,2015 VF171,42.704057925103854,0.0970928014306546,0.3004259163983074,0.4753027105401024,-0.9897842870303944,42.690347742964896,0.1003360741837073,0.2924335440548793,42.690347742964896,0.1003198777555584,0.2884415328881737,0.4646404966980494,-0.9865920932673284,0.000200726492713,0.0001494051487044,0.0001714435099421,0.2668104234455176,-0.3709442159610615,0.0008367336576687,5.714252969997524e-05,855.0,8.12,50835765,2015 VF171,(0.08810963740368342-0.03541461487766226j),(0.14821658110966296-0.2597326050442714j),3.7207353187331153e-07,-3.720735318733144e-07,0.0970928014306546,42.704057925103854,0.2959270733212691,0.0949605346991143,0.3036939228935342
2535,2015 VF172,43.42986905288727,0.0217720235978461,0.0419935951071807,4.311504357847631,1.5355300749172889,43.42664332802699,0.0264465590044224,0.0530778113169647,43.42664332802699,0.0256634182028189,0.0523776344141315,-1.582868648373092,1.3678017315699271,1.4113500602059013e-06,0.0002373725882814,9.95156374998466e-05,0.4273583229446748,-0.4297057727358503,6.936014176125029e-06,0.0009427831934974,1123.0,8.6,50835789,2015 VF172,(0.022209078807327684-0.0005063514306618225j),(-0.009574447534312058+0.03374379293149193j),3.3560310836569066e-07,-3.356031083656934e-07,0.0217720235978461,43.42986905288727,0.0419812538436524,0.0222148502862707,0.0350830228959421
2536,2015 VF173,43.3879908072352,0.0672603222911786,0.0162391781451608,2.744575009578849,-0.870193292302316,43.38826621236086,0.0600096496413601,0.016330654046209,43.38826621236085,0.0592373064802059,0.0093278134025138,1.9435092074571927,-0.1963139893423288,0.0006646685532468,0.001032888403416,0.0004755823435758,0.4555101993451161,-0.4507680995894846,3.7369317803835806e-05,0.0042977337521824,858.0,8.3,50835816,2015 VF173,(-0.01762727409294847+0.07310026481453365j),(-0.000808713830894401-0.02070149918173038j),3.3762521426922285e-07,-3.376252142692205e-07,0.0672603222911786,43.3879908072352,0.0162384644131726,0.0751955418086928,0.0207187718373134
2538,2015 VG165,39.2897240278065,0.2169212347864277,0.1904201682213745,3.5596211795363133,2.074901149899408,39.4032223303608,0.2377247803202652,0.1759869784275139,39.4032223303608,0.1925776921344415,0.1743211475935862,-3.271798788305136,2.046950734527285,4.1477068544823385e-05,0.0112194385997015,0.0032264263884293,-0.3717713569039181,-0.3560706396852238,0.0028787324512584,0.0017782949260806,3340.0,8.96,50830987,2015 VG165,(0.16696621503085057-0.15878842888035344j),(-0.04878235902774813+0.18088351831543087j),6.615238178728557e-07,-6.615238178728511e-07,0.2169212347864277,39.2897240278065,0.1892714852665112,0.2304158894434567,0.1884597221612839
2539,2015 VG166,47.803300640037314,0.2097390798225109,0.2853050543807015,5.854660984839144,-1.0575499472968228,47.73395525848607,0.2326885448559336,0.267066632343053,47.73395525848608,0.2326956764415716,0.264260864635483,-0.487916902261893,-1.0399064255687605,3.085121505913294e-06,0.0001837337289046,0.0007891894873503,-0.5378746663774021,-0.1897574217623119,0.003743542678051,0.0017602500512388,1125.0,9.0,50831018,2015 VG166,(0.018547943135753604-0.20767447603827563j),(0.13537026649970696-0.2501035210682122j),1.9732349418963762e-07,-1.9732349418963778e-07,0.2097390798225109,47.803300640037314,0.2814501871998883,0.2085011131681063,0.2883686434809095
2540,2015 VG167,42.31299222811568,0.2534671075528726,0.0642733019696607,1.4850496493048686,-0.9738650260432604,42.270580167561526,0.2518664856662151,0.0619613918163489,42.27058016756152,0.2519257225850643,0.0619367883938981,1.4371970404884316,-0.927893458116946,2.1582021630070107e-06,8.147545161154775e-05,0.0001919611697012,-0.3756944221855667,-0.3203611911621479,4.739439523893756e-06,0.0009719461277847,3721.0,8.19,50831080,2015 VG167,(0.22729310689547189+0.14075597549402077j),(0.015874343148550955-0.06410919095184214j),3.942096385683774e-07,-3.942096385683803e-07,0.2534671075528726,42.31299222811568,0.064229058326591,0.2673469675898153,0.0660934204745383
2541,2015 VG168,64.98944102278537,0.4701908532951456,0.2247279510352996,4.450885240122943,-0.9848000525114796,62.77409136688036,0.4173929212588212,0.2827435846189947,62.77409136688037,0.3532892016233219,0.2217480027396172,-1.3796803126075103,-1.4199640601589023,0.2149427249644639,0.0271475994596341,0.0304024483109823,0.0323489514734647,-0.1117769115064085,0.1048071475639861,0.0307145217411838,1125.0,5.86,50831164,2015 VG168,(-0.45927565616428323-0.154228794779851j),(0.11745832368587193-0.18046613761339528j),4.953594405744393e-08,-4.953594405744393e-08,0.4701908532951456,64.98944102278537,0.2228411621512702,0.4844797720074371,0.2170237422964532
2542,2015 VG169,46.571895483706655,0.05446428127528,0.0152457340727835,4.090577886475143,0.9967300134243264,46.57269400484925,0.0576151512931124,0.0197772048640832,46.57269400484924,0.0575943158348758,0.0194236457523393,-2.100174812868894,0.9410288759945136,5.6397253407764494e-05,2.551513245140345e-05,3.831649775357647e-05,0.3053565706500319,-0.2985847543345828,9.53570784317052e-05,0.0018256443937997,801.0,8.1,50835715,2015 VG169,(0.020900086693474138-0.0474608069495316j),(0.004471841505175935+0.0072944530562429125j),2.2620018582133602e-07,-2.2620018582133498e-07,0.05446428127528,46.571895483706655,0.0152451434792016,0.0518588644312179,0.0085561789544052
2543,2015 VG170,42.051234044483735,0.0751480920845,0.0187355507013497,2.756894441418094,3.13983626238578,42.06045620852608,0.0793175577836339,0.0464660468950408,42.06045620852608,0.0732548173264355,0.0321459318302256,-2.60023763813698,2.0635478128594693,0.0001574800837405,0.003159426659556,0.0006289640660209,0.6738853927649101,-0.5730085570011175,0.0345640452895322,0.0047667023980682,846.0,8.2,50835741,2015 VG170,(0.0749700404437301-0.009343965786460632j),(-0.04210444296710233-0.013424582786209237j),4.1013542596622665e-07,-4.1013542596622e-07,0.0751480920845,42.051234044483735,0.0187344546257335,0.0755500937176988,0.0442071970851931
2544,2015 VG171,42.59481331585158,0.0188251673758141,0.0907291156166169,3.3016681703119573,-1.0748753087765743,42.59274785314642,0.037232787885965,0.084880309431043,42.59274785314642,0.0360460021157529,0.0841472252013133,2.704083763341479,-0.9449232211022688,3.286010042145706e-06,0.0011826768383582,0.0004974211424587,0.4638066923825074,-0.4767606205622464,0.0040966282932713,0.0018051406379694,828.0,8.9,50835764,2015 VG171,(-0.007758003306472161+0.0281139993796194j),(0.026526676078896142-0.09030803683518575j),3.7800853595255474e-07,-3.780085359525605e-07,0.0188251673758141,42.59481331585158,0.090604689934575,0.0291647660100415,0.0942628889099399
2545,2015 VG172,44.01209500823267,0.0872850985588686,0.0332416864539606,2.700770841413332,0.3570079068832785,44.01040172258653,0.0847352599844535,0.046870143711784,44.010401722586536,0.084374095707961,0.0460585612489888,2.6441206879241723,0.4218715036110558,2.160565611598268e-05,0.0001659503113279,0.0003162541894423,0.4202968412111323,-0.4227765251879305,0.0017104623549763,8.694738232326141e-05,858.0,8.6,50835797,2015 VG172,(-0.08511038625382288+0.014215932096849598j),(0.022355585080184204+0.004311570864282196j),3.1016153385358186e-07,-3.101615338535856e-07,0.0872850985588686,44.01209500823267,0.0332355647277679,0.0862894580679306,0.0227695282931578
2546,2015 VG173,44.16736567842957,0.0666213471382574,0.0261538322706421,1.5386927004738622,-0.7162623040478865,44.164162576386346,0.067624124364984,0.0189141230692614,44.16416257638633,0.0673628783710678,0.0170470995017751,1.2366687180085032,-0.4163836506473538,0.0004261872623073,6.126169942075219e-05,3.493497589820711e-05,0.4085668654867366,-0.4084443873569706,7.170846810152679e-06,0.0002485559898951,1125.0,8.4,50835814,2015 VG173,(0.047216525803993416+0.0553582210398376j),(0.011474066920775823-0.02423929145215301j),3.038205531778326e-07,-3.038205531778345e-07,0.0666213471382574,44.16736567842957,0.0261508507357315,0.0727594182611068,0.0268210727407642
2547,2015 VH165,39.45901645424773,0.1541089378218922,0.2225108399697433,0.2162779386788536,-0.9938396201380104,39.40543264424864,0.1333793993098107,0.2241011345445287,39.40543264424864,0.1315211804672972,0.2223224821921542,0.2584788035903954,-0.9658134236809042,4.973398449793709e-05,0.0057477564017082,0.0002303758347735,-1.7385954505056578,-0.3756008767061771,0.033386586284671,0.0002229685244304,2247.0,8.85,50830988,2015 VH165,(0.10222970444054572-0.13882005490838198j),(0.1688675201007819-0.16573057962454488j),6.40105128700439e-07,-6.401051287004501e-07,0.1541089378218922,39.45901645424773,0.2206792549343798,0.17240046436935,0.2388721818877308
2548,2015 VH166,47.750939833793886,0.3153752895457399,0.0412669287821381,0.5610736760238559,-1.0969054298949137,47.73315352862622,0.3132381385809679,0.0386794370251495,47.73315352862623,0.3132159170509815,0.0383636626375785,0.5018857266664692,-1.0597288136710137,1.1871161312220264e-06,0.0002089762012819,8.935812623935033e-05,-0.4015408563516692,-0.2043041347246735,0.0016557673511151,0.0017243246286199,3697.0,9.27,50831016,2015 VH166,(0.2754042225507848-0.1606238307713242j),(0.015623088175072786-0.04094761988161164j),1.9842473553009762e-07,-1.98424735530096e-07,0.3153752895457399,47.750939833793886,0.0412552171286165,0.318822051951331,0.0438408431594149
2549,2015 VH167,42.29104314025594,0.1396890716518916,0.020245535134294,0.8962793638319573,-2.7483920374566004,42.2730289339238,0.1377091912432413,0.0240613321767218,42.27302893392381,0.1376568912043244,0.0215555898191347,-4.966124646749019,3.104483107909856,1.83677314532846e-06,5.024324751280349e-05,0.0001729317342071,-0.8579895328643841,-0.4555392988355989,0.0043563695157446,1.1556085100152916e-05,828.0,7.9,50831083,2015 VH167,(-0.0343991603065298-0.11854229180421279j),(-0.03853106561083282-0.01967352008512916j),3.955005995935277e-07,-3.955005995935277e-07,0.1396890716518916,42.29104314025594,0.0202441521169356,0.1234324802310537,0.0432765446679189
2550,2015 VH168,48.75580008735487,0.2518664221938536,0.2912548356182997,2.915825081587176,2.153541447784318,48.74148731881572,0.2587722162045145,0.2910578676923417,48.74148731881571,0.2586249477780741,0.2873579259986106,-3.240413660547147,2.1383302815586083,0.0257972196551949,0.0003980354474233,0.0008247041410108,0.1907147546371092,-0.2627929737303659,0.0021977889552556,0.0017204803087931,3340.0,7.54,50831180,2015 VH168,(0.08931262281225488-0.23586079301630916j),(-0.15916886034599106+0.23337410398583136j),1.784768946487491e-07,-1.784768946487495e-07,0.2518664221938536,48.75580008735487,0.2871544382033496,0.2522043978123426,0.2863844127073721
2551,2015 VH169,42.878030071094976,0.0271938550358099,0.0164554085885205,0.7756553416589176,-0.0432018313793345,42.8771869174308,0.0313348290593321,0.0224245726347468,42.877186917430805,0.0300375642617664,0.0182422970912585,0.4442524299338259,0.2676048463597636,8.894128170157922e-08,6.2158082913051e-05,7.233544226321363e-05,0.4698849516639567,-0.4696476070760646,0.0002522805485968,2.868222348951248e-06,801.0,8.5,50835716,2015 VH169,(0.023433118059412204+0.029450874248546026j),(0.0021386503266900697-0.010269648641608545j),3.6271165683781937e-07,-3.62711656837821e-07,0.0271938550358099,42.878030071094976,0.0164546659646913,0.0376359537675082,0.0104901641984278
2552,2015 VH170,44.77893887584903,0.0628975146940008,0.0129693443940434,3.913730767956708,2.1801176128295348,44.77234697533624,0.0678258383631531,0.0201889377273272,44.77234697533624,0.0677196818092028,0.0191447520225455,-1.8649598527769315,1.7241700410258614,2.911782890914241e-06,9.686983572563848e-05,0.001018692182971,0.3763960079991917,-0.3757282649128725,0.0006671746400147,2.2288215829086107e-05,765.0,8.4,50835740,2015 VH170,(0.06330195574593941-0.006522798741794484j),(-0.014043701049504656+0.0041476321973591915j),2.807764946297585e-07,-2.807764946297562e-07,0.0628975146940008,44.77893887584903,0.0129689808147295,0.0636371314932314,0.0146438970317741
2553,2015 VH171,44.85738930265117,0.0991702021924507,0.0270553735027761,1.0584672826141448,-1.3319090715448754,44.85158820811368,0.1068630110251019,0.0264490256856519,44.85158820811368,0.1067850186991877,0.0253295967956588,0.8925105212430853,-1.0927600333506615,0.0003498264254447,0.0001557995927624,0.0001489066684165,0.3920239174525611,-0.3964521370200395,0.001887077763008,0.0015221138554588,828.0,7.7,50835767,2015 VH171,(0.09707031342413765-0.02162549476759159j),(-6.906798014231792e-05-0.03263433532769847j),2.7799484573453026e-07,-2.7799484573453333e-07,0.0991702021924507,44.85738930265117,0.0270520728985153,0.0994500265068011,0.03264020382654
2554,2015 VH172,43.863801759246336,0.0668046613927756,0.0381725969567017,6.070701129541439,1.4242484493940453,43.86689182884168,0.066626156326262,0.0510002747728372,43.86689182884167,0.0662372797779275,0.0503528582275247,-0.2157534074876164,1.3470994595542714,6.840253337544713e-07,0.0002456823804705,0.0003128511266031,0.4179640144514352,-0.4203062768481998,2.571803788601024e-06,0.0015068067307927,826.0,8.6,50835790,2015 VH172,(0.025528817773724056+0.06989535787204836j),(-0.003682599588273305+0.030231005894664376j),3.16410380167241e-07,-3.164103801672408e-07,0.0668046613927756,43.863801759246336,0.038163327116906,0.0744115689189908,0.03045918803637
2555,2015 VH173,43.819808469388256,0.0888378255631402,0.0308124416147126,3.3874885237905943,1.6952288567929683,43.81906035245464,0.0984648707990958,0.042039435662915,43.81906035245467,0.0960863323014897,0.0407440234576844,-2.299488298433507,1.3856530776601113,0.0011119640601792,0.0001268688115975,6.058936588144487e-05,0.4766667115107199,-0.4484948664829308,0.001980185167042,0.0014501300511092,1041.0,8.08,50835815,2015 VH173,(0.0342818672101369-0.07547367406723957j),(-0.013225209176146023+0.022960980332181337j),3.182494407811647e-07,-3.182494407811664e-07,0.0888378255631402,43.819808469388256,0.030807566257129,0.0828946433530018,0.0265005124084462
2556,2015 VJ164,39.35981376307702,0.2042947192185296,0.0957376579080186,3.851815931174568,-1.101092751378001,39.40369920900162,0.2087611195602277,0.0931860990066317,39.40369920900163,0.2079408304119226,0.092860650994129,3.8909872137356265,-1.0681873937105697,1.7397738870414528e-05,9.61239344361204e-05,8.65549053268037e-05,-0.6541191392330942,-0.3686822029563666,0.0010712210745294,0.0019863740225249,2961.0,7.88,50830964,2015 VJ164,(-0.19719476705492126+0.04996923105800666j),(0.0872814144479822-0.06695025695228922j),6.524565796100327e-07,-6.524565796100373e-07,0.2042947192185296,39.35981376307702,0.095591474489612,0.2034273831281647,0.1102247979178017
2557,2015 VJ165,39.21111861702265,0.1087996516777603,0.0850951154919067,5.6888594340662655,-0.8081315274755351,39.40785578628143,0.110709189945523,0.0694748288120719,39.40785578628145,0.1022636728598231,0.0477498112081047,-0.8940570152698342,-0.3855206921899911,6.061070022320006e-05,0.0072177081752697,0.0049776754967295,-1.809407088066244,-0.6025215053532277,0.0332948511839265,0.0107017172523572,1122.0,8.3,50830990,2015 VJ165,(0.011685656258995706-0.13303366656748455j),(0.09810095271080316-0.046001211502191525j),6.72022054430369e-07,-6.720220544303616e-07,0.1087996516777603,39.21111861702265,0.0849924545122613,0.1335459134627191,0.1085639905435261
2558,2015 VJ166,47.59527474648984,0.2955181824523576,0.0709556610935214,2.826453611622778,2.0282151555440824,47.73350711956329,0.3000708309403758,0.0637868215704405,47.73350711956329,0.3003144852393862,0.0635064683403694,-3.440659759492361,2.018633670250152,8.319333598187416e-06,0.000363120270578,0.0001041759547823,-0.342268770005497,-0.2114188349638579,0.000516066760856,8.337457297481109e-05,1125.0,9.3,50831019,2015 VJ166,(0.04309113794347402-0.29324226347741816j),(-0.033465982347842455+0.056995885329490265j),2.0185034601205985e-07,-2.018503460120605e-07,0.2955181824523576,47.59527474648984,0.0708961359331852,0.2963914156291019,0.0661428685064495
2559,2015 VJ167,42.188336393765205,0.2057358820905863,0.0345256855324337,0.8566600593755558,-0.329942262174518,42.27165240191976,0.2057695714329923,0.0351408689169291,42.27165240191977,0.205748461627973,0.0347583098608691,0.7653296538826644,-0.258992545741619,1.7328589622394954e-06,5.689053687694352e-05,0.000312809738388,-0.6152060694607651,-0.363958257527175,1.2234921854844278e-05,0.0008206728416523,1125.0,8.2,50831081,2015 VJ167,(0.1836288298165518+0.12112139009294856j),(0.011030097335717776-0.023605459953878423j),4.016148623912025e-07,-4.016148623912068e-07,0.2057358820905863,42.188336393765205,0.0345188267062544,0.2199771312610571,0.0260582898305237
2560,2015 VJ168,59.56930617681914,0.3651364420182431,0.1563089085531811,3.836323807498398,-0.9891692088169444,59.58884661460696,0.3624235704934869,0.1481115266863165,59.588846614606965,0.3622319094530607,0.1475451534604364,3.826111856532137,-0.9834664336086462,0.0014648997273467,0.0010167578824554,0.0007697318154647,0.1667009391427712,-0.1737608178113793,0.001464412138563,7.463201007058371e-07,846.0,5.8,50831183,2015 VJ168,(-0.3555089123566922+0.10832914567227332j),(0.08332747055235874-0.13070882477680826j),7.123436054207603e-08,-7.123436054207603e-08,0.3651364420182431,59.56930617681914,0.1556731834199646,0.3716474008615194,0.1556381115577312
2561,2015 VJ169,42.899175590826005,0.060689857086746,0.0486491718483582,3.994809084913373,1.7928610073419653,42.89099983464288,0.0646468883432348,0.0582324189260758,42.89099983464288,0.0638495542957982,0.0570789032741803,-1.97886779820296,1.649043361582179,2.155436756604496e-06,0.000559517910742,0.0005806821825152,0.47604947943196,-0.4790009545171033,0.001653641938424,6.189055950181614e-05,801.0,8.5,50835717,2015 VJ169,(0.05657590732789919-0.017705634549841767j),(-0.02485735024837442+0.037907748985877024j),3.616616630813442e-07,-3.616616630813452e-07,0.060689857086746,42.899175590826005,0.0486299841133762,0.0592817238682174,0.0453463819615048
2562,2015 VJ170,42.85786597306263,0.0427198610450259,0.0619094640476224,2.663943619888176,-0.8314984238140126,42.85860779804985,0.0300450545704199,0.0464095646369748,42.858607798049846,0.0288197073266307,0.0450257893334103,2.198451983586723,-0.592887899347939,9.99326848031901e-07,3.0650749081677885e-05,2.2303875845396263e-05,0.4625744433326059,-0.4672757560039805,0.0009534981943007,0.0008357457314756,828.0,8.1,50835742,2015 VJ170,(-0.007839139825423861+0.05270075159449018j),(0.027228816483979786-0.055345918898864706j),3.638602813913404e-07,-3.638602813913393e-07,0.0427198610450259,42.85786597306263,0.0618699240485837,0.0532805905731787,0.0617204499428342
2563,2015 VJ171,46.28826559318703,0.1670088120931027,0.3629845025114052,0.0375103466066821,-1.001412901943943,46.27507935732623,0.1748717627334127,0.3563659237401947,46.27507935732624,0.1715471180867116,0.3494644242648086,0.172322112675393,-0.9986508097534672,0.0013165119545071,0.0022496401474658,0.0007647892476245,0.1525861900369659,-0.2496855527237293,0.0014060719055374,0.0007229656712888,744.0,8.9,50835766,2015 VJ171,(0.09655996549673136-0.13416134416934558j),(0.18911481150831283-0.30750474086249047j),2.337973842922352e-07,-2.337973842922356e-07,0.1670088120931027,46.28826559318703,0.35506584665208,0.1652969848668013,0.3693438097528267
2564,2015 VJ172,43.92328989053208,0.0808531290767099,0.0255364898493096,2.0795611310362787,-2.1516031220860707,43.9113866620502,0.0906340940819176,0.025804777607409,43.911386662050205,0.0899761375535879,0.0237766569054986,2.056536677749783,-2.0468744762154985,5.5274865153916674e-05,2.4858576595131905e-05,2.6059548620784618e-05,0.4414462151279126,-0.4367876173447075,1.9293414171697807e-06,0.0002144882251739,855.0,8.5,50835791,2015 VJ172,(0.08270768059580227+0.0013258800228863402j),(-0.023025574916959484-0.028717350210491568j),3.138985172086632e-07,-3.1389851720866444e-07,0.0808531290767099,43.92328989053208,0.0255337144965561,0.0827183074498767,0.036816784633576
2565,2015 VJ173,43.31233599819304,0.1533155339974246,0.3793510840145073,2.11006364623216,-0.9827752051653516,43.31449579275251,0.150769119000847,0.37545953080874,43.31449579275253,0.1505814631100852,0.3670479023307705,2.080110407869146,-0.9825799588913128,0.0055761849375501,0.0004627756326752,0.0005018558370004,0.1878494542349771,-0.3124964197433774,8.45182437003644e-07,0.0019262940537415,1125.0,8.2,50835817,2015 VJ173,(0.06855411656901816+0.14807829768239963j),(0.1962846845013236-0.32034891351688954j),3.412061217013779e-07,-3.412061217013739e-07,0.1533155339974246,43.31233599819304,0.3703177660322784,0.1631773548721632,0.3851528751660626
2567,2015 VK164,39.2165474519541,0.2468430829635957,0.0394544970970964,3.708366585003811,2.121277541147985,39.4041146082246,0.2400507731300857,0.07604264240039,39.4041146082246,0.2145700411067813,0.075452939588119,-2.270737767693008,1.87566755418397,2.532413244232216e-05,0.0204697352416392,0.0156922482887947,-0.2903382610508211,-0.4224697968554049,0.025290083911428,0.0029176319025368,1040.0,9.55,50830967,2015 VK164,(0.2170362262108814-0.13471340514000157j),(0.019358576423677675+0.048495201691786845j),6.712418361765701e-07,-6.712418361765699e-07,0.2468430829635957,39.2165474519541,0.0394442617050206,0.2554455421655956,0.0522400295090371
2568,2015 VK165,39.55126062945351,0.2532790405928254,0.0506579218536283,3.303797238971274,1.6971989136107104,39.40367578497658,0.22966853354978,0.1047568176307457,39.40367578497658,0.1726214645766972,0.1036044873784242,-2.86904414370702,1.5721410707520909,6.096078550485311e-05,0.0102076925561949,0.0067989242118406,-0.4074678822090298,-0.3814995833671046,0.0815286063053834,0.0066301611262713,1122.0,10.3,50830989,2015 VK165,(0.06411352767331861-0.277595376949182j),(0.04687022727104062+0.07075597725985851j),6.2868134251202e-07,-6.286813425120271e-07,0.2532790405928254,39.55126062945351,0.0506362580288833,0.2849030321605508,0.0849740476082356
2569,2015 VK166,48.0385478220876,0.2024625557168722,0.0205302141104394,3.411551664322661,1.1497392334993204,47.72963762741285,0.1800636164984322,0.0557891620816192,47.72963762741284,0.134219288245943,0.0498224785208601,-3.358640343962957,1.301602425187294,0.0097278385373794,0.0128510614527852,0.0114828932920147,0.5250176104967484,-0.3258847037773748,0.187452966993976,0.0498480028441956,1125.0,7.64,50831021,2015 VK166,(-0.029991867686553646-0.19881278322115845j),(0.0057928306660440815+0.01341555070440727j),1.9244565395344709e-07,-1.9244565395344722e-07,0.2024625557168722,48.0385478220876,0.0205287719285646,0.2010622662248465,0.0146133188723926
2570,2015 VK167,42.294710997925975,0.265656113260503,0.2216568131385431,1.9650954712994348,2.087192683056552,42.27010745194348,0.2620560508708947,0.2270838172357854,42.2701074519435,0.2147442879864176,0.2252749328368388,-4.048435669315856,2.118674796905085,2.690820673200668e-05,0.0312282097224525,0.0046965213656271,-0.2967051458691923,-0.2959509450126656,0.023069563286439,8.10860669442933e-05,1125.0,9.4,50831082,2015 VK167,(-0.1599148680721284-0.19581363005611074j),(-0.12711689641522356+0.17693728595170383j),3.952846773627233e-07,-3.9528467736272773e-07,0.265656113260503,42.294710997925975,0.2198462025337224,0.252815629948541,0.2196272108163297
2571,2015 VK168,58.82519760120288,0.3460502162132412,0.2619977586820823,3.0867660659257297,2.083523665862004,58.79175371982975,0.3526635028244451,0.2589410995441034,58.79175371982976,0.3478199143130793,0.2560982123048797,-3.148674113932626,2.0615691673713785,0.0003586111971456,0.0069975935084039,0.003090346951998,0.1243597051192352,-0.1499762503026247,0.0014273612863179,0.0002642668354447,3340.0,7.85,50831181,2015 VK168,(0.15555108410893015-0.31481667211761327j),(-0.1236537019156548+0.2157036283577698j),7.515374377248778e-08,-7.515374377248794e-08,0.3460502162132412,58.82519760120288,0.2590106515678776,0.351149080606332,0.251268523825284
2572,2015 VK169,43.80298365411252,0.0598312603232629,0.0149952119599216,1.7517283909261874,0.6119119898491665,43.80598208124262,0.053542229750966,0.0275813827691663,43.80598208124262,0.0530848662839001,0.0262342709712698,1.5576770668610846,0.7021147251697961,0.0003493003820084,4.87383878041171e-05,0.0001339015834458,0.422666916274239,-0.4203138010743482,3.548600585261151e-06,0.0007176687344719,801.0,8.2,50835718,2015 VK169,(-0.040544457497344394+0.04949716589442263j),(0.0027883891698191436+0.0010280386999809293j),3.190042474199574e-07,-3.190042474199617e-07,0.0598312603232629,43.80298365411252,0.0149946500047221,0.063982985748822,0.0029718687273199
2573,2015 VK170,43.35690323522676,0.0454623371176574,0.0114958485520775,4.177422463695014,-0.3225100099925281,43.355725747414944,0.0461080315007724,0.0203422600051247,43.35572574741496,0.0454120544812204,0.0173188507919354,-2.521715401875212,0.182720888870149,2.439518250357344e-05,6.16701022444964e-06,7.167905581896691e-05,0.448518852739339,-0.4448092390768721,0.001784535637859,0.0013194780583106,828.0,7.4,50835743,2015 VK170,(-0.031825435809838064-0.02079094369092093j),(-0.0005139532057537657-0.012002057357843692j),3.389950347107849e-07,-3.389950347107861e-07,0.0454623371176574,43.35690323522676,0.0114955953489993,0.0380147563986035,0.0120133455533654
2574,2015 VK171,43.137785710672574,0.0672291654310768,0.0707831994876667,2.123895040710577,-0.9590067054649116,43.14047853749139,0.0639803841714994,0.055203075917424,43.1404785374914,0.063426292602382,0.0542618311608837,1.8385574454300504,-0.7546811950145,1.1080196696460364e-05,0.0003959129786195,0.000477905130726,0.4597976713887791,-0.4625647243716735,0.0004114042254004,0.0013872328749044,826.0,8.5,50835768,2015 VK171,(0.02935330792208335+0.07174704271053112j),(0.027983839650003284-0.06672420286742735j),3.4964375129701385e-07,-3.496437512970156e-07,0.0672291654310768,43.137785710672574,0.0707241072384589,0.0775193835351869,0.0724180636858591
2575,2015 VK172,45.975644830009614,0.131153488601013,0.0552442965719285,3.0420637134788784,2.6396579201756944,45.9713164893561,0.1344402851775067,0.0550120880493471,45.97131648935611,0.1343024211828337,0.0546928013426776,-3.079226897358084,2.512064415989037,0.0013149548598944,0.0002926062296242,0.0007996027938736,0.3522177647770664,-0.3592623985910784,1.3538541255151362e-06,0.000889425215784,508.0,9.7,50835801,2015 VK172,(0.10945826589887155-0.0706017618191897j),(-0.05274629536834514+0.02072627524397601j),2.424793094670575e-07,-2.4247930946705785e-07,0.131153488601013,45.975644830009614,0.0552162005507448,0.1302525268298533,0.056702685200585
2576,2015 VK173,43.70280036490748,0.0584160736489671,0.18640567035083,4.264060024761028,-0.9339366751635176,43.68952406829752,0.0522490146372392,0.1793078733537287,43.68952406829753,0.0507758273047854,0.1783844359360975,-1.8800492338083967,-0.9621237825830738,0.0046906459398623,0.0004905042793244,0.0002993341910946,0.3988760412177252,-0.373330196936392,0.0005379327689844,0.0016089596712623,1119.0,7.9,50835818,2015 VK173,(-0.05519527327460832-0.003192729283211673j),(0.1007357400804528-0.157249125920149j),3.232901619217583e-07,-3.232901619217585e-07,0.0584160736489671,43.70280036490748,0.1853280356865063,0.0552875366799296,0.1878513041533406
2577,2015 VL164,39.322460845112566,0.2377192442028114,0.2146125033490989,2.83157551225008,2.0857670781443765,39.40296722351085,0.241887538724932,0.2100608965051095,39.402967223510856,0.1949458761266072,0.2079187578163164,-2.870331194290088,2.0348508705683903,7.026598575925355e-05,0.0122542820284817,0.0018829089754239,-0.3525921201846708,-0.3453454336780163,0.001526300304462,0.0056146758012564,1125.0,10.2,50830966,2015 VL164,(0.04161541889225023-0.26195777825778926j),(-0.060930673753725226+0.20060487566092144j),6.573699482786708e-07,-6.573699482786648e-07,0.2377192442028114,39.322460845112566,0.2129688372120439,0.2652427580148693,0.2112212366185857
2578,2015 VL165,39.46030333838802,0.1587623785426363,0.4086496461122256,3.375883084407489,2.0830789749659964,39.40447649403846,0.1243848522793319,0.4210915088703351,39.404476494038455,0.1218356885872133,0.409192932387769,-3.0866910459165355,2.107572482914202,4.4535893839156e-05,0.001194200466067,0.0005764509121688,-1.636219239024422,-0.3001403392753899,0.0145830439930454,0.0003912534087414,3340.0,7.86,50830991,2015 VL165,(0.10025070313024363-0.14737282341441377j),(-0.14905629203151377+0.37078334259282686j),6.397604989968263e-07,-6.397604989968163e-07,0.1587623785426363,39.46030333838802,0.3973705272689914,0.1782384710415914,0.4111048914754393
2579,2015 VL166,47.79741255039676,0.3219869174314312,0.09866445688005,3.84553742033974,1.8351843657433493,47.733160875640216,0.311788977119293,0.1163360899035043,47.73316087564023,0.3119963499021145,0.1161617604794862,-2.439163346523664,1.8292809229809843,1.2977558391505404e-05,0.0006052639675218,0.0005834030344119,-0.372767589125466,-0.2029211226120618,0.0058405666271017,0.0008487257745258,1125.0,10.1,50831020,2015 VL166,(0.2695871784142741-0.18243231549670108j),(-0.02776466391823791+0.08745644731398161j),1.974854863168523e-07,-1.9748548631685175e-07,0.3219869174314312,47.79741255039676,0.0985044570394225,0.3255131280038603,0.0918871198101089
2580,2015 VL167,36.46666786015084,0.1459022373850426,0.1721599406689141,0.3964901172462785,-1.1435355567454144,36.42924284424797,0.1345039536008548,0.1724051745838045,36.42924284424798,0.1088833957700741,0.1714979738763784,0.806030658209459,-1.1551233367802358,4.180902528227135e-05,0.0038206955045863,0.0078646498498809,-1.6967291606086414,-0.5578033026133388,0.08080835432128,0.0036355939945981,534.0,9.6,50831107,2015 VL167,(0.10590087242336746-0.11190424649110517j),(0.08621605886945599-0.15034265996565954j),1.2908832969427502e-06,-1.2908832969429494e-06,0.1459022373850426,36.46666786015084,0.1713107573856898,0.154069968399985,0.1741888617089916
2581,2015 VL168,87.51466184229994,0.5685071031791645,0.2979946089130629,4.97961332890593,2.2061300065596114,87.91367912686674,0.5635313873642135,0.3160059775824543,87.91367912686671,0.4798833707373864,0.2835335944228643,-1.0171371153615705,2.094473945258767,0.0083118914024055,0.0629529836413326,0.0204390661181218,0.0207548940770397,-0.0404663919273059,0.0218925338711629,0.0073756506812492,831.0,6.1,50831182,2015 VL168,(0.3690328065208919+0.46747898968572044j),(-0.15827467725826241+0.21140443328995565j),1.5498733294835992e-08,-1.5498733294835992e-08,0.5685071031791645,87.51466184229994,0.2936037904342725,0.5955852735639691,0.2672586942318145
2582,2015 VL169,44.87549019340459,0.1060007047211305,0.1033487040107271,1.8862093189983595,-0.8284813459904384,44.87654953092281,0.1039051463841534,0.0949934577681171,44.876549530922816,0.1039864328720573,0.0947814129458888,1.7726342691667214,-0.7311485415285824,1.8472660925397045e-05,0.0046575840703177,0.0052841711986035,0.3612457975225936,-0.3767322173050376,0.000428110656832,0.0049451466398985,2304.0,7.66,50835719,2015 VL169,(0.05355282175789213+0.09765009720515633j),(0.06321851895860013-0.08230929569071699j),2.7738097466267e-07,-2.773809746626706e-07,0.1060007047211305,44.87549019340459,0.1031648251020421,0.1113707600872376,0.1039725895760223
2583,2015 VL170,40.07278695022897,0.0596151065748285,0.4514733977185619,0.0168944315683816,-0.962508226566353,40.0644676832684,0.0648285371207336,0.4450949576573756,40.0644676832684,0.063812409049342,0.4305610061075202,0.0604221487462771,-0.9743377920331108,0.0022422501355494,0.0016689131210859,0.0002410869988668,0.2159775181477078,-0.3569138551942111,0.0001909168833128,1.6715784756989212e-06,846.0,8.5,50835744,2015 VL170,(0.018330806214413305-0.1101862093088492j),(0.37909603477408815-0.31437634070202713j),5.703050761449791e-07,-5.703050761449791e-07,0.0596151065748285,40.07278695022897,0.4362917782040583,0.1117005782363005,0.5149483357437975
2584,2015 VL171,46.84484608430836,0.0435578499758095,0.003912334875822,5.402675745046556,1.5501993094693154,46.83962734746753,0.0443515463265862,0.0095120342886697,46.83962734746752,0.044260681083714,0.0088004909682106,-0.5313725870421996,1.187775419591013,2.136326648410481e-06,5.900038483386415e-07,3.5821529410498914e-05,0.2982109453613493,-0.2877247136310917,0.0005581791002855,0.0011940540198864,746.0,7.7,50835770,2015 VL171,(0.03504472899932612+0.03009275849135535j),(-0.003434134984185997-0.001499439500837041j),2.1929952132108814e-07,-2.192995213210879e-07,0.0435578499758095,46.84484608430836,0.0039123248952259,0.0461920679798517,0.0037472213210547
2585,2015 VL172,43.600244310734766,0.1104821691403357,0.0554631795509107,0.2857207435685733,-1.4618233456390517,37.3921105966283,0.1737047157340233,0.069161484969278,37.3921105966283,0.1270931408652829,0.0575803008319731,-1.511318329223462,-0.8924697446167335,6.271525582211798,0.3461704370387958,0.0205864977979803,0.6731841768779516,-0.4747614110388719,0.2992317946458718,0.0257954011023934,734.0,9.3,50835792,2015 VL172,(0.044847858331264416-0.09405005298332057j),(-0.0042721133864685795-0.06286063008877855j),3.2784649614478346e-07,-3.278464961447829e-07,0.1104821691403357,43.600244310734766,0.0554347482822062,0.1041956950313522,0.0630473931489148
2586,2015 VL173,44.59713714675497,0.0739739256048685,0.0315348125105823,4.8073823180143895,1.6287942466303236,44.588669446835226,0.0771987085446863,0.0388355285760186,44.58866944683525,0.0769655951381847,0.0382729168203299,-1.2854660182402953,1.4786611338173776,3.365677363493588e-06,3.298639317682554e-05,0.0001284282068491,0.3874404188009194,-0.3878321808305215,0.0011564768601165,0.0018153369145957,1125.0,8.5,50835819,2015 VL173,(0.07475339748187719+0.016915734748216036j),(-0.008880232052787235+0.024800561372625332j),2.873510644997244e-07,-2.8735106449972745e-07,0.0739739256048685,44.59713714675497,0.031529586167503,0.0766434114399634,0.0263455297233988
2587,2015 VM164,39.23816762835528,0.2524382825201245,0.3035358622609709,5.877616387035308,-1.003997996639478,39.403163493032125,0.2681856514327286,0.2858503076994441,39.40316349303212,0.2069984741911228,0.27816328447655,-0.6066743608116805,-1.2798477339420185,4.42918607246618e-05,0.0143930919912984,0.0035310654112156,-0.1528444142481849,-0.3756197810055959,0.0289155090529343,0.0113570843367469,1125.0,9.9,50830969,2015 VM164,(0.034159607564665045-0.2772498011307065j),(0.20000222393092543-0.23525662384103743j),6.684414797595306e-07,-6.684414797595334e-07,0.2524382825201245,39.23816762835528,0.2988962905186377,0.2793462564918102,0.3139126048632153
2588,2015 VM165,39.457081490689234,0.2068152355524024,0.1033401997046968,0.3448530683680832,-0.6850149096133281,39.40379518814253,0.1980525831314201,0.1064074781956661,39.40379518814255,0.1978540952841328,0.1061161245305193,0.3358817251463413,-0.6332676048458613,5.849593926702289e-06,6.061817657694314e-05,5.3973509170216494e-05,-0.761062236527732,-0.3640099622501966,0.0002482674847058,0.001683204706163,823.0,10.1,50830992,2015 VM165,(0.18811481179220368-0.09970730549950924j),(0.12749393282382976-0.04542271080550194j),6.403726859026967e-07,-6.403726859026906e-07,0.2068152355524024,39.457081490689234,0.1031563661689243,0.2129054465850713,0.1357603775552428
2589,2015 VM166,63.01940071011009,0.4411360507726851,0.0135889575532094,1.2506462381440642,-3.01481390577257,64.95214048574744,0.4515607157140152,0.0405489123547608,64.95214048574746,0.3557412520389094,0.0348777058367776,0.396494380567288,-2.4500615654026694,0.5635813293266181,0.0315865165073793,0.0062996432943173,0.1841332232042091,-0.2144673085019011,0.0215512818405107,0.0102712078042528,1041.0,8.3,50831027,2015 VM166,(-0.08695125418355193-0.4441171909105035j),(-0.011940627697256581-0.006520538410780771j),5.6229820755008664e-08,-5.6229820755008684e-08,0.4411360507726851,63.01940071011009,0.0135885393347807,0.4525490027238257,0.0136054192245673
2590,2015 VM167,36.38726280334331,0.2072998953394228,0.0812759516667795,2.669063503954865,1.9358622667412704,36.42779447991821,0.1983027820734924,0.1056710871332071,36.42779447991822,0.1790097360229986,0.1044875643441318,-3.823283103099606,1.941334212696465,1.7711901201703703e-05,0.0094211683500206,0.0060349853565349,-0.578399148271748,-0.5634667060215975,0.0068316680855827,0.0054383774690966,831.0,9.8,50831108,2015 VM167,(-0.023682548685090364-0.21969311226404117j),(-0.013547416573212543+0.08031060842602211j),1.321364978516151e-06,-1.321364978516164e-06,0.2072998953394228,36.38726280334331,0.08118649937001,0.220965894853668,0.0815355470850904
2591,2015 VM168,63.37656060736775,0.4077250602146957,0.2512477791608093,3.1856694624734745,2.0700449258288782,63.59143686600429,0.4198405665812165,0.2459762763552359,63.59143686600429,0.4192715981216205,0.2441023158824091,-3.0588526957876323,2.0286722237049664,0.0795985430846269,0.0048982917718866,0.0013977309205724,0.1077277833763485,-0.1359131222458342,0.0009987716642382,0.0014606012531266,1120.0,9.6,50831184,2015 VM168,(0.21559759958446434-0.35651321685223336j),(-0.11379158856596257+0.20532668371100066j),5.493114820326872e-08,-5.493114820326872e-08,0.4077250602146957,63.37656060736775,0.2486127550711369,0.4166341305473072,0.2369613955056227
2592,2015 VM169,40.67658305579503,0.0123896519402303,0.502938237410842,1.2603910138705663,2.051371312522785,40.674223139872765,0.0125562993640474,0.5068317942369207,40.67422313987275,0.0124559618700344,0.4854411534226028,-5.176150069168197,2.0580446406038235,0.00027894924063,0.0002226011692055,4.712436424953761e-05,0.0797884414663764,-0.2958627688945646,0.0001447950529653,1.4104491278409903e-06,3697.0,8.39,50835720,2015 VM169,(0.1034833663684475+0.421068334295369j),(-0.4089716540421856+0.35861021004170973j),5.125537609270852e-07,-5.125537609270883e-07,0.0123896519402303,40.67658305579503,0.4820020113122932,0.4335981425942954,0.5751126379033746
2593,2015 VM170,45.25982337701184,0.129438562504134,0.1070758575434392,3.5595221207705925,1.957797567820242,45.2479443652478,0.1404596239957261,0.1203898464042644,45.24794436524779,0.1402503005213074,0.1200943108043099,-2.60848258599784,1.9536977068375565,0.0013965874745218,0.0011881754012257,0.0011044620414866,0.3498714336608221,-0.3796709838088768,0.0015491298538317,0.0006984113562395,1122.0,8.3,50835745,2015 VM170,(0.09481845355030577-0.08532689767470882j),(-0.04587738968456072+0.09256860029131325j),2.643502630846608e-07,-2.643502630846601e-07,0.129438562504134,45.25982337701184,0.106871366417859,0.1275586868874939,0.1034981842384456
2594,2015 VM171,43.99685774662375,0.100938527430636,0.0143253318371076,2.5508596698722403,-1.1701436673522456,44.003168120317696,0.0989944628356233,0.0157563228054531,44.0031681203177,0.0983917959441,0.0095927957703169,1.6300899877079456,-0.3926082903847721,0.0003694676849461,8.21234055338486e-05,0.0001432623331181,0.4414462585612824,-0.4600831579870972,1.9024577997098125e-06,0.0004137311817442,831.0,8.3,50835771,2015 VM171,(0.021037393245415585+0.10620463605808184j),(-0.003210704384791676-0.020461185555977986j),3.108313929231655e-07,-3.1083139292316655e-07,0.100938527430636,43.99685774662375,0.014324841879657,0.1082681699983511,0.0207130415221615
2595,2015 VM172,45.859240570465325,0.0774722216876424,0.0250561394015436,0.6708190149842013,-2.1027743030089274,45.85745672110985,0.080795218864368,0.0206159948793567,45.85745672110984,0.0807473428336301,0.0200228763859468,0.686145412227612,-2.069481741045007,3.999815509959438e-05,1.912299369831624e-05,0.0006021759925487,0.335768735533754,-0.3334331503216081,0.0016480897496796,2.240327530361681e-06,855.0,8.5,50835793,2015 VM172,(0.011831201059599502-0.07288079590923834j),(-0.017385842388986918-0.02734940600212293j),2.458840884657494e-07,-2.4588408846574936e-07,0.0774722216876424,45.859240570465325,0.0250535177341858,0.073834867988483,0.0324133523508961
2596,2015 VM173,43.92086276808252,0.0541163071883285,0.0446834304125379,1.0242496374562489,1.9684364177495333,43.92099143688967,0.0522883241533059,0.0598255311952358,43.920991436889686,0.0520091720793811,0.0593469065890632,1.1330657001664493,1.8302046758501769,4.344022035634267e-06,0.0001327501119028,0.0001310388177039,0.4037299344580836,-0.4085725231140268,0.000135945150129,3.271940044537752e-06,3697.0,6.33,50835820,2015 VM173,(-0.05162230554459336+0.015089179767636351j),(-0.026327215248430402+0.03375761388072533j),3.1391892664052765e-07,-3.139189266405268e-07,0.0541163071883285,43.92086276808252,0.0446685626739965,0.0537823928047032,0.0428231181512571
2597,2015 VN164,39.44859056351381,0.2415314220089412,0.1466145167111791,1.7100848821229695,-0.9294929601104904,39.4031496092754,0.2396077393609226,0.1441082132174793,39.4031496092754,0.2357201864109609,0.14362964374683,1.5518443294767104,-0.8905325556332896,1.2068361556691647e-06,0.0005972078522347,0.000350188601712,-0.3937723735992841,-0.3937716761091713,0.0006117020454164,0.0006104281984351,1125.0,8.7,50830968,2015 VN164,(0.16503295923134204+0.1411016287684528j),(0.13432223011420769-0.09657504456493098j),6.414121682167577e-07,-6.414121682167754e-07,0.2415314220089412,39.44859056351381,0.1460898145157297,0.2171302541650151,0.1662004870741959
2598,2015 VN165,39.224108620816864,0.2286378094192909,0.0420303952181674,5.623839192902585,-0.2812215465875182,39.40421989046116,0.2203637568348482,0.0636951757332317,39.40421989046117,0.1784161151666052,0.063677132656509,-0.7958450203720017,-0.0243067689530116,1.9323134627852457e-05,0.0147248357972497,0.0072846356538988,-0.4943309034927844,-0.4110155885722945,0.0543205412959279,0.0010421234809678,773.0,10.0,50830993,2015 VN165,(0.12901333201550164-0.21176762361668497j),(0.07971605865714267+0.003976151826872585j),6.70315038473574e-07,-6.703150384735821e-07,0.2286378094192909,39.224108620816864,0.0420180214831732,0.2479717045350134,0.0799001472294007
2599,2015 VN166,62.70348202564602,0.4808213032910043,0.1212758932874615,1.8799882281665423,2.287456927293964,62.54653904596789,0.4785941487063342,0.1294793285036572,62.54653904596788,0.4792475819294055,0.1270618816512126,-4.4003597166055215,2.205465253622236,3.4824078836907736e-05,0.0056392271529162,0.001204645912784,-0.0758775814230698,-0.0939438059745738,0.0006909918819774,1.7179829639125167e-05,1125.0,9.2,50831025,2015 VN166,(-0.25718243713247846-0.4241323804716949j),(-0.07374075592135727+0.0806858154786199j),5.740353055288571e-08,-5.7403530552885786e-08,0.4808213032910043,62.70348202564602,0.1209788273794984,0.4960152035310891,0.1095252919297812
2600,2015 VN167,36.477758097178494,0.0722418648384965,0.0735055410747406,3.974090099385984,1.6782588363778452,36.437021612865614,0.0644599755418108,0.0479191404921297,36.437021612865614,0.0642657200407333,0.040008928885216,-2.42466703169485,1.8048396724697269,6.091794603929123e-05,0.0002875755904115,0.0005630299861044,-8.086935210817211,-0.900819540774302,0.0812796291755098,0.0026186383893924,858.0,8.3,50831109,2015 VN167,(0.05691113462455071-0.055133237047410286j),(0.007502363515871996+0.07828489178541156j),1.2869894836326146e-06,-1.286989483632612e-06,0.0722418648384965,36.477758097178494,0.0734393664238023,0.0792373085836442,0.0787248537041833
2601,2015 VN168,61.351611473700586,0.4020162575444285,0.3678920365118653,1.2934240651171631,2.158476992882062,61.619973911890256,0.3986902204140269,0.3756861650173964,61.61997391189026,0.399579178196854,0.3674666577732608,-4.985302113286368,2.158675282635179,0.0398576489661528,0.0031375091874834,0.0025054514210807,0.0750572421669228,-0.1150658985416244,7.197958467015006e-05,0.0015832316418868,1125.0,7.4,50831185,2015 VN168,(-0.39106530478764506-0.12502777038962046j),(-0.19337337038670022+0.2864662219855963j),6.288238557544029e-08,-6.288238557544037e-08,0.4020162575444285,61.351611473700586,0.3596493179963065,0.4105654831780837,0.3529040040832782
2602,2015 VN169,42.50356771644902,0.0346599238663047,0.0851416414331307,3.99168965025336,-0.6968157080189779,42.50105699652937,0.0350399809642264,0.0758977009122618,42.50105699652936,0.0328662125054723,0.0750722198499049,-2.347572080039699,-0.6147818785965136,7.188355370874924e-06,0.0008686457553807,0.0003414324487349,0.4813762017157699,-0.4843703092149732,0.0024954567329128,0.0006229450187459,533.0,8.3,50835721,2015 VN169,(-0.03031787580019217+0.008626161561643666j),(0.04774795818686145-0.06552624966208792j),3.830922796093026e-07,-3.830922796093002e-07,0.0346599238663047,42.50356771644902,0.085038812011776,0.0315211715569624,0.0811665664063186
2603,2015 VN170,41.60768116765707,0.1037386734238231,0.3002025222551164,4.013995423380457,2.100492137922459,41.60621420890384,0.1073016476927992,0.3099774076017787,41.60621420890386,0.1070987357537341,0.3049841024328165,-2.2864520111635858,2.115117532010932,0.0016740455798856,0.0001244641650227,4.8444337125367945e-05,0.2978481448806493,-0.4085721250563837,0.0022380050824733,2.183413690687063e-06,828.0,7.9,50835746,2015 VN170,(0.11031311422753111+0.011000960904392922j),(-0.1843147091602601+0.23946826764392706j),4.394997458394597e-07,-4.3949974583946594e-07,0.1037386734238231,41.60768116765707,0.29571367749977,0.1108602918605047,0.3069860477533427
2604,2015 VN171,43.719719249402345,0.030908013006181,0.022390659828971,2.8529882735243053,-0.8150138374813258,43.718253157542456,0.0241829552258679,0.0162305602770571,43.71825315754246,0.0233931007620352,0.0136599586943867,2.2454045633522406,-0.4345709660705729,5.406747014148632e-07,2.003018933373379e-05,4.320009758473298e-05,0.4204827435412678,-0.4179098022215907,0.0019384512373771,5.696798965381223e-05,3370.0,8.09,50835769,2015 VN171,(-0.012010065157342532+0.03515553680572758j),(0.005554851725038621-0.023994426537282735j),3.2260562832121805e-07,-3.226056283212204e-07,0.030908013006181,43.719719249402345,0.0223887889808201,0.0371504163258297,0.0246315158335586
2605,2015 VN172,45.62419895496253,0.0512526642240003,0.0316823644086467,4.736228490605244,-1.8714515058867605,45.624563013419625,0.0465074983715674,0.02500330317895,45.624563013419625,0.0464150839435216,0.0245488763679352,4.648609886217332,-1.8044736719438923,2.9225505112480954e-06,8.321824254926206e-05,0.0004397979899691,0.3334708549846497,-0.3310846201987389,3.476969986284725e-05,0.0005086801953772,2278.0,7.64,50835794,2015 VN172,(-0.04812898484575872+0.01815753561682557j),(-0.014420723218727127-0.03614822518113992j),2.528865997666355e-07,-2.528865997666358e-07,0.0512526642240003,45.62419895496253,0.0316770643618083,0.051440210749564,0.038928354489376
2606,2015 VN173,42.72174991433476,0.0511848953306661,0.0692644127255669,2.7166988723358223,-0.6886569951571703,42.71943142688416,0.0342264502535459,0.05348369172256,42.71943142688416,0.0329610806296954,0.0521346641445574,2.329625162539576,-0.5053740597315964,5.400452203987807e-06,0.0007133807077478,0.0004159136801841,0.4696248586766028,-0.4766689035606675,1.882663763588614e-05,0.0004747242318283,801.0,8.3,50835822,2015 VN173,(-0.019134167643595157+0.058215678916703935j),(0.03791909462826556-0.054051017742409155j),3.710538070277657e-07,-3.710538070277715e-07,0.0511848953306661,42.72174991433476,0.0692090426596831,0.0612795369038145,0.0660735932805252
2607,2015 VO164,39.53545213776913,0.3014393110884935,0.2301950883344836,0.0273717823474788,-0.9528571969792976,39.40253281686634,0.3011552480500706,0.2204554651785582,39.40253281686635,0.3004622825598643,0.2184951003009384,0.0452840242729547,-0.9041138123398298,1.670325798826779e-05,0.0103521421959484,0.0010141041218399,-0.0642946999938241,-0.3499115944555762,0.0023986597412618,0.0018041105742601,1652.0,8.92,50830971,2015 VO164,(0.17499338536098713-0.2760136564482261j),(0.18221041447072395-0.16186278590944161j),6.306360685683692e-07,-6.306360685683718e-07,0.3014393110884935,39.53545213776913,0.2281674701509772,0.3268122143770308,0.2462012793977692
2608,2015 VO165,39.47568453152455,0.210328021879545,0.1581787237913489,1.0117499920683732,-0.989566108906182,39.403189481045935,0.23749170914511,0.1106351652675833,39.403189481045935,0.1891491769297842,0.1083985959235822,1.125683100253989,-1.0363796307180042,1.3001828065010615e-05,0.0167707148227505,0.0014573138525582,-0.3873852933871267,-0.3619227991397283,0.0060904176173664,0.0039364068804159,1125.0,8.6,50830994,2015 VO165,(0.2034223434876752-0.026066042835393714j),(0.13499339570858712-0.11099066523293351j),6.381133617245597e-07,-6.381133617245562e-07,0.210328021879545,39.47568453152455,0.1575199298115995,0.2050855636535987,0.1756651705338134
2609,2015 VO166,75.6750550823632,0.4908738100691386,0.2061294367737897,1.0275673930795757,1.9812172749636456,75.76947243164354,0.4938707549987069,0.1979315042124955,75.76947243164354,0.4221291029340169,0.1964469814155239,-5.001718491235344,1.9803219444693687,4.637096287627444e-06,0.3744690418914143,0.0013208190148265,-0.0258341821635893,-0.0540074347982779,0.0022337899249827,0.0017409353402274,1122.0,5.9,50831032,2015 VO166,(-0.5029718511001069+0.06730675193919569j),(-0.07529819977011334+0.170953153747337j),2.7026897383892492e-08,-2.7026897383892505e-08,0.4908738100691386,75.6750550823632,0.2046728173114693,0.5074553003523291,0.1879053205120086
2610,2015 VO167,58.90720461353053,0.4068428812541599,0.2931841826207023,5.316271011714713,-1.054994410240263,59.120994009130456,0.396254527167439,0.3195932047088596,59.120994009130456,0.3419615140998188,0.2653441914127195,-1.21033251412216,-0.7843230053602842,0.0387641946675608,0.0231608165012715,0.028674327255482,0.1427772450636576,-0.1658085696445955,0.0067393733769956,0.006001255984505,1122.0,8.2,50831127,2015 VO167,(-0.181207595106182-0.3738167813556325j),(0.1382067154920963-0.24769384576205555j),7.472011835369147e-08,-7.47201183536915e-08,0.4068428812541599,58.90720461353053,0.2890019938072798,0.4154216876226502,0.2875909866372056
2611,2015 VO168,53.65681138083638,0.2884153297957228,0.0890214493805287,3.7737002500197296,2.087168831478432,53.58366427328278,0.285480666864997,0.0867218728519689,53.58366427328278,0.2512190815737796,0.0863663065836753,-2.343277760048543,2.005844690515908,0.0433136830256848,0.0339922649058041,0.0041441723540789,0.2211115795185312,-0.2342307609952673,0.006052485702968,0.0025834014225097,1125.0,8.1,50831186,2015 VO168,(0.26619624979651535-0.11855363013105052j),(-0.04329419206697548+0.07097166067305294j),1.128887750493637e-07,-1.1288877504936397e-07,0.2884153297957228,53.65681138083638,0.0889039161575888,0.2914024821839696,0.0832306731565629
2612,2015 VO169,45.65064811426639,0.1162357290646815,0.0385054172140364,4.075228308991829,0.0903434237705364,45.651425704038445,0.1196181947322152,0.0469164511304581,45.65142570403845,0.1195267505419344,0.0466462588849836,-2.21189343748232,0.1587860409892848,1.8630743164376185e-05,0.00021864608493,0.0006403743089752,0.3569137008063456,-0.3637984602940437,1.7385393561473551e-06,0.0018888784986933,502.0,8.1,50835722,2015 VO169,(-0.05939124548088196-0.09531561995817882j),(0.03320995159165617-0.0024329883360003786j),2.521275701832568e-07,-2.521275701832541e-07,0.1162357290646815,45.65064811426639,0.0384959027998349,0.1123048861260379,0.0333051105236812
2613,2015 VO170,43.92870930516575,0.0393467268277998,0.0232608466929702,2.800300380379948,0.0816581685111861,43.92834191894302,0.0341888917423992,0.0281609262376735,43.92834191894302,0.0337296971457657,0.0271049668135667,2.5790663193239656,0.2336426755235632,0.0001324032593534,1.6802624685765677e-05,3.967059088655652e-05,0.4085507943659059,-0.4064155811436641,2.2337164493466628e-05,0.0019333738663349,740.0,8.0,50835747,2015 VO170,(-0.03600816156002394+0.01721012300559151j),(0.014161994942435056-0.005497150211512407j),3.13596095839428e-07,-3.135960958394301e-07,0.0393467268277998,43.92870930516575,0.0232587491370037,0.0399095982540588,0.0151920543915621
2614,2015 VO171,44.06830116137432,0.0549972941961975,0.0255828261809394,5.1642041304589705,-0.6931909164842204,44.06591847310834,0.0599124666999227,0.0246194959511298,44.06591847310833,0.0596272934631396,0.0233076095929666,-1.3561467324927876,-0.3817575197601719,1.2937122291250477e-06,6.762809944209407e-06,4.3108886728207504e-06,0.4085952666759116,-0.4085815517578948,1.9788855778850268e-05,2.0192783938294003e-05,1036.0,7.7,50835772,2015 VO171,(-0.011239970171416138-0.04666192277636051j),(0.011118665767478239-0.023544436079129264j),3.078544288475912e-07,-3.0785442884759026e-07,0.0549972941961975,44.06830116137432,0.0255800356933329,0.0479965828642139,0.0260407078710659
2615,2015 VO172,43.4146747180876,0.1237398603495663,0.1655752490079751,1.3252925278875385,2.2186464753986805,43.42573386836732,0.1196045331908074,0.1782113677840788,43.42573386836733,0.1190997600499064,0.1772363125649387,-4.912723243091886,2.1997661829656088,1.333225056570127e-05,0.0002429277033543,7.649527229670903e-05,0.3906897342395574,-0.4273591984221578,0.0007821344675891,9.12536699394154e-06,1125.0,8.4,50835795,2015 VO172,(-0.11159803263859734-0.039787230900554145j),(-0.11055320212172534+0.12312183917726219j),3.363381687109337e-07,-3.363381687109343e-07,0.1237398603495663,43.4146747180876,0.1648197399630618,0.1184784564025859,0.1662366357791631
2616,2015 VO173,44.86064082749736,0.1524192468477131,0.3481925083190532,5.3633224105065285,-0.9624318177537132,44.86723483342669,0.1517052723692719,0.3446726005986739,44.8672348334267,0.1518531459061914,0.3381766248518151,-0.8775259545369776,-0.9551283330245856,0.0001626009179922,0.000237236193935,0.0005771352025498,0.1783575518674768,-0.2840666333755063,9.565649675505e-05,0.0018839893385494,858.0,9.0,50835821,2015 VO173,(-0.04540236843031821-0.1403113392921905j),(0.19038981691210044-0.28902917125299715j),2.7791616887024224e-07,-2.779161688702404e-07,0.1524192468477131,44.86064082749736,0.3411993398882856,0.1474742248430231,0.3534124313211571
2618,2015 VP164,39.22072106667616,0.2527074577319074,0.1073992340405324,1.979587173889163,2.256546353530584,39.4038927563414,0.2277139083511865,0.1567955424577707,39.40389275634139,0.1742506387673899,0.155626890469074,-4.314224870198194,2.260626404831008,2.9628936904551064e-05,0.0100508545069443,0.0018299349416043,-0.4032442644125302,-0.3919779493234416,0.0633167826778067,0.0023494553603435,764.0,8.9,50830965,2015 VP164,(-0.12342613438045644-0.2521806159052202j),(-0.02709526672202743+0.09716087831736672j),6.707988590422191e-07,-6.707988590422279e-07,0.2527074577319074,39.22072106667616,0.1071928852975029,0.2807651575363984,0.1010400133532134
2619,2015 VP165,39.394771091296896,0.3352504205789863,0.2777929061907524,4.594108828030937,2.140681374089376,39.4018821102946,0.3085619073673399,0.3095231360283629,39.40188211029461,0.3037615956447808,0.3036971455242725,-1.630596842103354,2.1214501941933595,1.2349168567881446e-05,0.001372156219326,0.0011583413445394,-0.1056630221534035,-0.3005612623337271,0.0015691569428668,1.142587208601612e-06,3697.0,9.54,50830995,2015 VP165,(0.298490456414788+0.11945242253789116j),(-0.09938242834324637+0.2443084921946056j),6.484786898946971e-07,-6.484786898946944e-07,0.3352504205789863,39.394771091296896,0.2742338376777176,0.321504951471792,0.2669067134785597
2620,2015 VP166,75.196568261444,0.5242132864912509,0.3577618201555244,5.330874634082768,-1.0749146367168243,75.75472299649927,0.53163940635854,0.3487358473276694,75.75472299649928,0.4680750288358658,0.2980130696984684,-0.6917151247246902,-1.1002836091249673,0.0175456401630337,0.069649752969425,0.0327763511172975,0.0211272453376485,-0.0615469513684662,0.0274146290488872,0.0132136199014541,1125.0,8.2,50831029,2015 VP166,(-0.24008482662053243-0.48893013336951224j),(0.15757076116003793-0.29398088491678465j),2.7701699540432652e-08,-2.7701699540432652e-08,0.5242132864912509,75.196568261444,0.3501786472671742,0.5446956942092899,0.3400630760034331
2621,2015 VP167,40.647106403792414,0.1171742985153009,0.3627611914633921,5.528603149247454,-0.9673730603539228,40.64433416410379,0.1277486259839582,0.3501229327558545,40.64433416410379,0.1127540015213674,0.3430339248061734,-0.90615823148782,-0.9454762882458552,3.848817417678996e-06,0.0084956777446694,0.0003368688100672,-0.1101046554603465,-0.4202308751529867,0.0069010121614416,0.0017450644217933,3369.0,8.7,50831129,2015 VP167,(0.1730906359024602+0.5824757478751149j),(9.243795239588515e-05-0.3898801033286672j),5.150996141906974e-07,-5.150996141906971e-07,0.1171742985153009,40.647106403792414,0.3548570774115964,0.6076498704844695,0.4005014010484144
2622,2015 VP168,45.49181614285897,0.0037251936122462,0.0274178733068036,3.0449514104938142,-1.7635915350422522,45.49074239714569,0.0063979344903917,0.0217259749044348,45.490742397145695,0.0053567521371353,0.0212152411513175,2.505985325578295,-1.6622603667673257,4.511471837077693e-05,0.0010409851890398,0.0005205481470023,0.3357237506426295,-0.331084638916913,0.0018780563895731,0.0005976780620507,801.0,7.9,50835698,2015 VP168,(0.00230876601910955+0.007852773544818262j),(-0.01050823985191911-0.032889864720156585j),2.569420011112956e-07,-2.569420011112968e-07,0.0037251936122462,45.49181614285897,0.0274144382515934,0.0081851360939933,0.0345346255380029
2623,2015 VP169,42.67951323256483,0.0578606295176387,0.0542717432474081,4.35755376704533,-1.4940021443942637,42.67513554012776,0.0425200230140143,0.0329523065464004,42.67513554012776,0.0409076180765786,0.0300020618512614,4.059289065324672,-1.2754548240772268,5.605248178876563e-07,0.0002166730417433,0.0002184862849038,0.4886809565236998,-0.4861430635963682,0.0002589122543677,0.0019894890199249,526.0,8.2,50835729,2015 VP169,(-0.05210204977413397+0.02844857553845794j),(-0.01170768044347506-0.06428036923760327j),3.733260613577801e-07,-3.73326061357777e-07,0.0578606295176387,42.67951323256483,0.0542451049719612,0.0593628254114785,0.0653844355228923
2624,2015 VP170,46.07090524752839,0.1283981323209712,0.0799304413449799,0.8478944258077536,-0.6318035611212937,46.05496168052266,0.1422574595356162,0.0932299142372027,46.05496168052265,0.1424839968311424,0.0930636580134179,0.7858921226479122,-0.5370231205297801,4.62578658181972e-05,0.0057473474729047,0.0092975481566907,0.3336756875033356,-0.3534512774359863,0.000226248960559,0.0028974834228811,828.0,8.1,50835748,2015 VP170,(0.12673441120273352+0.03126944805958634j),(0.05981085796366738-0.05268961424697124j),2.397675908200735e-07,-2.3976759082007425e-07,0.1283981323209712,46.07090524752839,0.0798453575898865,0.1305350120268685,0.0797937075304069
2625,2015 VP171,43.33901559974209,0.0449006308392778,0.0474473751743084,0.7675474343954747,-0.85191227267148,43.334575990069965,0.0559345626958785,0.0406190456702923,43.33457599006997,0.0553189579728112,0.0394242341471553,0.5869386066864741,-0.6016494425228,8.449727182793437e-06,9.316302023323688e-05,0.0001744794423084,0.4502967025181794,-0.4484899874279929,0.0005187688567292,0.001121225758597,858.0,8.4,50835773,2015 VP171,(0.047296247213825124+0.005290440591642239j),(0.01971539246370679-0.04408739126865131j),3.399366382892197e-07,-3.399366382892203e-07,0.0449006308392778,43.33901559974209,0.0474295745005844,0.047591215178486,0.048313666628525
2626,2015 VP172,45.35397520207252,0.1440478583406682,0.0774409595106709,0.5629007545596636,2.3765084122287687,45.38382038288229,0.1882091694873874,0.1561831641494589,45.3838203828823,0.1792015508202379,0.1556618538771613,0.6815342997921929,2.136971391865848,0.0381925124169953,0.0100966075499531,0.0189929167268665,0.3789652261140334,-0.4154660765410947,0.0128996665803322,0.00726815351789,1122.0,7.4,50835796,2015 VP172,(-0.1402314871863572+0.03349558477598803j),(-0.061046182136395524+0.04727819709372859j),2.613746410464897e-07,-2.613746410464905e-07,0.1440478583406682,45.35397520207252,0.0773635791589728,0.1441763649076466,0.0772900383825375
2627,2015 VP173,43.8866217502474,0.0562924860320184,0.0322506587740439,1.6759305654161831,0.0959637374518338,43.88605001982157,0.0504217661145606,0.0338716474342594,43.88605001982157,0.0500465495433951,0.0329171454114477,1.422036719236038,0.2301329275782417,1.3370718140122196e-06,1.6891439402356394e-05,2.3419742194163266e-05,0.4132708803881133,-0.4133427267754834,3.125897948119268e-07,6.416026304753965e-05,534.0,7.8,50835827,2015 VP173,(-0.009180703505819154+0.06239337600049546j),(0.022915750566814393-0.0043640709057902825j),3.153503380688672e-07,-3.1535033806886895e-07,0.0562924860320184,43.8866217502474,0.0322450683862537,0.0630651939313672,0.0233297123216405
2629,2015 VQ164,39.58067414175648,0.2448085351752318,0.2464066020288226,0.2538709404963351,-0.9941576050921092,39.40327591879299,0.2590964489640573,0.2183914935928524,39.40327591879298,0.2256602277664315,0.2162968540790354,0.9203121721553352,-1.096316046995023,2.257000165832528e-05,0.0155563461223516,0.003276959887354,-0.2086830805246666,-0.3686186128118047,0.0092190336724521,0.0013775451292908,448.0,9.8,50830970,2015 VQ164,(0.1733279000110503-0.20006653493850862j),(0.18684251983879815-0.18077381547578386j),6.250332862044003e-07,-6.250332862043936e-07,0.2448085351752318,39.58067414175648,0.2439206815157783,0.2647058354561571,0.263000891496066
2630,2015 VQ165,39.25038341274476,0.2793476910522163,0.3466903251282113,4.975234927338211,2.106677727618735,39.40253620450815,0.2495263513938517,0.368967344486166,39.40253620450815,0.2212776500484809,0.3607144464272823,-1.3985096380120998,2.13767537136342,1.1134627104023578e-05,0.0050647452098553,0.0002682260082625,-0.316952231564361,-0.3169531659818582,0.0018068521366549,0.00181430622999,2990.0,8.41,50830997,2015 VQ165,(0.19004413038449275+0.17585857389971307j),(-0.13194754855605584+0.30646388185145623j),6.669093128363997e-07,-6.669093128363895e-07,0.2793476910522163,39.25038341274476,0.3397869168278771,0.2589266488943131,0.3401854331805543
2631,2015 VQ166,43.66388501671895,0.047917553905432,0.0271455298283561,5.687012922302225,-1.7385699972488442,43.66826946331796,0.0466252559660416,0.0187848158978849,43.66826946331796,0.0388147247382597,0.0165288442361315,-0.712540950266507,-1.562812864817606,2.8240968307832107e-05,0.0057514933410541,9.582615691515996e-05,0.1222308778142558,-0.4249929490910864,0.0096359673583091,0.0016912468518544,2571.0,8.21,50831049,2015 VQ166,(-0.030931544169529-0.02671087697379468j),(-0.014551242497345372-0.03454467071017903j),3.250481205336804e-07,-3.2504812053368134e-07,0.047917553905432,43.66388501671895,0.0271421961191339,0.040868464289972,0.0374930860683703
2632,2015 VQ167,85.48300190037328,0.5554459222063872,0.5154767301625527,4.3273942139134505,2.1530086381542284,85.71367474955738,0.5497941144947328,0.5263089151111712,85.71367474955738,0.5503966501994669,0.5051565719309016,-2.014898255223215,2.148294986871698,0.0060973871163445,0.0009232929084899,0.0463145539285554,0.0187831635960718,-0.0401411001016739,1.4529597144999642e-06,0.0072584967658819,831.0,8.4,50831128,2015 VQ167,(0.5691858574899276+0.11380116901366513j),(-0.25412035208922995+0.3829784704935287j),1.69405824317513e-08,-1.6940582431751297e-08,0.5554459222063872,85.48300190037328,0.4929496878417602,0.5804508992459405,0.4775661983317073
2633,2015 VQ168,43.54716102201211,0.0432267483532008,0.0262256286947344,4.719765568728658,2.986289063846717,43.549331694703326,0.0433027768930559,0.0354349524890517,43.549331694703326,0.0425391924006309,0.0343503921036986,-1.4003723661232523,2.666458206315594,4.213706813778007e-06,3.3479455804712146e-05,4.747497011795361e-05,0.4390980287438276,-0.4298450516529769,0.0001947461385211,0.0019352775401422,2961.0,8.03,50835697,2015 VQ168,(0.008692871184519405+0.051066409892591196j),(-0.036420103942356896-0.003944151641978446j),3.303077153077669e-07,-3.3030771530777013e-07,0.0432267483532008,43.54716102201211,0.0262226225385609,0.0518010060592338,0.0366412477555092
2634,2015 VQ169,43.85501249582882,0.0324567973850656,0.0247169356562746,5.839105353755405,-2.675196155674618,43.854224370342166,0.0263927038759367,0.0237010197445921,43.854224370342166,0.0258388064949882,0.022419039400717,6.014957997233971,-2.8968248089187525,9.309542973564992e-07,1.0248450419301463e-05,1.6515535238107667e-05,0.4109220306432593,-0.4096421848490806,0.0011404815868624,0.0010106964240976,526.0,7.5,50835723,2015 VQ169,(-0.030382942053025195+0.006597845009682054j),(-0.0313487703563384-0.0186107195602826j),3.167394854928185e-07,-3.167394854928209e-07,0.0324567973850656,43.85501249582882,0.0247144190263027,0.0310910714927818,0.0364649632190341
2635,2015 VQ170,42.52266919055487,0.1416026996786443,0.1709099349473167,0.8301774628177307,-1.1178511421804938,42.18642598692136,0.1037216351880138,0.1230576771537449,42.18642598692136,0.0765864660713768,0.1163203866827161,0.3418832535997466,-0.8600538268272522,0.0972202102766192,0.0111607439946263,0.0040787515100323,0.7582566721752056,-0.5396264381984148,0.1044364038185192,0.0033095749061374,802.0,8.7,50835749,2015 VQ170,(0.13998430880660925-0.02646988377025193j),(0.056988612226306946-0.16356125075945102j),3.821400201310387e-07,-3.821400201310366e-07,0.1416026996786443,42.52266919055487,0.1700790969262599,0.1424649481762963,0.1740829657136386
2636,2015 VQ171,45.18353665188944,0.1218899594094349,0.2145235204552863,4.859707811856178,-0.9343264282196836,45.18194101537368,0.1186570021971209,0.2099873241674815,45.18194101537368,0.118724126962544,0.2084226436876032,-1.4052750916748349,-0.9396839183756808,6.182291875318695e-06,0.0001633796221527,3.23008434221437e-05,0.2695081202835381,-0.3263883756666351,0.001704818716154,0.0001844367728472,1125.0,8.2,50835774,2015 VQ171,(-0.08514645198185943-0.0815179826330252j),(0.12098624075356663-0.1777172810288569j),2.668747503831714e-07,-2.6687475038317e-07,0.1218899594094349,45.18353665188944,0.2128818948324619,0.1178774778219202,0.2166825484857529
2637,2015 VQ172,43.79351791713129,0.0355857412054847,0.0235906150694703,3.1601981513650075,-2.49075047595652,43.792385789829495,0.0408303874805061,0.0240716727120433,43.792385789829474,0.0403622453110801,0.0226355834547323,3.330105906798762,-2.671600660423161,7.981676588375273e-06,4.412213129827573e-05,6.616033076830886e-05,0.4180067184169601,-0.4168920948532556,3.827517947649248e-05,0.0010448677140197,3370.0,7.59,50835798,2015 VQ172,(0.02944811976609049+0.029192393685180017j),(-0.0282799065110393-0.021873279025267315j),3.194383887986224e-07,-3.194383887986237e-07,0.0355857412054847,43.79351791713129,0.0235884270334981,0.041465498994086,0.0357594520648196
2638,2015 VQ173,44.716380135592246,0.1017959908305307,0.0275255338816142,4.352302101627414,0.9782630557758266,44.71227901606237,0.1075196163939425,0.0334089575089941,44.712279016062354,0.1073406304641194,0.0325989203353821,-1.7662230445802296,0.8997408764169169,6.958194847239642e-05,0.0001015826804192,0.0004719926196931,0.39994212143487,-0.4038063304164132,0.0007305485404036,0.0001503965140872,801.0,7.71,50835823,2015 VQ173,(0.06058303590633717-0.07761417972468647j),(0.008556877677120052+0.016241894859552027j),2.8306738455381644e-07,-2.830673845538162e-07,0.1017959908305307,44.716380135592246,0.0275220582034852,0.0984594593422311,0.0183591168547699
2641,2015 VR164,39.26686488483854,0.2061560173733472,0.0039083988951696,0.4194313256522592,-1.2922550540640472,39.4041860693095,0.2048976545776344,0.0066991008986652,39.40418606930952,0.2048936523804915,0.0025899471804902,-1.106262660311686,0.1822982064378361,3.826972828636923e-06,0.0002111583910959,0.0268379522114386,-0.6910386509776827,-0.3991139801247053,0.0038342693796955,0.2866499399424568,2269.0,8.27,50830972,2015 VR164,(0.12639453850079121-0.1853793272399327j),(0.042303967482928785+0.012365342510790757j),6.64417761343681e-07,-6.64417761343689e-07,0.2061560173733472,39.26686488483854,0.0039083889446659,0.2243681669282834,0.0440883938142522
2642,2015 VR165,39.50026624890361,0.0463566212374029,0.2041709624405118,5.430416543878781,-0.9097275370113866,39.42536360860525,0.0360445957689082,0.1516777940974061,39.425363608605245,0.0272403523849795,0.1249840057979107,-1.1135381623971248,-0.4540173731458082,0.0026612182748649,0.003350611042043,0.0347373281065216,-7.636813169791777,-0.5547910661293147,1.1286991789252323,0.021530408585856,801.0,8.7,50830996,2015 VR165,(-0.01703866939691718-0.07690023837647679j),(0.17548872232989846-0.14066961872013375j),6.350250181490312e-07,-6.350250181490333e-07,0.0463566212374029,39.50026624890361,0.2027554117123761,0.078765239269467,0.2268500417377448
2643,2015 VR166,43.57876442377617,0.1677223825392882,0.1350093706893077,3.0901007796355824,2.2643287428624324,-206.69585010473764,0.672009158685573,0.1142379057494155,-206.6958501047376,0.6133435634040383,0.0483810859696195,5.140342501262827,-3.093082045970336,141.07511690257462,0.3443522608370551,0.0305884015271293,-0.0023636203232711,-0.4218700754650423,0.0729665543397416,0.1841960488143862,3073.0,8.19,50831050,2015 VR166,(0.10308357487152299-0.1266119084213604j),(-0.09601223243791666+0.0950638441954144j),3.288879128603152e-07,-3.288879128603167e-07,0.1677223825392882,43.57876442377617,0.1345995964299483,0.1632690992269873,0.135527359763116
2644,2015 VR167,69.42979981794315,0.5460817978385323,0.2347402325035635,1.4144797686171555,-0.9752052887512788,69.31556082459008,0.5470032233978862,0.2285687084501163,69.3155608245901,0.548282841286332,0.2271495541840656,1.401756052123417,-0.982638725933501,2.0740781078290487e-05,0.7403230814835948,0.0014982776622068,-0.0144660232935936,-0.0760491003847143,0.0002937392200187,0.0019900404258342,858.0,8.3,50831130,2015 VR167,(0.5156699282925442+0.2424569310409423j),(0.12140105104349538-0.18248227101340941j),3.792869007126149e-08,-3.792869007126147e-08,0.5460817978385323,69.42979981794315,0.2325903500435377,0.5698252700214601,0.2209695644921611
2645,2015 VR168,44.40888134093087,0.0717873457897149,0.013980645887605,4.827827131860667,-1.7000728988343656,44.40714114379868,0.0660937504392692,0.0103801313221645,44.40714114379868,0.0658795679720252,0.0035253307909606,4.342381953000922,-1.2185412840827377,2.1120998635260285e-05,6.740378331987787e-05,0.0001183421007177,0.3980882227206763,-0.4164633274403615,0.0010452808832481,0.0013827633965668,801.0,7.8,50835700,2015 VR168,(-0.0701478926247895+0.007012542696076386j),(-0.009341343052473226-0.02066749984194987j),2.944488508549971e-07,-2.944488508549961e-07,0.0717873457897149,44.40888134093087,0.0139801904528047,0.0704975360900173,0.0226824705122939
2646,2015 VR169,42.65908477528874,0.15518462927692,0.3182625029667371,0.4411046512065955,2.291209587091282,42.636882820858766,0.158128172806107,0.3201102858686913,42.63688282085876,0.1578949441051408,0.3145690296549275,0.3862504819633208,2.31114302417738,0.0169673626806082,0.0008586311445264,0.0004462750922207,0.2874567151945201,-0.3831126826141528,0.0043638372173424,0.0021872548144076,846.0,8.0,50835724,2015 VR169,(-0.13921333613285142+0.07466609912968267j),(-0.22384954479249536+0.2264326957934523j),3.744791443165639e-07,-3.744791443165602e-07,0.15518462927692,42.65908477528874,0.3129167929014353,0.1579727170003791,0.3240441888214355
2647,2015 VR170,43.27410847723915,0.0394099905562795,0.0254963015467622,5.530995833667665,-2.0261808008426656,43.27292052688458,0.0344089593380348,0.0172542186088485,43.2729205268846,0.033573137966767,0.0127571192292186,-0.8830860119868456,-1.8478117866300223,3.367758561676646e-07,2.9888015356991868e-05,0.000102927388237,0.4485444998122523,-0.4461455297800256,0.0018706489801053,3.169437315408805e-05,828.0,8.5,50835750,2015 VR170,(-0.03418926927609236-0.004701576216092733j),(-0.02304894984906447-0.031425352814093546j),3.429271138685319e-07,-3.429271138685348e-07,0.0394099905562795,43.27410847723915,0.0254935392763312,0.0345110265357158,0.0389817449184162
2648,2015 VR171,45.16655503447583,0.0661904749887607,0.1079197690119673,1.627402704157384,2.032291889558906,45.16549271974243,0.0663074883358659,0.1166435629413132,45.16549271974245,0.0663872723385696,0.1163741523320361,-4.577238174020243,1.985923767100703,6.332029333014392e-06,0.0056375347997439,0.003403568470541,0.3224632869289814,-0.3398061123251185,0.0012741841123032,0.0025294798965598,1125.0,8.3,50835775,2015 VR171,(-0.056190216400335155-0.02807692983679841j),(-0.053808822649717425+0.0902920303841734j),2.674434359390808e-07,-2.6744343593908064e-07,0.0661904749887607,45.16655503447583,0.1077104065276303,0.0628144442638553,0.1053041689346064
2649,2015 VR172,45.44538822853494,0.0340015165356333,0.0128944114042574,2.746015324543377,-1.7882849948653432,45.44358458706274,0.0346991309421369,0.0091071618511824,45.44358458706276,0.0345166525871757,0.0073629462686278,2.4305880219587004,-1.5352641958025686,1.4882970654957878e-05,0.0001752656843111,0.0017493853744956,0.3404770824539893,-0.3360496214210149,5.511989962681229e-05,0.0018977861046899,3637.0,7.11,50835800,2015 VR172,(0.02046572488273637+0.03194382616545094j),(-0.008119919905460076-0.01859267292728385j),2.584718518559944e-07,-2.584718518559944e-07,0.0340015165356333,45.44538822853494,0.0128940540905255,0.0379375002479657,0.0202898268948433
2650,2015 VR173,43.56855212695097,0.0278822426756235,0.0466311219330075,2.898352968106164,-0.291055610161673,43.56658133730845,0.0208248382362963,0.0442137071784141,43.566581337308456,0.0198804991178103,0.0434478987362294,2.579806304036988,-0.1448134535164608,2.43550007979654e-06,8.227417883273262e-05,3.68264774832408e-05,0.4244270158280166,-0.4226597827679708,0.0016927261561975,3.346203412252504e-06,772.0,8.7,50835824,2015 VR173,(-0.021660459573485343+0.022392253258482358j),(0.034236831455074404-0.02133435458771031j),3.2925097509921085e-07,-3.292509750992078e-07,0.0278822426756235,43.56855212695097,0.0466142241734766,0.0311542696099043,0.0403509454542159
2652,2015 VS164,39.35703706157192,0.1539950740380044,0.3766063979503615,4.078443088449109,2.1737717187497534,39.40363111932668,0.1623346482545204,0.37422620306208,39.40363111932668,0.16081691997464,0.3659118416323442,-2.265705873095157,2.1879295781252583,1.0764601129520934e-05,0.000232852107778,0.0006336709717061,-1.035538811769412,-0.3026789156558224,0.0017304444731527,0.0017426499314984,1913.0,8.6,50830974,2015 VS164,(0.14708776474714477-0.032990053242844555j),(-0.1667385570079044+0.3239475471537272j),6.528626399585947e-07,-6.528626399585872e-07,0.1539950740380044,39.35703706157192,0.3677668213941444,0.1507420118987308,0.3729241749590267
2653,2015 VS165,39.468940107262256,0.1846252849263443,0.0274087097066636,3.040884652200319,0.4448376279385605,39.40417000768466,0.185527089139551,0.0312556676445122,39.40417000768466,0.1855310907099022,0.0310360634695269,-3.2830587162763005,0.4872761757776754,3.1466077995634765e-05,3.582021831840887e-05,0.0001825187333638,-0.922791112281229,-0.3762418664232318,0.001737743383306,0.0005189279546665,858.0,9.2,50830998,2015 VS165,(-0.18254066078335607-0.09317970925049471j),(0.07346537405663285+0.031163121333871127j),6.388349044021494e-07,-6.38834904402153e-07,0.1846252849263443,39.468940107262256,0.0274052780944081,0.2049476788237207,0.0798865811025939
2654,2015 VS166,43.66992759744112,0.1333171388663242,0.0310397366186743,4.017404138635365,-1.2377473379293662,43.668092666259895,0.1312252775860282,0.0202700169311784,43.66809266625991,0.1033002260712223,0.0161581904974289,3.62705749920064,-0.846664225776453,0.000727388157654,0.0072145048436369,0.0015146069087539,-0.1456513488024234,-0.4565684829671368,0.1879837495997074,0.0095813496718692,1125.0,7.5,50831052,2015 VS166,(-0.12272427154270493+0.05517860505869957j),(0.00010871172089095028-0.03698685598457288j),3.247481313448264e-07,-3.247481313448295e-07,0.1333171388663242,43.66992759744112,0.0310347525741811,0.1345582598056006,0.0369954542248782
2655,2015 VS167,80.4823425782628,0.5140822604285777,0.130413304582333,3.225939924923252,1.905352239474169,80.65203859250114,0.5159011593846862,0.1278276530857841,80.65203859250114,0.5058130434379061,0.1274735471707843,-2.903282482231829,1.9120171257155705,0.2319667630761357,0.0433032588122777,0.0005489834358124,0.0751142085100417,-0.0798430804211584,0.0025627746652888,1.1908155098157352e-05,1125.0,9.0,50831131,2015 VS167,(0.21698899430858873-0.4871975715733461j),(-0.03820031605326219+0.10876868387672738j),2.1310212203231783e-08,-2.1310212203231796e-08,0.5140822604285777,80.4823425782628,0.1300439486102705,0.5333345079760154,0.115538674752482
2656,2015 VS168,46.85810037302807,0.1787644575291768,0.0466215596203071,2.7744677428332825,-1.258263967268854,46.87040736574229,0.1756788676786173,0.0337875125712461,46.870407365742295,0.1753412787768619,0.033217009732693,2.5681433410972696,-1.114643709079843,2.533874817875005e-05,6.7255916634491e-05,0.0006140435829968,0.3780469666565895,-0.3683836492825177,0.0002003444235351,0.0018502815644458,2901.0,7.29,50835701,2015 VS168,(0.01064315407489686+0.18228536045873522j),(0.01071460613676622-0.049406505429992746j),2.1901758186690458e-07,-2.190175818669047e-07,0.1787644575291768,46.85810037302807,0.046604672253202,0.1825958087312877,0.0505765352414296
2657,2015 VS169,43.383387815560575,0.0411504357048966,0.0152885981839824,5.856677520273241,-2.007779265604682,43.38641243376102,0.038976885680726,0.0144268887104407,43.38641243376102,0.0383335504050482,0.0065967714428608,-0.701542073273508,-1.5766098214244892,0.0005496853584967,0.0007418813600422,0.0002834640999727,0.4454929697998509,-0.441511301092482,0.0005710469656364,0.0011306378607202,828.0,8.7,50835725,2015 VS169,(-0.028776506963317794-0.017860656329918602j),(-0.017752592151539334-0.0221551705800365j),3.378071962790569e-07,-3.378071962790598e-07,0.0411504357048966,43.383387815560575,0.0152880025949744,0.0338687229984441,0.0283940619370086
2658,2015 VS170,41.43651677760811,0.0212709491204619,0.3032845140258156,5.6293007823898416,-1.0751079637235923,41.43665534973818,0.0212838976623259,0.2941794046674207,41.43665534973819,0.021154082648641,0.2899241092563202,-0.4922797359134789,-1.0901632325077233,0.0001054434627671,2.79154527595202e-05,6.40806616594245e-05,0.2864703728003288,-0.4062243810440531,1.297430287173465e-06,0.000206331430749,831.0,8.5,50835751,2015 VS170,(0.006298289293021165+0.013771840657785146j),(0.10371658625740571-0.2864653704619597j),4.516685343095522e-07,-4.516685343095589e-07,0.0212709491204619,41.43651677760811,0.2986564230780918,0.0151437129899509,0.3095845803697962
2659,2015 VS171,44.14359093458575,0.0765281168761712,0.0290408221225631,4.402445677400573,-0.8561028049675591,44.14050957193688,0.0738919193142238,0.0252300929442806,44.14050957193688,0.0736190851555205,0.0238513085975321,-2.124514477617357,-0.5729679012379008,9.212440406313044e-06,4.8325015777392e-05,2.440676069972877e-05,0.4109621617000439,-0.4119284282066549,0.0018310742864055,0.0013268077098856,858.0,8.4,50835776,2015 VS171,(-0.0685315566743677-0.023583195395520767j),(0.010699142288640991-0.029017849851203825j),3.0479623134671e-07,-3.047962313467073e-07,0.0765281168761712,44.14359093458575,0.0290367402714816,0.0724757984797365,0.030932384002551
2660,2015 VS172,46.25808800331678,0.0487788932091689,0.0264200123639177,0.027091853623097,2.758558557176056,46.2588322526732,0.045440282463548,0.0301896520102025,46.25883225267321,0.0454013537974056,0.0299622148770285,0.1401905448800837,2.6172533911902094,2.979224980493648e-06,3.432500015116938e-05,3.921749790481513e-05,0.3108765858222588,-0.3073183288988534,0.0008850480721375,0.0018816197369129,3370.0,7.71,50835799,2015 VS172,(-0.0448315025921308+0.02047736274335884j),(-0.02865864412002754+0.004253471559764497j),2.3460100445178814e-07,-2.3460100445178939e-07,0.0487788932091689,46.25808800331678,0.0264169388679908,0.0492867731708146,0.0289766264077513
2661,2015 VS173,45.59218395156383,0.1336108759834217,0.2147071048768676,1.5778240857569124,1.9451810289484848,45.5932736430649,0.1296053859925488,0.2217363464799336,45.59327364306489,0.1296366434950984,0.2200981408590757,-4.742384827450411,1.930257993130022,0.0008433656137493,0.0002042163122021,0.0002405655790563,0.2512597885987647,-0.3122096301077067,0.0015986758461661,0.0019019060065737,773.0,8.5,50835826,2015 VS173,(-0.12312311322022912-0.045637848134492856j),(-0.08311425714762136+0.19263074113314824j),2.539155556119235e-07,-2.539155556119249e-07,0.1336108759834217,45.59218395156383,0.2130612675323181,0.1313092311735484,0.2113668493711814
2663,2015 VT164,39.27229273470687,0.2603504864785251,0.1001709846553006,4.566859562539348,-0.6849334111069889,39.40339233621347,0.2347449958163198,0.1489343258389575,39.40339233621346,0.1868300534837428,0.1477546027644681,-1.9148131942662463,-0.5889626358413537,1.2536663141680742e-05,0.012811565845594,0.0012385512939034,-0.3867660036153398,-0.3689116821498059,0.0022371911700614,0.0034360084883821,526.0,9.3,50830973,2015 VT164,(-0.20073226429468946-0.20378716592228685j),(0.11757551693441884-0.04609938552967244j),6.638524098413621e-07,-6.638524098413776e-07,0.2603504864785251,39.27229273470687,0.1000035456308693,0.2860465887290228,0.1266281016222685
2664,2015 VT165,39.32803679558852,0.2779843302152822,0.2461079455726267,2.776662882793936,1.972861383079456,39.40254869308318,0.251672539065795,0.2731538389796463,39.40254869308319,0.2133572041757703,0.2696728357643431,-3.9057730717971113,1.994491511215853,5.730425561930488e-05,0.00688447358175,0.0013459529098485,-0.3303515082187749,-0.329278386155359,0.0012446560157332,0.0034556428190775,771.0,10.0,50830999,2015 VT165,(0.003297616354269425-0.30825312520899295j),(-0.050858826756331944+0.23839506420815548j),6.564556343795089e-07,-6.564556343795041e-07,0.2779843302152822,39.32803679558852,0.2436310350485177,0.3082707632499894,0.2462406853138758
2665,2015 VT166,43.69343700936495,0.2021066706265512,0.1246479158789409,1.391878551141347,-0.8520761322890574,43.66919832433,0.1307021683311091,0.1580871662498398,43.66919832433001,0.1056533595645741,0.1554795870786108,1.345486828725356,-0.7155353036113782,4.1784465610575606e-05,0.0100709480823293,0.004738261749807,-0.5054321283377395,-0.369999229114878,0.0886394271602414,0.0060643364924035,828.0,8.0,50831051,2015 VT166,(0.17649834240815543+0.1122034826724745j),(0.0712713236616666-0.10052758268643495j),3.236823234664737e-07,-3.23682323466479e-07,0.2021066706265512,43.69343700936495,0.1243253886213207,0.2091441761002652,0.1235430716239907
2666,2015 VT167,50.373017168589584,0.1904471347010474,0.0843984276742277,5.56648437160917,-0.5944048769926049,50.34866476152042,0.1900115719181435,0.0815590669661571,50.34866476152042,0.1427579975739333,0.0815259411776668,-1.1589247214595213,-0.5807103952218138,0.0001297251232646,0.0227242382971253,0.0011302933202118,0.2023994608302954,-0.2393583760746888,0.0280978805330225,0.0015949775180502,832.0,8.8,50831132,2015 VT167,(0.049546548525939434-0.18335046175450265j),(0.06799040452576785-0.051672765298568j),1.5196324099391253e-07,-1.519632409939128e-07,0.1904471347010474,50.373017168589584,0.0842982670229234,0.1899269656905585,0.0855018550858061
2667,2015 VT168,45.29152074848823,0.0352494433742626,0.0412790051362668,2.6354226780807544,2.666962101923956,45.28833199151021,0.0386429388478318,0.0448947949293817,45.288331991510205,0.0385153923362481,0.0446695179211048,-3.4822954710704166,2.5703736089929565,9.470245695257536e-07,9.519709008066198e-05,0.0001949691274902,0.3427382164215004,-0.3413110985610462,8.499488977409026e-05,0.0014354527344588,3637.0,6.81,50835703,2015 VT168,(0.020730034482032554-0.0248248882148164j),(-0.04230563879121784+0.012756304449712158j),2.633879333893959e-07,-2.633879333893971e-07,0.0352494433742626,45.29152074848823,0.0412672831984254,0.0323420686491199,0.0442013850600182
2668,2015 VT169,43.79795725919095,0.0750423711680781,0.0136472045811708,1.0967487875589583,-2.1798770165222194,43.7947823010447,0.0860218732341768,0.0153562306300806,43.7947823010447,0.08401684298706,0.0080996788468355,-2.4583300253700124,1.6001835463644896,2.7246066357853323e-06,6.70294056410188e-05,9.02542943518598e-05,0.4719717045296476,-0.4436023096403675,0.0006958965665354,0.0011341889507557,846.0,8.5,50835726,2015 VT169,(0.037307994927340084-0.058858548172295605j),(-0.017286671027648935-0.018761042921046266j),3.191767519440849e-07,-3.191767519440881e-07,0.0750423711680781,43.79795725919095,0.0136467809617995,0.0696865494801462,0.0255136621915785
2669,2015 VT170,43.43126722706671,0.0260966272365536,0.045237485632585,0.2807926677507746,2.86445011164838,43.42963172069849,0.0206338072904536,0.0520543516435573,43.42963172069849,0.0196549595527259,0.0514219917528813,0.4446719039857312,2.6727924115368604,2.920571407979248e-06,0.0002856310860025,9.686114512897038e-05,0.42722522338101,-0.4295012261083896,8.542791432263435e-05,0.0019202087286058,831.0,8.0,50835752,2015 VT170,(-0.02363051547210618+0.008597219351169038j),(-0.054549807998746404+0.004160767731575341j),3.355529901438339e-07,-3.35552990143835e-07,0.0260966272365536,43.43126722706671,0.0452220579858272,0.0251458434348415,0.0547355854988265
2670,2015 VT171,43.34414384675928,0.0478204515846567,0.0383286624821074,2.610140472509041,1.8286552729514112,43.34082299377937,0.0500884435816624,0.0509445714962966,43.34082299377939,0.0495990683520639,0.0502105497965724,-3.379459710589072,1.6454566458774684,2.8188838399508457e-05,0.0001027910077506,0.0001380370918328,0.4414688956855221,-0.4437504189232381,2.224413248501217e-05,0.0018804355277134,1125.0,8.7,50835777,2015 VT171,(-0.010380595447350507-0.03700676787498519j),(-0.02125261132801432+0.02864736634143717j),3.396766628177709e-07,-3.39676662817769e-07,0.0478204515846567,43.34414384675928,0.0383192784855051,0.0384351093454225,0.0356775149598596
2671,2015 VT172,44.33667053920775,0.0407840945050202,0.0380536491096399,3.580882571719711,2.715562228533954,44.33220006491448,0.0462227421860727,0.04400473869521,44.33220006491449,0.0460157473603036,0.0434824657787347,-2.4707666259529666,2.5399624844107622,0.0001125536441605,7.485252600807676e-05,0.0001082686383052,0.3870889765078369,-0.3874394715376548,0.0018543663824953,0.0004933463332758,858.0,8.7,50835802,2015 VT172,(0.04250810805143817+0.006704885757702293j),(-0.04237563091796619+0.008821348250754112j),2.972259300057093e-07,-2.972259300057076e-07,0.0407840945050202,44.33667053920775,0.0380444656518817,0.0430336466400023,0.043297591904646
2672,2015 VT173,43.20624870862387,0.0333368913077958,0.0446633545680215,4.186853942737241,1.194856420971103,43.20197517682436,0.0386435541465432,0.0554099359537507,43.20197517682436,0.0379737171636411,0.0545564776313996,-1.7380712330780046,1.0702187437679338,5.580663628454182e-06,0.0001655381611768,8.147842696091155e-05,0.4415388649870844,-0.4461423844731155,0.0001103835418464,4.133764447113007e-06,832.0,9.1,50835825,2015 VT173,(0.023420991457386235-0.016543754490151514j),(0.004179155036351068+0.03283850791702305j),3.462201759565659e-07,-3.462201759565653e-07,0.0333368913077958,43.20624870862387,0.0446485068589509,0.0286747040695691,0.033109416431269
2674,2015 VU164,39.51882206142263,0.1391170098416066,0.6703010660210122,1.4644965714224891,2.1961902028377835,39.40189725828898,0.1774564659542274,0.6625010600192777,39.40189725828901,0.1744090896959711,0.6162377406758199,-4.766096291864264,2.1939895065182853,1.4552147178874618e-05,0.0002792958133643,0.0017075707970957,-0.718966193719162,-0.208407648798245,0.0010257673269329,0.0016520628840675,3064.0,7.82,50830976,2015 VU164,(-0.12942516894003944-0.10106733271839116j),(-0.3318382398072136+0.5512780996507008j),6.326893201874805e-07,-6.326893201874743e-07,0.1391170098416066,39.51882206142263,0.6212219409598074,0.1642116929392293,0.6989929054469141
2675,2015 VU165,39.22715941192361,0.159544724842523,0.0663311086115285,0.3453866054947498,-0.6651976924234385,39.405875355592975,0.1596665390545531,0.0579394849108914,39.405875355592975,0.1595079797787313,0.0573078232347189,0.1755484384370037,-0.5292255296792648,2.142978016664698e-06,3.691352022585551e-06,3.1178221046751736e-05,-1.2257197221880989,-0.4743168987500721,3.581118577101175e-06,4.872184323096294e-06,858.0,9.1,50831000,2015 VU165,(0.14531577117614036-0.07622559445408411j),(0.09185352780347114-0.02512698200849448j),6.697211834369895e-07,-6.697211834369962e-07,0.159544724842523,39.22715941192361,0.0662824785324392,0.164094529471262,0.0953728542489895
2676,2015 VU166,43.70933722856226,0.0880314306182138,0.040972763485888,3.0014328735922096,-0.8961563937945354,43.66949925074231,0.0799317077410106,0.0368572209481854,43.66949925074231,0.0599454744530891,0.0356551203321673,2.620496349958472,-0.6362171423842975,0.0026254363215877,0.0106808447111343,0.0013257123495188,0.4922876926331747,-0.43854603710199,0.0911951439641375,0.0036654092503388,828.0,7.8,50831054,2015 VU166,(-0.042714056490409026+0.08359745287709729j),(0.015701782233396758-0.03965653129105875j),3.230753300660877e-07,-3.230753300660905e-07,0.0880314306182138,43.70933722856226,0.0409613004918679,0.0938777116753724,0.0426648644359685
2677,2015 VU167,46.2688223493119,0.1742200665399003,0.1023714163329978,2.816152822841355,2.293614728962785,46.29110090381157,0.1764143957841089,0.09829629301967,46.29110090381156,0.1758867511235764,0.0979229732322543,-3.355696945741704,2.213181491098711,0.0079806319198223,0.0068538843782585,0.0137616129634089,0.3522025273201533,-0.3765711597172819,0.0007450461047396,0.00409080390856,3283.0,7.21,50831133,2015 VU167,(0.06868251214505634-0.15775287549800354j),(-0.07132352992112179+0.07054007455260004j),2.3429382553848565e-07,-2.34293825538486e-07,0.1742200665399003,46.2688223493119,0.102192702851979,0.1720559711327811,0.1004832557323688
2678,2015 VU168,44.35501842419151,0.0722615680255828,0.0189564075164894,4.507007581541339,2.3176363380578016,44.35083196231336,0.0758685151388222,0.0293525233546165,44.35083196231334,0.0755692463502003,0.028365545062149,-1.4239247387758125,1.9289387419450128,6.817799751927333e-05,1.2124199406708532e-05,3.535828082506247e-05,0.4015281628110211,-0.4015294858948731,0.0006064470541036,0.0011467270209733,1119.0,8.0,50835702,2015 VU168,(0.06367394693426023+0.0433925010643733j),(-0.02054952345292511+0.007014589575595103j),2.965211743272449e-07,-2.96521174327246e-07,0.0722615680255828,44.35501842419151,0.0189552722206252,0.0770537518022881,0.0217154668338504
2679,2015 VU169,42.50929550392101,0.0278785305369682,0.0237184363223847,6.198553774503126,-2.0082377916889587,42.50793539320853,0.0351251380764396,0.0216678166267692,42.50793539320854,0.0319130391142074,0.0098587663507841,-0.0696411670247227,-1.5275658326353254,3.796460600222406e-05,6.80654287135317e-05,0.0001456699168293,0.5095363812809517,-0.4979191034417005,0.001483169451078,0.0003180615420048,846.0,7.6,50835728,2015 VU169,(-0.010013736339917251-0.010248396163169509j),(-0.027514500186965066-0.03238281439375194j),3.828840753068178e-07,-3.828840753068184e-07,0.0278785305369682,42.50929550392101,0.0237162125276591,0.0143284520937415,0.042506261662975
2680,2015 VU170,42.70972568781758,0.0319529391015963,0.0295664057146912,2.752838400296211,-1.9449131885602569,42.70977294958401,0.0415732707422197,0.0260154748484448,42.709772949584014,0.0400561086389372,0.02160283854715,2.3767316943331545,-1.646648571791912,3.277617618446345e-06,9.048750871782206e-05,0.0003097622991818,0.4877860037491396,-0.4854088951665976,0.0005997042788694,0.001342125957772,739.0,8.9,50835753,2015 VU170,(0.025583616232237476+0.03545002987506123j),(-0.026412905462043418-0.03762576866484122j),3.716846418201724e-07,-3.71684641820171e-07,0.0319529391015963,42.70972568781758,0.0295620982139249,0.0437175712690119,0.045987285832109
2681,2015 VU171,43.61000008315516,0.0194747388204268,0.0211896044911783,5.900975530694761,-0.7445372857338078,43.60699048279854,0.0288274728724231,0.0178138962399933,43.606990482798544,0.0278836939386733,0.0153282112712788,-0.428457451272267,-0.3233426717581436,4.417449148789716e-06,2.8421219861328228e-05,5.722706919688569e-05,0.436875234800913,-0.4250042129710356,0.0001178928842274,0.0014773594750349,773.0,7.5,50835778,2015 VU171,(0.010638117711538844-0.009506426646256493j),(0.005333522651147511-0.02224513726743832j),3.274581378132768e-07,-3.2745813781328055e-07,0.0194747388204268,43.61000008315516,0.0211880188403766,0.0142668039877616,0.0228775850950486
2682,2015 VU172,39.53799704110039,0.0170632234844684,0.0120244328994916,0.7032789588444084,-1.7722398855095298,112.3674800475811,0.5325814850950944,0.207848146868959,112.3674800475811,0.4754927170842743,0.1553362558373859,0.5730122779056961,-0.9993738732278116,37.266077457567455,0.0949313027890285,0.0470526797497336,-0.0023779535864498,-0.6078606920738372,0.0119262235619227,0.3200381345256957,1042.0,8.4,50835803,2015 VU172,(-0.0002569906139276608-0.04739449733795493j),(0.050036279824990426+0.009239432297525654j),6.302500380335628e-07,-6.302500380335577e-07,0.0170632234844684,39.53799704110039,0.0120241431388333,0.0473951940822385,0.0509041628844618
2684,2015 VV164,39.50979875895259,0.0894403520273927,0.0288421309384885,1.4864344468704749,-1.986812761776979,39.41103506576775,0.078817118757962,0.0296524070007738,39.41103506576774,0.0786955128312627,0.0147522192899849,1.024590101752746,-1.5479531067104368,1.927670448469288e-06,1.80483055848455e-05,0.0002305712790872,-4.263283173734099,-0.5494639487974989,0.0007175292268971,0.000159388271348,846.0,8.6,50830975,2015 VV164,(0.07028444955200107-0.07459850260618262j),(0.03928558664495008-0.005982554957752139j),6.338054565229876e-07,-6.338054565229964e-07,0.0894403520273927,39.50979875895259,0.0288381322946939,0.1024931238664936,0.0397489650064196
2685,2015 VV165,30.11990424870102,0.0859781739978039,0.3078511286689214,4.207132067087807,2.128127846403509,74.46381250781054,0.17900151537285,0.2912423865875554,74.46381250781056,0.1541624979305156,0.2781144097004619,-5.445858106280442,2.4565225646905287,44.29494959121199,0.0881233744280566,0.0303553132000341,1.7463648361510244,-0.6085381174013161,0.7777663455681513,0.0031057654726841,2304.0,9.02,50831004,2015 VV165,(0.07999908085608674-0.002177552921387292j),(-0.15132766433931777+0.2644680340898446j),0.6217283426440242,-0.6217283395053032,0.0859781739978039,30.11990424870102,0.3030114913860205,0.0800287115636891,0.3096256979265537
2686,2015 VV166,43.681574699557046,0.0774696343531055,0.0327265364898645,0.2281306508936929,1.2928346996462063,43.66890183174369,0.0746326159240485,0.0480724844533322,43.66890183174372,0.0591711644190839,0.0471923404104406,0.6532581074091104,1.0596295963049205,9.17892102257056e-05,0.0117666753783562,0.0022440481202206,-0.2448060255143785,-0.4250113220132588,0.0627495976601871,0.001645455868328,828.0,7.9,50831053,2015 VV166,(0.0061022204632153396+0.08524897541337063j),(-0.0009763231527704502+0.02365666628976432j),3.242009084743193e-07,-3.242009084743207e-07,0.0774696343531055,43.681574699557046,0.0327206949730759,0.0854670983689697,0.0236790171309859
2687,2015 VV167,44.141729969609656,0.1441671765688209,0.1895932090498267,0.3581972724360849,-0.8794236147264407,44.16772085216572,0.1584050306279925,0.1799541613362934,44.16772085216572,0.1536352285630597,0.1792723351279886,0.3097845575070853,-0.8344135236889838,0.0298189907005482,0.0094194575613862,0.0028033653068317,0.3730926494501524,-0.4228317570231266,0.0094471789184643,0.0098160813718976,858.0,8.7,50831134,2015 VV167,(0.12719843469269698-0.06537973152501791j),(0.11175699664357527-0.15219605925862892j),3.0491484034759975e-07,-3.049148403475957e-07,0.1441671765688209,44.141729969609656,0.1884594089255616,0.1430173104297368,0.1899611322015389
2688,2015 VV168,45.48760569100216,0.0609034651655714,0.0154121920170581,0.1348715177012458,-1.1197131443526491,45.48400730977399,0.0658155653216682,0.0121696621765707,45.484007309774,0.0657248548867055,0.010918254347127,-0.1386274649511336,-0.7894195744924037,9.876784138621703e-07,9.209540373567596e-05,0.0012821186814903,0.3451808966615844,-0.3428767427949625,0.0015597775947982,3.3733864259787465e-05,1125.0,8.8,50835704,2015 VV168,(0.034903967071527056-0.046444705457632476j),(0.0014469139949632292-0.019842523235877218j),2.571438240945884e-07,-2.57143824094587e-07,0.0609034651655714,45.48760569100216,0.0154115818667638,0.058098171936615,0.0198965203944241
2689,2015 VV169,42.9919345264718,0.0799448186010701,0.0369257877426739,3.6774764165754257,-1.2579112680427764,42.98820752256396,0.066440196402628,0.0210345467078226,42.98820752256397,0.0651871253457505,0.0128348080483656,3.140440798759991,-0.8628363608453413,4.144460117106957e-06,7.152581481414493e-05,0.0001941705178207,0.4860603863249138,-0.4846181992675932,4.129212261597945e-05,0.0018850432830565,846.0,7.7,50835727,2015 VV169,(-0.05702228483585256+0.06352884206960849j),(-0.002170582177123929-0.04430671552916947j),3.568894993929285e-07,-3.568894993929323e-07,0.0799448186010701,42.9919345264718,0.0369173968445532,0.0853665903184984,0.0443744134078166
2690,2015 VV170,43.2128948423258,0.0290217470865369,0.0284517046009315,0.0834817300768131,-2.5660482175877948,43.211156026493306,0.0264492761998055,0.0251892943254181,43.21115602649331,0.0254250818272367,0.023083919083962,0.3832969263909249,-2.7556318238643827,5.707148979767489e-07,5.384723726363422e-05,7.152928684732737e-05,0.4484904616609769,-0.4465416614253965,0.0001366235016815,0.0003734867886535,739.0,8.8,50835755,2015 VV170,(-0.02021629478702755-0.008204420855632158j),(-0.036036294143489675-0.024156823949098453j),3.458812514357273e-07,-3.458812514357288e-07,0.0290217470865369,43.2128948423258,0.0284478661495463,0.0218176785312353,0.0433975653248285
2691,2015 VV171,45.89216726517768,0.1721399516144222,0.0480665486535882,4.398639136074797,1.8737938170188453,34.124927049331816,0.546535909323795,0.120881082995549,34.124927049331816,0.4686271774423011,0.0883961688699185,-3.0445689978529065,1.985967699641728,27.7212101360358,0.2088842322378731,0.0215689355172449,0.0046332395379114,-0.4241001705137674,0.2600488741037353,0.2288196972142052,1125.0,9.0,50835779,2015 VV171,(0.1738667422519916+0.0020127199876798837j),(-0.018882705628812953+0.03975556962833115j),2.449260105299217e-07,-2.4492601052992095e-07,0.1721399516144222,45.89216726517768,0.0480480420212099,0.1738783917083123,0.0440262866744067
2692,2015 VV172,42.576111312251285,0.1649941167248454,0.3634393110177815,4.937926460543759,2.130936405121304,42.56533125986923,0.1570812225771054,0.3725707510070944,42.565331259869225,0.1570309069548107,0.364281263313802,-1.385145407587478,2.138937834428647,0.0017516379454776,0.0003075608897746,0.0004043272207641,0.2539584510650792,-0.3452860228076852,0.0004735521450495,0.0019207284151802,3637.0,7.66,50835805,2015 VV172,(0.12073507506130078+0.1304254347344207j),(-0.20752907069553628+0.2934752446728068j),3.791352935744713e-07,-3.791352935744693e-07,0.1649941167248454,42.576111312251285,0.3554909836871188,0.1777294358729599,0.3676661091373689
2694,2015 VW164,39.433009189235655,0.1592994274056384,0.036595308860266,2.064098173844912,2.42224875942328,39.405015244349606,0.1558110469181396,0.0401066308522088,39.40501524434961,0.1557918709431777,0.0398550487801941,-4.115020123534701,2.305842322696789,5.235674796952551e-07,2.357211893065492e-05,4.2060109016967495e-06,-1.3901428730588687,-0.3921859722826708,4.612653176933556e-05,0.0018706352936507,3064.0,8.31,50830978,2015 VW164,(-0.04356619842336381-0.1855468719800504j),(0.019991371545260327+0.04272370247204356j),6.432777318351383e-07,-6.43277731835134e-07,0.1592994274056384,39.433009189235655,0.0365871412328251,0.1905929047646976,0.0471870937177254
2695,2015 VW165,30.10170465328242,0.051013940607,0.06442576650745,1.344050993689235,-0.7075193426827026,30.06816230213513,0.0461480677974015,0.1039872191783264,30.06816230213512,0.045395377659818,0.1037797001999081,1.4090971851738512,-0.7726681354108994,7.461041065954227e-05,0.0005308554476273,0.011909717237197,2.072494544598644,-0.6849661352861179,0.0262946246194999,0.0104767797735114,5895.0,8.39,50831003,2015 VW165,(0.03506395638471299+0.02369214706245386j),(0.05947946704714012-0.03712087163683561j),0.3956005992431629,-0.3956005985579139,0.051013940607,30.10170465328242,0.064381207305798,0.0423178315817102,0.0701700948766536
2696,2015 VW166,43.656638148068,0.0922538924263597,0.0221868074492324,2.467490773312335,-2.0358584053859934,43.66860087524869,0.0930603470402125,0.0172510098267498,43.66860087524871,0.0751783100014346,0.0140007417847299,2.6764586915236737,-1.996868648268033,3.317133648691209e-05,0.0089909829155002,0.0001446156958426,0.0670986941055617,-0.436535944495146,0.0558202390220589,0.0001723815998777,831.0,9.0,50831056,2015 VW166,(0.08610290187280516+0.04656802988408785j),(-0.01998258143635579-0.027597171885158343j),3.253984222410469e-07,-3.253984222410479e-07,0.0922538924263597,43.656638148068,0.0221849872350102,0.0978891777379052,0.034078687924364
2697,2015 VW167,38.07805647605233,0.0080104030267279,0.0128685655916781,2.691126011066297,2.2170417706171093,38.0740366038076,0.0176084644426742,0.0261319201129139,38.07403660380759,0.012731747869411,0.0143737087413264,0.8733347042361901,-3.140342676774489,6.447387588200995e-05,2.4069290588190408e-05,6.167779377064313e-05,1.211628777547549,-1.1083118083447243,5.497438748442512e-06,4.885953867045405e-06,1125.0,8.5,50831141,2015 VW167,(-0.002060851821994264-0.023875764412305996j),(0.014838826252725045+0.01833943496323201j),8.551359689518624e-07,-8.55135968951852e-07,0.0080104030267279,38.07805647605233,0.0128682104222506,0.0239645412329164,0.0235929843437763
2698,2015 VW168,42.67294841700018,0.0417126266207818,0.0087524673933723,4.157891703637995,-0.8270461176690077,42.67282624278993,0.0380329078277888,0.0237803051547456,42.67282624278994,0.0363542189153695,0.0180698895946489,-3.2245091472207563,0.2573165614081706,4.132269087985306e-07,0.0001541618635715,0.0002650234304281,0.4884121500313128,-0.4860925588017419,1.5611695593440455e-06,0.0021779959333385,1125.0,8.1,50835705,2015 VW168,(-0.037425794045265685+0.004785385256367181j),(-0.010011007294694802-0.016687964391194562j),3.7375220180514813e-07,-3.737522018051482e-07,0.0417126266207818,42.67294841700018,0.0087523556456729,0.037730491276559,0.0194616607442486
2699,2015 VW169,45.24497925367089,0.1812651385340941,0.3297810581905201,5.390357477252138,2.243225095673895,45.25646993345343,0.1742383798747374,0.336330914903138,45.256469933453424,0.1741519388898805,0.3306579199009046,-0.9224231060128504,2.249648508314695,0.005390395329653,0.0024759534787472,0.0012543612953921,0.1805255456710195,-0.2852637441126265,0.0021521308139091,0.0017634916047661,846.0,7.2,50835731,2015 VW169,(0.04107508738940258+0.18225386135825478j),(-0.20847755752555275+0.2485555928004779j),2.649140002209458e-07,-2.649140002209463e-07,0.1812651385340941,45.24497925367089,0.3238358924074016,0.1868251395932597,0.3303894374536404
2700,2015 VW170,45.760024642885696,0.0400363474159485,0.0406234342981687,1.1392001054192011,2.764642064956824,45.759115369673445,0.0387430467985576,0.0435104691659903,45.75911536967346,0.0386551357092497,0.0433352407044378,-5.028223900871769,2.6795763571303564,6.359210205531895e-07,0.0001046617921467,0.0001844893147526,0.3240468056281332,-0.322841108736617,4.700330296937158e-06,0.0011452929663525,3403.0,7.97,50835756,2015 VW170,(-0.02737284817437546-0.023310123851615596j),(-0.04259980880444676+0.009110408138994035j),2.4889343854170825e-07,-2.4889343854170905e-07,0.0400363474159485,45.760024642885696,0.0406122619921741,0.0359532292173466,0.0435768853824299
2701,2015 VW171,43.25439263039583,0.005423543007846,0.0259472138840635,2.04268040851648,1.3945684673803196,43.2525384332781,0.0104695515225142,0.0401960172674326,43.25253843327808,0.1757525749004348,0.0391609652134756,0.1917073330937366,1.174653845622048,6.569533630251852e-07,0.0667505326630969,1.4855055948450048e-05,0.669784933391648,-0.4393536107654301,0.0022124555865787,0.0018962697249182,1125.0,8.3,50835781,2015 VW171,(-0.0025266340925553794+0.007827078111586854j),(-0.007403318463262859+0.01696182516456765j),3.4392668728494144e-07,-3.439266872849401e-07,0.005423543007846,43.25439263039583,0.0259443024542478,0.0082247815534848,0.0185081535895868
2702,2015 VW172,44.36164845475397,0.041088199701893,0.0049470113001097,3.550206121295522,-1.9947467982652047,44.363406023163776,0.0387503454125949,0.0110684664824383,44.36340602316377,0.0384442967456006,0.0074880903857966,1.131736017544492,0.3349729038903857,0.0014264674970144,1.2886092468562372e-05,0.0033569839039388,0.3897866771035113,-0.3873122398558131,2.560316832938725e-06,0.0017339838347562,1125.0,8.1,50835804,2015 VW172,(0.002338641067295564+0.04720011080002564j),(-0.009703829237370261-0.011378003186097828j),2.9625363499728015e-07,-2.9625363499728e-07,0.041088199701893,44.36164845475397,0.004946991122165,0.0472580120358055,0.0149545955973338
2703,2015 VX164,39.26663661076606,0.3298361513357317,0.310156631742501,3.1204438688798675,2.2116297169940267,-203.64697082674883,0.6001657826524456,0.2189259246245722,-203.64697082674883,0.521033093705241,0.1816180288851349,-4.249193807058836,2.463269727388579,196.5235863146717,0.194165537233292,0.0839945339043037,-0.0023907519636081,-0.3400552161551655,0.0204414714305517,0.0146333108166962,2269.0,10.29,50830977,2015 VX164,(0.18748364767943654-0.2989100483487369j),(-0.1382177161210329+0.2566718314730673j),6.644807089012098e-07,-6.644807089012118e-07,0.3298361513357317,39.26663661076606,0.3052077983672485,0.3528417990417679,0.2958166490598407
2704,2015 VX165,30.073742294685903,0.075207601168293,0.3134475354169895,0.0610995199494093,2.153432460830154,30.06763972175315,0.0756504004522654,0.3130780570547948,30.067639721753142,0.0752516114221031,0.3082016041059698,0.0586854662557136,2.158750054269896,4.260883354769125e-05,0.000310091199838,0.0007579910322057,1.7193266108230505,-0.5928346345262001,0.0064556816635239,0.003891575327648,1938.0,9.17,50831002,2015 VX165,(-0.05114567367578784+0.053560387905438024j),(-0.16096264938443847+0.26501581199356955j),0.0301125636950231,-0.0301125637016584,0.075207601168293,30.073742294685903,0.3083400207651782,0.0740580521505337,0.3152648798490577
2705,2015 VX166,43.58092956912266,0.1248714582453791,0.048154221370236,3.2253885041867303,-1.647607095691295,43.66650297406117,0.1091751500301592,0.0468254262022478,43.66650297406117,0.0792668009510385,0.0454929623779464,3.314675865599094,-1.546562635368167,0.0010019740012361,0.015784091260535,0.0057338976940381,0.365533743819229,-0.4609111313152621,0.0209871315075321,0.0050661933676222,746.0,8.4,50831055,2015 VX166,(0.0014397308585653496+0.13327777729755994j),(-0.014049717409973001-0.05575616341527662j),3.2872797446273337e-07,-3.287279744627299e-07,0.1248714582453791,43.58092956912266,0.048135613293363,0.1332855534044222,0.0575308116265937
2706,2015 VX167,38.69566613821768,0.0439210316120984,0.3675243403765045,2.929937003606323,2.249885298571775,38.70316537985584,0.0500150127453442,0.3793412190827415,38.70316537985584,0.0496943359446938,0.3699185625522605,-3.528005998974101,2.315126420489844,0.0003648648759295,2.083226431028885e-05,0.0002996780819689,0.3054965615267328,-0.4748740599825054,0.0002231047640239,0.0005297685678625,846.0,8.0,50831139,2015 VX167,(0.014952775640351868-0.05896758305514019j),(-0.20037255016014852+0.29503023681220847j),7.468753070214038e-07,-7.468753070214244e-07,0.0439210316120984,38.69566613821768,0.3593062010071317,0.0608338832454049,0.3646687791856284
2707,2015 VX168,43.11498231605826,0.0277631558478924,0.0285992525619073,2.756655705999897,-1.205452530815095,43.11208403368056,0.0237965449001495,0.018092456784396,43.11208403368056,0.0225264733295394,0.0135558378313089,2.110036784644428,-0.7936356823591713,0.0004372987233855,0.0002256930006478,0.0001042290129041,0.4555244098892037,-0.4531877246212077,1.0792721663934522e-05,0.0008605896598136,1125.0,8.1,50835707,2015 VX168,(0.0033825349930422088+0.03780069315809618j),(-0.002531604348333962-0.03561715354132804j),3.5073904327672333e-07,-3.507390432767239e-07,0.0277631558478924,43.11498231605826,0.0285953540843548,0.0379517317946321,0.0357146032146818
2708,2015 VX169,43.90674404172368,0.0592281725854668,0.0382242426246335,2.645449705356409,-1.1487031931486371,43.90812025524551,0.0552972046503836,0.0262008523588234,43.90812025524549,0.0549220325744016,0.0248687271064519,2.313907028769523,-0.9390342167155972,6.155752816718316e-07,1.9380175167706563e-05,3.454109153196694e-05,0.4156234757472771,-0.4156176919002265,0.0015328162411317,0.0002153473210236,846.0,7.8,50835730,2015 VX169,(0.006437790079649147+0.06624987483695045j),(0.006557135015183291-0.04225993965733619j),3.1449579009050626e-07,-3.1449579009050493e-07,0.0592281725854668,43.90674404172368,0.0382149351108185,0.0665619339939971,0.0427786695079469
2709,2015 VX170,46.65424501374836,0.0660569095264173,0.0398079507330191,1.7394056249304963,-1.6661809645078474,46.64626912829805,0.069155539475355,0.0358006832607631,46.64626912829804,0.0690771570872028,0.0356277469135748,1.6992075886777336,-1.6208277376121645,2.627188279072056e-06,6.088126786599781e-05,6.240867546507412e-05,0.3052553153063524,-0.298381565152634,1.3824008404687802e-06,0.0019375017873564,744.0,8.6,50835754,2015 VX170,(0.0668433462608363+0.008020487174856148j),(-0.0074992332551744485-0.04505070432627957j),2.2408935161233454e-07,-2.240893516123343e-07,0.0660569095264173,46.65424501374836,0.0397974378023005,0.0673228130269976,0.0456864998498214
2710,2015 VX171,45.21125640037852,0.1060347965377734,0.1193767984337975,1.1566256425353991,1.859829453442801,45.211250504055904,0.0820412013614069,0.1123590001012688,45.21125050405592,0.082129611513279,0.1123146115531806,1.1697935387514256,1.823140320417734,1.4893335760452925e-06,0.0033086028663846,0.0024670339602439,0.3284350890613374,-0.3444456656804741,0.0007613121504835,0.0028100388531003,3370.0,7.22,50835780,2015 VX171,(-0.10388566926648295+0.018046933580660347j),(-0.03966010585172469+0.10787810138923315j),2.660599966588168e-07,-2.660599966588157e-07,0.1060347965377734,45.21125640037852,0.1190934641852413,0.1054415671858581,0.1151919942261026
2711,2015 VX172,43.53255435607746,0.0321104870479296,0.0147194548479635,5.518689435781375,-1.119091454909481,43.5296963108604,0.0369495475480763,0.0138765479887379,43.5296963108604,0.0362012140243173,0.0074658659267949,-1.2280229674384269,-0.4410416790395256,3.09295371134358e-05,2.563594708392236e-05,0.0001118127121482,0.4390980307719153,-0.4320745740975977,0.0002129309089558,7.78462857284413e-05,1125.0,8.8,50835808,2015 VX172,(-0.007513100985512235-0.022235760340899365j),(-0.004156827889622431-0.021261675694018982j),3.308911184392686e-07,-3.308911184392713e-07,0.0321104870479296,43.53255435607746,0.0147189233284393,0.0234707418791229,0.0216659067634329
2713,2015 VY164,39.363615175800426,0.184654321393833,0.0249014049739445,2.842495020462808,2.2635369371713727,39.40428113997142,0.1805711676561797,0.030038118572541,39.4042811399714,0.1805890076896738,0.0298016663960799,-3.341837125088988,2.133062770593725,3.608798309603749e-06,5.712885880606708e-05,0.0002102809382207,-0.9883586142020157,-0.3814989345831375,0.0019203127280666,0.0010503889777538,846.0,9.9,50830980,2015 VY164,(0.06378662423293749-0.19957442912651174j),(0.028749010653887453+0.03651699841309916j),6.521500051035369e-07,-6.52150005103544e-07,0.184654321393833,39.363615175800426,0.0248988315766578,0.2095201331428725,0.0464925131190647
2714,2015 VY165,47.73072655794672,0.3027146594772042,0.0117621204274924,0.2650161854966661,-2.2207300470786704,47.73334875622077,0.3027957587792946,0.024426038558895,47.73334875622077,0.3029776699965481,0.0223396681844292,-0.0967657783993956,-1.8528698447075072,1.1417974990124196e-06,0.0002212766353867,0.0002056468365429,-0.4274590028239456,-0.2019664187207933,9.530689052023016e-05,2.597101637376561e-05,1125.0,7.7,50831009,2015 VY165,(-0.11431636976155964-0.2813850876985898j),(-0.009685485976606494-0.014327405569222561j),1.988891870461356e-07,-1.9888918704613618e-07,0.3027146594772042,47.73072655794672,0.0117618492194209,0.3037199367420662,0.017294883943613
2715,2015 VY166,43.6616536301868,0.0742754194762909,0.020264518276151,0.0450838984121828,-2.2595886352180976,43.66691910806691,0.0726682121931929,0.0246799321481494,43.666919108066914,0.0514955877952764,0.0226360336837948,-0.7105038098425696,-2.174065338933453,0.0014444934235832,0.0045649389972307,0.0015406808330928,0.549845526311424,-0.4357686084956541,0.1880545553189679,0.0050505785577524,828.0,9.1,50831058,2015 VY166,(-0.04235456084814486-0.05156813654189414j),(-0.022887007968671887-0.023420697515143106j),3.2508926751637706e-07,-3.250892675163785e-07,0.0742754194762909,43.6616536301868,0.0202631313648556,0.066732162643231,0.0327525225378192
2716,2015 VY167,38.8038832283855,0.0165051888491525,0.5951765650955506,4.0952766364487925,-1.0151286954890018,38.80215104638418,0.0167881749009323,0.5915066027099265,38.80215104638419,0.0168313408560863,0.5579407232089675,3.9325288146594968,-1.011519870189147,7.152266546333991e-05,0.0002041812959763,0.0004620442628043,0.1059036073876925,-0.3029226634526442,0.001882161296185,0.0016972075644473,831.0,9.1,50831138,2015 VY167,(-0.02161942475232541-0.019658858674743682j),(0.34001957994188037-0.4866842091487531j),7.302213557784001e-07,-7.302213557783987e-07,0.0165051888491525,38.8038832283855,0.5606549678798167,0.0292210583486465,0.6356440659164915
2717,2015 VY168,42.782509067245634,0.021517056509972,0.0086297117268202,3.66730348589204,1.3453958016959104,42.77902114357172,0.0305337329792765,0.0260370360801655,42.77902114357172,0.0291759157514883,0.0226917747113284,-1.9282543905723064,1.0300676567262352,4.580149113160979e-07,0.0001066411159796,0.0001368048236672,0.4747381583396791,-0.4766555304883536,0.0004014282806673,0.0016234785849041,1119.0,8.8,50835706,2015 VY168,(0.009718467325378732-0.00867313497048499j),(-0.013099236115171569-0.001455838463201152j),3.678179249349157e-07,-3.678179249349199e-07,0.021517056509972,42.782509067245634,0.0086296046153456,0.0130258158044209,0.0131802697881542
2718,2015 VY169,46.77780351830526,0.1538464343269079,0.2118867173844704,3.277993633075663,2.2538576133018995,46.78323941190939,0.1607794472905198,0.2161115013471029,46.7832394119094,0.1608013913512352,0.2147059739674788,-3.0010506249168483,2.248160609834992,3.215731792543802e-06,5.091672219577709e-05,0.0003146821082655,0.2489061323157894,-0.2920391842665941,4.217117235501195e-06,0.00083504789117,492.0,8.3,50835732,2015 VY169,(0.11362722891883224-0.10220725928240172j),(-0.13627696416216808+0.15763296257327092j),2.210238222051877e-07,-2.2102382220518775e-07,0.1538464343269079,46.77780351830526,0.2103047956531897,0.1528315118088962,0.2099117739343859
2719,2015 VY170,43.17197757403614,0.0201542254729101,0.0309808581370292,0.2468897010160358,-2.0366828733405016,43.16939947546993,0.0265408345587283,0.0229160587798578,43.16939947546996,0.0254510382349814,0.0203071106253681,0.5835123722139881,-2.003044195815389,1.007854609156051e-07,6.128953954036433e-05,5.4989870571213085e-05,0.4508772440938229,-0.4505309966224456,3.694591104082538e-05,0.0003118816886011,744.0,7.73,50835757,2015 VY170,(-0.0016378254459832918-0.00987756461303426j),(-0.026333822192741642-0.03645067600370394j),3.479864047487338e-07,-3.4798640474873537e-07,0.0201542254729101,43.17197757403614,0.0309759024001846,0.0100124300185408,0.0449831794861475
2720,2015 VY171,43.10226464352891,0.0259985352050329,0.0251720931078607,3.75306647916327,0.2141664319979342,43.10005283563071,0.0305335640576167,0.0346918909028961,43.10005283563073,0.0295240312403136,0.0330960201915635,-2.4298759030035697,0.3145583479173139,3.425247329491412e-05,3.7144690500009766e-05,4.98592344013775e-05,0.4531894772460733,-0.4533141511937139,0.0012864053488532,0.0019617782078953,1125.0,8.6,50835784,2015 VY171,(-0.014766067329487497-0.00901794035497417j),(0.011771163027093245-0.003593234612478318j),3.513470608126469e-07,-3.513470608126479e-07,0.0259985352050329,43.10226464352891,0.0251694348752666,0.0173020227899754,0.0123076911925793
2721,2015 VY172,45.34911867309326,0.0392339023311864,0.0082160060598497,0.7147837941368973,-1.3356244736699263,45.345292531809285,0.0442061701443608,0.0074415832609809,45.34529253180928,0.0441035103556165,0.0026323866762619,0.1282685583467944,-0.6754837692465682,3.102637737803322e-06,0.0001087014979277,0.0048184167837072,0.3459148990089569,-0.3428860411887357,0.0015189038686237,0.0008345193977443,3697.0,7.81,50835807,2015 VY172,(0.033154755707761205-0.018346182036097128j),(-0.003588624602754815-0.014051203736699634j),2.615290960226518e-07,-2.615290960226532e-07,0.0392339023311864,45.34911867309326,0.0082159136263201,0.0378922184800908,0.0145027341806354
2723,2015 VZ164,39.437325224214696,0.2190236536211595,0.0448985480386476,4.272030406086095,2.408084527545,39.403538644958665,0.2149556925388746,0.049571156878231,39.403538644958665,0.2137479257325115,0.0492366123047438,-2.011920108526251,2.544055101480048,5.4378705382237214e-06,0.0003272579997454,0.0006213689246828,-0.6009876929427849,-0.3663063914023682,0.0040876623331588,2.0297255679286127e-06,3371.0,8.76,50830979,2015 VZ164,(0.19548253714619168+0.055327031079806833j),(0.014589099361936524+0.048542339039444014j),6.427279466902493e-07,-6.427279466902472e-07,0.2190236536211595,39.437325224214696,0.0448834645477566,0.2031612726314199,0.0507090108681591
2724,2015 VZ165,47.69105767420841,0.3681315364280466,0.0444328420717322,4.664077959398524,-0.1462860586962357,47.73227449293936,0.3658053338719005,0.0665927956030009,47.73227449293935,0.362367292878022,0.0636599025949848,-2.0593051290248203,0.4417082548968858,8.911889637339548e-07,0.0007557276161669,0.0003116891177065,-0.2472046650956798,-0.2136463417978052,0.0015787248412657,0.0018179504538705,771.0,8.0,50831011,2015 VZ165,(-0.07175917582706273-0.3651490387521464j),(0.039616027031867604-0.011439208717331142j),1.9973563344427265e-07,-1.997356334442732e-07,0.3681315364280466,47.69105767420841,0.0444182230551824,0.3721333092011461,0.0412462074032653
2725,2015 VZ166,43.687873794672655,0.0617386718159782,0.0622808446576564,0.2113926850806864,-1.138652716629677,43.66815992889494,0.0641531374257971,0.0508473761446144,43.668159928894944,0.050408540084934,0.0501529451574355,0.6541167612970678,-1.0306295884572905,6.361815047023161e-05,0.0057016150160581,0.0004560190532179,0.1850304390640586,-0.4273665254788803,0.014283968627587,6.32138805617967e-06,1119.0,9.4,50831057,2015 VZ166,(0.039277536382585194-0.04159811322641538j),(0.016134181116569543-0.0642484599217628j),3.2396755056248304e-07,-3.239675505624852e-07,0.0617386718159782,43.687873794672655,0.0622405889003171,0.057211256657086,0.0662918559445856
2726,2015 VZ167,33.55460374238186,0.5248146757599345,0.254603099551823,5.564835248477385,-1.064986937531415,-121892.45562696886,0.9872007280976056,0.2170293948962172,-121892.45562696883,0.06450036479701,0.0504218342120329,-1.6463866276714365,-0.5654092664128472,91389.46015262217,0.7191736074432847,0.1073640580559368,3.143097099648186e-05,-0.003384791238914,56.2421261710412,1.0546481371989505,762.0,11.3,50831151,2015 VZ167,(-0.12746577384325705-0.5405976172878101j),(0.12488122433509499-0.20046059545108644j),4.051741248997302e-06,-4.051741248998032e-06,0.5248146757599345,33.55460374238186,0.2518613227806134,0.5554217382482594,0.2384300820753924
2727,2015 VZ168,44.194359271287375,0.1502653105113263,0.1189605283432012,5.827299365912896,2.0752542986773257,44.20463332122485,0.1444765362672484,0.1133685383707563,44.20463332122485,0.1425978063330781,0.1130205414628617,-0.5831005386439716,2.111492126381329,0.0377559967880831,0.0041863897667043,0.0053272848167405,0.427412784213751,-0.4436884441553317,0.0051053984402545,0.0096150001042348,801.0,7.6,50835708,2015 VZ168,(-0.005496279172444167+0.15698115234934987j),(-0.06528859354909984+0.09643191730849289j),3.027860758166356e-07,-3.027860758166343e-07,0.1502653105113263,44.194359271287375,0.1186801463625762,0.1570773417067886,0.1167196177120637
2728,2015 VZ169,45.26231328228206,0.0868322474155723,0.016852086463887,5.68109707614129,1.765269520174534,45.26067869703599,0.0865188467818143,0.0270453617258664,45.26067869703598,0.0864579976903406,0.0264084799002734,-0.3768251148500188,1.515178307195983,5.4299935364499095e-05,2.007861668756504e-05,0.0006204301288623,0.3614707145954636,-0.3616115562789275,0.0001346934326957,1.0454587266130113e-05,758.0,7.8,50835733,2015 VZ169,(0.03574892049657888+0.08439510521269736j),(-0.008904407835349355+0.010380756648718306j),2.643231065537381e-07,-2.64323106553738e-07,0.0868322474155723,45.26231328228206,0.0168512888299586,0.0916543457809447,0.0136769971504374
2729,2015 VZ170,44.24990358773906,0.0869479507848787,0.0597153918295862,4.708345078963014,-1.2548658647153497,44.24213353790852,0.0818186998138189,0.0484178663790404,44.24213353790855,0.0815513601553711,0.0477691300941033,-1.6850068353979375,-1.1061168237681538,0.0013129765091423,0.0001368500473062,0.0002269462629724,0.4038762938403417,-0.4085628505716712,1.82457462609158e-06,2.7403117785086187e-05,828.0,8.3,50835758,2015 VZ170,(-0.08102584988086833-0.020384152378216613j),(0.01053257171014117-0.06363505433042999j),3.005439390698747e-07,-3.00543939069874e-07,0.0869479507848787,44.24990358773906,0.0596799080253064,0.0835505955520088,0.064545623871946
2730,2015 VZ171,44.293879593674696,0.0861736360088102,0.0227650591451114,1.343397108382467,0.399873429223502,44.2966827654966,0.0816840792002118,0.0295539845588558,44.29668276549659,0.0814396381587084,0.0285119318242623,1.14804242429287,0.484839676313246,6.816117488611297e-06,9.25412389161616e-05,3.8759477790420495e-05,0.4064704659949069,-0.4082154488794274,0.0018998436410366,0.0003655671174421,1125.0,8.0,50835782,2015 VZ171,(-0.01305389407853481+0.0912257210513967j),(0.013069880021027807+0.0019018263639398354j),2.9887734199836415e-07,-2.988773419983611e-07,0.0861736360088102,44.293879593674696,0.0227630928719792,0.0921549582603174,0.0132079086603664
2731,2015 VZ172,43.04039219687131,0.0357523205830666,0.0173136450145734,3.3180368442178003,-1.1020490202263116,43.03951515529346,0.0269238712030802,0.0159223361984354,43.03951515529345,0.0256490288543583,0.0058478282264829,2.359682867252515,-0.4003006337654004,9.07612171162397e-07,4.407955865711345e-05,0.0001168564372042,0.4602597929987828,-0.4593547645705235,2.533921526079185e-05,0.0028602465409405,1125.0,8.8,50835806,2015 VZ172,(-0.018570626806184074+0.03898825231845186j),(-0.005391075722564578-0.024545116001359765j),3.544871677186019e-07,-3.544871677186043e-07,0.0357523205830666,43.04039219687131,0.0173127800311855,0.043185090005948,0.0251328351690232
3888,275809,43.84339905155475,0.0830928191173441,0.0007673773580964,6.115545277737178,2.385388504768568,43.84656556374646,0.0758037044146293,0.0213958662928057,43.84656556374647,0.0751868454559586,0.0191200375389148,1.2276612099228903,0.8714423841306006,1.7381168592080978e-05,2.653511867697588e-05,0.0001088430939834,0.4367499215788491,-0.4303227257511804,1.968294920628616e-06,0.0018960798075355,8742.0,5.69,20275809,275809,(-0.04806040763275366+0.07370921916363835j),(-0.009875394644438464-0.0069897038703999395j),3.1720538069941293e-07,-3.172053806994136e-07,0.0830928191173441,43.84339905155475,0.0007673772827824,0.0879934757328048,0.0120990298141843
3895,306792,39.50387683343987,0.1564814116217766,0.2944287188254827,1.070480400839859,2.5159071907189685,39.404045304075794,0.1628825210200299,0.2981997191842043,39.40404530407579,0.1619160053485396,0.2937960091933423,-5.130608021393174,2.527252821141571,1.3092023691453677e-05,0.0002598088553411,0.0006652643391478,-1.0864791229889523,-0.3311323503944966,0.001995401420061,0.0020447812686163,3010.0,7.1,20306792,306792,(-0.14989421611559448-0.09904734964129479j),(-0.1857081291872824+0.19096159174246397j),6.34538855882557e-07,-6.345388558825641e-07,0.1564814116217766,39.50387683343987,0.2901931996584843,0.1796626101777257,0.2696266744353021
3904,308634,43.40456328122297,0.1041381285059935,0.1615720661491298,1.861066701440233,-2.690844798505848,43.39940102603735,0.1183094064367721,0.164993851936852,43.39940102603733,0.1173884535484803,0.1641659220806652,1.9854867259923807,-2.69061692025262,0.0066929658931924,0.0027654782960671,0.0026986413565495,0.4002190302523802,-0.4367898325616099,0.0042287221755672,0.0003979372561677,6610.0,6.41,20308634,308634,(0.07287557331072014-0.06812371072923576j),(-0.1560618109530378-0.07838471073333077j),3.368076921884396e-07,-3.368076921884409e-07,0.1041381285059935,43.40456328122297,0.1608699956998487,0.0997581532952908,0.1755410742168629
3910,32929,39.640757417225096,0.2631335444629337,0.102874284754239,0.6588790645937763,-2.4106423613718366,39.404379044880535,0.2565952372980988,0.0980913162101934,39.40437904488055,0.2570627715530337,0.097747739783518,0.6852542835301281,-2.428147380082412,1.4567932707112506e-05,0.0026793214345904,0.0005559694469103,-0.1592918079707327,-0.4610906853116861,0.0037844716269533,0.0025057273009784,8907.0,8.66,20032929,32929,(-0.057103329635833054-0.2966155248622957j),(-0.016594356791112708-0.04367779723302894j),6.181411792086631e-07,-6.18141179208665e-07,0.2631335444629337,39.640757417225096,0.1026929256243645,0.3020621787725728,0.046740915434105
3919,363401,45.58948947457317,0.1312704332784519,0.0345722025717587,3.4661555998025504,-1.7538511028056811,45.60373286107567,0.1283434064728857,0.0262988812943202,45.60373286107568,0.1282691813070058,0.0254717715980009,3.260149832656533,-1.6094435107583307,0.0015705105943577,0.0001005392906575,0.0009564454411844,0.3706675824257847,-0.3757056316471814,0.0003221535400778,0.0002097480097162,5429.0,6.71,20363401,363401,(-0.017371999378804147+0.13441609160851395j),(-0.011366503722404393-0.039773304995308095j),2.5398553687876706e-07,-2.53985536878769e-07,0.1312704332784519,45.58948947457317,0.0345653159862805,0.1355340254169615,0.041377409998978
3928,385266,42.61869664037842,0.0962384023544112,0.0589374445157702,0.0648643982514203,-3.104149864292313,42.62507403197184,0.0658749238801421,0.0535246369724143,42.62507403197184,0.0622208628161016,0.0514441111611587,-5.832497520128312,2.980074726245132,0.0063023825569648,0.0031941443675502,0.003347955864289,0.5218362638989286,-0.5017313943453662,0.010390069018652,0.0193069951530857,8833.0,6.81,20385266,385266,(-0.0921276367345509+0.003205830930140317j),(-0.07518094153282892-0.012660586118433785j),3.768216344025262e-07,-3.768216344025263e-07,0.0962384023544112,42.61869664037842,0.0589033293705545,0.0921833976497179,0.0763135704389569
3929,385362,46.24559569781307,0.1442274470810965,0.087248967262333,2.5521594410716126,-2.632501565306193,46.27182813101017,0.166289108877309,0.1105333466651034,46.271828131010174,0.1660518615396618,0.1104309274825346,2.546566950378317,-2.618050171663965,0.0019257443749502,0.0044093977903811,0.0074503097451096,0.333569722258715,-0.360990552117798,0.0014900307162366,0.0022534194469924,8093.0,6.44,20385362,385362,(0.14517982701414905-0.00809295792821036j),(-0.07994524388939966-0.04790708522530932j),2.3494364360931306e-07,-2.349436436093125e-07,0.1442274470810965,46.24559569781307,0.0871383139719777,0.1454052204698512,0.0933359458483051
3930,385363,44.86255605606162,0.0722611370833839,0.088244726157844,3.7968689074289466,-2.4796722736939225,44.866789940346855,0.0918388267240468,0.1027039378035699,44.86678994034685,0.0918722815033108,0.1025248877642663,3.705727647738952,-2.4783552741442096,0.0001836673329817,0.0047231804003718,0.0043582805762063,0.3499215258499807,-0.3677613160579996,0.0016906680368349,0.0035102521543244,8093.0,6.25,20385363,385363,(0.01958173938636488+0.07522415264350275j),(-0.0759408199425764-0.0605609288668795j),2.778208998940555e-07,-2.778208998940554e-07,0.0722611370833839,44.86255605606162,0.0881302418581602,0.0777310598044856,0.0972854317066644
3935,385458,45.96453237986423,0.1698235777637693,0.1053778147724139,1.9195952567872727,-2.3302471356715,45.94773603646985,0.1826188899574038,0.1098941033874768,45.94773603646986,0.1752442435831965,0.1096953310786207,2.132309644355933,-2.355942141785619,0.0043054246960636,0.0076329212192347,0.0172698264978976,0.3748894373868361,-0.3950286712385428,0.0019198079546553,0.00757846724015,6583.0,7.22,20385458,385458,(0.15734119263561874-0.06422847317493792j),(-0.07654349207765476-0.08156945558416462j),2.428532834427254e-07,-2.428532834427256e-07,0.1698235777637693,45.96453237986423,0.1051828953209083,0.1699457197648196,0.1120938033872829
3937,385528,56.24545621684466,0.3387875422457431,0.1482955324615268,0.219230019116666,3.10728039156257,56.85030625283943,0.3559608347698154,0.1489805368085813,56.850306252839445,0.3273946496431784,0.1471792387799811,-5.965766307230753,3.067270810511071,0.3161946726147135,0.0296464743143424,0.0070122535427228,0.2046950161765235,-0.2154373973866914,0.007625111098904,0.0037979348094512,6556.0,7.63,20385528,385528,(-0.3378967570925496-0.06255761393606331j),(-0.14346382869788257+0.0001663944873331177j),9.134771788365604e-08,-9.134771788365604e-08,0.3387875422457431,56.24545621684466,0.1477525880098193,0.3436388707859386,0.143960666474849
3938,385533,43.03434427243222,0.1143728230233726,0.3922469235426183,1.9667616175006304,0.5132266427343707,43.07103368342323,0.1088755682260926,0.3960211828746258,43.07103368342324,0.0759799358542114,0.3864052769135936,1.8247578430638136,0.5123445637823828,8.888941804838171e-05,0.013416220021799,0.0007506985085698,0.0528179482808871,-0.2964040462217547,0.0521740784418988,0.0005171537287829,3335.0,6.94,20385533,385533,(-0.08742846544812086+0.08083447150916889j),(0.3251598933033461+0.18161034245173277j),3.548064987529723e-07,-3.548064987529745e-07,0.1143728230233726,43.03434427243222,0.382265653594201,0.1190711902803524,0.3816363827293466
3945,408832,44.0888362993792,0.0399609141280223,0.0313776920319001,4.350905451966556,1.7652320567761943,44.09472383032606,0.0449114248989437,0.040067939774047,44.094723830326046,0.044575161201064,0.039439262956083,-1.6699526239049745,1.5595016690429293,8.568347749321618e-06,3.324006784979668e-05,4.283048162396275e-05,0.3991798345063186,-0.3992786246128757,1.6833521711983852e-06,9.081416515412809e-05,7734.0,6.11,20408832,408832,(0.04131652242871814+7.339377247470458e-05j),(-0.014538965562660459+0.02358848830111008j),3.070313712976897e-07,-3.070313712976893e-07,0.0399609141280223,44.0888362993792,0.0313725434176001,0.0413165876162178,0.0277127206389758
3947,415720,43.044807640318496,0.0698974724314389,0.1393657893808911,5.956422820589999,-1.826562129945916,43.06281451865721,0.0886118036612822,0.1449695496377578,43.062814518657206,0.0822207039361431,0.1442548328702673,0.3482360028332645,-1.8317656100727224,0.0104987059766722,0.00868221283884,0.014653556581731,0.412557232933242,-0.4466615913812312,0.0260182570360851,0.0050642439262881,8062.0,7.28,20415720,415720,(-0.03555434438396978-0.04801054990553914j),(-0.0483679735819348-0.1436503355839211j),3.542613287787792e-07,-3.542613287787825e-07,0.0698974724314389,43.044807640318496,0.1389150811225948,0.0597421484950632,0.1521611529375712
3949,418993,351.9141512458648,0.968738215194417,1.197807657140884,2.2175352800799857,1.975306765448981,-16527.043975262488,0.9996383909843404,1.2187750810709086,-16527.043975262488,0.9999097641014943,0.0107675720912196,-2.603549178929035,0.4934360251886213,4439.116776927792,0.7745259498391337,0.5869490702611782,-0.0033712352015567,4.9403892619653744e-05,0.0625372784509432,0.0644646737962183,7090.0,9.74,20418993,418993,(-0.6088223571206924-1.0644733884535078j),(-0.2191658922747015+0.5104240766150133j),1.0610654294273732e-10,-1.0610654294273736e-10,0.968738215194417,351.9141512458648,0.9312424343079726,1.2262822910144664,0.5889491926188581
3957,434390,55.201309840538165,0.3186295962983336,0.0634789429657378,0.1528760311072918,0.3782156916519235,55.1432461108944,0.3185624114411029,0.0569127501876622,55.14324611089442,0.2838798782836585,0.0534288382224681,0.3325199468323541,0.2836927746809171,0.0940210115035772,0.0309153945188859,0.0060265652570867,0.3382793125733395,-0.2782559665488513,0.0055159741096554,0.001175787059624,6266.0,8.16,20434390,434390,(0.2786002228491827+0.16429597395342838j),(0.05742070548600756+0.01806333470147542j),9.930671221810689e-08,-9.930671221810689e-08,0.3186295962983336,55.201309840538165,0.0634363193481034,0.3234366262947347,0.0602312738579305
3958,434709,42.17262112403314,0.2281225183825034,0.2874720619060716,0.9988948517636445,0.4338734045374874,42.39779736877431,0.2361433660855361,0.2785138231493356,42.39779736877432,0.1797503792878757,0.2472671316242876,0.8062066919847792,0.4828542909824753,0.1273281069207791,0.0215968333784622,0.0229874220358617,-0.4195554517922815,-0.3035093990929935,0.1121074980061479,0.0179481479618283,8308.0,7.39,20434709,434709,(0.03644663909735894+0.24480239624349343j),(0.23492841564674824+0.10617492651617666j),4.028046387162624e-07,-4.0280463871626453e-07,0.2281225183825034,42.17262112403314,0.2835289328044634,0.2475006478942015,0.260751841143068
3963,439858,42.63032739162095,0.0408496231466312,0.0329310780574742,2.895626261858545,0.8110763532629999,42.647776319626566,0.0452030620546058,0.052670460101876,42.64777631962656,0.0435457011657054,0.0512147911804281,-3.1589020831433543,0.8226259602356332,3.4743660835390054e-05,0.0002917611945619,0.0001972265972213,0.4898601169700731,-0.4860608851760694,0.0013773726322193,0.0003734895569516,8056.0,7.46,20439858,439858,(-0.030874177106843162-0.008964252041525985j),(0.006369665154851736+0.013460351272589153j),3.7602493474423497e-07,-3.7602493474423243e-07,0.0408496231466312,42.63032739162095,0.032925126329876,0.0321492243559424,0.0148919469536973
3964,443843,46.44299859800372,0.1180445472353004,0.1914685343846301,5.69371445164014,1.8542248604345368,46.44792599643451,0.117245573458239,0.1952265768725482,46.44792599643453,0.1172254144921827,0.193983189197457,-0.6055155442178461,1.8549041470773988,3.7107104871602073e-06,8.308618612473009e-05,0.0002124620373803,0.2512482733507722,-0.2888184863221192,0.0009753203174232,0.0004423312887804,7016.0,7.27,20443843,443843,(0.03656879475800577+0.11614061150404689j),(-0.05722096344098525+0.17736023293963266j),2.2960061636076677e-07,-2.2960061636076653e-07,0.1180445472353004,46.44299859800372,0.1903007977974116,0.1217617279385731,0.1874582284208059
3965,444018,44.15255180488735,0.0442184709837737,0.0341735836115795,2.690274277256238,-1.3033121552579754,44.15227327338599,0.0417549581845919,0.0242416769954401,44.15227327338597,0.0414528583498974,0.0231840642636686,2.386273067870816,-1.0921652608093102,0.0001582453417604,1.516644417759154e-05,7.141375508276167e-06,0.3991795860531997,-0.3969267846334365,2.155675254112073e-06,0.0019390789741124,4729.0,7.0,20444018,444018,(0.009949774327622257+0.050048939068442405j),(0.0007509121625897223-0.04004579807508643j),3.0442381035900933e-07,-3.044238103590095e-07,0.0442184709837737,44.15255180488735,0.0341669324888642,0.051028367709023,0.0400635544899555
3966,444025,43.96486517198285,0.0463635714456728,0.051249060118953,5.42841429773478,-1.5838619067010336,43.96624996478224,0.0452526592793833,0.0408785593925574,43.96624996478225,0.0449427107132725,0.0402019790628356,-0.8506697582697111,-1.4916035271318802,2.474232214866157e-06,5.1609707903457065e-05,4.942132365619186e-05,0.4061556241982079,-0.4062451307859262,0.0019427108123022,0.0018010821854366,4686.0,7.18,20444025,444025,(-0.0333949336507657-0.022979719568574638j),(-0.009560431874409496-0.0585584088251748j),3.121467797120018e-07,-3.121467797120035e-07,0.0463635714456728,43.96486517198285,0.0512266290778255,0.0405375024513027,0.059368578873021
3968,444745,39.34858553605256,0.1833599899424957,0.2692677806695963,2.041593607133535,1.8415851884383625,39.40326169457774,0.2031122202690364,0.2591959529782839,39.40326169457775,0.1979669691236807,0.256303430739137,-4.230891295267436,1.8762754853032584,2.139342274493402e-05,0.0022431503600063,0.0013337598521965,-0.6890834924484084,-0.3193316416338426,0.0195585316691971,8.601146554386836e-05,8142.0,5.4,20444745,444745,(-0.14301466788562445-0.1524181433778506j),(-0.027220414780195046+0.27375532578403733j),6.540059531959026e-07,-6.540059531959146e-07,0.1833599899424957,39.34858553605256,0.2660256735681108,0.2090083387360095,0.2786992330565943
3973,455171,45.97630033661706,0.1199892667628322,0.0095032930976982,1.996630547617389,0.4240208185841016,45.98552369953893,0.1156274334124644,0.0186624008404167,45.98552369953893,0.1155949030501802,0.0177992727982253,1.8093271802354185,0.57565011800241,8.180420347314808e-05,4.225001227531491e-06,0.0008511533339887,0.3473631427597678,-0.3475283739169605,0.0001528680688161,7.584792146680184e-05,5792.0,6.95,20455171,455171,(-0.08923005994003098+0.08313099423818196j),(0.004097759935231103-0.0018387302747738367j),2.424839549216779e-07,-2.4248395492167866e-07,0.1199892667628322,45.97630033661706,0.0095031500538582,0.1219539495052545,0.0044914030275346
3974,455206,46.668938479799166,0.1242091842201931,0.0365245740511641,5.32229886104733,1.4120905553196097,46.678595844905466,0.126310422658819,0.0412315450724639,46.67859584490546,0.1263381200290106,0.0410211625818275,-0.8979933685770627,1.3443860016092195,4.506866426100679e-06,5.068058680627561e-05,0.0002160288264429,0.3289117464838129,-0.3251039192825667,0.0001663811077433,0.0010134326867123,7727.0,6.98,20455206,455206,(0.11289228992940804+0.0574753412861696j),(0.0020527015586931643+0.030457997055619218j),2.2373172411613765e-07,-2.2373172411613765e-07,0.1242091842201931,46.668938479799166,0.0365164536915825,0.1266810324455369,0.0305318324616067
3982,469333,54.31601986170504,0.342039037755609,0.2955649016648402,2.5423393084766843,0.3745869854574841,54.67660693546465,0.3529338861036209,0.2793256683549454,54.67660693546466,0.3448826286121293,0.275462458191848,-3.461866079316992,0.3254938030289518,0.0433745530746847,0.0039770503700212,0.0030573987739227,0.1662385109382632,-0.2111280928257891,0.0042659778052016,0.0056104930566439,8800.0,6.12,20469333,469333,(-0.3383676762637833+0.07825213416347732j),(0.2655070192884882+0.099698069102882j),1.0679271621688397e-07,-1.0679271621688405e-07,0.342039037755609,54.31601986170504,0.2912803028284546,0.3472982591970356,0.287554852981448
3989,469442,34.42194646235983,0.5896588891450733,0.1300121966202685,5.009345636060099,-1.5075492324075297,-87.81887626822162,1.0328536263877983,0.1322110497565543,-87.81887626822164,0.1563842512406558,0.0084596054221789,0.0773885008371226,-1.6069506673348146,5.646143094867155,0.1441259514905481,0.0076968352344255,-0.0034945135411561,-2.4009977020874613,0.0108491398085042,2.17392448933333,7375.0,8.23,20469442,469442,(-0.5903072047292474-0.2046972965428493j),(0.01943556209923918-0.1120340632713271j),2.650883049863556e-06,-2.650883049863371e-06,0.5896588891450733,34.42194646235983,0.1296462363139429,0.6247908283315375,0.1139538624500683
3992,469509,44.02684043483647,0.0670433297858218,0.0410264557248533,0.2236382837057329,2.7762881829576807,44.02876652627132,0.0621392559921205,0.0493059759329803,44.02876652627134,0.0619778286155232,0.0487645620301959,0.4053504064496462,2.5760958172552653,1.9826160339360344e-06,0.0001128230967769,0.0002476288196408,0.4052685033762515,-0.4085736340710471,0.0013252891388584,3.865587294751848e-06,8093.0,5.92,20469509,469509,(-0.06447463294055736+0.016340940176608067j),(-0.04695099866487223+0.007375769975946968j),3.0952318427871973e-07,-3.095231842787208e-07,0.0670433297858218,44.02684043483647,0.0410149476096805,0.0665131913132657,0.0475447266622259
3994,469584,42.16346968785307,0.1532838226398276,0.0153678478427131,0.6566946156278766,-0.5134839487812822,42.28488208519126,0.0953368565458761,0.0664313224308767,42.284882085191256,0.0711791422116235,0.0633754987137239,0.7157073965845706,-0.5805008892788829,0.0138963591800697,0.0035143186717182,0.0030966492325684,-0.6909861764089775,-0.5277945559399585,1.333484184220711,0.007786637488696,7377.0,7.09,20469584,469584,(0.15707036613854503+0.0393958788030975j),(-0.008327751078518924-0.02019793149593904j),4.031259357004026e-07,-4.031259357004037e-07,0.1532838226398276,42.16346968785307,0.0153672429438378,0.1619355896199626,0.021849115199796
3995,469610,43.27334456428123,0.0276464238318346,0.0143728335245488,4.8338944342017225,-1.951641261296169,43.27108716043817,0.0198834992866796,0.0145387231727393,43.27108716043818,0.0185232578381008,0.0067534922487516,4.006682226619724,-1.2644432057489006,9.991875520090604e-08,5.757594323408396e-06,0.0001284645981446,0.4461401383496278,-0.4436588273614305,4.058194917111394e-06,0.0017490503623509,4430.0,6.44,20469610,469610,(-0.024088654719383342+0.016412753578351636j),(-0.01719254697744703-0.021881762686012718j),3.430263348074683e-07,-3.430263348074687e-07,0.0276464238318346,43.27334456428123,0.0143723386769698,0.0291486151680206,0.0278315502334912
4036,47932,39.34234027536174,0.2810412556207186,0.1866756763400217,3.553219678578045,-1.5678541361482914,39.40247568710337,0.2808488891115662,0.1929121910101902,39.40247568710337,0.2329347001192458,0.1911511811383396,3.687005139644,-1.535209637826616,1.3636082451288638e-05,0.0391572402243491,0.0117419249168206,-0.1357226352230643,-0.3329806229212076,0.0180727875960931,0.0023151252116118,12105.0,6.28,20047932,47932,(-0.12156515929805976+0.23194041745654867j),(0.04427150975576346-0.1654339849417243j),6.548623908137621e-07,-6.548623908137649e-07,0.2810412556207186,39.34234027536174,0.1855933575253014,0.261867228199866,0.1721036282348467
4040,48639,52.52906283241811,0.2374187713917688,0.0314314944087185,1.059987057096082,3.079532757557007,52.50905580999195,0.2368375417542874,0.0300010878601724,52.50905580999195,0.2370419072152723,0.0299096491721646,-5.1456456935466095,2.9920899595582764,0.0011050733084457,0.0003182967216416,0.0001388648492886,0.2230796861945328,-0.2254053445333473,0.0014519315954853,1.5133775613133583e-05,11012.0,4.84,20048639,48639,(-0.12931117697763972-0.19985255298398993j),(-0.03148754091429865-0.002847323279072122j),1.2452692182476934e-07,-1.2452692182476945e-07,0.2374187713917688,52.52906283241811,0.0314263192653364,0.2380387015288921,0.0316212856906851
4043,488644,42.5923126528761,0.036526544155641,0.0448725358188384,4.948785589512804,-1.879813199997984,42.59230049360265,0.0236952656896935,0.0281643128668869,42.59230049360266,0.0215062459847589,0.0245141714399015,4.73003744254937,-1.7244100623907737,4.526681958768405e-06,0.0001290613329567,0.0001148980748961,0.4829012808415368,-0.4861700075757119,0.0007590369854752,0.0019968492709341,5113.0,7.93,20488644,488644,(-0.032720505991568935+0.015895861447991547j),(-0.03028202942623806-0.05327813821405085j),3.780903583849154e-07,-3.7809035838491924e-07,0.036526544155641,42.5923126528761,0.0448574785271131,0.0363773270529603,0.0613210581358334
4052,496315,150.22495589116343,0.7268370538091601,0.59215086953464,0.6950922663253891,1.839353379276884,153.3746103914501,0.7443682660977813,0.5597370896043417,153.37461039145018,0.5869468909059081,0.5027845807654525,0.3180962451406757,1.982972190971628,1.425405330818731,0.1364067362779466,0.4613260891738855,0.0046962250646293,-0.011933645793409,0.0016182993364486,0.0021996373137494,4457.0,6.7,20496315,496315,(-0.6501691418909971+0.45151897732567775j),(-0.12651679801959206+0.46052006737500856j),2.150610231015578e-09,-2.1506102310155787e-09,0.7268370538091601,150.22495589116343,0.5581469795972713,0.7915739383989984,0.4979012949475033
4056,500828,43.6470762719255,0.0763978709310605,0.0401766558556525,0.213504747414448,2.34560925600634,43.66905664953519,0.0768537818418657,0.0553447686370355,43.6690566495352,0.0546880815014065,0.0541699574363999,0.5565614269830457,2.110402603993023,0.0001294585841373,0.0042004124327852,0.0008962327791415,-0.2980327757822192,-0.4273258652042497,0.0388462408201025,3.722091546030698e-05,4436.0,7.88,20500828,500828,(-0.061587363340794475+0.049980404684784666j),(-0.03815932037780416+0.020840524828593745j),3.258370021930015e-07,-3.25837002193003e-07,0.0763978709310605,43.6470762719255,0.0401658481115469,0.079316102877826,0.0434931453287155
4057,500829,42.36829824927351,0.1540042536027305,0.2021041020582128,0.0591146583592303,-1.2892737000648808,25.676305887724,0.309989603707586,0.174575559443277,25.676305887723995,0.2616321864771356,0.1356828968540268,3.715430428209341,-0.6150280241234459,16.798718918413932,0.1153718739377911,0.0197509708815117,-0.0033226146084295,-0.5009926265557789,0.4700431643396366,0.0221376933962181,1457.0,7.46,20500829,500829,(0.055871489087755466-0.13041653398472136j),(0.03673415902351101-0.2042101097973553j),3.909291307780385e-07,-3.909291307780426e-07,0.1540042536027305,42.36829824927351,0.2007310495982827,0.1418805681884279,0.2090061207004399
4058,500830,44.11988170384557,0.1675476067246977,0.1328468882349563,2.374999442552145,-1.1969346843331592,-1765.678127372704,0.6756564358506714,0.1510968198490239,-1765.6781273727036,0.6289088699727715,0.0627291470835181,1.816451288992765,-0.8064017398790807,1064.6273729076352,0.2686228559154682,0.0539420227216956,-0.0023541421185155,-0.4988331979865458,0.0043985479575633,0.2505182684114811,1566.0,8.04,20500830,500830,(0.06623101220088445+0.16197072049367411j),(0.03975772596372684-0.12984878421910248j),3.057648610104614e-07,-3.057648610104628e-07,0.1675476067246977,44.11988170384557,0.1324564793687594,0.1749887461364118,0.1362199450509002
4059,500831,41.098584475594,0.0349528241180671,0.1411755010259224,4.85314088871027,2.0773809691952785,41.134438762447935,0.1328999465428181,0.1370819481390145,41.13443876244794,0.1008715904228672,0.105165234877474,-1.0927645442223726,2.3745331390380406,0.0027001315233199,0.0203716046775264,0.0253895266292809,-0.2685993197165384,-0.4955295271957953,0.2321747482144361,0.0753322504207082,1543.0,8.27,20500831,500831,(0.04449385263349454+0.08124064552590128j),(-0.13061715327559986+0.09271044152104427j),4.772431850153743e-07,-4.772431850153863e-07,0.0349528241180671,41.098584475594,0.140707017885087,0.0926269151361323,0.1608680535208206
4060,500832,86.73182379607373,0.6092735342794431,0.3292433861260144,0.5558867742260434,1.9327837778213,-300.35717872715315,0.7406887351262831,0.2040540050316019,-300.35717872715315,0.5972574860017668,0.1638133795023476,-5.268584037508192,2.129313833279096,311.7271895225513,0.1074550771961603,0.0669960737095005,0.0014323001042304,-0.0835824672313121,0.0447226825664674,0.0920170426550644,3724.0,8.2,20500832,500832,(-0.5111169438610956+0.39097772453010504j),(-0.10184014731127454+0.2676270872130984j),1.6036986866349473e-08,-1.6036986866349466e-08,0.6092735342794431,86.73182379607373,0.3233271469491013,0.6435092162359798,0.2904139510163838
4061,500833,39.37314856059267,0.1037440381760492,0.1273857088688732,5.930128760268624,1.904970559646268,39.40747320228319,0.1083762368029228,0.1389915948513031,39.4074732022832,0.1083140976318856,0.1385945027823104,-0.3246089038284407,1.8709108928377296,7.628098808694903e-06,5.105838426363058e-05,0.0001573515074101,-2.6040090389589325,-0.4417490810896556,0.0022139402531746,0.0004495069533835,1566.0,8.4,20500833,500833,(-0.0054116991498184145+0.0753290563338411j),(0.003242493053907315+0.13761724614628143j),6.509147395248862e-07,-6.509147395248853e-07,0.1037440381760492,39.37314856059267,0.1270414711145715,0.0755231965414279,0.1380939288253505
4062,500834,39.1700506469406,0.1785334232353331,0.1615894332782786,0.364395669593561,-1.2439188729066095,39.40553739817914,0.2019493455642319,0.0982090667552143,39.40553739817916,0.159376625386183,0.0972453993295626,-0.1875791313413715,-1.07661957594742,8.582843657378056e-05,0.0116466412450385,0.0059422859491208,-0.5894866107864323,-0.5117578831511759,0.0474265140031659,0.0083969198763652,1543.0,7.26,20500834,500834,(0.10789161308181622-0.16309989294024768j),(0.08978880850946688-0.1368042512556845j),6.774483797016977e-07,-6.774483797016897e-07,0.1785334232353331,39.1700506469406,0.1608871366083827,0.1955560667699077,0.1643773612272573
4063,500835,44.09340328656842,0.065074737499005,0.0301935558137121,2.3518699527413283,-1.1690718812855616,44.094978668672674,0.0639878476451564,0.0200584433776881,44.09497866867269,0.063732813488958,0.0182922571006557,2.0178929281231106,-0.8809365325239144,5.7608674772523537e-05,4.746230111709969e-05,3.356532645602113e-05,0.4106897346772487,-0.4095366204327221,0.0019138150980342,0.0008547982978025,9236.0,7.14,20500835,500835,(0.026507987498299784+0.06698783521213125j),(0.00333339345729697-0.034934142387092346j),3.067718948773028e-07,-3.067718948773028e-07,0.065074737499005,44.09340328656842,0.0301889683595423,0.0720419563006007,0.0351000239898544
4064,500836,45.68401771134944,0.1313030254570049,0.0247465243775161,1.5514371598675432,-0.6345193189568205,45.68446983904296,0.1312891166058636,0.0165952677224845,45.68446983904296,0.1312143632176267,0.0148332279415252,1.2206745242913843,-0.3557234562844066,0.0007307889008033,4.029145588063533e-05,0.0019610194807576,0.3719176880419637,-0.3754549386289977,0.0008715195572667,0.0014376740032757,1511.0,7.44,20500836,500836,(0.08118712217441064+0.10856784422327295j),(0.014892074679034764-0.02048103219460542j),2.5103258068126456e-07,-2.510325806812649e-07,0.1313030254570049,45.68401771134944,0.0247439986989084,0.1355666832457427,0.0253255539054587
4065,500837,44.59329626496935,0.1058913381290557,0.045486779406178,2.5398159392020574,-2.081311304056218,44.5981016296568,0.1133201649722251,0.0434299586233754,44.59810162965678,0.112583666493672,0.0426676641163675,2.531541956760548,-2.0580101445366346,1.4031276394893646e-05,4.576786878415378e-05,6.115479344929682e-05,0.4226620105497967,-0.4133524688530784,1.1549517008001737e-06,5.788466106811963e-05,1542.0,7.51,20500837,500837,(0.09669171658076167+0.05254654897055344j),(-0.029228984099888333-0.04621382837017026j),2.8754384722344965e-07,-2.875438472234513e-07,0.1058913381290557,44.59329626496935,0.04547109531398,0.1100473891741603,0.0547086496047759
4066,500838,43.79375698011664,0.0829172652901735,0.0379764710443688,5.531196833368126,-1.1212621227873052,43.790795601033295,0.0905015331546263,0.0305858054314948,43.79079560103332,0.0877098407909613,0.02864169617192,-0.907518651732096,-0.8472113715365501,1.1098945694763314e-05,0.0001400790837966,2.0233072327725912e-05,0.483405274984148,-0.4461419590613513,0.0002964737361403,1.863037357111964e-05,3319.0,6.85,20500838,500838,(-0.022592191929195118-0.07173902218769726j),(0.006964554614019054-0.041734009736702965j),3.193878251316188e-07,-3.19387825131619e-07,0.0829172652901735,43.79375698011664,0.0379673433466537,0.0752123290465898,0.0423237748998358
4067,500839,42.85796799501598,0.062207838864754,0.0781675990609371,3.6203158706817,-1.3841082603168955,42.86358360344997,0.045109002089088,0.0553915946504293,42.86358360344995,0.0442692559545374,0.0543840884094155,3.335553067560965,-1.264588105549529,6.82053838300159e-05,0.000223809180589,0.0001017090223986,0.4649637404250865,-0.4701660737927748,5.795244925192728e-05,0.000486947521831,1572.0,7.79,20500839,500839,(-0.03521408540791362+0.06040747698700688j),(4.885021359282184e-05-0.08633324464707191j),3.637394257372516e-07,-3.637394257372547e-07,0.062207838864754,42.85796799501598,0.0780880204441697,0.0699220643792186,0.0864408662860844
4068,500840,43.79709700839327,0.0453102486329541,0.0519909333367791,3.624299299617023,-1.149942508393457,43.79567108118768,0.0354296218213786,0.039620504966907,43.79567108118766,0.0349800721265601,0.0388711770651534,3.3163295564048325,-0.9977488349469342,7.3451796988331715e-06,3.494194308110676e-06,2.4178307216223883e-06,0.4132321894318647,-0.413268758669795,3.599662365033963e-05,2.2459726728085075e-06,1429.0,7.82,20500840,500840,(-0.03348862933409532+0.035551602263858374j),(0.011737076752386836-0.05500773873338602j),3.1917404609897625e-07,-3.191740460989763e-07,0.0453102486329541,43.79709700839327,0.0519675140915059,0.0488406052194688,0.0562756792497536
4069,500856,44.02205239909954,0.0166795595697139,0.0525088746257455,5.851337274451875,-1.3602762185378827,44.02214010825715,0.0231230632878132,0.0440254340328435,44.02214010825716,0.0225701465741392,0.0434916578044489,-0.2581283282169124,-1.2410016680317213,3.354646535017664e-06,1.967882168144524e-05,6.80337034561016e-05,0.3968358401572569,-0.397676267297083,0.0013104819502316,0.0014320481534021,4423.0,7.73,20500856,500856,(-0.0016496342394726829-0.009365214615513848j),(0.002275766048918989-0.058606864649188205j),3.0972591138118404e-07,-3.09725911381184e-07,0.0166795595697139,44.02205239909954,0.052484748532076,0.0095093920898591,0.0586847113984279
4070,500876,72.27383429944321,0.4106449432472662,0.8572858515468496,3.1316170975275988,-0.7150545344033689,72.26589814749344,0.4210506794270049,0.8524977647853891,72.26589814749347,0.4185979834074182,0.7529364881714821,3.089721322890644,-0.7171872874410531,0.0001299433650724,0.0024461771496509,2.870297461375657e-05,-0.0094221553401165,-0.032873649376646,2.5349346318441946e-05,1.488525354287773e-07,1141.0,8.05,20500876,500876,(-0.3143410884903506+0.278703275603721j),(0.6005750418530061-0.5255250459240579j),3.2351535656264145e-08,-3.2351535656264145e-08,0.4106449432472662,72.27383429944321,0.7560689615639359,0.4201021729835993,0.9240347068111618
4071,500877,47.78894486611552,0.2852193354648769,0.1179169353174676,1.5576803797985708,-0.0115696176143676,47.7335648616913,0.2893558229771914,0.1189019088906481,47.73356486169128,0.2887341843117438,0.1182856376921461,1.6071032708376265,-0.0260581944900939,6.045773743435803e-06,0.0002908170877028,0.0001211872784701,-0.4038952250021992,-0.204286249578155,2.099541191341206e-05,0.0002902925575864,2249.0,8.31,20500877,500877,(0.007829009151525991+0.29061090338635276j),(0.11267462709623276-0.00650875693014109j),1.976733204438003e-07,-1.976733204438002e-07,0.2852193354648769,47.78894486611552,0.1176438644536578,0.2907163403583065,0.1131034525320419
4072,500878,41.72481892329475,0.1085834096651041,0.3238387909908509,3.1343678862070536,1.8318399745203968,41.75579633929295,0.1113462982975748,0.3330103827643595,41.75579633929295,0.1059763766094711,0.3270042040254186,-3.0797954377989702,1.836896033104668,0.0003152584707664,0.0027921898128817,0.0002153091055343,0.231349043540912,-0.3850969773270642,0.0058008490350308,6.112943038957566e-06,1503.0,7.76,20500878,500878,(0.03432588881754884-0.0800660362969332j),(-0.11316096421688723+0.2941499256348586j),4.313676432976853e-07,-4.31367643297684e-07,0.1085834096651041,41.72481892329475,0.3182081502642886,0.0871139300652688,0.3206315214392792
4073,500879,59.205628232840944,0.3841247154359776,0.2142545806104066,1.0966927082284783,-0.4239257352971041,59.05675273767258,0.3799804683045438,0.2282048270526718,59.0567527376726,0.3270708223432964,0.2172413298078044,1.4701213675181313,-0.5175389960157696,0.0435707760028507,0.0208062343848426,0.0055282990504452,0.1850054500953637,-0.1834691739337809,0.0042782354870073,0.0019610444138856,5260.0,5.84,20500879,500879,(0.30648944384477783+0.24458023195954165j),(0.18780942873327744-0.08933315924966843j),7.31183006095353e-08,-7.311830060953537e-08,0.3841247154359776,59.205628232840944,0.2126191119475545,0.3921163973282225,0.2095022537566529
4074,500880,47.77102716242684,0.0826302066241385,0.1081387201614153,3.1335901596516784,0.4464177334400133,47.73560235667647,0.1099988893755519,0.0881330718717026,47.73560235667649,0.0839196090265917,0.0882338680190345,-3.106331863516351,0.5458658471952743,8.567514104164556e-05,0.0056397469494083,0.0010077180562211,-0.6354226522823917,-0.22146827806122,0.0710809690186171,0.0007078170123535,1828.0,7.45,20500880,500880,(-0.07416451943436682-0.03262176862192745j),(0.09461991453274693+0.04140803028635552j),1.980373814523729e-07,-1.980373814523722e-07,0.0826302066241385,47.77102716242684,0.1079280813039385,0.0810219459834997,0.1034683658431652
4075,500881,42.354596320785454,0.0480281906987843,0.1148445658028506,0.6119569570712455,1.2109368103713998,42.27288521313215,0.0656444527988764,0.1495556577872129,42.27288521313215,0.0467993704814446,0.1489452962274689,0.1477065845502041,1.1978916647684432,0.0007647642864753,0.0046654084108295,0.0090618955684879,-0.8104421689580239,-0.4597659106955773,0.2391132874623726,0.0031731787733095,1450.0,8.23,20500881,500881,(-0.007701814958225196+0.06184803744512196j),(0.021271476914848625+0.09575480748035764j),3.916374767923983e-07,-3.9163747679239634e-07,0.0480281906987843,42.354596320785454,0.1145922794874053,0.0623257385793698,0.0982470137243332
4076,500882,53.05146188772124,0.2876882398901433,0.1149109099149858,1.227073661639234,0.8270267619302856,52.88782829354164,0.2870874736866172,0.121981306974405,52.88782829354165,0.2043721635835057,0.094746814630647,1.5725770711137406,0.6217320885043379,0.0154328545776425,0.0228109984201539,0.0122131452151697,0.338469687936033,-0.2726959962229076,0.0588424666905715,0.0236660898127312,1394.0,8.43,20500882,500882,(-0.1348274499798837+0.2584794182633379j),(0.0756594976690739+0.07795309878683984j),1.189695133698187e-07,-1.1896951336981893e-07,0.2876882398901433,53.05146188772124,0.1146581863126189,0.2915305317352397,0.108847421473508
4077,500883,39.370930723121006,0.2554223157989487,0.3549527417723422,4.704350987008751,1.943247756967986,39.401977440210885,0.2555567415399459,0.3480532010637956,39.4019774402109,0.2421616128765439,0.3409317990255289,-1.6420338294458467,1.944429498696388,2.34816708955751e-06,0.0020399000378917,9.707298392375986e-05,-0.3099512502967083,-0.3099512752449113,1.6927384845256625e-06,1.6522096929749811e-06,3303.0,7.4,20500883,500883,(0.23328540760171143+0.06330816654123239j),(-0.08151262812835035+0.34104373297198404j),6.510874432746252e-07,-6.510874432746249e-07,0.2554223157989487,39.370930723121006,0.3475460533364258,0.2417229930120613,0.3582646466385104
4078,500884,39.41414341619963,0.2565290426008324,0.324993366391993,3.289242699983649,-0.4619572322857436,39.40210529897192,0.2617239006110771,0.324311598029979,39.402105298971925,0.2155325835660971,0.3185206903689484,2.9575523632417893,-0.4080744220771869,1.995103916696218e-05,0.0070373045587887,0.0010868721089632,-0.3074810882445355,-0.3074019618923785,0.0014362412693841,0.0013896446847567,1141.0,9.69,20500884,500884,(-0.2536801436338018+0.05057802716604015j),(0.3313798519204437-0.12332792979368709j),6.454111765957957e-07,-6.454111765958032e-07,0.2565290426008324,39.41414341619963,0.3193024995065288,0.2586730602634821,0.3614009648305001
4079,500885,39.29421091378721,0.2310360938299006,0.1062154338393421,0.2827196123748603,0.824644735861906,39.40328829090681,0.234091519841248,0.1055775337058796,39.4032882909068,0.18827017704326,0.104581671433414,0.8443473962007744,0.8079814293166756,1.1194614960737613e-05,0.013426822003703,0.0042240952089951,-0.3910167353481078,-0.3734247155593304,0.0110072550880882,0.0058568375898619,1840.0,9.13,20500885,500885,(0.09708622102639947+0.18109032684817178j),(0.1132313451825856+0.09337477876598352j),6.607773233669466e-07,-6.607773233669556e-07,0.2310360938299006,39.29421091378721,0.1060158310302861,0.2054736985386805,0.1472978223154357
4080,500886,40.67211980012003,0.0121218561136079,0.3186314411800431,5.930977997097345,-0.5223917269723203,40.67097687257588,0.0146361039659897,0.3117234207896029,40.67097687257587,0.0143836805467745,0.3067734422715666,-0.1315440236821,-0.53593081796444,3.824545801744886e-05,2.841311208758661e-05,0.0001967873027013,0.2935089868523458,-0.4274549945410809,0.0015044554988067,9.12803048664214e-05,6617.0,7.49,20500886,500886,(0.1287988836679848+0.43354405083761327j),(0.09353226026878148-0.24209198561111617j),5.128397331299883e-07,-5.128397331299825e-07,0.0121218561136079,40.67211980012003,0.3132671819338222,0.452271595892121,0.2625374746948163
4081,500887,42.41073444478476,0.0803340331652568,0.1651926048219976,1.876807648553786,1.3310973010418392,57.34616890303507,0.2546073170273,0.2080535891997184,57.346168903035085,0.2227165375439022,0.17637352104725,0.3698369476421355,0.7149478371508875,14.316794457916288,0.0806442028098466,0.0383195408521311,0.0557889052968573,-0.3857371531394951,0.2446806706160715,0.1225097666293551,1141.0,8.3,20500887,500887,(-0.076067776077713+0.009438529205825764j),(0.02060785981962121+0.1486847194578055j),3.884614369332701e-07,-3.88461436933269e-07,0.0803340331652568,42.41073444478476,0.16444231687445,0.0766511082175483,0.1506755488200413
4082,500888,41.27743616588742,0.0638500590153426,0.2166496771584249,5.711647058518473,1.598687210852369,41.280749372291545,0.0658030333653378,0.2327796626644019,41.28074937229155,0.0649433109956618,0.2304840061397006,-0.7915723231925448,1.6310525250157846,5.665070077029661e-06,2.497832225335562e-05,1.0379500328556038e-05,0.3874393979011928,-0.4743199315861549,0.0006545298662231,2.023585078690755e-06,4431.0,8.08,20500888,500888,(0.045081083768477206+0.09819746387274302j),(-0.0542253720545123+0.1915392639745363j),4.634367757330931e-07,-4.63436775733092e-07,0.0638500590153426,41.27743616588742,0.2149588329061207,0.1080511269019399,0.2004057999984143
4087,503883,42.243645278976445,0.2520887114134892,0.0354168682614202,3.7224525944203126,1.4869896679054506,42.270887644396645,0.2485923290161998,0.0410213211618632,42.27088764439665,0.2484482054660024,0.0404391528152527,-2.435766554217479,1.4243071651973729,1.028277271714924e-05,0.0009443837706561,0.0009871032303755,-0.3687645611522216,-0.3451815242123657,0.0018995252981486,0.0020146578818697,6213.0,7.81,20503883,503883,(0.1258219646422094-0.2069371533646461j),(-0.01759494926957636+0.022507427865813057j),3.982186035948927e-07,-3.98218603594893e-07,0.2520887114134892,42.243645278976445,0.0354094645074297,0.2421861933081414,0.0285725163093665
4089,504847,46.00733366821533,0.1473867300067902,0.1170574665236125,3.435973264738036,1.6574593932783273,45.99118155330015,0.1558679409298478,0.1299401158359675,45.991181553300144,0.1558395104948342,0.129503456570974,-2.805379711451102,1.6422926445140258,0.0002520948783159,0.0004900502180017,0.0005611673737651,0.3241267854278979,-0.3545658373648685,8.054010507866628e-05,0.0001480214258133,9179.0,6.44,20504847,504847,(0.05601739310525682-0.13342788145086418j),(-0.014562597450633352+0.11019422117792578j),2.4161337461821135e-07,-2.4161337461821215e-07,0.1473867300067902,46.00733366821533,0.1167903205941621,0.1447098748488669,0.1113824682412753
4091,505446,43.78337538528915,0.0597127631204249,0.0182450604856221,0.1699830450191264,-2.681048713739067,43.78163300775928,0.0570577925327394,0.0181795696553246,43.78163300775927,0.0564750857376871,0.0156502405434399,-5.529903368381006,3.135814089604476,6.728241637541304e-06,2.626119247192773e-05,0.0001021183858595,0.4320343207119442,-0.424938694715535,2.0304189189242063e-05,0.0017378544442595,1486.0,7.36,20505446,505446,(-0.04612489921223114-0.02766574398271744j),(-0.025879305100515365-0.0157090480611466j),3.1985621590194137e-07,-3.1985621590194015e-07,0.0597127631204249,43.78337538528915,0.0182440482597265,0.0537856832015337,0.0302785858137693
4092,505447,44.14995231246871,0.0929092506599146,0.0503864457000674,3.5293227740513777,-1.4389393934121846,44.145614731291765,0.0840278169236435,0.0339300835445283,44.14561473129178,0.0837115558222449,0.032848837735956,3.269751697550821,-1.2677017213854238,8.056201693588503e-06,0.0001054797645948,0.0003447592300838,0.4156135907965343,-0.4177744882272582,0.0014072042593814,0.0002140496108982,4398.0,6.51,20505447,505447,(-0.04431999364479081+0.0872827893887118j),(-0.001674647448776296-0.056943921886640735j),3.045234272081329e-07,-3.04523427208134e-07,0.0929092506599146,44.14995231246871,0.050365128272691,0.0978904855445539,0.0569994006906325
4093,505448,46.29547057341999,0.1660914071889372,0.1456272028478932,2.178709101665364,-1.5791100704287782,46.30726532204547,0.1627919382476456,0.1328164643334665,46.30726532204548,0.1627571991577031,0.1326552376807108,2.152870843928617,-1.5437758137555384,0.0002482825212299,0.0005171365670455,0.0006637829063292,0.3169954313714937,-0.3461463334124132,0.0010306509767704,0.0013291723719742,4411.0,5.88,20505448,505448,(0.13869369762048717+0.09752522454514559j),(-0.005321191088600564-0.15007422479208246j),2.335297344092735e-07,-2.335297344092733e-07,0.1660914071889372,46.29547057341999,0.1451130221715448,0.1695497307052541,0.1507387356358116
4094,505476,45.78562861931052,0.0972922714533997,0.0159102184858015,4.95820394783842,-1.2983070415056668,45.78626869727957,0.0953415817747638,0.0109417070685354,45.78626869727957,0.0952719663602565,0.0092457465046079,-1.619050204590528,-0.9734403262436164,1.1676326443805188e-05,5.893965484433062e-05,0.001669430456173,0.3451643969589222,-0.3446383569482154,0.0015917022884727,0.0015533540510532,2607.0,6.76,20505476,505476,(-0.08348948793700572-0.04427427020959723j),(-0.0005303492563224115-0.02111157668472914j),2.480527561092902e-07,-2.480527561092908e-07,0.0972922714533997,45.78562861931052,0.0159095472552991,0.0945024105437308,0.0211198071864351
4095,505477,45.046742689998815,0.0747350891332255,0.0048848897370765,2.847661853187933,0.3906252229342684,45.04226643220557,0.0717587481979214,0.0131528273734974,45.04226643220558,0.0695233977861692,0.0111124892271228,-3.582879732095116,0.6463231224828421,0.0004052902455584,0.0019910742553111,0.0026102545016367,0.3749470957975209,-0.3653459385954302,0.0176754378474343,0.0015434092013618,5438.0,7.04,20505477,505477,(-0.07305294792502498-0.0023059894361586956j),(-0.001553166049169094-0.0044120133598834765j),2.714950816905779e-07,-2.7149508169057825e-07,0.0747350891332255,45.046742689998815,0.0048848703097729,0.0730893342958881,0.0046774294454996
4096,505478,200.084076773165,0.780433477434127,0.1852028138678352,4.250839527141493,1.6186049428222906,202.9752826887485,0.7834311950873847,0.186856102727932,202.97528268874845,0.7719945881947003,0.1859276815247279,-1.9297919573098807,1.6145171890279633,1.0667114854577548,0.0102562172566166,0.0023126732979404,0.0092576749534405,-0.0093925688166132,0.0001216020532324,5.6935383317429455e-08,4726.0,6.34,20505478,505478,(0.7926886831178288-0.3480167445620598j),(-0.005154785074019602+0.1402781367949001j),7.765106652981654e-10,-7.76510665298166e-10,0.780433477434127,200.084076773165,0.1841458828463211,0.865719933257085,0.1408379489392817
4099,506121,43.67741815554845,0.0759247656487499,0.0727715364237994,5.153896248824962,-1.751973422098087,43.67472617516084,0.079279508365529,0.06616027516245,43.67472617516083,0.4603493929079377,0.0654370822267135,-1.0259141488781816,-1.8079476332480275,0.0027891868100571,0.346344802269479,0.0010709401935928,0.6754073435445836,-0.4489392658468805,0.0094237365369724,0.0047462613134225,6178.0,6.06,20506121,506121,(-0.07119646508213463-0.011731679040888733j),(-0.02305085147488201-0.0792324637210226j),3.243918712383263e-07,-3.243918712383281e-07,0.0759247656487499,43.67741815554845,0.0727073240999867,0.0721565584913114,0.082611356121792
4101,506479,159.52691923469922,0.7611881708857094,0.2720148162073423,0.0862336890339765,1.6739661099748222,165.30376511053186,0.7697870497531839,0.2709252377388447,165.30376511053183,0.73272744891563,0.4829922956118785,-0.6424143094304795,2.3586680083123706,2.574017958405152,0.0279666900479969,0.1535273195438776,0.013800694294682,-0.0174937457587454,0.0020614368731946,0.0019089433178751,7355.0,7.5,20506479,506479,(-0.15790447974134605+0.823516566093326j),(-0.020683528795780722+0.21147771591100648j),1.7348927927554555e-09,-1.734892792755456e-09,0.7611881708857094,159.52691923469922,0.2686727152013322,0.8385185503926127,0.2141191565519992
4105,508792,43.53087365868258,0.1299715084910834,0.0752484259535982,0.2708257515689416,1.5221412952568123,43.6744370952142,0.1196760815968014,0.0713469304564191,43.67443709521417,0.0977392367039123,0.0699135179898303,0.1963823833285842,1.380732410241163,0.0025889887407017,0.5553788147451525,0.0093290093368713,0.6726194322088429,-0.4876530199051937,0.0046543680309993,0.0075555900764674,6653.0,7.94,20508792,508792,(-0.02633849200542813+0.135375265867404j),(-0.006950373300361308+0.06679539396685677j),3.310248973222279e-07,-3.310248973222275e-07,0.1299715084910834,43.53087365868258,0.0751774325410907,0.1379136641881083,0.0672066107541231
4106,508823,39.33597368947324,0.2962304897818946,0.3355824759519295,4.2724655386116215,-1.5986284299651712,39.40213692260357,0.256698966961751,0.3715572947420409,39.40213692260359,0.232480087785192,0.363065341611323,4.386063034423254,-1.6291427371665823,1.0411874444199295e-05,0.0035942133000432,0.0004996799037888,-0.3052317251644071,-0.3052312690864274,2.119136350591013e-05,2.166520745445005e-05,5855.0,6.61,20508823,508823,(-0.27462055740114005+0.10723861592222597j),(0.034495721161537714-0.309185532256495j),6.554063699564243e-07,-6.554063699564306e-07,0.2962304897818946,39.33597368947324,0.3293192103648023,0.2948161652491727,0.3163543718646607
4108,511551,43.35882370419393,0.1294211424327455,0.0826208137926628,5.425457149419966,-2.4470772123945097,43.35418351365215,0.1131157930420944,0.0674123988268564,43.35418351365215,0.1108683255882525,0.0659351993643601,5.43934466390613,-2.459471489419984,9.685912842005038e-05,0.0002559080330952,0.0004391170872389,0.4976171967557719,-0.4887480809603615,0.0001727176844869,0.0001613966661979,7334.0,6.87,20511551,511551,(-0.12543022634477174+0.03004029160238804j),(-0.07460237906986084-0.060998333346409105j),3.389327117573824e-07,-3.389327117573846e-07,0.1294211424327455,43.35882370419393,0.0825268481854774,0.1289773654578863,0.0965152840247014
4109,511552,43.71037548551579,0.0662079690223226,0.0994694662125261,5.610497985780877,2.536399427548073,43.7198293583817,0.0644840731460063,0.1082373901888513,43.719829358381695,0.0616354290998032,0.1078947470238966,-0.8505933456223234,2.515195887398053,0.0001376061034292,5.255136169083285e-05,4.387491340446626e-05,0.4554110134120501,-0.4109108339496124,0.0001004387091635,0.0016121506153336,3223.0,6.42,20511552,511552,(-0.01693277197137291+0.07113946886300034j),(-0.09150651497071915+0.04878489247732845j),3.229372202710408e-07,-3.229372202710425e-07,0.0662079690223226,43.71037548551579,0.0993055192933735,0.0731268951668557,0.1038853978203467
4110,511553,43.522945349341725,0.1272081523283174,0.2039965425081102,2.8242582006282806,2.305849864656606,71.81636083662418,0.36556090847406,0.1641724601203884,71.81636083662418,0.246219922459504,0.14294640023903,-1.3898000611057444,2.390569026154577,22.74708984399809,0.1345607346235633,0.0402170218936074,0.5106313397958848,-0.4275905883491909,0.3261884572132689,0.0575978662985867,2567.0,7.61,20511553,511553,(0.054076521309905305-0.10813657753219841j),(-0.14664000588899606+0.14240483808864862j),3.3136734904795165e-07,-3.3136734904795265e-07,0.1272081523283174,43.522945349341725,0.2025846115011002,0.1209040510378283,0.2058583969678826
4111,511554,46.34317234032699,0.1989299480855848,0.1535005354614855,3.1450675866270448,2.2095388533358697,46.05786467136615,0.2004556325874497,0.1609053847717431,46.05786467136617,0.1681819529795973,0.1605754432445328,-2.9889837301082074,2.15625995138626,0.0747511645051152,0.0269416546637794,0.0008606691294895,0.3367074321086369,-0.38265544141733,0.0521542514544193,0.0038217261438202,4080.0,7.88,20511554,511554,(0.1207819793986119-0.15659179390763295j),(-0.09457614237459518+0.11630592918977885j),2.3234271490793162e-07,-2.323427149079304e-07,0.1989299480855848,46.34317234032699,0.152898438038661,0.1977606544959267,0.1504728841543318
4112,511555,44.47917785191685,0.0983463811459075,0.321641218467277,0.0945576112181107,-1.69687427704798,44.50015797323884,0.1927463428429798,0.2513382793481385,44.50015797323884,0.1557811453432122,0.2353886983578629,-0.3126382166734338,-1.2257966275878545,0.0577352683480305,0.0279596154787633,0.0473100885425864,-0.1717848587471604,-0.3154389207017121,0.1935121188614073,0.0064478354142257,3773.0,7.52,20511555,511555,(-0.001438119884395527-0.09258653862257295j),(-0.04752221453044234-0.3236879808182156j),2.916967035309352e-07,-2.91696703530932e-07,0.0983463811459075,44.47917785191685,0.316124038956831,0.092597706898773,0.3332943582650382
4119,523615,43.75763653054057,0.0375379876716196,0.027180565124289,5.340982754611292,-1.4679487175856802,43.75657691196259,0.0369514060727928,0.0179603006750465,43.756576911962576,0.0364444313317802,0.0157117338754142,-1.1217810526840353,-1.173310327037366,1.8071273400729792e-06,6.79469839928088e-05,7.417797096027341e-05,0.421456468915985,-0.4179653835312322,0.0011508938957936,9.138865121672506e-06,4782.0,7.44,20523615,523615,(-0.025788673565970505-0.017478209461170385j),(-0.006854813118108071-0.034671884225040174j),3.2091608242807284e-07,-3.209160824280739e-07,0.0375379876716196,43.75763653054057,0.0271772184907934,0.0311535469932515,0.0353503673574824
4135,523647,44.12709615582863,0.1575807111553994,0.4514354868816686,3.7337940028406233,2.1029773732634367,44.15388223202809,0.1997703491860394,0.4415401656383146,44.153882232028096,0.1798554090865272,0.4271610100452485,-2.502319270450134,2.116825807557613,0.0329381075681839,0.0140164283223737,0.0018370922901368,0.1360368407153374,-0.2722383419648774,0.0020535283449538,0.0026797471423219,5552.0,5.92,20523647,523647,(0.1444497542263658-0.06162838295676764j),(-0.23405892817396462+0.37615505026729124j),3.054770359275309e-07,-3.054770359275295e-07,0.1575807111553994,44.12709615582863,0.4362576655205489,0.1570470919244399,0.4589764308658942
4207,523756,43.786480289215504,0.0491966941271367,0.0372408442193809,3.670480675708147,2.468579239871868,43.779277388391165,0.0555174620280593,0.0453594080830406,43.77927738839118,0.0550391259511889,0.0446031866771216,-2.2829151150777665,2.219021688701592,2.3203602422086727e-05,0.0001495742601415,0.0001080534478967,0.422723650090521,-0.4203131499547052,5.758280205716341e-05,0.0005333160771823,5159.0,5.99,20523756,523756,(0.05081617556034602+0.0004622033171814621j),(-0.038638334809315604+0.015596610973217392j),3.197072003054587e-07,-3.197072003054593e-07,0.0491966941271367,43.786480289215504,0.0372322367163083,0.0508182775238035,0.0416795020387611
4233,523794,81.86206502454479,0.5858579627239732,0.1410801117212696,4.360883589079439,2.0068567688727814,172.47313246362177,0.7532246306780565,0.1518827285291158,172.4731324636217,0.6199566348012029,0.1234608243651414,-1.477710645209687,1.973722342688752,48.57353805379972,0.1470392679032069,0.1543737657867256,0.0117374861525776,-0.0243464868216623,0.0422438729338918,0.0803390372654779,7727.0,3.81,20523794,523794,(0.6136034715971318+0.05206105408733776j),(-0.052145349418615136+0.10976789738367966j),1.996665070277948e-08,-1.996665070277948e-08,0.5858579627239732,81.86206502454479,0.1406125769419975,0.6158080656411841,0.1218253096377456
4244,524217,44.05604298647879,0.0634717021003298,0.0496109062577804,1.1466378417861325,-2.313217423947238,44.050428713819855,0.0706693770722582,0.0450948216165887,44.050428713819855,0.0704227659392147,0.044380161937596,1.2794029987273077,-2.369643396774556,1.4564973149958826e-06,0.0002666032656843,0.00032806760368,0.4087315920954709,-0.4132441923346077,0.0001508903735137,3.293436574569438e-05,7028.0,6.69,20524217,524217,(0.026887994512899856-0.05156927441136329j),(-0.04209127850845497-0.043741405757161594j),3.0840084556638497e-07,-3.0840084556638386e-07,0.0634717021003298,44.05604298647879,0.0495905580208522,0.0581580115911833,0.0607414322823135
4247,524435,46.19643103975673,0.1462378428777422,0.1497787744284824,5.938604834655391,-2.9548261534760827,46.19187760710433,0.1456462890133551,0.1497892000217676,46.19187760710434,0.1456847190140318,0.1493570303206413,5.928909900235684,-2.968909672072137,1.555311345659944e-05,0.0002014934012276,0.0001681058813148,0.2981049687935329,-0.3300525416542818,0.0019365040120615,0.0012500013165052,8417.0,5.41,20524435,524435,(-0.14379880928031727+0.02662521179959112j),(-0.1504891846201076-0.03327408715230444j),2.362912399174207e-07,-2.36291239917421e-07,0.1462378428777422,46.19643103975673,0.1492193873717595,0.1462429466805498,0.1547406414758746
4248,524457,36.34955887410057,0.1214777467491993,0.0469818515525086,2.864701402318381,1.2393739657483536,36.43031662047377,0.1203976776569332,0.1159961761101781,36.43031662047377,0.1184048298205859,0.1147724594698058,-3.6030641751242416,1.0985428356358198,1.2342154409018964e-05,0.0011883871860641,0.0009841676693491,-2.5333262333527897,-0.6292783891285738,0.0708953301848512,0.0009145697879286,7406.0,7.67,20524457,524457,(-0.07079173679129892-0.11234793580806847j),(0.03027961104699127+0.049466556182450556j),1.336350582260409e-06,-1.3363505822604168e-06,0.1214777467491993,36.34955887410057,0.0469645696638174,0.1327912974492772,0.0580307979659488
4252,524613,51.04379954321359,0.4848996461823613,0.1064109928397,4.226737252523401,1.1257286194524687,-60475.73178181534,0.9054663754117188,0.2745873896290867,-60475.73178181533,0.86541587504584,0.1065467485416912,-0.8126899928263979,-0.013597804986646,24160.47964543645,0.6732447221944368,0.1192088923187627,-0.0031189497456005,-0.0026075527900955,0.1883178713991736,0.1881523301379267,8207.0,7.22,20524613,524613,(0.2995925002518701-0.40015381327474336j),(0.0418016491640497+0.08496361453378062j),1.4274431054604848e-07,-1.427443105460483e-07,0.4848996461823613,51.04379954321359,0.1062102859181224,0.499878725778048,0.0948320626099251
4254,524834,38.81239407762485,0.0019594049402239,0.0699631979127893,2.8470308754759888,2.8668917665740423,38.81038157032611,0.0177455441547041,0.0729139457121507,38.81038157032611,0.0117003556901047,0.0657862158967762,-5.729253696245787,3.103457292598282,6.042106483920198e-07,3.045644263614686e-05,0.0001618874114184,1.169179771485788,-0.9107762418169584,0.0002612798238593,0.0002852160558,5533.0,7.39,20524834,524834,(-0.003489043472438341-0.02185910274493557j),(-0.03646966825496939+0.030534298439632353j),7.286581886261264e-07,-7.286581886261248e-07,0.0019594049402239,38.81239407762485,0.0699061353312675,0.0221358035130016,0.0475824365354691
4256,525258,39.31589573487834,0.2112409144602138,0.2214787809821726,4.872504474088822,-1.5352708210847412,39.40317965895944,0.2311216303752263,0.1803974480204012,39.40317965895943,0.1697814305323141,0.1792161839412683,-0.7373473158056052,-1.4279978618008122,0.0001297895463014,0.0122806743126305,0.0082019584796029,-0.6062562141259817,-0.345168220070884,0.1528009636821737,0.0048647316786584,7328.0,6.32,20525258,525258,(-0.2154669574411391-0.06870843276058082j),(0.050587016779290186-0.20160165219456386j),6.581744756038172e-07,-6.58174475603817e-07,0.2112409144602138,39.31589573487834,0.2196725225320323,0.2261567122182247,0.2093780400057041
4258,525461,44.98248787306263,0.0829163508328824,0.0461061703348718,0.7116940803151266,-1.5863113861969165,44.97668379440989,0.0904800973489912,0.0422877218068868,44.97668379440991,0.0903534968724964,0.0418619039063978,0.673613484044485,-1.4986932463651368,7.133047271341789e-06,8.620423028055575e-05,0.0003758717771336,0.373383985860088,-0.3757055508294729,0.0018220837958085,2.2970955615288445e-06,6255.0,6.98,20525461,525461,(0.0546393978784136-0.05870494711497481j),(-0.006907413787447272-0.05233448334545153j),2.736871249838912e-07,-2.7368712498389066e-07,0.0829163508328824,44.98248787306263,0.0460898368167012,0.0801980960889195,0.0528129033988172
4259,525462,45.63907479337386,0.068241424842149,0.0334649579787487,2.804893369332284,-0.4358721608920504,45.6416488782702,0.0634750119020767,0.0299409584497184,45.6416488782702,0.0634340787450071,0.0295620470373481,2.631426401061348,-0.3104781345538599,2.5968185468030275e-06,2.7185263123224054e-05,0.0003614905343192,0.336104504421753,-0.3357334050047956,0.0018612051621179,0.0018779831246058,7972.0,6.19,20525462,525462,(-0.04772563756239457+0.051793908146378444j),(0.025276456653531777-0.02001239781844416j),2.524566127022595e-07,-2.524566127022602e-07,0.068241424842149,45.63907479337386,0.0334587120750593,0.0704297195920339,0.0322452421510179
4268,528219,41.523936360172655,0.4912528052079958,1.830109864176083,2.310172772408727,2.6730769309504803,64.01426762455742,0.6237674268042369,1.725375127789134,64.01426762455739,0.5114939823062491,0.788747904444954,-2.5003817570834688,2.4336498306459893,10.343566033133376,0.0651641487816192,0.1710568883726983,-0.0935676169723549,0.0156317829348315,0.0062300109335712,0.0062884903170606,6205.0,8.68,20528219,528219,(0.14456730715454363-0.45819662845858244j),(-1.3564378660504406+0.6488775086444631j),4.453001351174936e-07,-4.45300135117498e-07,0.4912528052079958,41.523936360172655,0.9665662266131372,0.4804621281940215,
4277,530838,39.270484908808704,0.2717757566437184,0.1087540389365069,1.5492924576983729,-3.1214999141135045,39.40342733720884,0.2657648116774046,0.1215015024342987,39.40342733720885,0.266130755278548,0.1210561190933383,1.486186311749098,-3.0725415962733247,3.1658823321403886e-05,0.0007324735860224,0.0001495988172048,-0.1926779258632422,-0.3876933654280518,0.0024176447339851,0.0021387889177643,5167.0,8.03,20530838,530838,(-0.0072320631527153624-0.30093228904611824j),(-0.06533238733322475+0.013958860027020297j),6.642493403350514e-07,-6.64249340335057e-07,0.2717757566437184,39.270484908808704,0.1085397853497789,0.3010191776747477,0.0668567604872774
4278,530839,42.3207915584395,0.2329820917079963,0.245763940846776,3.5657567826793017,2.051048493410183,42.270458696450646,0.232755362337561,0.2425062274371156,42.270458696450646,0.2034576655621174,0.2402571043613676,-2.553884560097813,2.101644847094572,5.75846803091483e-05,0.0200283140499568,0.0010980275123398,-0.4320621122160292,-0.2995462559091076,0.0115347019704036,0.0030274000536296,6255.0,6.9,20530839,530839,(0.18879364257642478-0.12934216775024943j),(-0.13124876822119216+0.20260691053922955j),3.93766135808341e-07,-3.937661358083424e-07,0.2329820917079963,42.3207915584395,0.2432973814673995,0.2288502476197229,0.2438121844443143
4323,533562,39.39975140389478,0.2176123732910852,0.1117830273120984,1.6798318506520715,0.0471037674660462,39.40336125379828,0.2146922233768282,0.1079084832067451,39.40336125379827,0.2068377586214916,0.107772848844186,1.3301525010495912,0.0476066541505569,2.894150278259937e-05,0.0059119799237828,0.0020385671942106,-0.621145930899335,-0.3519048964347758,0.0017443847162805,0.0002883940090259,4059.0,7.36,20533562,533562,(-0.041616058773248164+0.18716665158569368j),(0.15628953373264043+0.023388753771943986j),6.472058958505502e-07,-6.472058958505735e-07,0.2176123732910852,39.39975140389478,0.1115503762650118,0.191737455426995,0.158695171500883
4337,534631,39.63195314074834,0.3354028753172217,0.2811755007411006,0.1536931141796893,-1.7075199171046358,-33.61271958790532,0.7549582309629964,0.2686722522283043,-33.612719587905325,0.6378985784219553,0.1346736029916874,1.567308913736068,-2.0304351504434632,104.25469866511226,0.1622692079929352,0.0526911745685571,-0.0023516152352705,-0.3968498470256011,0.0258107022682869,0.313000618439469,4392.0,8.89,20534631,534631,(-0.003478845538591603-0.37561416381819157j),(0.021087686424240325-0.24591761075677673j),6.189076991143405e-07,-6.189076991143418e-07,0.3354028753172217,39.63195314074834,0.2774851787495407,0.3756302735764525,0.2493974539965223
4451,568573,45.749350042914,0.2296819272751226,0.1982301380662202,3.957222558551565,-1.4383939793218126,46.20083918084277,0.2226257648592876,0.2098249982145201,46.20083918084279,0.2194435049982015,0.2080594304468573,3.842828678553743,-1.5025028996057828,0.2625921846559667,0.009718163553406,0.0043485318857632,0.2833200163647678,-0.3715677062261536,0.0266253064146564,0.0120118250353869,7376.0,7.07,20568573,568573,(-0.18669369688193163+0.13889927804188612j),(0.020920487072230397-0.19937596716626657j),2.491084737264572e-07,-2.491084737264588e-07,0.2296819272751226,45.749350042914,0.1969344380149973,0.2326962524322206,0.2018382016228916
4454,575713,39.51292067601037,0.1785340698749776,0.2361070796767679,2.022174205831483,-1.6477867445540892,39.40462045383438,0.1803252107089844,0.224254783352462,39.40462045383439,0.1801528732025348,0.2224581782001147,1.9270777274821864,-1.6348717246879043,3.687019763320371e-05,0.0008798355363412,0.000715870534003,-0.8312816561260622,-0.3995605424073368,0.0106698199324454,0.0033344486962355,6236.0,5.72,20575713,575713,(0.15854350471221784+0.03380424308878168j),(0.0331236105550519-0.2125409185177887j),6.333749575167036e-07,-6.333749575167074e-07,0.1785340698749776,39.51292067601037,0.2339194934660177,0.1621072784832269,0.2168009034786658
4458,577578,47.73705806101324,0.3439530208512725,0.1289802270972954,0.4204400390182572,2.148212981718641,47.75176982281794,0.2493010113366845,0.2539729499579648,47.751769822817934,0.1964234856934779,0.215064826757918,-0.2213392429532072,2.433527551256469,0.0178036496303851,0.0292612759902246,0.020949914899708,-0.1451863694178609,-0.1982048373148394,0.2695970657702425,0.0026009080978963,3037.0,7.59,20577578,577578,(-0.2928456651848907+0.19188171884421962j),(-0.07090829566863317+0.099463544225913j),1.9873728426534259e-07,-1.9873728426534322e-07,0.3439530208512725,47.73705806101324,0.1286229074387383,0.3501102364173222,0.1224573036999607
4470,581804,47.90016873304879,0.2137465123817055,0.0777357575149844,1.154894919095142,0.0821574035449498,47.73476828541744,0.1425906576652798,0.1343356099392197,47.73476828541746,0.1161727951715161,0.1338253802333113,1.1525227182081093,-0.0834999441964387,0.0004373526667219,0.0192677459786577,0.0079285887683262,-0.2685899957299205,-0.2198316137929874,0.0387751883354975,0.0041006279235519,2888.0,8.42,20581804,581804,(0.07112325682642137+0.20559655922573622j),(0.07394545621417488+0.0011524035560469218j),1.952573282998827e-07,-1.952573282998832e-07,0.2137465123817055,47.90016873304879,0.0776574902721549,0.2175510579773373,0.0740220146006441
4478,587670,42.52095907278107,0.0260947068919997,0.0095997520882055,4.5251189713711,-0.2647809047619867,42.51888627597712,0.0342786778623658,0.0250628267490997,42.51888627597712,0.0315104998050315,0.0189442530284391,-2.146276152079473,0.4434548774211615,3.40430776407722e-05,0.0001088064435727,0.0001626079472506,0.5040782469581133,-0.4954561098193317,0.0014837532915989,0.0010005279833592,4405.0,7.67,20587670,587670,(-0.007519146323420267-0.00966121441384911j),(-0.008082871659554567-0.013361876783411828j),3.8219323911633977e-07,-3.821932391163415e-07,0.0260947068919997,42.52095907278107,0.0095996046443083,0.0122424109301791,0.0156170545439337
4492,593616,42.95762396374737,0.0141318039497141,0.2112357245817769,3.639604440006656,1.643979472409833,42.96034190224766,0.0193199033154272,0.2203600040938585,42.96034190224766,0.0191220810508126,0.2186465442596125,-2.5118220764456094,1.625686578022032,3.0676876240125464e-07,0.0001469065397654,5.254804349209013e-05,0.3030239809620789,-0.3827483059069103,0.0019395004036576,0.0014793467760911,5140.0,7.11,20593616,593616,(0.010704135689224082-0.0010481675265353388j),(-0.02916688947909444+0.20093851620762915j),3.5866468243820085e-07,-3.5866468243820413e-07,0.0141318039497141,42.95762396374737,0.2096683172208741,0.0107553324456756,0.2044660049395466
4493,593617,34.840738079441685,0.046772493120932,0.1273219587276135,0.7836735904728682,1.7885425725129267,34.90250675783279,0.0574325291831901,0.1092978608054516,34.90250675783279,0.0571560931420728,0.1078856200784152,0.8477102611386538,1.8737908241680097,0.0001171230935678,0.0004958819612973,0.0001081745628523,-10.2936323207982,-1.2202976978077325,0.2138032854109243,0.005474606053834,4519.0,8.51,20593617,593617,(-0.023232535178425568-0.010306416607717608j),(-0.01497654967876239+0.12871549955434972j),2.229222235989836e-06,-2.2292222359900067e-06,0.046772493120932,34.840738079441685,0.1269782372566945,0.0254159972086207,0.1299492900107056
4495,594994,39.45463734054962,0.2036801691066103,0.0502366507689945,5.475588490002622,2.709932062603249,39.40354510128364,0.2091868851778448,0.0510014172893707,39.40354510128365,0.2090440682693968,0.0507328980387603,-0.8352016538946849,2.7428078270738045,2.820304035842324e-06,0.0001023388904968,6.969484941672747e-05,-0.6574842355122064,-0.3639582605822907,7.451633151313289e-06,0.0001651864215144,8390.0,7.33,20594994,594994,(-0.07452873674300454+0.16329752987332535j),(0.003163970288352219+0.039986990046483484j),6.405476693546794e-07,-6.405476693546791e-07,0.2036801691066103,39.45463734054962,0.0502155228861217,0.1795010191147606,0.0401227335866356
4496,597614,70.82390185276789,0.4846597931020052,0.3710618290401828,1.249256165052353,1.846043374347773,70.84444078432313,0.4783235651459275,0.3800950971455561,70.84444078432313,0.4817889865864238,0.3720069199877793,1.21711480397162,1.8499569853596007,0.0084756770837636,0.0032505935457908,0.0012634182366735,0.0565423182849559,-0.0845103618956997,0.0001902146115493,2.313851941233569e-05,6177.0,6.45,20597614,597614,(-0.5000109926273183+0.023338383195535894j),(-0.09258025965778435+0.32699821421663555j),3.5052808910632484e-08,-3.5052808910632464e-08,0.4846597931020052,70.82390185276789,0.3626052001722248,0.500555364448667,0.3467588297817092
4511,60621,55.31685532999354,0.4023482784118551,0.1122320603707446,2.74085004574311,-2.050106183714915,55.38846084189501,0.4016619838994847,0.1173194164123488,55.38846084189501,0.4018634015679476,0.1173626559884797,2.747817396173365,-2.06571739073288,1.853148177202119e-05,0.0026033842655079,0.0004337640087692,-0.0821829893258788,-0.1250468402100055,0.0020316785487601,0.0015395282122407,8338.0,6.88,20060621,60621,(0.31710739873321075+0.2626698318843817j),(-0.049481344379837415-0.09998952377229707j),9.839651195166092e-08,-9.839651195166105e-08,0.4023482784118551,55.31685532999354,0.1119965955487312,0.4117675836118147,0.1117957544072489
4512,609221,43.931695592270216,0.0737456280275918,0.0195354168061165,2.182307123766826,3.0127631210741352,43.92709085343214,0.0805106469407829,0.0225567939062193,43.92709085343213,0.0801110378371225,0.0204853340817462,-3.448533721696214,2.46045162307704,0.000536289586172,8.727458569340052e-05,0.0002502465839331,0.4313102505012541,-0.4294332816585071,0.0006891615944769,0.0015467433045112,7649.0,6.04,20609221,609221,(0.03626872660150532-0.058250841051234556j),(-0.028350549014156477-0.004884498194084505j),3.1350046404233257e-07,-3.135004640423331e-07,0.0737456280275918,43.931695592270216,0.0195341742714687,0.0686191009302142,0.0287722151856543
4513,609222,44.19692177887332,0.0717403410101895,0.0279149637860872,4.59936764524864,-1.9782819570368688,44.19862484832234,0.0640909988785522,0.0186462185872526,44.19862484832235,0.0638565817395044,0.0168965349646711,4.446875150994604,-1.874325298033665,2.7871781710981884e-06,4.901152215410364e-05,2.222859230239053e-05,0.4041957039344203,-0.4038796294268068,0.0003047780884045,5.060493677569404e-05,2979.0,6.54,20609222,609222,(-0.06047366106323415+0.042172751665430115j),(-0.019193744823705366-0.032649839910119244j),3.027097389405859e-07,-3.027097389405857e-07,0.0717403410101895,44.19692177887332,0.0279113384937351,0.0737265533266336,0.0378826907373783
4516,612029,39.51134038495131,0.2517753139828473,0.0832738992025168,0.7192387341711353,1.7095019923518977,39.40330629930568,0.236205113547094,0.1228575347755792,39.40330629930568,0.1901150606581226,0.1222150397108198,1.029683548354769,1.6579307609276648,2.2088931975898445e-05,0.0159715378501461,0.0033436145819157,-0.3888960610365586,-0.3649308265177774,0.0017279403489508,0.0030374883820436,10338.0,7.87,20612029,612029,(-0.20019684426274859+0.13436001134535056j),(0.039305069635440636+0.10133178900961043j),6.345073539891494e-07,-6.345073539891618e-07,0.2517753139828473,39.51134038495131,0.083177688171626,0.2411045190399506,0.1089028515853183
4528,612086,42.244063043699896,0.2343822153840958,0.1447511245926749,1.8588111518596016,0.4210235232856836,42.27113308953706,0.2216481948877478,0.16258158620698,42.27113308953706,0.195343766499972,0.161746565813447,1.959560925717349,0.5529648535030385,3.481253746018426e-05,0.0060950809018767,0.0012949849941211,-0.4657865765333391,-0.3347084583425494,0.0151318282396366,0.0018591493551263,8457.0,7.11,20612086,612086,(-0.1490414678431346+0.1956314087092834j),(0.10961765707755124+0.04606311204374804j),3.982845499681377e-07,-3.98284549968141e-07,0.2343822153840958,42.244063043699896,0.144246161552838,0.2459369984577652,0.1191846223435768
4529,612087,44.18968641758925,0.0650812519397065,0.0276948469210022,4.616179812759745,1.101193018502363,44.19197119178386,0.0708771474745573,0.0340571074701409,44.19197119178386,0.0706654934608708,0.0331835650252457,-1.463426500670103,0.985745440826386,6.121631474304444e-06,0.0001023937659991,0.0001627842042354,0.4053215271683434,-0.4062258539450943,0.0013707437089349,0.0012767264710327,9161.0,7.22,20612087,612087,(0.05680040836157988-0.028443768432331023j),(0.004354342462133646+0.017608283912434096j),3.029602590760432e-07,-3.02960259076044e-07,0.0650812519397065,44.18968641758925,0.0276913067111913,0.0635242815990413,0.0181396816374514
4532,612095,38.01848249096548,0.0252469905070513,0.044879054425834,4.897562328424104,0.5566381277667654,38.039471875886186,0.0177426354807932,0.0456057696965944,38.03947187588618,0.012042601131267,0.0416076745469086,-1.5677037817584647,0.4223387939402991,2.037148897384601e-05,0.0002807891254182,4.571918899281899e-05,1.1717109163550774,-1.0965791798697366,0.0012062722352995,0.0015647687137335,8441.0,7.05,20612095,612095,(0.013544779947500266-0.03434715702049092j),(0.06022369772913712+0.03158409008770483j),8.672095862850491e-07,-8.672095862850791e-07,0.0252469905070513,38.01848249096548,0.0448639905715042,0.0369213794327414,0.0680558201541741
4543,612150,47.0486598036029,0.1471707541991851,0.362406605966604,0.9959729879412258,-2.8235882715920884,47.061470041319744,0.1471246491891906,0.3622673462733688,47.06147004131975,0.1470698418194396,0.3545597151786854,0.9914589302162786,-2.828934686104192,5.4690929465740166e-05,0.0002290538164793,0.0003395340695164,0.1526276575670273,-0.2230735876191232,0.0001730163398851,0.0013288721240137,8061.0,5.82,20612150,612150,(-0.03666457156710542-0.1398077601165347j),(-0.34380454544891204-0.11742958473954959j),2.1436883165362973e-07,-2.1436883165363002e-07,0.1471707541991851,47.0486598036029,0.3545255458388645,0.1445354648416848,0.3718139506926886
4544,612156,45.10588826022703,0.0979489542009455,0.0734699464654376,1.5893962956928602,1.5951766069404143,45.10862942729938,0.1220045534824998,0.1136959905101049,45.1086294272994,0.1218511696817745,0.1134628406732806,-4.656470227272299,1.5382643133554763,0.0006493534463078,0.0017017411067465,0.00193348689892,0.3562489318367822,-0.3743151266824515,0.0039004318610833,0.0033985341318504,6269.0,7.68,20612156,612156,(-0.09662434048735692+0.0006195786656554188j),(-0.007730611233263187+0.06702790588498314j),2.694372088045801e-07,-2.694372088045805e-07,0.0979489542009455,45.10588826022703,0.0734038678846812,0.0966263269111458,0.067523534909498
4545,612157,43.90566829358436,0.0684800192364559,0.0219174824769188,0.7260339239814231,2.3459281198231463,43.91003257793869,0.0638750800263342,0.0363043448239693,43.9100325779387,0.0635271538253973,0.0353855835109143,1.108719294213289,1.9173854493302351,3.35791347671241e-07,1.12376398268469e-05,8.16977537931849e-06,0.4179637645715741,-0.4179684148869472,2.9196101132645908e-06,7.895777272643194e-06,6209.0,7.62,20612157,612157,(-0.06632718028912268+0.011955579487527039j),(-0.02441342274057129+0.008211338022417351j),3.145720068944284e-07,-3.145720068944308e-07,0.0684800192364559,43.90566829358436,0.0219157277468328,0.0673960735205572,0.0257602028733473
4555,612213,43.23389224424381,0.0394338813724409,0.0215928031423133,4.4269757815083866,-2.317014716093052,43.23481729256319,0.0326652068958718,0.0211115752804189,43.23481729256319,0.0317524939259034,0.0182580834098076,4.373904583571049,-2.4758245349867174,1.716992314696993e-07,6.736128199291881e-05,0.00013505622348,0.4505479339579097,-0.4482674009355975,0.000281344660871,0.0018682004049672,5814.0,7.7,20612213,612213,(-0.017579429775536913+0.04333738471937981j),(-0.02671758937113316-0.024477862969456306j),3.449255457815301e-07,-3.4492554578153135e-07,0.0394338813724409,43.23389224424381,0.0215911252437533,0.0467671387359604,0.036243211948913
4563,612240,43.70998305742569,0.1553081731402335,0.0737507437219519,0.5655445024100771,-2.119639725339417,43.66928177250715,0.1385568337453676,0.0766505282994307,43.669281772507176,0.1116204569795398,0.0761309084309122,0.822411501099962,-2.4148744155456603,7.367894967069676e-05,0.0170411184907712,0.0076649923217336,-0.3875826814438498,-0.4287946757006669,0.0273237247245071,0.0018379358061156,6024.0,7.65,20612240,612240,(0.004793350047930937-0.14804464246865495j),(-0.048059473923041676-0.07023965793143812j),3.229366058671364e-07,-3.229366058671373e-07,0.1553081731402335,43.70998305742569,0.0736839047361546,0.1481222210485445,0.0852107917490915
4570,612333,44.97961828625595,0.063026648656063,0.020096586986452,5.767832987199698,-1.8414008482152315,44.97596193745767,0.0618512624106116,0.0130126998806265,44.97596193745768,0.0616929598321517,0.0114339821354275,-0.638361860034951,-1.673703300181502,1.7254090182385574e-05,0.0001487378079629,0.0016011299754225,0.3663063783252063,-0.3639813004606302,1.6589806724127603e-06,0.0018325841041068,7683.0,6.92,20612333,612333,(-0.04322770866288073-0.03958283233015834j),(-0.011567155562649575-0.025665186392436673j),2.738032580360031e-07,-2.73803258036004e-07,0.063026648656063,44.97961828625595,0.0200952342695973,0.05861258748358,0.028155111817378
4572,612350,55.40644290736904,0.4221096138246806,0.0078114840908992,0.4581617983430979,1.7586911995513557,55.38825641683828,0.4237934135394747,0.008526751109666,55.38825641683829,0.4202276982541976,0.0085450899767301,0.3629871515471137,1.7396799045091125,5.774107587804566e-05,0.0141843076569938,7.894468669241316e-05,-0.0645771350258106,-0.1270584601598418,0.0020789239566631,0.0015916485311061,4870.0,7.07,20612350,612350,(-0.26005947283642167+0.34597036164281264j),(-0.0013589721077144432+0.0025507681495759984j),9.767315722415594e-08,-9.767315722415594e-08,0.4221096138246806,55.40644290736904,0.0078114046492809,0.4328122231952514,0.002890198367123
4575,612388,42.6620615476376,0.0138668134688659,0.00982808643947,0.5582850771961159,-2.30566967590166,42.67232471661512,0.0228268482047467,0.0197271492575807,42.67232471661513,0.0207530532702955,0.010695588839901,-2.0302762907873,0.8954413730988702,5.700609728612018e-07,0.0001212702914339,0.0002745232918867,0.4793431575187674,-0.4816213584503144,0.0003156816633121,0.0024344980741669,7714.0,6.29,20612388,612388,(0.0011291319764682641-0.0009350379846036223j),(-0.02261571340362742-0.017579635678654598j),3.743306810915745e-07,-3.743306810915746e-07,0.0138668134688659,42.6620615476376,0.0098279282223209,0.0014660269618716,0.0286485356704348
4578,612547,39.38450408242856,0.1766144026474892,0.0938869126235746,2.6913192441874028,-1.5624412146816005,39.40446242617705,0.17616187662582,0.0936452519603848,39.40446242617705,0.1761241877790137,0.0934118812933719,2.71933932130322,-1.565375232860339,6.900418591582674e-06,5.804093806189875e-05,9.629864538040708e-05,-1.0332964687612332,-0.3803955018852977,0.000109459372723,1.6145318499871851e-06,6649.0,7.96,20612547,612547,(0.06836719402647513+0.1315061618557695j),(0.04613895328758099-0.07521290791603402j),6.493442292768711e-07,-6.493442292768787e-07,0.1766144026474892,39.38450408242856,0.0937490417550152,0.1482158690056147,0.0883519948910733
4579,612548,44.20169102866159,0.1016823097997194,0.160688855236589,3.0758346170667306,-1.873483893289116,44.21168786584481,0.1012893574299404,0.1498235686316206,44.21168786584482,0.1013253691760755,0.1492350260660969,3.0333731429711106,-1.851828795807767,0.0009068069782642,8.802613519505177e-05,9.242086571130712e-05,0.3488457623137001,-0.3874394651328843,0.0012505243738231,0.0001160299060015,4383.0,7.35,20612548,612548,(0.038494884402008295+0.10142644342398051j),(-0.0558512446891115-0.15986833573482787j),3.0247081022899325e-07,-3.024708102289925e-07,0.1016823097997194,44.20169102866159,0.1599982254443605,0.1084858495415964,0.1701635860634093
4580,612549,43.62259351645974,0.0325654077368624,0.0381365329135384,4.726946007098949,-1.9986771131155283,43.62457907687608,0.023753770570263,0.0288312588784072,43.62457907687608,0.022653725667235,0.0276159366293473,4.567081468666688,-1.969983035205016,2.6888550844152163e-06,2.488816776976375e-05,2.998471607885179e-05,0.4351369705388805,-0.4215261500917309,0.0015252627830349,0.0010866228841987,6979.0,6.35,20612549,612549,(-0.02754817442207626+0.021083021594636646j),(-0.026016700513511168-0.04255499458101773j),3.269288541650427e-07,-3.2692885416504294e-07,0.0325654077368624,43.62259351645974,0.0381272893210512,0.0346899944299368,0.0498985175582264
4592,612584,49.60703675122882,0.2525413708592983,0.1024919055596387,0.2320841056332483,1.0883458592506825,43.094363672293646,0.3012875286553295,0.1209449662229199,43.09436367229365,0.255900513033342,0.1062685748129426,0.3334495233425631,1.301891373412891,6.969157616001182,0.0139990805582996,0.014136733985774,0.3057180618450059,-0.3407528727546668,0.0437264578663194,0.0379367048890434,6656.0,5.04,20612584,612584,(0.06357701988146579+0.24844144996679965j),(0.0451518600982009+0.08435345095653815j),1.6376518824973414e-07,-1.637651882497347e-07,0.2525413708592983,49.60703675122882,0.1023125605297815,0.2564472489979452,0.095824138079914
4593,612619,42.488357841820296,0.0422799423477664,0.0434028792206509,0.8752137114752436,2.530746733080792,42.482681683648224,0.034424565478747,0.0586053334122473,42.482681683648224,0.0317735806550234,0.0574074270623672,-4.982008251108573,2.1710784439160244,9.527336173483012e-07,0.0001409702886609,7.999438122297522e-05,0.4974877381646076,-0.4907655155091343,0.0003712098701857,0.0015880978721928,2981.0,6.54,20612619,612619,(-0.03686484442619127+0.002993979631175767j),(-0.05319835300605239+0.013895585436052795j),3.839632943395178e-07,-3.839632943395167e-07,0.0422799423477664,42.488357841820296,0.0433892533750337,0.0369862226862811,0.05501093947126
4594,612620,42.65411594736737,0.0799670605540105,0.4891797938371658,3.3131885336493805,1.2467158853368838,42.63287864446755,0.0904274085946752,0.4898360764981803,42.63287864446757,0.0903151378390536,0.4712190006068855,-2.9040748593112906,1.239644461618186,0.0004563093899448,0.1356037702087694,0.0019387905675283,0.0982848415992779,-0.2606176195872844,0.0056145759355544,0.0020960227735202,6583.0,6.68,20612620,612620,(-0.008569043351492207-0.06630832828307368j),(0.13786899184959223+0.44805431739049767j),3.7481857895068113e-07,-3.748185789506816e-07,0.0799670605540105,42.65411594736737,0.469902035100012,0.0668597255726915,0.4879161641710577
4595,612621,39.426963910724986,0.1658369763324762,0.1377088954908195,1.8816414359778744,1.3724440601333134,39.40477261904909,0.1707300254271434,0.1403390970195945,39.40477261904908,0.1705652102768576,0.1398782570742404,-4.431015122888181,1.3623971246258824,2.2590526839007874e-06,1.7793335433920048e-05,0.000107399050533,-1.0730664095366325,-0.3968146763715414,0.0017387625601638,0.0017031218291858,6583.0,7.74,20612621,612621,(-0.17305008756812684-0.04832159856297595j),(0.07398268554074883+0.15260505332914276j),6.441114217259583e-07,-6.441114217259631e-07,0.1658369763324762,39.426963910724986,0.1372740620531364,0.1796700022124388,0.1704165356775212
4596,612658,39.3567296069884,0.0908321494492927,0.5100068222295111,2.887486946135411,2.53833148093136,39.407524621563375,0.0705339765504223,0.5125613974119955,39.407524621563375,0.058342308106491,0.4902647095601035,-3.6915428843417386,2.543541540614016,0.0006599170904201,0.004781289491979,0.0024664410738581,-2.366814989353618,-0.2889614310978912,0.1863851083418552,0.0053420217153337,7329.0,7.35,20612658,612658,(0.05222903191339385-0.09699958376129558j),(-0.3702302816318908+0.30307451552306897j),6.527084048135713e-07,-6.527084048135671e-07,0.0908321494492927,39.3567296069884,0.4881832009348826,0.1101671050017876,0.4989008805413296
4600,612732,88.48275301594234,0.5789685319124883,0.3367746781306785,0.5301113424108355,0.0406578240397093,88.0353467921984,0.5780594027944157,0.3239924921288373,88.03534679219838,0.5117934068929146,0.3136183778878261,0.6390470904294436,0.0250147289133408,0.0760278949032728,0.0509389167483369,0.0146986286917316,0.0716246064103296,-0.0703514683264152,0.0103318758645424,0.0037186310775822,7352.0,7.05,20612732,612732,(0.5113765427856064+0.32839128926370126j),(0.30395395052301744+0.006958080424308677j),1.487311698445373e-08,-1.4873116984453726e-08,0.5789685319124883,88.48275301594234,0.3304446755907951,0.6077390948224699,0.3089238244631198
4601,612733,46.73288220295663,0.1593696093582891,0.0593299350203299,5.542041270766575,0.4788054817541535,46.73303141181516,0.1632541408961559,0.0588720269706542,46.733031411815176,0.1632428381232689,0.0586289838247239,-0.7136533049562285,0.4944682840351141,0.000117115919149,6.677693659095084e-05,0.0002172139319636,0.3525143175028227,-0.3523921876130216,0.000281937087783,0.0001628833517549,6643.0,6.95,20612733,612733,(0.1552810794983048-0.038301946822521214j),(0.04868183790028359+0.02171045533102727j),2.221466278633125e-07,-2.221466278633137e-07,0.1593696093582891,46.73288220295663,0.0592951338434662,0.1599351517977023,0.0533287935969385
4633,620057,53.84726447365532,0.2373775518282925,0.4320823483551272,0.9642178711566968,0.4987931101784804,53.86823001238957,0.2364664994768128,0.4332765949656324,53.8682300123896,0.2226167278884472,0.420749274663524,1.1260003317537992,0.4940114373529616,0.0144296126716125,0.0225822349581432,0.0023984588450899,0.0813683383830659,-0.1290606314310065,0.0011610577139136,0.0019190022297093,6610.0,6.39,20620057,620057,(0.025968986634399244+0.23863555669800668j),(0.37081155802795596+0.19738594941557452j),1.1109082974445849e-07,-1.1109082974445853e-07,0.2373775518282925,53.84726447365532,0.418762680583026,0.240044406698813,0.4335272020020898
4640,620502,47.584953328009725,0.1835159493860566,0.0378677081653702,0.329203458141639,1.887561035295024,47.73486869626747,0.1193252526793812,0.0846306847001685,47.73486869626747,0.0950732067728474,0.0843744598685784,0.828060024091523,1.7177710678871574,0.0005932794030261,0.0206716231988017,0.0217488440107166,-0.2000644104400548,-0.2161468535920909,0.0372128754333584,0.0042315202056816,7701.0,6.62,20620502,620502,(-0.11021171876545181+0.1497980308318245j),(-0.014543334109944493+0.03045727276829554j),2.0200507009607059e-07,-2.0200507009607125e-07,0.1835159493860566,47.584953328009725,0.0378586586634629,0.1859733125863151,0.0337577672811846
4643,623070,48.82894470267693,0.2794875872700011,0.2423966409985725,1.8473428436232773,1.8640226214531583,48.894751932641086,0.2699475078830536,0.2553710123824542,48.894751932641086,0.2631727668240977,0.2530339157637959,-4.508146259477962,1.8441352580963903,0.082001669425848,0.0023059131667722,0.0008312052427001,0.2148726246037112,-0.2852765234599247,0.0025382657233493,0.0018350750216518,3272.0,7.83,20623070,623070,(-0.23716668308839572-0.15024325750656775j),(-0.07049073391660134+0.2218170512916731j),1.771251129677439e-07,-1.7712511296774446e-07,0.2794875872700011,48.82894470267693,0.2400298899442427,0.2807509073775833,0.2349025880173884
4644,624884,33.481221751930164,0.3329268271897093,0.1707484686529461,1.653222445408633,-3.113438494930649,2.4591797257238257,1.4682911983874776,0.3804899947654164,2.4591797257238266,0.6952139573707744,0.1487234211545881,5.9118382819445525,-3.0239028101667085,9.02623214578714,0.8433995814483398,0.1744443661019913,0.0037469082840834,0.0006171250649506,0.0046668197766995,0.9052391910678604,5925.0,8.59,20624884,624884,(0.02592985367855004-0.3427480268925956j),(-0.15420892327235786-0.0001877638269094234j),4.222426609060104e-06,-4.222426609060845e-06,0.3329268271897093,33.481221751930164,0.1699199809125495,0.3437274607164206,0.1548268649803252
4655,654569,39.44298428760924,0.2167807264320244,0.0355291102792154,0.1875773093930499,1.3699596076820686,39.40404454133734,0.2188773486726905,0.0465252968603329,39.40404454133734,0.211980216217615,0.0459520397355187,0.4482240620405584,1.1712137300729593,5.364535446664485e-06,0.0023309422673481,0.0001027222911919,-0.551765016774252,-0.4108449109504672,0.0017092386273791,0.0017044910737693,8771.0,7.74,20654569,654569,(-0.0049267361075681325+0.1880154261577432j),(0.0548343755950458+0.053379709270382845j),6.418736873630485e-07,-6.418736873630492e-07,0.2167807264320244,39.44298428760924,0.0355216359136552,0.1880799649137339,0.0766007157240447
4659,661333,40.05430962355757,0.2825980031630365,0.3825817498141682,2.6354069784264187,0.4163991135578281,-33454.671152670955,0.9254497901051684,0.1582395891931961,-33454.67115267095,0.908790483214151,0.0314405681525368,1.9234424184127967,0.5319974700604333,11471.756163332551,0.7049308615782862,0.0261876908295211,1.271572722838347e-06,-1.7540361770416046,0.1134816895192077,1.4406575882455308,7332.0,7.15,20661333,661333,(-0.3003933877603473-0.034253492446763845j),(0.4583477067954868+0.20070986416582873j),5.722223729599902e-07,-5.722223729599785e-07,0.2825980031630365,40.05430962355757,0.373316810327908,0.3023400224167136,0.5240225277856158
4660,66452,44.95040134484962,0.0647319258871745,0.0250854168151178,1.0217503013152358,0.9841573367537908,44.95932621214072,0.0609365511439238,0.0337592436695078,44.95932621214072,0.0607989060297185,0.0332676797036589,0.9847072491946728,0.9597665359078432,0.0001848177563644,0.0001515801408182,0.0004959387701884,0.3639575228630821,-0.3639547875894776,0.0011191582026376,0.0013854063409794,7433.0,6.81,20066452,66452,(-0.025870619875673875+0.06377152474302007j),(0.007613634065804985+0.014528584710563588j),2.7475953119722934e-07,-2.7475953119722924e-07,0.0647319258871745,44.95040134484962,0.0250827859471708,0.0688193020946974,0.0164033938452087
4688,672508,67.76793243949062,0.4586130822032969,0.0807939141657247,0.6085591878130145,-2.4368263684822,67.16771408775092,0.4471255276128028,0.1302174726695839,67.16771408775095,0.3784924691018534,0.1038190719605946,0.9251531853744256,-2.369161102837837,0.0399570203674944,0.0665976194625711,0.0252925254718547,0.1447313666602061,-0.15319016302849,0.0093212794393402,0.011805650151678,5558.0,7.02,20672508,672508,(-0.12012656110426065-0.45614032790592285j),(-0.05692057102769497-0.05432793124498243j),4.180717504731102e-08,-4.1807175047311003e-08,0.4586130822032969,67.76793243949062,0.0807060436959884,0.4716931093675828,0.0787673536822343
4699,681280,39.44942951217345,0.188142766683077,0.4049262829252246,0.5691885725722532,-1.1240441729298096,39.4029568364652,0.180570684214305,0.4026885069133157,39.40295683646521,0.1779914782468036,0.3919925244203857,0.6172869744660967,-1.115821581361668,1.1348361821750284e-05,0.0006286337374377,0.0004808534850993,-0.840389333978645,-0.2770734985584756,0.005464102651069,5.265327607980791e-06,6593.0,7.49,20681280,681280,(0.15278361795117623-0.1297297069923202j),(0.22024780087951779-0.34036381037434704j),6.412536667059613e-07,-6.412536667059747e-07,0.188142766683077,39.44942951217345,0.3939510057601139,0.200431112331804,0.4174264193228506
