,Objname,OscSMA,OscEcc,OscInc,OscAOP,OscLAN,MeanSMA,MeanEcc,MeanSinI,PropSMA,PropEcc,PropSinI,PropAOP,PropLAN,PropSMA_err,PropEcc_err,PropSinI_err,g,s,g_err,s_err,data_arc,H,spkid
116,1994 TG,42.30795285516671,0.0023914614396359,0.1220732476075008,1.1252753898679302,-1.8340380952387665,42.26922248323741,0.0443876492054918,0.0993658820855533,42.26922248323742,0.0355909582642543,0.0984381008456657,3.631030204624616,-1.7760954171152064,0.0049770196124723,0.0014856161322418,0.0082813792411286,-1.0208913756820512,-0.4873157668026079,0.9335210236859308,0.0056676129288888,3.0,7.17,50031980
117,1994 TG2,43.09544671116335,0.0176243511671082,0.0560447829685605,0.4989563171903191,-2.459760385877876,43.092114155588376,0.0210883425091257,0.0499648783252268,43.09211415558838,0.019808739658386,0.0490700634203941,1.0414181839030814,-2.564564871236615,4.266714479319883e-06,0.000203284326064,0.0001176182564552,0.4461203680337415,-0.4497224308774896,0.0001098877730093,0.0010707233205786,32.0,7.19,50031982
118,1994 TH,40.9855585677287,0.0022877425013697,0.2841341288062506,1.1173056821822982,-1.7608800256809976,40.98631272915265,0.0058642875221102,0.2718010839876948,40.98631272915266,0.0046503153040863,0.2685041483785996,1.4142547188611396,-1.7506528973252984,0.0001195446349722,0.0009402500974354,0.0001354018187529,0.3404771022114969,-0.4461129479291106,0.0004480290169435,2.994434510009804e-05,3.0,7.31,50031981
120,1995 FB21,42.148279172230325,0.0065224518151671,0.0279006209464439,1.993032522951124,-2.714817291522906,42.14842732780296,0.0451063455550595,0.0381370363286725,42.14842732780296,0.0387213553741087,0.0291894172284721,0.5618585137529939,-3.1008316596205185,0.0009959180685948,0.0008351822777135,0.0010266263864514,0.8213372908500662,-0.528353090477712,0.0299369034559093,0.0070076740700205,9.0,7.5,50031983
121,1995 GA7,39.32193357387676,0.1202211654410195,0.0661828491734506,2.144566534361566,-1.9409379480629296,39.406997528833806,0.1209268629658629,0.0569114681459375,39.40699752883383,0.120791818003,0.0564965816458094,2.167283400772684,-1.9702414924659348,9.473258494438373e-06,2.865978242791016e-05,7.039032920393261e-05,-2.256517043091606,-0.44600451323727,0.0017517878890478,0.0001160630967016,2.0,7.63,50031985
122,1995 GJ,42.89587735515836,0.0905923921081831,0.4177102155251994,3.1721947933506054,-2.295126451855757,42.90675923899591,0.0958087196010384,0.4137479476469829,42.90675923899592,0.0958487574857077,0.4024813886120817,3.185182768147093,-2.288054562248352,0.0002606565097025,0.0004702574041873,0.0007193796176006,0.147907024494839,-0.2889952255267037,0.001771306460387,0.0019348185545904,1.0,6.9,50031984
123,1995 GY7,41.07820664696036,0.0064614873057751,0.0276865236751512,1.8220542630843009,-2.545768050674997,41.15907153785537,0.066194478481047,0.0733395190205036,41.15907153785538,0.0535475774313419,0.0571571006908843,-2.0857343345330053,2.37198899641337,0.0213454636643946,0.0038470425015015,0.00243256235094,0.6738908904216824,-0.6034655576218316,0.0507923877243687,0.0012611433216321,1.0,7.63,50031986
124,1995 KJ1,43.21811591590375,0.0059212141254221,0.0414959519624189,0.9083750060724762,-1.6559075332759998,43.21502539038262,0.0200500260424126,0.0312402335645721,43.21502539038261,0.0187393459557304,0.0296845485314447,1.366663830508592,-1.516310449164508,6.222047881629801e-07,5.126289248850959e-06,1.3368905225225632e-05,0.4459250637037021,-0.4445820659887962,0.0001900442156175,0.0014803983565755,26.0,6.47,50031987
125,1995 KK1,38.21606279506082,0.1808122227999099,0.1623075120989,5.546803132727531,2.2476247059490264,-32625.31607798232,0.9494011207056569,0.1938500043489092,-32625.31607798232,0.9489429895179394,0.0127929121403119,1.48016556071004,0.2071871258181531,2075.340837930297,0.8491416812454314,0.0121804114568461,-0.7003038298987253,-1.6027876520993944,0.7399903959859955,1.368572313728766,1.0,8.28,50031988
126,1995 YY3,38.90621682659346,0.2094951233583871,0.0184183457212571,2.1841177718302625,-2.991857510227855,-24358.3614728117,0.9993335607683664,0.6674486083496143,-24358.36147281172,0.0029741418171708,0.0010943263294205,3.4191447610259225,-1.3344153669071517,149.74662498060056,0.0029880258364186,0.0010032509556733,-0.6002618304568224,-20.22451591389525,0.509047341461065,18.05558763465115,31.0,8.5,50009196
127,1996 AS20,35.92950997147554,0.6220985756318564,0.1808258863455691,4.488831560716774,1.4722690817926185,-4952.926236374492,0.8514743172477764,0.4922616551819307,-4952.926236374493,0.7796061070098549,0.3840240727251043,-2.247762818924828,1.9574817511284024,4476.181645858761,0.0834660227453845,0.5140372927422395,-0.0025317878568904,-0.0260003240339842,0.0022613405704543,0.0129947511263269,13.0,9.3,50054399
129,1996 KX1,39.42595503709221,0.0944240539261405,0.0376176789695127,5.74514441786379,2.39015075634618,39.40861611724674,0.0997004342141596,0.0483788522337694,39.40861611724675,0.0996228875681168,0.0476758571414678,-0.2341611197459148,2.137449086436797,1.2838729760306396e-06,1.41928165255823e-05,2.0024581423347707e-05,-3.2380473461824613,-0.4602310748570851,0.0018834950987551,2.098918975941413e-06,2.0,8.7,50031992
130,1996 KY1,39.2714505902196,0.0907973095806348,0.5616488821836335,0.0546588468501916,2.488575448336692,42.79884902810134,0.2454884699121289,0.5220908075898141,42.79884902810134,0.2145183721520955,0.4016320272364759,-1.8435462947350407,2.776320088563989,1.127610164013904,0.0238554529726756,0.0463199890833684,-0.0789890569740376,-0.2510458261565022,0.0019180888189095,0.0186557746698925,8.0,8.13,50031993
133,1997 CW29,39.54988131505128,0.0742889921086023,0.3028587013950954,3.2754622529284347,0.0576456134698935,42.285477450478304,0.1619571760613377,0.3255212968664312,42.285477450478304,0.142519772982851,0.2613292788011854,-3.15793634751959,0.1177243533958314,1.1095738113401894,0.02498392417556,0.0501419810535514,0.3440569734346149,-0.3577413397918509,0.0149119237279058,0.0419891833496759,27.0,6.5,50031995
136,1997 RL13,44.200819290236616,0.0071907292317099,0.1259889239330573,3.87688746004816,-2.796639327453501,44.19974845808141,0.0198348867755579,0.1256936622956754,44.19974845808142,0.0194128643752996,0.1253770862466794,3.6182973585320375,-2.8038914927230056,5.614904459557753e-07,0.0007598885609118,3.592753604952479e-05,0.3498483771137338,-0.3686574560208879,0.0011437939333655,0.0013659597114421,1.0,9.67,50031998
138,1997 RY6,41.05470028063204,0.007364287487839,0.2418606793520047,3.718764203547327,-2.658772634732103,41.056940990446485,0.0099865146494507,0.2353008314152337,41.056940990446485,0.0075965196485867,0.2330845073209022,3.3919725296289105,-2.669605648206314,3.204268832901573e-06,7.25911479528e-05,4.824742503482549e-05,0.4112777276905232,-0.4719754196874187,0.0098056594921489,0.0014176997164513,53.0,7.5,50031997
139,1997 TX8,42.82378493815734,0.2613731967285346,0.1741126165736795,1.8989935500023751,2.461988920328076,-218.86553839518183,0.7306920397878058,0.0607837231007041,-218.8655383951819,0.6966370280471608,0.0523827563710007,-5.374585193628366,2.48623988943047,118.40356148075772,0.2505515114182212,0.0366927787770013,-0.002454496582219,-0.4606888089532139,0.0043953457138776,0.2921700224310692,24.0,8.34,50031999
140,1997 UG25,43.25954274448712,0.0033548188587427,0.0222193670135237,3.9822391329781857,-2.8129884124158524,43.258058627067335,0.0125174036585645,0.0254344309843926,43.25805862706734,0.0099141276961601,0.023499482849724,-2.5196016101520184,3.099604019539729,1.6273189190844564e-06,4.587970085437896e-05,3.887139565576776e-05,0.443688215258006,-0.4414471059702886,0.0021022555976615,1.0936789856644564e-06,1.0,8.45,50032001
145,1998 HR151,45.54562859326815,0.12206695925662,0.1176087014942778,6.029923768243112,1.7546792751812148,45.54991225426426,0.1059361026149934,0.1096857513576394,45.54991225426425,0.1059969657935525,0.1096205611137301,-0.260251564610815,1.7269566992186147,7.361403251877613e-06,0.0020596000554591,0.001949152711411,0.326028414032166,-0.3440081021567909,0.0016702020072675,0.0018405445327063,63.0,8.58,50032002
146,1998 KD66,43.26608889416684,0.0544488891404194,0.0942822810909582,5.906913385704467,1.918552041066448,43.26470721042472,0.056138718521432,0.1099969126822854,43.26470721042474,0.0553735645868792,0.1097039587164416,-0.435758287187125,1.8403416769077536,1.846924410248421e-05,0.0013035708405077,0.0006238924954985,0.4132696159133496,-0.4315528977045275,4.0962079228048254e-05,0.0007046246239211,10.0,8.86,50032004
147,1998 KE66,42.27313400611909,0.0050306011101512,0.0558289171894765,3.3297554372433016,-2.057235138513995,42.27436303586625,0.0389409173443345,0.0919082398736447,42.27436303586625,0.0295856230539202,0.0907595737308858,0.0489891759900784,-1.992811927133839,0.0002412309444163,0.0035112799843241,0.0134418406243582,-1.453151571944246,-0.4967785103985285,0.5031633769939958,0.0071545230651388,10.0,9.01,50032005
148,1998 KF66,39.668349505899926,0.2148125058178748,0.1128043239563403,3.421570095796181,-1.8406283373358792,39.40532473764272,0.2088328083729297,0.0916771830302271,39.40532473764272,0.1527419633289551,0.0908968165667559,3.0923107819308555,-1.700478277916785,4.356446657614053e-05,0.0182681466321628,0.0017114709851758,-0.5929181392352185,-0.4892451137240596,0.0654559097304145,0.0026542307579592,10.0,9.83,50032006
149,1998 KG66,45.43104438134249,0.0051550569957759,0.0678294734788284,5.511327811198634,2.023590513434671,45.418429453086205,0.0066312150284427,0.0743778694630383,45.4184294530862,0.0056931950548408,0.0741962551473803,-1.0843454827492285,1.969166069685011,0.0008502660507076,0.0008438045200243,0.0001136934022025,0.3244868139095983,-0.3287363354627383,0.0011412023129207,1.6312321279873428e-06,10.0,8.88,50032007
159,1998 WZ24,38.39660603814891,0.1543043462163637,0.0570471172819581,0.1729869133985149,-0.7016305356762409,-208.79327217946323,0.9971746466105552,0.1146354820570209,-208.7932721794633,0.1096304137220561,0.0033487587194746,-0.6170150115387552,1.1395178529288383,8.108125422551934,0.5671195591393806,0.0734272662756111,0.0082440698087831,-0.1471562687221456,0.0312874800589873,1.025269168770368,65.0,8.12,50031843
161,1999 CA119,45.365765831238186,0.0049189918725171,0.0273743362284803,4.440996286055393,-2.961555889347086,45.36617276579705,0.0066365792575593,0.0282618507299756,45.36617276579706,0.005576840870128,0.0278533875179111,4.119253323679935,-3.085377718164336,2.024941190448624e-06,0.0010551250273966,0.0004098414815949,0.338730346970673,-0.3357808556036925,0.0005815561444044,0.0004653776282619,86.0,7.73,50031850
162,1999 CA132,43.636862547535046,0.0897283899958215,0.1941387975963245,6.2095888026321,0.9275268812083628,43.6689312982544,0.1472175007112659,0.1725413513744397,43.66893129825439,0.1318340692721545,0.1632608579174052,-0.1464942582981756,1.1879268324460062,3.855801202446447e-05,0.0149810230948081,0.0153204993557522,-0.3519803953228692,-0.3552825774968677,0.003812804124931,0.0024348373129603,56.0,7.43,50031860
165,1999 CD119,44.23322880650033,0.0212063077997221,0.0361136341433961,2.438223117657781,1.7352671715485188,44.23475858224253,0.0223212470311314,0.0458918388039346,44.23475858224253,0.0218666508831415,0.0454700527307592,-3.535705932960369,1.609829547617649,0.0001787878342804,5.9115366262927e-05,0.0004100580981593,0.3857632184409462,-0.3873165179771356,0.0006458627454641,0.001945732636866,62.0,7.35,50031853
170,1999 CK119,42.16207628718968,0.0034490023020782,0.1756155936678804,1.032661180050951,0.3109156443475593,42.25514267097858,0.0824978989520835,0.1523123266977025,42.25514267097857,0.0580873446769776,0.1505177655560111,2.002037031801465,0.0914230277635326,0.015349801060974,0.0120063289746516,0.0113369896566086,1.0551323463776532,-0.5014752303400007,1.4113803980326036,0.0200963187526951,8.0,7.91,50031855
179,1999 CR133,42.316612654319286,0.0033623497136183,0.0139228347301523,6.038569852907716,1.6345782299565033,42.27798386237574,0.0455406928913259,0.0433217665042597,42.27798386237573,0.0371735512887093,0.0403425181012497,-2.771871620229932,1.1610155194483924,0.0036983276683153,0.0086214514143072,0.0023026433842143,1.146108657613114,-0.5115193244282622,1.4672979896657603,0.0076200019459584,6.0,8.08,50031861
180,1999 CR153,43.36100681732747,0.0564537708933431,0.049991518327272,3.875559098994744,-2.8354236322477058,43.365083730916375,0.0638199115939111,0.0564060042197238,43.36508373091637,0.0632193565108848,0.0556222965722495,3.909561410367499,-2.961946264439706,3.942307882691956e-05,1.1664478692966312e-05,9.671100662028566e-05,0.4462398818835912,-0.4472580795353091,9.287205471798908e-05,0.0010116743032995,31.0,8.15,50031866
183,1999 CW118,43.68376547501882,0.0052917432640057,0.0206106514390322,4.9969770506688365,2.613579683681381,43.68452280556867,0.0102076786391771,0.0300392252780156,43.68452280556867,0.0077845811847561,0.0289538965966341,-1.3060447140786384,2.16493658062089,2.699036269613201e-06,2.49368717523158e-05,4.554128863773029e-06,0.4207759622313762,-0.415617842643144,0.0017409279544516,0.0011532533506442,86.0,7.8,50031848
185,1999 CX118,43.87076793368971,0.022654797303556,0.0329225082295005,2.128764922759162,2.077328494746203,43.87106421499392,0.0235160791563417,0.0430108907188967,43.87106421499391,0.0229850954972009,0.0424133923284937,-3.728937795423296,1.868923751362561,8.492520436772212e-06,3.956109670001241e-05,1.3689090781529706e-05,0.4055248994021523,-0.4062243834060213,0.0015461309711824,0.0003499495541833,62.0,7.08,50031849
187,1999 CY131,44.10626528941156,0.138394094692302,0.4178986494527802,6.256922206057424,0.7491556784752392,44.11846774956241,0.1459842573270472,0.417923217478892,44.11846774956241,0.1251545586838001,0.4063573125990419,-0.0820868155825093,0.7495564020789363,0.0126791337369762,0.1077702662211653,0.000603696341258,0.1428169951746336,-0.2654455532347094,0.0196898585824302,0.0015588855273831,8.0,8.12,50031858
191,1999 DA8,39.39273263530902,0.3290648041998024,0.6734801448085543,5.8914648993017575,0.5292481058608421,-111.5972855921206,1.0103816161786787,0.3413831229085485,-111.59728559212064,0.9977692286799116,0.0734973394425199,-0.6061390982271755,0.3980794889993035,17.82278693938674,0.8928157377883188,0.1570462224278997,1.2099108671918685e-07,-0.2812252698548859,0.0120200436792328,0.2419828198078105,1.0,12.12,50031874
192,1999 DB8,42.77899566040526,0.1074972158164787,0.3629213606384572,0.1085251601491483,0.4875713851599819,42.77409744389147,0.1134945721382574,0.3634952101203753,42.77409744389148,0.1135814778042972,0.3558072922722997,0.0820561347610855,0.4838693931686804,7.583442250657533e-06,0.0001819407224518,0.0003780284964875,0.1950431951331072,-0.326333006221381,0.0019399922478702,0.0018855015683334,35.0,10.06,50031875
193,1999 DC8,46.04455727356861,0.0042939745476013,0.055556178795802,1.214519786202354,0.0270848079803949,46.046043142404,0.005268369990514,0.0554402383261562,46.04604314240402,0.0043188388487248,0.0552735025690539,0.8096500546664184,0.0746122477259152,8.567158888869139e-08,0.0009496655870666,3.1070702597871944e-05,0.309591197031716,-0.3076034331147109,0.0002797338086894,0.000110095182166,1.0,9.95,50031876
194,1999 DD8,39.47952299029579,0.2281286511715058,0.1123039222612939,1.2659719848189068,-2.323194432676875,-3096.5569516691385,0.6416104221887036,0.1520230019117676,-3096.5569516691385,0.5912680713339311,0.055205128745632,0.9941941325605774,-2.5976087630262303,1976.9469724852468,0.3314977676351338,0.0679557581086759,-0.3372931728041002,-0.5122562954412788,0.3021236128179056,0.3941048435174265,1.0,11.07,50031877
195,1999 DE8,45.76282286621866,0.0042678426970399,0.0350748648050478,1.6130754356650776,-0.3693341059817902,45.76422212194057,0.0059679949602827,0.0329109269884056,45.76422212194056,0.0050153369089306,0.0326387260078811,1.104281584670315,-0.2360310710903207,2.808192508507616e-07,0.0009658902120092,0.0002579548626924,0.3239672215147334,-0.3193725271602377,6.023565073451211e-05,2.565051465833033e-05,1.0,9.65,50031878
196,1999 DF8,44.31263025138938,0.0041804046150716,0.045961655132007,3.1922196041527684,-1.9473613169434896,44.31370884446884,0.009889953791768,0.038882510919889,44.31370884446884,0.0086536761329799,0.0383583786388613,2.702567686407237,-1.8979025776593783,2.889316315947201e-06,5.051222114434889e-05,0.0005362112281014,0.382759880801474,-0.3827364515974611,0.0016533849216255,0.0015382322486764,1.0,9.84,50031879
197,1999 DG8,81.99662538166363,0.5954884670023024,0.7188407213668866,1.296697262756468,-2.543127610583042,82.30121568452142,0.5726223752445392,0.7334195119900369,82.30121568452138,0.5731921394233181,0.6623322062890784,1.2289281368496303,-2.558281974640386,0.344143667138188,0.0138465487163708,0.0192553974054677,-0.0378005895194376,-0.0281800781987494,0.0001731478702294,5.1486890347141125e-06,1.0,8.2,50031880
199,1999 DL8,42.60616442168685,0.003486551134757,0.0732894309441998,1.4381043288487954,0.1642912817509253,42.60668188040597,0.0364449931773005,0.0857702486264749,42.60668188040598,0.0353856944977229,0.0852663765266927,0.5785095050640271,0.2130876989490667,0.0004922813351038,0.0022868764116878,0.0009251572286931,0.4605428063383668,-0.4766123362682808,0.0056034345966841,0.0014922168830383,35.0,8.19,50031211
200,1999 DM8,43.02731836732507,0.0041264131306388,0.0410084241557343,1.4867371792454165,-0.2439533382847983,43.02870003855617,0.0131771703229458,0.0399301642550503,43.02870003855619,0.0098645567141205,0.0386031558202489,0.7685921871480168,-0.0719497562363951,2.0084857169988045e-06,0.0003137837781231,4.605129733743932e-05,0.4509193124564545,-0.453710843252685,0.0007485467322138,0.0017097036050031,1.0,9.7,50031212
201,1999 DN8,44.49130663606757,0.0042117411735942,0.0298592370132999,2.2154099826513143,-0.9745034528585836,44.493754067043234,0.0095171183654957,0.0235924369706872,44.49375406704323,0.008291107381896,0.0227713652570002,1.468702233979143,-0.7337366251692251,0.0011568640597732,0.0006054421979112,0.0008274909934595,0.3780493797623524,-0.3755349123323602,0.001244808175997,0.0001578433572492,1.0,9.73,50031213
202,1999 DO8,41.92989589576023,0.0040458552620873,0.0689194363308687,3.353035848792349,-2.107057158113949,-47684.01182056102,0.8214652769607524,0.3318534886170879,-47684.01182056104,0.7602636105989135,0.1715658023544698,-3.3848115888777865,2.698321495366005,21460.710606923785,0.4989805514033583,0.1390989915719742,-0.0024289797429407,-0.0023621604221516,0.3204308388208816,0.3213279445885322,1.0,10.03,50031214
203,1999 DP8,115.37436902715662,0.6977207008922847,0.6450996235466322,4.929379361142134,0.5289095236309997,113.6567092152016,0.6904906468625376,0.6471293219505103,113.65670921520162,0.6331959860984506,0.5870744240113273,-1.0082736726930244,0.4145905707402839,1.2216287805070336,0.0393110186030535,0.5598107123021636,0.0044538600011577,-0.0235515245936926,0.0026391652239038,0.0002389620407866,1.0,8.63,50031215
204,1999 DQ8,45.473336440405376,0.0042153882104085,0.2219779611247911,0.813505245402486,0.4426643727278074,45.47435553257687,0.0059279464514391,0.2235854915445615,45.47435553257687,0.0056218838195343,0.2217246153331616,0.4839489401857861,0.4500274774648455,5.50273146394483e-06,0.000283236191198,9.9903840863371e-06,0.2373770981540825,-0.2864703779211669,0.0019189523421201,1.292610782388639e-06,1.0,9.09,50031216
205,1999 DR8,45.66468468220453,0.1092104734430768,0.1609888533129592,6.057963395233282,-2.3767547980585046,45.65600266223571,0.1123440627000129,0.1591009536605186,45.65600266223571,0.1124203212194246,0.1584448248922395,-0.2336386089997688,-2.387662997131193,0.000112613114712,0.0003813753634656,0.0002450096993284,0.2919150905033464,-0.3263911639301111,0.0007162476781575,0.0013470203621467,1.0,9.27,50031217
206,1999 DZ7,39.51045049200208,0.2643694878438523,0.2701556221695273,6.1411905464077,-2.457321141927528,39.40278542053292,0.2534483757389487,0.2765078700576252,39.402785420532894,0.1787819184724823,0.2733081082708348,-0.2211003857116482,-2.541871895495655,5.400360982460178e-05,0.0089544621730276,0.0078601479673344,-0.3305865660065529,-0.3229443421321284,0.1142979505686124,0.0031929598279359,1.0,8.81,50031873
208,1999 HA12,42.74641914124312,0.0487457007691759,0.0347006385431519,1.6880490819952056,-0.028159868594177,42.74501084922679,0.0404605752583832,0.0366347690881438,42.745010849226766,0.0390905946466433,0.0343695456560012,1.2722020360729878,0.1665051765828713,4.1313582680583095e-06,6.33122879666336e-05,6.417551165975545e-05,0.4792768419637514,-0.4810675853222091,0.0002514633416997,0.001796279975184,50.0,7.75,50031892
213,1999 HY11,42.419222549065765,0.0652420655794226,0.1010115073399399,2.9127659772854724,-1.5054799797205791,42.43651756638091,0.0894940708652913,0.0768653734837444,42.436517566380914,0.0700060033279339,0.0719414249764883,2.6559149656712284,-1.3213626817959787,0.0001806493265398,0.0059054265838346,0.0045021767198257,0.8072805288420162,-0.5279854295602631,0.0801260619862986,0.001435046002692,20.0,8.27,50031890
214,1999 HZ11,42.67923738441166,0.0852292501646094,0.1650905609044611,0.2029198979335404,1.2377025867192906,42.69151700868478,0.086049599111637,0.1775436848496577,42.69151700868478,0.0853279187798579,0.1766263464393682,0.1518606735401457,1.2099177887886094,0.0005628352906358,0.0001875388636058,0.0002368861474744,0.3968167837629343,-0.4438125166920524,0.0016511307395882,0.0017176910548962,20.0,8.45,50031891
215,1999 JA132,44.898061072685735,0.0081206825920475,0.1327982435139247,3.448080460546022,-2.0624012338419897,44.89837302495232,0.0241095746635928,0.1298298938266144,44.89837302495232,0.0239238533361877,0.129505805307251,3.1392455175412,-2.062143284488569,1.720163996417641e-06,0.005674133073516,0.0011098924719836,0.3192926882005925,-0.3381329058367915,0.0014154235819629,3.008451355162368e-05,59.0,7.7,50031898
216,1999 JB132,39.7184279655303,0.274366351020852,0.2357327159897206,1.5350283750203504,1.9316834233451807,179.8895001029161,0.7601118487119488,0.223708024288115,179.8895001029161,0.679021190094142,0.1659379672031259,-4.925557148525817,2.1428833540122736,53.13765691146006,0.112905490982882,0.2807704667475565,0.0116289684989199,-0.1101172384939162,0.0189773481953036,0.0567424356720826,8.0,7.62,50031899
217,1999 JC132,39.72012346897424,0.2421566608757414,0.0946998129714797,5.151341418260877,-1.5321150048668275,-1294.2528909074535,0.976916088463602,0.3255823539712268,-1294.252890907454,0.1172654098491931,0.0084096393711396,3.006102270115262,-1.2654279282514298,47.9044963642129,0.8753204212813754,0.2830046749839952,1.6930339389337888e-06,-7.549351126966695,0.0051814863492894,6.787379373196256,1.0,8.76,50031900
219,1999 JE132,39.6521181458357,0.1960854646699772,0.4442558508972035,4.665246482782722,1.8980780069889136,-720.7495717013697,0.4437902686874228,0.36514206050526,-720.7495717013693,0.4012598112707964,0.2587700422184246,-2.387858086481484,2.462936482154256,1533.2376941943537,0.1904867839456771,0.067288374800314,0.001315825948098,-0.4259244208519646,0.20992286360351,0.1884961391534387,9.0,8.67,50031902
220,1999 JF132,44.72157524782512,0.0056789616549927,0.0381060841740335,3.8211656633361297,-2.140074389303776,44.71929380207662,0.0073209703168736,0.0327738963929072,44.71929380207664,0.0057894287915046,0.0322724165750136,3.242465261071102,-2.131030775571378,3.831132460719173e-06,0.0015401346279621,0.0005042447022529,0.3662681402607037,-0.3639518479068709,1.830913131723826e-05,0.0015336975386822,9.0,7.89,50031903
221,1999 JH132,42.245433497090815,0.0055105944271117,0.0321018455264775,5.21767513380335,2.743978086649694,42.272816644065024,0.0591265617930404,0.0665059924217598,42.27281664406504,0.0473811609598139,0.0648740703131431,-0.6775015736113996,2.1180281562569965,0.0002574742637686,0.0045841949637186,0.0092397581097366,-0.7896446814383001,-0.4905172218674302,0.0901371666558194,0.007138827239007,9.0,9.09,50031904
222,1999 JJ132,46.04018835241392,0.0960788680973189,0.0699754397551315,2.793751231245537,2.1885524302890764,46.04357643078807,0.0971671819759618,0.0722443225966563,46.04357643078809,0.0971890612490028,0.0721716419171239,-3.4057177984764766,2.139815254409726,1.0929215154585788e-05,7.60308735444009e-05,0.0001580384956875,0.321752417047862,-0.3286545560543953,0.0018946356968337,8.04052369334788e-05,9.0,8.88,50031905
223,1999 JK132,39.55428249030889,0.1662812156822359,0.2728542180515555,1.596581345157312,-1.4043379265642355,39.40452863268214,0.1661985911324402,0.264577934728033,39.40452863268212,0.1657785007921988,0.2616152427220126,1.6767628743835132,-1.3787180153961018,3.41488495558027e-05,0.00129488502479,0.0010505185581005,-0.9935694987512708,-0.3707108431825073,0.0213169261260006,0.0025053601282463,9.0,8.67,50031906
224,1999 KK17,45.808561300175946,0.0057140269101197,0.0798606164000183,5.8074809138844365,2.1374075290805794,45.8067376717573,0.0065405379343581,0.0854185068204503,45.8067376717573,0.0058401341483859,0.085238220058909,-0.801314103036296,2.0964536420624,1.0118546204097794e-07,0.0006970665398691,2.205983157517525e-05,0.3075505885351723,-0.3122996216629265,0.001406079545892,0.0006842210508975,9.0,8.23,50031910
225,1999 KL17,46.07131874014998,0.0332321182319433,0.0768654472976391,3.365887929462508,-2.920060089491338,46.07658935783192,0.0372012910869873,0.0772383384377319,46.07658935783192,0.037148610625197,0.0771562871914336,3.4096713271425574,-2.959738473959457,6.247946117480447e-06,6.679144767752887e-05,0.0001402435877118,0.3042279329911893,-0.3073384252756834,0.0009826792907047,0.0018945181869507,90.0,8.72,50031911
227,1999 KT16,46.68927821553131,0.0057490788231471,0.1611849302483033,5.933038259280568,2.019006411560437,46.6892495613456,0.0291311415358594,0.1681842813139258,46.689249561345584,0.029108218391671,0.1675136954719294,-0.5621092130839185,2.0031878551848328,1.413031633234535e-06,0.0063832306326106,0.0009585284888237,0.2488636777957607,-0.2677119868093645,2.5709527848473217e-05,2.004800369056056e-05,1.0,9.01,50031909
228,1999 LB37,39.58526156554732,0.1905673004809401,0.2328175871602931,3.776739010771071,0.2355525217176741,27.39175521760715,0.3160968731499635,0.234365284716171,27.39175521760716,0.2073758508853158,0.2050234998151386,-2.817392376558356,0.7263286544861639,13.016054395592002,0.0663839420064006,0.0233925104591853,-0.7639183203193265,-0.3912039150194553,0.3393370929376847,0.005723245302704,1.0,9.56,50268536
237,1999 RC216,44.09763624115838,0.0880111975221086,0.028199542132556,4.708444811966946,2.769388416619839,44.10195943804053,0.0910807108366119,0.0443291010799986,44.10195943804054,0.0907897815202943,0.0434538186367057,-1.3148797882855263,2.450477157694942,2.5486212322570024e-05,0.0001572728415405,0.0003060089087064,0.419847132503074,-0.4226682443462924,0.0017540104517786,3.0271568143243072e-05,62.0,7.3,50031948
238,1999 RF215,43.74611494829828,0.0057231454839799,0.0871651780649078,3.901466355567344,-2.648648540808721,43.74816754042888,0.0213201984033293,0.0863909283447719,43.748167540428895,0.0207425329966547,0.0860690047251371,3.5153651635810803,-2.702150274307443,8.393426772024758e-07,0.0014333393495991,0.000271359947622,0.3918901301153125,-0.4038683633039981,0.0029948412453439,9.621689951187506e-06,65.0,7.4,50031941
240,1999 RK257,42.50392099228671,0.0450695650278879,0.2600690747140142,2.212288776365753,1.7141883513113754,42.50857330763496,0.0436682493171799,0.2688223861909492,42.50857330763496,0.0435349101488916,0.2657853107642531,-4.013714929719389,1.7072702914410216,1.6797086714680818e-06,1.138295101347709e-05,0.0001841264273831,0.2700301696042115,-0.3758109046192939,0.0014000492413708,0.0001054257148571,2.0,8.4,50078296
242,1999 RS214,44.07692712264067,0.0325242706311504,0.0339826874632979,2.31417125778756,0.9990658649824596,44.08241233126114,0.0307661361971075,0.0446460782743945,44.08241233126113,0.0303715518775793,0.0441387363546761,-3.886513590442133,0.9459591920917554,3.872706976405273e-07,4.355673859850265e-05,2.8407061745745745e-05,0.3945481542563782,-0.3967705690898814,6.087419013650146e-05,0.0018971335377717,33.0,7.89,50031928
244,1999 RT215,42.81606863106955,0.0074962844482833,0.3818280665993866,0.5622544585755316,1.5566050212416904,42.80888211523997,0.0072156319347272,0.386425236549606,42.808882115239975,0.0071970949293019,0.3773066907955857,0.3628963795926707,1.553744498256053,5.547593643392289e-06,1.166054562139933e-05,0.0006491626751995,0.1554228870296051,-0.2979365869668096,0.0004287288537852,0.0018885051901513,63.0,7.09,50031220
253,1999 SA28,38.932250289723655,0.1788062356131499,0.2191701681132151,1.2250018200677877,2.757290991528641,41.787723984112,0.2988450520726422,0.1700326951526836,41.78772398411199,0.2429585256232225,0.1393778280971689,-2.6606846746164305,2.542353856024627,4.258737648330226,0.3737143798414239,0.0106874781658257,0.8162288642102944,-0.9646188642541768,0.656371910067975,0.9120488665764008,1.0,7.25,50080656
255,2000 AB229,52.161350428783706,0.9560552012168168,1.2240086721837886,3.0096466074769594,-2.683488095575707,-8113.087348169113,1.0002169288940197,1.2009115888463622,-8113.08734816911,0.0037643107339326,0.0010836330825318,-1.8054853223393867,2.499651270472866,176.24018788349971,0.4456597546517272,0.4164934519971059,-1.1491168069903142,-0.9987781225732292,1.0366511762983557,0.9018845004644944,64.0,14.0,50029679
256,2000 AB255,42.75348641219602,0.0930280978209304,0.3393001322541906,4.825774745118177,0.959512511364672,42.75709862328761,0.0914095115570277,0.3446731700682083,42.75709862328761,0.0914416413633356,0.3380407419862569,-1.4068577317910875,0.9526449294133572,0.0006504362595517,0.0002563369304896,0.0003138393139046,0.204389018488899,-0.3310947657313396,0.001936011674729,0.001617421578987,1.0,8.91,50050528
257,2000 AC255,46.53655476215736,0.1664223864017313,0.5795751980849777,2.4529465838851827,0.0615516512593241,46.53394833417394,0.1663946468469948,0.5792095989435232,46.53394833417396,0.1669776207753047,0.5479499868826132,2.4463103387089142,0.0599396422001231,0.0050926782588289,0.0017960157054944,0.0005854824570168,0.0446127591659355,-0.1690500215898339,0.0015755832652976,1.4132356422979995e-05,1.0,8.92,50050529
258,2000 AD255,41.86714653390526,0.035640616898405,0.5484535156040701,5.642866028097984,0.11045511056811,41.85987667363002,0.0362992455760072,0.5483082351664851,41.85987667363003,0.036485210628412,0.5220303288019237,-0.5753531168254937,0.1070608643864405,0.0002053935254867,0.0001849193123773,0.0010666345185948,0.0704282183307516,-0.2468091912807719,3.021753238723344e-05,0.0018997640100524,1.0,8.9,50050530
259,2000 AE255,43.87005399700652,0.0586867204892542,0.6163992870478037,1.0701815681769693,-1.1467448413323476,43.87571934744422,0.0573475592945834,0.6147574856596301,43.87571934744422,0.0576367023831257,0.5776549055909465,1.051028420535543,-1.147595646524729,0.0003565408504582,0.0003334860936851,0.000922532012757,0.0398883724990627,-0.1877802432808988,0.0023867977758741,6.688886125560916e-05,1.0,8.32,50050531
265,2000 CN104,42.97480228645087,0.0032441608284413,0.5294927175123575,1.2246765165955793,0.7809288737002378,42.97275432096658,0.0026243641981529,0.5310904946034899,42.972754320966594,0.0025931639068927,0.5064967975413381,1.2929808375917138,0.7808803384129871,6.070383418266725e-07,2.612170564061758e-06,2.5306489786304865e-05,0.0704365236252825,-0.2301155400582605,6.977415753703686e-06,1.047212407274131e-06,25.0,6.9,50031952
267,2000 CO114,46.15878546458147,0.061065079070282,0.5863266863458683,6.1245140279966925,-2.3753760843318843,46.155603368787546,0.063694093542986,0.5851352824457146,46.15560336878755,0.0637678818527441,0.5538467275850697,-0.1433805370828835,-2.3751125720744017,2.5192271075362432e-05,7.37432098932367e-05,0.0020719654048843,0.0422313061115809,-0.1628718655748495,3.58185254516253e-05,0.0014191958041445,54.0,6.94,50035272
268,2000 CP105,82.87383041836291,0.5839649889099536,0.3143104677076345,9.597844869091432e-05,0.4817639567189001,125.58118864577985,0.7099573374902971,0.2350135050719985,125.58118864577987,0.6176898945496199,0.1881143471927608,0.2733088358125037,0.2017605819309778,19.04490861010235,0.0449682940937028,0.0141340113724284,0.0467555730524407,-0.0773488603756422,0.0189061369091878,0.0230766058854764,21.0,7.66,50031965
269,2000 CP114,39.40094139281516,0.1627148915074485,0.5151841957282364,4.510125460122442,0.3549661910769626,39.40375665309704,0.1287751090678919,0.518999567589653,39.403756653097055,0.0960697238595181,0.441332837579155,-1.125460054693331,0.3719955198012855,0.0002130153520239,0.0095823649337493,0.0496230018963655,-1.0489271308782946,-0.2785797196114742,0.217988244837747,0.011617850016636,53.0,7.99,50035273
271,2000 CY105,45.48542604896621,0.0925537955191954,0.1503249967196192,2.95235847197009,0.5172379304742322,45.4755689102964,0.085145670657093,0.1488702989962137,45.47556891029642,0.0851829843822293,0.1484585536017348,-3.306551290807574,0.5171854738533189,9.528973876350364e-07,0.0002453037000624,0.0002327874041223,0.296091697053492,-0.3248589761748309,0.0002175893587331,0.000779203403877,21.0,6.6,50031969
278,2000 FU53,41.22622952831858,0.0438471835947585,0.0933672376782499,3.4729562717933185,-1.6120477603008625,-233.40174066208127,0.2597175727267124,0.2507456965130765,-233.40174066208127,0.2436982634252197,0.1910327040342069,-2.5790252285322404,2.502600266902498,263.34291262213907,0.1571781184636283,0.0952061628398459,-0.0047289241396125,-0.5931290091099776,0.5836262746874821,0.2630591829824206,37.0,8.53,50035256
279,2000 FW53,47.45023722217811,0.1407802941868778,0.1035919928709339,6.099996496886249,-1.224235675991704,-18.23230634994024,0.3584351387863766,0.1138742450364728,-18.232306349940263,0.2961645520471677,0.0909627122379042,3.2073357982010897,-0.9662985194784808,62.909636811263866,0.124119563040778,0.0069993797466342,0.001273206652186,-0.3448997131638066,0.4417547370043308,0.0362898165668515,6.0,7.18,50035258
280,2000 FY53,67.15257887321606,0.7399581651189386,0.3715274746044203,5.0264755237513,-1.452178630853331,-22505.693236055144,0.8988151462855946,0.352695959027772,-22505.693236055133,0.8667635111463377,0.1217896153767613,-1.7533714517121293,-0.4786260477941339,22790.82237664104,0.10825065891994,0.1829097701845238,2.063002109443455e-05,-0.6242004917140341,0.0051077003836846,0.5740624839797397,35.0,8.8,50035260
281,2000 GF147,102.88681805163466,0.6287782675410408,0.0624897456410336,3.667187477040823,-1.8532793389588336,105.17774878045677,0.6385188428311753,0.0491970424152007,105.17774878045678,0.5251600495261376,0.0408245285861346,3.737792344818671,-1.834467097384993,1.3154012194782043,0.0632996495670099,0.0097144193240231,0.0535289759626393,-0.0589267426034005,0.0280839263107093,0.0032508576239788,29.0,8.46,50035262
282,2000 GK147,59.10989214817092,0.4776877368771822,0.1160233568002779,2.707906561140078,-2.079978336394674,68.27157945708977,0.5020517415344591,0.2504512602285486,68.27157945708979,0.4689621001861401,0.230411273288009,2.0916298941549725,-1.344664294876074,3.161233746947816,0.067115799176634,0.0383851612191356,0.0965433453365897,-0.1046912491033769,0.0321586131319298,0.038345788979277,35.0,9.22,50035263
283,2000 GL147,35.79616587972632,0.0984913305105881,0.2384454498226772,5.307023438163328,-1.5474146144981242,-716.657154177141,0.9010385129823923,0.0659954070158335,-716.6571541771411,0.8559875219673743,0.0254301387899921,1.6209564568308712,-1.321102614572493,176.11656074098536,0.4002690475542895,0.0180269379830081,0.1558723723733483,-1.474905066560014,0.1354216775536563,1.2200128613121506,32.0,7.81,50035264
284,2000 GM147,39.76653197893314,0.1924812587951844,0.2885340752086895,3.029219470876397,-0.217252588736908,61430.53811541296,0.8299325155451013,0.106654414826041,61430.53811541293,0.7904900318048861,0.0580187365113316,1.7062600874800036,0.1267525019155076,31521.33391120128,0.3809206829362627,0.0361921531707077,6.47244453623055e-05,-0.7428962937535801,0.0407255166674529,0.4882899413242897,33.0,7.86,50035265
286,2000 GW146,41.373193122104254,0.0042765251214552,0.5092055405545899,3.626282621295957,-1.771790108820817,41.3673627276054,0.0041551456764536,0.5056364211738501,41.3673627276054,0.0041319129600059,0.4850131832558038,3.6313571538911056,-1.7690884649490783,2.6130394552224697e-06,1.94812213263242e-05,0.0006512229954335,0.110463282769528,-0.2773779311417719,0.0019419371822995,0.0002865513856276,1.0,8.06,50032014
289,2000 GZ146,93.19697492112888,0.5657494889153113,0.0453040689834457,6.037520062643761,2.510138073437457,93.35133504669298,0.5663104387441582,0.0449500803588437,93.35133504669298,0.5299228808285434,0.0448925899614548,-0.5433518625653648,2.4987690967347937,0.0435153118145229,0.0224725518275963,0.0003513930325277,0.0696053638644989,-0.0610658499017173,0.002151644512681,0.0002768242527396,32.0,7.96,50032017
291,2000 JH81,46.51084795624134,0.0058826886243741,0.2018934211019462,6.177962131049807,2.137815312727005,46.506574235791625,0.0034968275430501,0.205609289179652,46.50657423579163,0.0029692550243177,0.2044037904625238,-0.2954277667955158,2.1317716430332103,5.096834456407662e-06,0.0004805991437737,0.0002404996862831,0.2425186227425855,-0.2628060196915819,0.0021063022540611,0.0001765287111727,2.0,8.81,50038490
293,2000 KP65,90.96051418556875,0.963868708932326,0.8083988553305562,5.58824014211031,2.0492302308620114,-858.6788583794804,1.003233280048946,0.2885219904890888,-858.6788583794807,0.0023304283028817,0.0018222665224314,-2.394294672870237,2.8244573423134565,2.575039910025049,0.4477589394493633,0.1260461518855414,-25.11628427534583,-14.337420498166946,22.44741142124145,13.499885221972248,58.0,10.5,50157810
298,2000 PB30,42.46546443515808,0.0033312521133673,0.1136503926059826,1.349729104264722,0.5044404758518877,42.47377907153619,0.0139658171408356,0.1210245871277449,42.4737790715362,0.0122289137369338,0.1206820817237434,0.3847357102531947,0.5050464642980813,1.2467466820500848e-07,4.883858429168845e-05,0.000113491892291,0.4161132054440953,-0.4624283740851391,0.0053344344401988,0.0019402692454315,1.0,8.14,50046159
308,2000 PR30,41.92490688129892,0.0744195894998364,0.038092115981971,0.0915469760538023,-2.9934574272077845,-1657.635742254874,0.9487295343858788,0.3959395434846059,-1657.6357422548738,0.9481381218824984,0.0726504482942421,1.893069945102536,-0.7314566811439621,117.80682605848342,0.4268420341413271,0.2879658503289916,0.69326750613034,-0.0033942123925771,0.6493148045134616,0.111068150704882,1.0,8.14,50050534
309,2000 PS30,64.30744068621694,0.4560599689618593,0.0301431565327148,4.791833972186387,-1.1549312507499674,66.50397564706168,0.4648309489107943,0.0480383923627408,66.50397564706168,0.3940561365647254,0.0411433510215949,-1.5632221579255634,-1.262747993209865,0.8120804205741101,0.0174944438656099,0.0079403257098673,0.1917918827731237,-0.2048965699763267,0.0033768120177705,0.0098216929725223,1.0,8.75,50050535
314,2000 PZ29,44.85766579872236,0.0034838684363089,0.2639515349732965,4.483118300451389,-2.645810391073045,44.86143990151606,0.0022814864359866,0.2620922129960895,44.86143990151607,0.0015532945932639,0.2591217775434068,4.459742025213159,-2.646484827627851,2.4010929693931045e-07,0.0005409954614144,1.405304238151103e-05,0.2230713635171824,-0.2911667092531458,0.000798224340647,1.2238097549248745e-06,1.0,7.54,50046157
315,2000 QB226,94.218156917707,0.5455168028144154,0.0508232768163991,0.1317273269957084,-2.107700033479402,94.21728470303928,0.54562544208977,0.048783055114903,94.21728470303924,0.5460236862771991,0.0487550268007899,0.114464042290461,-2.096242912811632,0.0004141959577632,0.0045511303438698,0.0003785861821826,0.0446141869726439,-0.0446142402817584,0.0006786468915309,0.0024011577247524,6.0,6.55,50046175
316,2000 QD226,41.03974762270735,0.0043957767437777,0.0614352002402908,4.326700738344804,-2.6550841759798685,41.09133770722724,0.078543375590833,0.0960547867451829,41.09133770722723,0.062792922899498,0.0937012635868646,0.23601875683479,-2.8317575838654028,0.0438215509799808,0.0036022878485793,0.0167766888357986,0.7734676677047311,-0.6177520187997598,0.0228669861785314,0.0069722127191942,1.0,7.29,50046177
317,2000 QF226,46.35029169757522,0.0045795641626646,0.0381041491013298,3.5836755863740346,-1.8913398961722665,46.35203809618854,0.0051213689357959,0.0334838334851048,46.35203809618854,0.0042274746304091,0.0332885772440259,3.1159508900457977,-1.8621402307768984,7.78531695888984e-08,0.0008848709804333,1.643366352174031e-05,0.3031187096805169,-0.2982241986025759,0.0019064981296032,0.0016612384908369,1.0,8.25,50046179
318,2000 QG226,64.46414827414112,0.4109556815541474,0.0115523960960201,2.665876698262011,1.4504850806989986,64.4155109431584,0.4107357921716184,0.0270392947432041,64.41551094315838,0.3661468320171382,0.0269796503066506,-3.675396745047335,1.2223041035147852,0.0864525977055782,0.0224448481113162,0.002833017923678,0.1414985603444677,-0.154018479982008,0.0068829611183706,0.0036440137602995,10.0,7.73,50046180
320,2000 QJ226,39.106199068789614,0.1139313610192847,0.1455259504718498,1.6900770617462664,0.9347364136197304,-443.8188431087771,0.7289585887907453,0.1360145434691876,-443.81884310877706,0.6997804315695155,0.0878620303752937,0.4618726530640253,0.3243144008779695,194.510261395132,0.3721502516428492,0.0540814602593982,-0.7632971217402951,-0.5688205936985253,0.7531519573843676,0.3126612888797355,1.0,8.15,50046182
321,2000 QJ252,43.08478658835062,0.1202694176680801,0.2209887222629853,6.21805952383356,-2.256115982452308,43.069731438137055,0.1183375604966471,0.1890312083873136,43.06973143813705,0.0900611051444737,0.1879311138738619,-0.4784249534678757,-2.198609013142524,0.0012902198031647,0.0068884071117786,0.0070432332832526,0.3845733217443712,-0.4336917674357146,0.1228297087724484,0.0105352729230577,24.0,7.64,50147592
322,2000 QK226,77.18514704463207,0.5222425763958529,0.4005671976910883,3.184524453985367,0.9318366391782515,77.08634436984741,0.5217475916839688,0.3994544917611071,77.08634436984744,0.5142394669788262,0.3908504564821564,-3.1347877475271506,0.9001287423557791,0.0666953976656496,0.0107361194660205,0.0153385901134043,0.0399042984270197,-0.0694086522189166,0.0024664349720923,0.003168551382078,10.0,7.84,50046183
323,2000 QK252,45.17045968872723,0.1961211730978263,0.1124007168882336,5.941458205207248,0.7273599835578043,-327.3209873696891,0.8733542544689462,0.117798163869896,-327.32098736968896,0.8482246777922318,0.0259193984202888,-0.9595580088014096,0.9128243839448118,74.80930907554237,0.5467792330426784,0.0221953430745222,0.489411968694886,-0.6105394975711702,0.5180583904777937,0.5006774244221383,27.0,6.26,50147593
327,2000 QN252,36.47365205231733,0.0031387879563857,0.053559913435145,5.126286765744905,2.9441354641307007,36.50086366500432,0.0150827271179904,0.0525346677848297,36.50086366500432,0.0124020417122256,0.0506187641761865,-0.7773708364896819,3.0952908349203634,4.638977636622446e-06,5.037213415699706e-07,1.927714734952057e-05,-68.48408851555094,-1.3736489186850784,0.0043855863770651,0.00024076436811,28.0,7.65,50147596
328,2000 QO252,45.37276250344353,0.1430176663666483,0.2511296566734654,0.2075340892303794,-2.513774826889309,45.36369820518384,0.1470484387176944,0.2467074648431458,45.36369820518382,0.1469380413076324,0.2444581889160608,0.204200373901858,-2.5211697256807097,3.844721294590388e-06,0.0001171275710079,0.0002765702979389,0.2465523704697778,-0.3166183458426378,0.0003366948862483,0.0018196752236609,29.0,6.98,50147597
329,2000 SB331,45.97892096063433,0.0085584044651736,0.0854570415355638,2.854669266115966,-0.5864333026799943,45.97749870726829,0.0049352298244257,0.081927737228816,45.97749870726831,0.0037838961535045,0.0818379904711237,2.5310908829548,-0.532872193576607,5.212953445439704e-05,0.0009539442661431,0.0001093386095425,0.3028217039751549,-0.3068109856881877,0.0017580822095188,0.0014714758798296,1.0,7.7,50054374
330,2000 SC331,46.08236723437333,0.0084836024138907,0.1683424603347842,0.112369523398101,2.163736700506016,46.08125675781988,0.0054481753006434,0.1725954613769667,46.08125675781988,0.0051196669050383,0.1718955542867981,-0.060131746603691,2.153876758983841,1.1941016170470516e-07,9.92238099922136e-05,0.0002794444690792,0.2651934976066323,-0.28401357410306,0.0020008042231727,0.0019375385199128,1.0,7.92,50054375
331,2000 SD331,43.31883356133393,0.0083797275660932,0.0210354936470671,1.5763298533846657,0.6958241501104737,43.31765335021296,0.0094585045646847,0.0320169432807876,43.31765335021296,0.193464291508389,0.0306292219904639,1.109404890179963,0.69190478957247,1.4915596916804909e-06,0.0327399972046988,1.7660190433019313e-05,0.6697927165304137,-0.4367504156282512,0.0021938180808458,1.50394648267164e-06,1.0,7.46,50054376
332,2000 SE331,43.15912804458029,0.0083285656810656,0.1034982766514298,0.1194693976826837,2.1562370209517003,43.158374499662536,0.0220213313310587,0.1168321232982613,43.15837449966253,0.0209262641685794,0.1165123649342287,-0.4546745133704961,2.087651058052147,1.2493315297553975e-06,0.0012870139740379,0.0001686353056016,0.4054667829608594,-0.4250114410337292,0.0027523840034747,0.0013110207115243,1.0,7.89,50054377
333,2000 SF331,43.64571297912486,0.008426262811802,0.0455804089870287,2.742200254206072,-0.4463577290073078,43.64439798249743,0.0083281836499672,0.0414481007781388,43.64439798249743,0.1689096016071784,0.0407046442711612,1.845673986488171,-0.2649335120667739,3.925055890923289e-05,0.0340955152473803,3.848602386992887e-05,0.6698369512074229,-0.416161407906912,0.0021477029920292,0.0016906149834257,65.0,7.4,50054378
334,2000 SG331,43.7832936397924,0.008402432362056,0.0173747218773333,1.445177064197375,0.8413972903101966,43.78211405907836,0.0080007554172711,0.0275017819403693,43.78211405907835,0.1670118281733718,0.02634497491433,0.9883704352098274,0.8341957800267538,1.3093879594501086e-05,0.0430111777820368,7.710363730177344e-06,0.6697708590362202,-0.4109206168320822,0.0022003885016294,0.0002159311637311,1.0,7.83,50054379
335,2000 SH331,44.37412716236376,0.008465587112307,0.0248746821879501,1.7215080702740089,0.5413697592307046,44.37893294209892,0.0066946281784207,0.0307402768261052,44.378932942098906,0.1322572582126768,0.0301143593560289,1.0494936930217404,0.5761523669506602,0.0009765756083709,0.0308437454519326,0.0006359615105947,0.6699570256352573,-0.3803029656909117,0.0020323449806447,8.937438297515405e-05,1.0,6.8,50054380
336,2000 SJ331,41.078064049407566,0.008211823401703,0.0167530756454352,1.990302786978349,0.274722278347569,41.15109046361073,0.0835524439235058,0.0977872033291639,41.15109046361073,0.0557036976394929,0.086837275140186,0.3077715684781934,1.7652927244426688,0.0081412562706052,0.0051504584018963,0.0142104814801526,0.8332726830437535,-0.5952962700971085,0.5364090448101838,0.0043918263880724,1.0,9.12,50054381
338,2000 SL331,41.48254659752553,0.0082358683999344,0.0300163690570415,0.9902788328754202,1.2856158220167389,41.48146199804087,0.0355523925081589,0.0717869600744753,41.481461998040885,0.034736148883944,0.0679457341024702,-0.1515845226686015,1.1103783108408285,7.98048559114088e-05,0.0023827318433044,0.0002002715268714,0.6738448427190696,-0.5658346219548721,0.069327709557359,0.0019063490657615,1.0,7.22,50054383
339,2000 SM331,56.41872828145302,0.4276107044579557,0.1881934751080524,6.1298209331229465,-0.7005032991643997,114.60754366427588,0.6874867312612296,0.1657969767204035,114.6075436642759,0.5528051743342698,0.1320919320520005,0.5507685889127707,-0.7854048562567525,7.412228627338965,0.0738521835974617,0.0116811242768129,0.0325294270428083,-0.0692083466932842,0.0089303173410863,0.0261335818390332,1.0,7.48,50054384
340,2000 SO331,42.76685967217504,0.0625072437104187,0.0376596499797226,3.5979434229638128,1.8655638633835536,42.76791867897026,0.0719432374626306,0.049904865563753,42.767918678970254,0.0701527071578469,0.0478759884505002,-2.2508669738172875,1.6384590079350956,4.882798822430129e-06,0.0002226527744353,0.0002958155576662,0.5001894705883874,-0.4954359054163461,0.001835945485246,0.0016350349954518,1.0,7.24,50054386
341,2000 SP331,42.60291917860866,0.0949002492456761,0.0266186126252315,4.801284503124639,0.6429567843616765,32.27865316850766,0.4060571893635757,0.1922691736332887,32.27865316850765,0.3122844187561492,0.1463183181794481,-2.8725660228657883,1.5792411784332543,20.760670152897973,0.0549961537057764,0.0136344786343228,0.2411676520121974,-0.4356450401664672,0.0930162684844577,0.1017429440201501,1.0,8.03,50054387
342,2000 SQ331,67.71176644048734,0.6977546564992767,0.0701223124815108,5.950072917320385,-0.5230665787668394,-678.5560345620522,1.009581949907584,0.0971168014839699,-678.5560345620522,0.060549869589525,0.0025566874864116,0.3091777637957353,-1.3294468862581517,32.43612146394049,0.0590824218971994,0.0422661771317548,-0.0739527399242811,-1.278276264057686,0.1818089017397892,1.168863009327975,1.0,10.68,50054388
344,2000 SS331,62.43372476383671,0.5118855472760374,0.0352881757626489,4.245391245251099,1.198143719082973,190.10294253242137,0.7236747808936189,0.071331605224727,190.10294253242145,0.5779512592707793,0.0602652341214722,-1.7091621143908389,0.3886388475696098,67.74717709434223,0.1457880704231623,0.0424972719245229,0.0134207937321107,-0.1152334130115309,0.0066007227963642,0.173864749449841,1.0,7.74,50054390
346,2000 SU331,58.79235035518342,0.4640606270134582,0.0342408490595594,5.71287092702892,-0.298612240841632,4734.995089818051,0.9221003899987912,0.1081150576279353,4734.9950898180505,0.9053861560100228,0.024298942383308,-1.2900044121591798,-0.0401992840709078,18212.22235192299,0.0794333548128527,0.0720486096397899,6.216070600744775e-05,-0.524913333757317,0.0051234390654781,0.519502083205455,1.0,9.04,50054392
347,2000 SW370,43.77474052618359,0.084889183217462,0.0747826873839059,3.00130839908214,0.6252286550349103,43.78907311754926,0.0871487687228034,0.0854390790345084,43.78907311754927,0.0859323731720393,0.085065049643947,-3.0639182078907883,0.6003076302779756,1.0288464854431277e-05,6.182767735364567e-05,1.0653506829393642e-05,0.4437880428910792,-0.4293203108938386,0.0015221997487675,0.0018123741716331,1.0,8.53,50114072
348,2000 SX370,45.089991127720594,0.0032865553137336,0.3471544874965273,5.096818337552641,-2.929094668296756,45.09451145654454,0.0023307098519258,0.3467545888976697,45.09451145654455,0.0022169633440138,0.3402799182422399,5.009214078227451,-2.932236465705012,1.0384515348578245e-07,2.19621331643681e-06,0.0005684026762425,0.1620274023021921,-0.2533132343336123,0.0015471429965141,0.0002728851361655,1.0,8.15,50114073
356,2000 WX12,43.24497241206777,0.1269970490396714,0.1857872643239754,6.124784649764848,-0.7378617114406324,43.255169781262936,0.1291493395509107,0.1671866124048074,43.255169781262936,0.1279893235934464,0.1662311703187055,-0.0555431450994955,-0.7420727192420558,0.000634985079415,0.0001353847256703,6.981335286871776e-05,0.4085466653941628,-0.4531885283311995,3.1836755306585734e-05,0.0007232049842282,24.0,7.56,50057567
358,2000 YB29,39.25300033632766,0.3078176139809083,0.16179590296416,6.211989049074951,3.079552119531993,-177.13671041216236,0.9122901226195804,0.1485665726900675,-177.13671041216227,0.8655279774522877,0.0367997409089416,-5.523759940631368,2.890199122208537,48.99825653544998,0.6751766033676264,0.0314182890022379,0.1211895515086281,-0.4235945615431203,0.107407257526836,0.3682187920940064,11.0,7.91,50065209
359,2000 YD2,42.548271302350095,0.0952749533224225,0.3567307130713183,6.153516235419537,-0.7886780335193035,42.55805796565605,0.102672191551886,0.3502547280571246,42.55805796565605,0.102504765975236,0.3431877683599963,-0.0644252533406313,-0.7824512783937575,9.59141782575893e-06,2.0221341037361405e-05,7.626378615194112e-05,0.230115545379331,-0.3381297972514013,1.0423871285138388e-06,7.464853010484935e-07,1.0,7.9,50063159
362,2000 YG2,42.454969189593065,0.077457212187453,0.4501278646131876,3.1191424005663766,2.2833262559074536,42.47270905701798,0.0886680886472987,0.4519197949356223,42.47270905701799,0.0884952587413521,0.4372137891702022,-3.115543485644499,2.2812643472525265,3.185260882969891e-06,4.590021819756224e-05,0.0005910053257501,0.1502779715901471,-0.2814328229518745,2.157253902400772e-06,0.0003285858570214,1.0,7.66,50063162
363,2000 YQ142,39.15893075823028,0.2797409606966543,0.4088688948134605,1.6708584364642949,-1.3528143106640385,-31.48873581710689,0.7674900774865873,0.3255719239328475,-31.488735817106885,0.6681083845809037,0.1751274320032039,3.316626493925502,-1.4855626640469957,75.54659285829655,0.1586616998840392,0.0301479342503814,-0.0028322715047214,-0.3828503350218235,0.0021430851365079,0.0275877322356162,2.0,7.6,50074802
365,2000 YW1,42.55909384181872,0.0083280164480831,0.0111667351051836,4.735150552914945,-2.4612299476826736,42.55825536074288,0.0132513677129744,0.0228277470131366,42.55825536074287,0.2162540040543303,0.016965465433055,0.6597279938539768,1.3163579989047651,2.522689888517372e-07,0.0166486363463548,6.183146660719114e-05,0.6697851827298368,-0.4884002460246407,0.0022037744114539,1.1226805888039163e-05,2.0,7.0,50063152
367,2000 YY1,63.2709013871208,0.5284139290058159,0.1455695780887467,4.922209838871966,1.9662938872115567,-5483.586209062257,0.7834585550052676,0.3639910784757719,-5483.586209062256,0.7376247754525096,0.1692311010229566,-0.7723524733051017,1.5215224548794712,3057.516105675436,0.3634580058215764,0.1063209721899896,-0.0023600087118765,-0.2609665573051609,0.0126429764385787,0.1087328560734171,361.0,7.1,50063154
368,2000 YY142,44.72508963841697,0.0956136866126875,0.0165250656196264,6.1308546954716805,0.6774035982672424,44.7241963106058,0.0987100305910711,0.0229900729353968,44.72419631060582,0.0985805840184443,0.021663751052348,-0.2366548750103798,0.7128358846729012,0.0002960192803493,0.0004087251942361,0.0013244153201759,0.3921466891226505,-0.3968463358011362,0.0012804391642563,0.0011791722119128,1.0,7.32,50080662
369,2000 YZ1,44.43546727594984,0.1260236267230522,0.0698518755753966,0.6514197645815409,-0.2885704335070704,196.6721127888457,0.4614796912815414,0.0843957501294504,196.6721127888458,0.3980149034139354,0.0592399187224725,-0.2511323879964419,-0.258103189769777,127.30672007742751,0.2125961862641557,0.010502216841655,0.0067108415859301,-0.4644886617804662,0.3462835155029987,0.0668802848542628,327.0,7.9,50063155
374,2001 DM108,45.35401989902056,0.003826815709521,0.0362540267727668,1.5628354207298152,1.311824510557067,45.35478707743372,0.0048164498779493,0.0430380835025669,45.35478707743372,0.0887400764263014,0.0428146061233487,-2.838855141711941,1.250045239908286,1.616405652819391e-07,0.0139824406729875,0.0002163268803051,0.6697470929335466,-0.3357163892809447,0.0022366345176897,0.0018989611123345,3.0,7.34,50092494
375,2001 DN108,45.3818316022687,0.0038250091943035,0.1640672154600226,5.278336035356751,-2.405001605173881,45.38210056914853,0.0084036217779951,0.1610134615115209,45.38210056914854,0.0079382936365129,0.1603152920687108,4.806510769590859,-2.407873958799845,1.1924737484973693e-07,9.613896215227472e-05,1.4247375634347652e-05,0.2825217500293264,-0.3099512183618065,0.0022019825181459,1.7162652040996627e-06,3.0,7.84,50092495
376,2001 DO108,42.87447736322808,0.0037113149566291,0.0300926090376143,1.5171369204657568,1.360610316535844,42.875565953072936,0.012073024443509,0.046941876867311,42.87556595307293,0.0078925281435297,0.0457065531011067,-0.4348022424355674,1.2276318174119838,1.0197941167210145e-07,0.0001820786502251,3.803066402593411e-05,0.443800487712234,-0.4625792086279112,0.0007844555727008,5.395357442034699e-05,3.0,8.39,50092532
377,2001 DP108,39.45365403823028,0.3089070946281014,0.0051783120875114,5.835891451394836,2.672689015116249,39.402924075405615,0.3111017529752874,0.0072158162051055,39.40292407540561,0.2919560866864255,0.0066142747807816,0.5285071118861162,2.0036320445104283,5.4357919933280846e-05,0.0239528251545615,8.497005023520178e-05,0.0210593583720117,-0.3968895371793766,0.0023127070568254,0.0021308124959524,3.0,9.99,50092533
378,2001 DQ108,45.3440778901436,0.0038258961405461,0.0676212490488584,5.538217868287023,-2.6608764331360413,45.34485347424587,0.0048092114213429,0.0656264984935062,45.344853474245866,0.0866263603415143,0.0654770289264833,4.778077761528758,-2.7059789389075526,4.4713432701108126e-06,0.0187245117298757,0.0001044010982866,0.6698292560451671,-0.3333712164917405,0.0021564571776288,6.009291127502837e-05,3.0,8.64,50102698
379,2001 DR106,44.38103722797051,0.0038244119579937,0.0202489437483713,0.8894809180397605,2.002179528224445,44.382290370778335,0.0064714972281729,0.0297097682126101,44.38229037077833,0.1185775136828519,0.0290731980167571,0.2089524311719413,1.7465950791468452,4.0982597298114426e-05,0.0160198134313079,0.0006422432686349,0.6698458687068753,-0.3802475896048495,0.0021394078942788,0.0001426831392611,3.0,8.35,50078259
381,2001 DS108,45.7857701501666,0.0038422840409025,0.0450546557737407,1.3008502150472214,1.5753146702439478,45.78709184330279,0.0042976783044832,0.0513724322752072,45.7870918433028,0.0853478844114006,0.0512031719750885,0.3565063780511033,1.501158190069893,4.433203321366168e-08,0.0190372443481655,0.0001489635054407,0.6697977787470908,-0.3170004635098646,0.002185066562321,0.0014577396713986,3.0,8.0,50114124
382,2001 DT108,39.40637927742707,0.1863271565482749,0.0338570962683983,5.0500145512103325,2.0535144409017057,39.40615001254292,0.185057014283398,0.0554457090394691,39.40615001254292,0.183638800648416,0.0526864220520797,-0.9882652004832652,1.725512493675618,1.1085742062273816e-05,0.000207602943478,0.0007046960911276,-0.7627307374548995,-0.5515640626046876,0.0021686848369524,0.0016825542524071,3.0,9.53,50114125
383,2001 DU108,45.310175537881584,0.0544802996244302,0.0378656155855057,3.3739287436585017,-0.9513937047243726,45.30460463120257,0.0486345279125844,0.0306864551222544,45.304604631202565,0.0485335996038071,0.0302657185854668,3.1682473095015387,-0.8021567788579502,3.6393277661436087e-06,9.3609892864206e-05,0.0004154493906004,0.3461192712093948,-0.3451451828317126,0.0013335026786005,0.0017899499828343,3.0,8.55,50117479
386,2001 FB185,43.075881025989,0.0849518352890531,0.0508009616130781,0.3062023070219108,0.5422956747746569,-4.3726750756059545,0.5317561039023623,0.2461690731688395,-4.372675075605953,0.5149218845252518,0.0770812404043252,-1.9113052601852616,1.32450583555544,35.905272533234566,0.292608232101773,0.1598854353650129,-0.0023484750953197,-0.5103553679614209,0.3315451486314275,0.3966022793428667,1.0,10.36,50078272
387,2001 FC185,42.84872527814365,0.1000445619074849,0.3294663697924211,0.0562225159101741,0.7950735313455347,42.8310524369214,0.1068195334653467,0.3315123130179347,42.83105243692139,0.1015721934604075,0.3258173054641383,-0.209607544470709,0.7839753294886864,0.0005287212632718,0.0029896487577401,0.0005877638499287,0.2133640763101929,-0.3416572906677849,0.0063560199839005,0.0009686194431641,1.0,8.05,50078254
388,2001 FC193,46.57491686791157,0.0034780995293796,0.0359170052753267,1.0677414424330962,1.3699297970843798,46.57771130189955,0.003669603447528,0.041041663477468,46.57771130189954,0.071769372745786,0.0409078166370721,0.5109193480452185,1.3249322465449906,3.754204990565287e-06,0.008688661287191,3.271935204536366e-05,0.6697600729839728,-0.2911552433889054,0.0022261536755799,1.2080477705342912e-05,1.0,8.57,50092443
389,2001 FD193,44.85851508995,0.0033831062857069,0.2099757464688815,1.139618680169253,1.3143280467012604,44.85905543316641,0.0028931404218207,0.2152705726551844,44.85905543316642,0.0018964634674527,0.2137149951262484,0.6234226759539474,1.302831929732393,1.55079807806622e-07,1.4727531254804826e-05,9.645586089805134e-05,0.2911360795924775,-0.3099389202262269,0.0071066738242015,1.3368639155368183e-05,1.0,8.13,50092444
390,2001 FF193,44.80253262588936,0.0033911975343675,0.0322507956362764,0.4976399269536866,1.9467644017952377,44.80269000960292,0.0055578645625035,0.0404174767357057,44.80269000960293,0.1066462364582746,0.0400459601658745,-0.1576062045056709,1.8082050894397432,2.1401001638765384e-08,0.0209079640667641,0.0003600434317694,0.6697527100867096,-0.359260122053902,0.0022316047302513,0.0012892513398176,1.0,7.73,50092446
391,2001 FJ193,39.4042679874266,0.0817983868667278,0.0116275861590304,5.11567107299828,2.525669985971833,39.4100839281512,0.0861135889491687,0.0347664910177145,39.41008392815119,0.0860224758500532,0.0299713499860835,-0.2590064049121132,1.6517928818102638,5.664423452643168e-06,2.3213700214106173e-05,0.0015331064217007,-3.7424232803030586,-0.5370306425129653,0.0176851576500333,0.0019187866629699,1.0,9.29,50092449
393,2001 FK194,76.42961355170878,0.6334685872396573,0.1487809943597358,6.080891336165816,1.4863764398372148,-95.5803377804962,0.9364875238528132,0.1161518929619461,-95.5803377804944,0.9120208806922931,0.0467300207169719,-0.8614974932869239,2.1225401406867963,11926.401370060825,0.7078199701812781,0.0453880351638847,2.123712441443434e-06,-0.0027151177141705,0.0475384678047233,1.0272001339590358,8.0,8.94,50120902
396,2001 FN194,67.0753269912027,0.4783075645827079,0.1402039698334056,3.3698482132658194,-2.064417035338028,74.78102419202129,0.5263118110855161,0.1266335840067502,74.7810241920213,0.4211409226840517,0.1014763234165988,-1.32991098318525,2.21114388098203,5.961732995540358,0.0223451861484108,0.014729532452179,0.1578342106455442,-0.1924096073244179,0.0353225048830307,0.0263068918867451,9.0,8.04,50120905
397,2001 FS185,43.41284135978722,0.0456633821096281,0.0533330177143009,2.0533091734709785,-0.2680724639266598,43.41033154071331,0.0365941510413146,0.0484123590773641,43.41033154071332,0.0359521529169058,0.0475821580894653,1.765368835102772,-0.1190930739612273,1.939087774267024e-05,4.509945271666128e-05,6.466174270824211e-06,0.4343592791631276,-0.43440184972628,0.0018579052387004,6.342114536489811e-05,57.0,7.66,50078914
408,2001 KM76,45.14283118046597,0.0804450956951427,0.0093220498646108,0.4320968631290292,2.031495225412747,45.13640081888711,0.0754966999154966,0.0213128253395651,45.13640081888711,0.0754274927811212,0.0205350390903843,0.8512574908541646,1.5607459581107748,2.163530827728089e-06,6.766876410433844e-05,0.0008242788699907,0.3627145751278852,-0.3618875063052836,0.0010552507313292,0.0002364796503025,19.0,7.06,50078925
411,2001 KS76,43.827601352526834,0.0961732082470929,0.0379619347724179,0.4463748942121945,1.4874363753987958,43.83605522332242,0.0920059469905305,0.0566361312135377,43.83605522332244,0.090958649652138,0.0559192162047676,0.4915976585214712,1.3193599811215773,1.9251491919652747e-05,8.542787879403412e-05,7.053189863096502e-05,0.4484854897657001,-0.4375733029352218,0.0014894663818459,0.0007823794721337,17.0,7.53,50078931
414,2001 KZ76,79.4054760480819,0.5179159875745036,0.4372108289474349,2.459886174792864,-1.1998005950109052,79.28251767217985,0.5273537933564342,0.4218920884209817,79.28251767217986,0.5021977420934257,0.407953039206697,2.677040863102812,-1.2884204326657698,0.0656544584864382,0.0175830944098563,0.0021803251728007,0.0369065349671556,-0.0612214798765841,0.0005952867962972,0.0009499584074672,17.0,7.84,50078938
416,2001 OJ108,45.0767613544318,0.0945914331039515,0.1314700620317496,3.176795748340939,0.2285891825912402,45.09337145466285,0.0758653462863189,0.1204554857959808,45.09337145466285,0.0756625398397824,0.1202331740013366,-3.0918423324976354,0.2307448591155439,8.064945275639659e-06,0.0055700051921412,0.0036304650245359,0.3263845193586234,-0.3455241086904823,0.0015416388403481,0.0019641972043775,1.0,7.82,50080663
418,2001 OL108,45.74683839000718,0.1111089689694997,0.0199016478673253,3.1143822350084847,0.3175652255289361,45.757643403293805,0.1090765776101423,0.0279133208481326,45.757643403293805,0.109080254194275,0.0273947264725033,-3.2566312123597405,0.4233358073796224,2.422871881491668e-06,9.438923465503565e-06,0.0004706844789531,0.3504659315146657,-0.3522596308244872,0.0016464455566744,2.8182164178910544e-05,114.0,8.4,50080665
419,2001 OM108,46.21850001445769,0.0334894990572752,0.1870258715443852,6.251423317660741,0.3805724592374651,46.22300546880352,0.0381714266732498,0.18877432688316,46.22300546880352,0.0382321095301974,0.1876609113331118,-0.0108182650283983,0.3833201774226931,5.797044440482453e-07,0.000196116880392,2.8802274178647068e-05,0.2456308764032815,-0.2770779009456628,0.0013509660792448,1.2556530715552087e-06,112.0,8.0,50080666
424,2001 OR108,45.7658864010157,0.0998070833775979,0.0203332283059242,4.322414207588585,-0.6773592293138155,45.769505950371546,0.0979403239657825,0.0192328148648808,45.76950595037156,0.0979020318896093,0.0184752412828512,-2.177904025828128,-0.4247508930942621,0.0005911930928246,4.782056365647124e-05,0.0007295324940684,0.3452206530926155,-0.3453855208423312,0.0018605821080611,0.0019712800430211,1.0,7.92,50080670
425,2001 OS108,46.6134768176803,0.0041633666382582,0.053109535520986,6.105894513336243,3.02972752252401,46.617485193437744,0.0035814677464602,0.054535978135687,46.61748519343775,0.0707980964855057,0.0544417172255036,-0.9126469213226532,2.968808396944276,1.663266603662989e-07,0.0133607870115908,6.222206841834802e-05,0.6697793006753202,-0.2887950943857637,0.0022023483046937,0.0017662221926463,17.0,6.81,50080671
426,2001 OT108,67.34613281657913,0.5184359614833571,0.0102642262589694,1.3960111028220918,2.0721160870276885,155.07921463503456,0.7595255321034418,0.1481748439837698,155.07921463503465,0.6151201182191688,0.120907230455055,5.628958918578955,-2.8217722017683857,26.16678421841353,0.1238581252139408,0.0207871670144409,0.0247543331027565,-0.0266383886107488,0.0215599227442843,0.0360920117962642,1.0,9.17,50080672
427,2001 OU108,46.83250526725564,0.0033403412375898,0.5024483703575727,5.246414798317458,-2.602573773426311,46.82967908892781,0.0029488678797318,0.5016699588501635,46.82967908892781,0.0029321647155957,0.4817126688861929,5.334041361375624,-2.603374644582481,4.230002638956576e-05,4.959068866142445e-06,0.0008644734249659,0.0727914493482574,-0.1736496359599357,0.0008425960044625,0.0001069513994436,16.0,6.53,50080673
428,2001 OY108,46.28743652852765,0.0932198232139293,0.1024621140407413,0.2861512730625373,-1.0675942360441455,46.28971568196059,0.102898227810334,0.1022491015758306,46.2897156819606,0.1030380407639684,0.1021809371740071,0.2927288319984372,-1.044749029769647,2.554673470706239e-06,0.0005282799438587,0.0005690000374987,0.3050876086968665,-0.3147949948384707,0.0001583994812974,0.0001342253570366,1.0,7.43,50082942
433,2001 QS297,43.87782796987328,0.0033582762406312,0.1169837349447367,5.616360131743637,-2.8439649206893645,43.882199654330016,0.0259291556103087,0.1189992170483393,43.88219965433003,0.0252736633567139,0.118658641698012,3.874111934461422,-2.870472596520869,1.7103889702265228e-06,0.0015175335720629,0.0001360564219314,0.365416642464189,-0.3874389797982536,0.0005610079054314,0.0010589976613147,23.0,6.29,50092458
434,2001 QU297,43.776719327806944,0.0032922908119883,0.0319090764146148,2.484907913831954,0.2476398068520617,43.78097572275379,0.0085616491559005,0.0360888398289146,43.78097572275381,0.1376996494229672,0.0353091969547274,-1.9898977473959871,0.3284538585047719,1.6481812949978032e-06,0.0215995616567126,1.7504714423742286e-05,0.6697664418200352,-0.4107143703939758,0.002194580170482,0.001921415779868,23.0,6.0,50092460
435,2001 QV297,44.04472973564285,0.0032925668562612,0.0172854570000285,3.4621215889291235,-0.7396464608811979,44.04884568663537,0.0079018578847326,0.0141689940258977,44.04884568663537,0.1305312176065757,0.0118847018320333,2.253238055048317,-0.351593121045886,8.030884366467703e-08,0.0214101662715474,4.861103723290824e-05,0.6697182652296821,-0.3969053753971967,0.0022625615500332,0.0019222384095108,1.0,6.29,50092461
439,2001 RL155,44.01812400904076,0.1200772666751499,0.0439916834162104,1.473757458041263,3.0886967010257105,43.99745180197056,0.1224458092365521,0.0379630304238781,43.99745180197056,0.121406078725504,0.0357217425257668,-4.331120764493592,2.734751087686667,0.0048993242762365,0.0003368353843734,0.000674889033748,0.4670225447281798,-0.4626218793075294,0.00192136377355,0.0019245379493044,37.0,7.78,50147585
442,2001 SD291,45.90067230824462,0.0940851406996629,0.0453566582004749,3.0385895720241027,1.467069376492659,45.8963615797965,0.0956883916332329,0.0518342007766607,45.896361579796505,0.0956182315548884,0.0516455694139958,-3.120840141459346,1.3873694270177237,9.392089743390232e-07,0.0001422582899193,0.0002716892084148,0.3334327358615197,-0.3358010109133115,1.4962314419600549e-06,0.0017573206952966,85.0,8.2,50092485
444,2001 UA17,43.03647369674067,0.099013447813993,0.0841772659086779,5.719150719108688,-1.5762689049681744,544.5971885420429,0.6256222906899651,0.1046468731094317,544.5971885420431,0.5778330810214242,0.0572888277495855,2.59260291106564,-1.3761164110032411,347.3005649786621,0.2378596497809664,0.4101162210765236,0.0042267928357132,-0.5251294016124862,0.0057879042929837,0.3263197996948739,4.0,7.07,50092487
445,2001 UB17,39.4391358404039,0.0630490091502916,0.0804193688785943,0.0064584852944866,-1.501212485138539,39.417073363348855,0.0547463774243816,0.0517543092784865,39.417073363348855,0.0545310659700298,0.0468445328645514,-0.4145502960457008,-1.1320327913666668,0.0001424422605206,0.0004138808611737,0.0001777989725432,-7.9590095816138335,-0.5636568636693027,0.1074077088382776,0.001032483293246,1.0,7.96,50092488
446,2001 UC17,39.38275658795774,0.1408267002705481,0.0336389435500949,3.666010870756513,1.135532011990751,39.40586859968936,0.1372069690454884,0.0390605689362826,39.40586859968936,0.1371711034375991,0.038739316643749,-2.639762378585267,1.1191772710558283,3.569050894644097e-05,0.0007859394116198,0.0019758865529289,-1.8102614324106592,-0.4132610338705256,0.0213127436413092,1.4871637666727197e-05,1.0,7.6,50092489
450,2001 XB255,73.39380486157168,0.4360343996870666,0.0246823147382938,1.8673063429436585,-1.7288090822984217,73.41880003670377,0.4365171414033216,0.0253520217372759,73.41880003670376,0.4383250783239713,0.0253722539035584,1.832155440075915,-1.6869918349553468,0.0016330586634046,0.0026357059398237,5.5374918189254326e-05,0.0796587212889336,-0.0845234052444067,0.0001697787952748,9.768534527940604e-06,36.0,6.7,50102826
451,2001 XC255,43.525425000398485,0.0429928568309575,0.0132385585025332,6.000365839997039,0.2622138706888686,43.52694848106133,0.0515699039916899,0.0200582762318584,43.52694848106134,0.0507476868777608,0.0173709265834025,-0.3817723232801836,0.4516948032584792,0.0006861828498461,3.191076199804409e-05,5.4654749780165616e-05,0.4484907602894479,-0.4367517460060773,0.0009523176839641,1.2663554001188785e-05,56.0,7.41,50102827
452,2001 XE255,43.158672761600926,0.007764526499727,0.1518837476190625,3.020348287111883,-0.0161756120969553,43.15788019271478,0.0072672016873672,0.1507811961898272,43.1578801927148,0.0055902051326409,0.1501685857199526,2.6899117873417984,0.029413437492744,2.7542807948613207e-06,1.9666751172965428e-05,2.349956102249594e-05,0.3897372713663098,-0.4085734109709068,0.0005200393369192,9.86211005969078e-07,36.0,7.86,50102829
453,2001 XF255,43.63923579404841,0.0078728460349125,0.0032726708412574,0.1979058419092298,2.8076154547369425,43.63903332259539,0.0089345984534736,0.0162021424993631,43.63903332259539,0.1580600873520115,0.0135769811374958,0.8612313717461471,1.2166987363520387,1.5046533485884984e-05,0.036950422792338,1.8898489962590063e-05,0.6698747066580253,-0.4202580459435978,0.0021083164615593,0.0018818921145303,36.0,7.71,50102830
454,2001 XG255,43.54062732333553,0.0592242926796878,0.0680669354277101,3.3004437013730583,2.956688772108525,43.54396126922248,0.069252883234968,0.0731189390640099,43.543961269222486,0.0681664503313366,0.0726479012782825,-2.849489821210474,2.8651978016107207,4.459184376148683e-06,7.626421864374422e-05,8.037009572335628e-05,0.4508694341188159,-0.4355161762693735,2.7183380131811666e-05,0.0011782187753341,36.0,8.27,50102831
455,2001 XJ255,37.51722527151132,0.1167972482158657,0.2190547828492245,6.237029089395176,3.031317423813122,31287.2936678756,0.9114692650009883,0.155127833504372,31287.293667875605,0.8954584240952139,0.0310186511006473,5.760614753720967,-2.913099844134643,27161.67238240699,0.1002538699468161,0.1159960407322392,2.7038524601461776e-07,-0.8602863545353167,0.0051164040628781,0.857224080137938,35.0,7.54,50102833
457,2001 XV254,45.291428263985054,0.0080059697201951,0.0754034717763585,2.8578396820841547,0.1500449513149292,45.29104742066564,0.0078869786767991,0.0763013029994694,45.29104742066566,0.0071862341573522,0.0761012999725348,2.634167286980748,0.1837402018491649,7.039824692539563e-08,0.0007523735826569,0.0001334716562659,0.3287181614803132,-0.3334327277313777,0.0002927992229178,1.5114255118732752e-06,59.0,7.0,50102822
458,2001 XW254,41.99818258210482,0.0078264498671561,0.0773770144666777,3.324006145447295,-0.360942152536609,42.00042507773221,0.1127999323077872,0.1025308043268825,42.000425077732224,0.0881988218293578,0.0855393445202075,-0.9729194692312384,-0.1527908225421531,0.0022901562523116,0.0048899982555997,0.0067690832381288,0.7533167910888884,-0.5903428111853033,0.0429032753249423,0.0041825508043528,29.0,7.73,50102823
460,2002 CA225,41.53911487050145,0.1283259074097438,0.1095206034988453,1.6427001948294233,-2.491390918117536,-1761.7618629311412,0.6682252879618594,0.1633508940079292,-1761.761862931141,0.6528998361346426,0.1289927588899059,-0.2969672767838007,-2.6524724993286743,1387.7864788718814,0.357092410042573,0.0887251796867894,0.0007066840825959,-0.4742829390675129,0.0457666828134412,0.2139165562599642,34.0,7.18,50114118
462,2002 CC251,39.306306439867626,0.1455446226469378,0.1090473249391049,2.990927611247015,-2.1457037527989424,60.30041225324891,0.3995277492635417,0.1739888999049896,60.30041225324892,0.3562433760831725,0.1361008700296412,2.6328424789952365,-2.321883137199871,12.732323879091162,0.8154180160267933,0.0180949146161414,0.1005497641339927,-0.2048213118937275,0.4542518851093118,0.2466441786587022,42.0,7.98,50120894
465,2002 CO154,42.45250131864766,0.0066277632813145,0.0326960576919114,2.565933067986416,0.7594203768426211,42.4538655957481,0.0192344843584887,0.0510306418119414,42.453865595748105,0.0156273151413969,0.0493327888573054,-0.5882750299088961,0.7432936106353957,0.0005434509871756,0.0005229808289048,0.0001195443250129,0.4691657216402366,-0.4907569997715864,0.014463965846775,0.0009805259923627,37.0,6.54,50114102
467,2002 CR154,42.44706971916786,0.0050319351813257,0.0528901783060424,3.4275174359992184,-0.0173116256225092,42.45208215642322,0.0207403702168982,0.0576329178926529,42.4520821564232,0.01724748127999,0.0563196630410793,0.6249480371946587,0.0886475096140854,0.0003538701514548,0.0001254370132459,0.000112048305619,0.4841907805768329,-0.4897313885949433,0.0010213840603051,0.0012425822494894,31.0,7.02,50114105
471,2002 CV154,45.49422496497384,0.0763079763472561,0.247582464560311,3.2177445444195567,0.7978880735460209,45.49414899130198,0.0769343940919291,0.2497970596490505,45.49414899130199,0.077029597622495,0.2475282042411043,-3.0493395604177747,0.798022008563619,4.890962866008307e-06,0.0001114081864894,0.0003874018629725,0.2233813461079194,-0.2855673210477851,0.0018677154626096,0.0008661588757055,31.0,6.12,50114109
472,2002 CW154,46.0857389761019,0.0752056912405381,0.4850900188174057,6.219347300878267,-2.1602187511990216,46.08601397963725,0.0772731873530614,0.4832827148291861,46.08601397963725,0.0776012176284063,0.4649019083690932,-0.0621902692091844,-2.158284710199412,9.111284884482836e-07,0.0009473113517362,0.0002091285516235,0.0823977947626528,-0.1925443636061555,0.0019061840312483,2.0963215611442445e-06,1.0,6.39,50114110
477,2002 FP7,39.37002675237868,0.1907653769296823,0.1606602251986565,3.379315903165648,-2.0206002667468765,39.40407705082496,0.1868394488403725,0.1643204105231388,39.40407705082496,0.1865939047534029,0.1636269523697432,3.409617923176594,-2.046628484172224,2.7261954573040898e-05,0.0001226583778856,0.0002135837610954,-0.8643851291411285,-0.365989303679475,0.002190764057357,0.0015877663388243,15.0,8.54,50120922
481,2002 FX6,45.05136851724673,0.0697222929911596,0.4293019425217709,0.0136664745725756,-1.8709861841182407,45.0425192078596,0.0965530684956084,0.4231966100706866,45.0425192078596,0.0745858199213978,0.4108917237602503,0.3280391687884614,-1.864225788197976,6.98160540312782e-05,0.0195833388667809,0.001235922818151,0.0558654836827649,-0.2354742981263523,0.0159710300779884,0.0016627579179005,19.0,6.9,50120900
484,2002 GA33,42.8063722891354,0.0055640421859469,0.0405781106078399,6.241048233758336,-2.757158607109354,42.80744701032068,0.0136515571049173,0.0411302111595535,42.807447010320665,0.0093831074350774,0.0396203128230004,3.132378176404804,-2.9470828905487663,1.5315758619963476e-06,0.000309778593378,9.597317026761984e-05,0.4604901510609428,-0.4679093888680077,0.0052593942102392,0.0016116945889801,1.0,8.55,50126243
486,2002 GB33,45.3152585067048,0.0056969706950908,0.0473924304592385,2.395212166411248,1.0834222655757388,45.316074571737786,0.0064331229503859,0.0535433970095418,45.31607457173779,0.0053149982413008,0.0533155332464078,-3.8820152624162674,1.0603308918077436,2.523762654412687e-07,0.0011263557441152,0.0002058513469878,0.3357689206970087,-0.3357807619361711,0.0008287427050175,0.0007545592531595,1.0,7.81,50126244
487,2002 GC32,43.41465380647421,0.0497930293432631,0.0180818261441871,2.92102057819093,-1.167130822102158,43.411375610477805,0.0436025761300175,0.0139761243889524,43.4113756104778,0.0428735176097304,0.004221379559301,2.150818962765813,-0.5968602555937084,0.0001814555434898,7.02497713703131e-05,8.602447262049802e-05,0.4461429061205088,-0.4574583092993609,1.5181161411081012e-06,0.0025227413722271,4.0,7.29,50126220
490,2002 GJ166,39.172084864653456,0.2047895643320624,0.0677927376257414,0.4327300542805652,1.0305999339483034,39.40517358528923,0.2065806504733961,0.0838563306945065,39.40517358528923,0.2053620558068958,0.0834801501911861,0.3123399348076352,1.0298176224691609,1.3304632060142352e-05,0.0013670320687926,0.0006181727025175,-0.5868137024354464,-0.481418784242512,0.0006113093608132,0.0021473996189028,29.0,7.91,50127421
491,2002 GK32,43.905664143793445,0.0189518050345299,0.0178995340488178,1.9576372667063104,0.1681588118429491,43.90269118646464,0.0133929926745456,0.0228564170085846,43.902691186464665,0.0121959983913231,0.0215749120154498,1.460166118430788,0.336387852921146,2.722899511049732e-07,4.000675569809519e-05,3.772362907360625e-05,0.4075435624423023,-0.4056897804429896,0.0009803430509196,0.0016955169120049,1.0,6.4,50126227
493,2002 GM32,39.37907190562934,0.3426401496335073,0.5072035985420308,6.030877360449194,1.912354879204256,61.15265335744849,0.4643984114504075,0.498306603290074,61.15265335744849,0.4038938381034312,0.3939517092319308,0.3896961741283691,1.633488839648222,18.03286705084714,0.3442965314713707,0.0459000114903412,-0.0118338174456782,-0.2749364388800719,0.0160635693950118,0.0365541576348475,4.0,9.03,50126229
494,2002 GN32,39.00792061906139,0.1775139159635148,0.1734688765991402,3.3695648547993167,-1.4940849102993023,-6891.982207830612,0.9415979841100692,0.2883255294388198,-6891.982207830612,0.936350385828112,0.0248832712381151,-3.499295749088178,0.436191296178874,616.293821109327,0.7265495644007786,0.1193893784188046,0.5830949981308486,-0.8389081384876148,0.5739607910324949,0.7586947091681966,66.0,6.3,50126230
495,2002 GO32,39.37696305083459,0.0871368670361086,0.2307953673628522,0.0063166984302878,2.0191110308400093,39.40852059166104,0.0869078457430204,0.241620277176138,39.408520591661045,0.0866959373061672,0.2394210077212579,0.1167973733619418,2.0085986439364567,2.3326551879128583e-06,1.7865873920996786e-05,0.0002125153957356,-3.508317911419706,-0.4107245012285289,0.0008287705350195,0.0019285055179838,1.0,7.57,50126231
496,2002 GQ32,39.4505826979884,0.1789674080508923,0.1007824288420723,3.3791025284100966,-1.683220408774007,39.40427227165104,0.178198343527577,0.1020707226412607,39.40427227165103,0.1781761174577781,0.1017954592932879,3.332287773518708,-1.620107733670909,2.6789474061903835e-05,8.724239369996464e-05,2.8579359786382e-05,-1.0047905166241125,-0.3733497322587808,0.000268078771704,0.0012052397327779,4.0,7.72,50126233
499,2002 GT32,39.46734588232566,0.1856752732838006,0.011796341954656,1.940170851426116,0.0277429911779589,39.4040453273218,0.1891510010926904,0.0123849149137426,39.4040453273218,0.1891307543853329,0.0117890652202675,1.852537756116262,0.1359978907235845,1.2704893739067126e-06,3.1939605900545724e-06,0.0005789768333582,-0.8781959783012231,-0.3756990844457745,4.054248396487908e-06,1.4839921820581318e-06,1.0,8.07,50126236
500,2002 GU32,39.61641981835877,0.0844720913193295,0.364041783086044,2.9923321815919373,-0.941635821472355,-539.4613579352222,0.701557791147732,0.4445427667606955,-539.4613579352223,0.6829508843423404,0.1203400189270704,3.2392587719084034,-0.5570744941155483,283.01738394431817,0.3694689580645625,0.2419659018874471,1.9251050640958013e-05,-0.4980419563494394,0.348811594086177,2.4926151222968613,70.0,6.91,50126237
503,2002 GX31,43.389451547307765,0.0727892381002337,0.0250379040862514,3.4448144234255778,-1.5118435509139894,43.39007701737717,0.0626751671120792,0.0157357135222987,43.39007701737717,0.0619639420605206,0.0071849181689519,2.86054449336351,-1.0219364759756389,0.00074731941444,0.0021138067954312,0.0003411132015469,0.4567067383732676,-0.4605526075538897,0.0024692584419728,0.0021434371751627,4.0,7.01,50126215
504,2002 GY31,43.58689331087155,0.0220253621817586,0.0281452491475768,4.871719928371771,-2.8146491983991333,43.583378613279024,0.0175038324930113,0.0301409165138905,43.583378613279024,0.0163062889444858,0.0289427463320856,4.756925946599156,-3.0170619661906684,1.8875331130425973e-07,3.009924633784358e-05,4.516229923180393e-06,0.4273482847569759,-0.4226612097227238,6.858597960179346e-06,1.9508163936777e-06,4.0,6.51,50126216
505,2002 PA153,45.77743440336367,0.0695175648763187,0.022546937871756,2.2622705005103736,1.2516233198425228,45.785414071130944,0.0676532622621005,0.0306828711229153,45.78541407113096,0.0676316887457752,0.0303227335076206,-3.92704208083424,1.183449021219388,6.979726434539974e-07,3.240336715110159e-05,0.0003522808501331,0.3325406681181854,-0.3310824291360814,0.0008558779080782,0.0013151990181761,2.0,8.8,50137779
507,2002 PB153,44.09252508383054,0.004788513006937,0.0408649023894655,2.4474561807637425,0.8590506476022133,44.10081910504103,0.0080612625164724,0.0487288891587732,44.100819105041055,0.0056252706619303,0.0483033998224119,0.72213973511059,0.8315616493872773,8.358663783454425e-08,2.0452869834847352e-05,2.838846849090908e-05,0.3898622806358988,-0.3921029497159993,0.0008889719844483,0.0018158396637642,2.0,9.1,50137780
508,2002 PC153,45.30965135860987,0.0593874060717182,0.0659212037048957,0.2629633608479986,-3.031737030442757,45.31900760289083,0.0551639092764421,0.0647213769342328,45.319007602890814,0.0550821514007602,0.0645749816768294,0.3215177599751126,-3.095470256165459,2.134927375656151e-07,0.0001941748824348,0.0001754741281884,0.338129011827378,-0.3424117910973115,1.3807120394034887e-06,0.0003986350081725,2.0,7.28,50137781
510,2002 PD153,46.81109851832941,0.004937360729575,0.0224909182416809,0.3141350778880154,2.991233622825236,46.81588070781146,0.0042058241443835,0.0244434652277113,46.81588070781145,0.0028717925931867,0.0242007147234164,-5.9613369366847575,2.8486914839327366,1.100204800845047e-07,1.9905869210991693e-05,1.4708360246958783e-05,0.2935120741232878,-0.2841222066929526,0.0013253376770139,0.0006839578242306,2.0,8.66,50137782
512,2002 PE149,43.24777534078296,0.0046920854243188,0.1050514882168433,4.957489092775632,-1.665954763317334,43.25657093444078,0.0508677420456126,0.1085105129062226,43.25657093444079,0.0500056592348782,0.1082194696339386,2.9756834492007607,-1.6254434365991224,1.54721582549524e-06,0.0034212385218921,0.0014409806494901,0.4132480899819157,-0.4335750062142148,0.0003026736208608,0.0013831812547512,1.0,6.65,50137725
513,2002 PE153,44.25750190264163,0.0682142607519998,0.0425387676370187,0.2825539540181099,-3.0500951104901977,44.26696001336581,0.0623968746872589,0.0426643350415614,44.26696001336581,0.0621815443953034,0.0421073636889083,-5.871463362432678,3.107479821305116,0.0004386493519355,6.184764767721352e-05,0.0005370800264544,0.3944854901602383,-0.3968343153220384,2.2434074124030282e-07,0.0013716950572076,2.0,6.5,50137783
514,2002 PE155,43.24512030121938,0.0045799967486023,0.1770162618588429,2.5823086219612765,0.7114095920912545,43.25439876381206,0.0055021024188272,0.182425806974399,43.25439876381208,0.0038905396535103,0.1815679210081112,-3.5324124572565903,0.7108390256219393,1.293449694260127e-07,0.0015894634079968,0.0001581041753335,0.3334022755302235,-0.3889859763932442,0.0140608531463203,0.0007700490302791,3.0,6.11,50147587
515,2002 PF149,43.07156263211712,0.0043522785720381,0.0501213298811451,3.5089419304850016,-0.1784313132762756,43.079184642073024,0.0150262626207537,0.0501747186151301,43.07918464207302,0.012794694252036,0.0492394384486196,0.3368706302241839,-0.0477320488857399,2.0691966215886134e-07,0.0001017380683034,7.80989712436412e-06,0.4451937941647789,-0.4489687750950826,0.0005378848316476,0.0017466042764395,1.0,6.6,50137726
516,2002 PF153,45.928793121268704,0.099273166343214,0.0532584899375125,0.311547317629949,-3.0720346323837027,45.93572363493181,0.0955898433973716,0.0517238244903064,45.93572363493183,0.0956223365438164,0.0515511882475614,-5.880302399297813,3.136041827591106,0.0004091761073577,8.731506013836038e-05,0.0002682159161662,0.3320295521092309,-0.3348873986980773,0.0013342212954371,0.0013753610607621,2.0,9.01,50137784
518,2002 PG153,45.26548084362075,0.0878878465821898,0.045408505882027,0.4216811738429165,3.0938746793932355,45.27749585660489,0.0840727187404158,0.0454249215660314,45.27749585660487,0.0840265350178796,0.0452113753320278,-5.7444754212069125,2.994180256220167,3.1527544624614245e-05,0.0001024759241352,0.0004461364265998,0.3545692412372528,-0.3575682084364951,0.001383245377706,0.0006236464050228,2.0,8.51,50137785
519,2002 PH149,43.08740346309996,0.0604723242184849,0.1271440431534415,3.682041520521645,0.0174824746337983,43.09743871049843,0.0434263939431724,0.1199315671494847,43.097438710498416,0.0430630176961422,0.1196370001914179,-2.5074263074908814,0.0399495845978669,3.876960430598934e-06,0.000492967688,0.0001463968309814,0.4058898330829974,-0.4323567305558586,0.0008631513160437,0.0002718421832262,1.0,6.61,50137728
520,2002 PJ149,45.50914042873345,0.072784695027309,0.1926625978874624,3.474201319655111,-2.708484582948625,45.51197366707369,0.0720652782553014,0.1897333788405951,45.51197366707369,0.0720123781357508,0.1886685497690669,3.4720989139783915,-2.7137962633138386,2.411094887075011e-06,0.0001577279399894,9.25915627307348e-05,0.2653373015594122,-0.305262812506362,0.0005185520335862,5.705386668361898e-06,1.0,5.36,50137729
521,2002 PJ153,46.64631267842592,0.0050179486837546,0.0198581421140104,1.942857216235886,1.360046698811183,46.65078378751909,0.0044562687269448,0.0250506564394617,46.650783787519096,0.0033370932027376,0.0248030732127307,-4.294479894648025,1.2716360385468175,2.5819060087712577e-07,3.336551177619355e-05,1.6997292806745552e-05,0.2960223447518821,-0.2888213209012395,0.0001522794162016,0.0013610425784533,2.0,8.93,50137880
522,2002 PK149,37.22703091535324,0.0035118521710466,0.1097499659389111,6.2224164770206025,-2.889372577137543,37.23395175018727,0.018744409840114,0.1160860606421957,37.233951750187295,0.0158347079712131,0.1138606581198188,-0.1960374904198039,-2.8125554522331613,0.0001414225070892,2.5144115342596536e-05,2.4485081527953168e-05,1.3240842390697831,-1.148229604220478,0.0002217676476529,0.0003790347618162,1.0,7.01,50137730
523,2002 PK153,44.07369651751721,0.0577712752370292,0.0483868684582191,3.031034379010345,0.4709489669556855,44.08796853482052,0.0596654006830823,0.0585237264762433,44.087968534820526,0.0594109379282844,0.0581069066145266,-3.2062068564599806,0.4739935065002503,3.245115957780665e-07,0.0001458681830275,0.0001703345788166,0.3968432477514122,-0.4032681085124633,0.0016146182145419,0.0005899180037094,2.0,7.67,50137881
524,2002 PL153,43.78728768709914,0.0047508199420154,0.0319824253533244,6.2078188958694,-2.905852152195393,43.796021400021,0.0083390492733015,0.0331655842983328,43.79602140002101,0.1370343099919123,0.0323147821637363,2.299960705481497,-3.096161919011519,4.585145534160278e-07,0.025173089145868,3.7390245087011e-05,0.6697593677034959,-0.4091108815496624,0.0022032231441472,0.0005145075672283,2.0,8.06,50137882
525,2002 PM153,44.16231106274829,0.1257991650505164,0.2932898256474056,3.0813839003950854,0.4255135768734425,44.18368364547722,0.1292464595688831,0.2924558397174079,44.1836836454772,0.1291447481984317,0.2883403291891129,-3.190123684079434,0.4326195796188063,2.1350729887286865e-05,0.0002522210023013,5.207255699379579e-05,0.2277674276917407,-0.3240405733337783,0.0002074619917736,1.1700575221354572e-06,2.0,8.92,50137883
526,2002 PN147,44.65772127519256,0.004831233771349,0.0387501185531663,5.668705859329055,-2.383679045436235,44.665244004240726,0.0063275014569896,0.034762855080606,44.66524400424071,0.1056445036643552,0.0342885748597405,1.1245539179340045,-2.434835359091731,4.01521765980175e-07,0.0208294229502922,0.0004716137280512,0.6697527635490004,-0.3662862028267502,0.0022316782624023,2.0792243312468057e-05,1.0,6.32,50137732
527,2002 PN149,42.40182531136733,0.0039134628199879,0.0247921254192625,0.7498816740706049,2.6137522191363045,42.40563054431369,0.0159627878502608,0.0434329301490827,42.4056305443137,0.0126771813489784,0.0411883207354754,-1.7836184626859637,2.028849470434014,1.2180450437335825e-06,0.0001146462090572,6.298549456150562e-05,0.4766868535946473,-0.4954527146057766,0.0012875420412954,0.0008409991596291,29.0,6.38,50137733
528,2002 PN153,45.106640554363175,0.0048541709663602,0.0081592964314608,1.5698780167260082,1.7275500861784694,45.11372854571521,0.0057462397577951,0.0164465001968596,45.113728545715226,0.0968794296020143,0.0155887167244629,-2.983478200231448,1.3815500515707064,8.650202837439732e-08,0.0233612650273764,0.0008593058516424,0.669844182304623,-0.3475092570410582,0.0021394247733968,1.311418633387618e-05,2.0,7.03,50137884
530,2002 PO153,44.30857579421422,0.0047714478484399,0.076274379401125,2.8143003973233327,0.4831555666575244,44.316466197896936,0.0106892211401997,0.0806404487380098,44.31646619789696,0.0095811353994016,0.0804146398585665,2.445801748448954,0.4872170545516712,6.262971181410186e-08,0.0011535348158899,0.0001359103576135,0.3663324416359581,-0.3756829022233559,0.0018304299783686,1.681129863716555e-05,2.0,7.79,50137885
532,2002 PP153,45.38006782735552,0.0048456749499022,0.0403808156197563,6.200423380210944,-2.897951024926481,45.3869244699592,0.005025196199298,0.0402068302875128,45.3869244699592,0.0886566772442614,0.0399552501621136,4.235458251073506,-2.968357480819104,1.5031372875048135e-06,0.0180648031873913,0.000253155098272,0.6697650736207744,-0.3334760130449257,0.0022353093396048,3.9609726103541306e-05,2.0,6.68,50137886
533,2002 PQ149,44.42845800207379,0.1754912253653721,0.4844803876445042,3.0708486421586088,0.9410304501797448,44.49394067336369,0.1455208307695634,0.4941666021760888,44.4939406733637,0.1207072857227519,0.4751784193731034,-3.171846850934598,0.9398331107007704,0.0004022038185499,0.0130095979556064,0.0013817930916602,0.0526995013877053,-0.2246257703520105,0.021592426333196,0.0015940941261594,87.0,7.1,50137737
535,2002 PR152,43.36800359996418,0.0047340353997903,0.069135185151554,0.0442134086657581,-3.0264393361315927,43.37798050744063,0.0123568660996759,0.0710413721353928,43.37798050744063,0.0103001934500862,0.0706247106565756,-3.080048659751045,3.1384881834806144,2.882599710408827e-05,0.000503721271522,8.720513964654379e-05,0.4091893224052353,-0.4271852365967498,0.0016159328972309,0.0001667533896527,3.0,8.7,50137770
537,2002 PS152,43.58979226391854,0.114655304799484,0.0259049580239694,4.12143729070109,2.552985807409084,43.66880221358745,0.1179039203342472,0.0355693363079716,43.66880221358743,0.1067941110598252,0.0342620499622486,-2.0254289336649363,2.071960308250396,1.5762056859178636e-05,0.0075512102792678,0.0014368512479599,-0.0446400220210781,-0.4414577950286726,0.005732384358196,8.01761830130556e-06,3.0,8.9,50137771
539,2002 PT152,45.88256617770725,0.0048889013280639,0.0742996246013864,2.6295898945571103,0.6707505406756761,45.88873484357701,0.0060049966572745,0.0777681524349823,45.88873484357701,0.0052133603535862,0.0776253461361023,-3.70675108893925,0.6700059696862378,2.8997170726479505e-08,0.000742807233029,6.267737913723186e-05,0.3075742015072782,-0.3099553902312392,0.0014790489638077,2.2296716780420306e-06,3.0,8.29,50137772
540,2002 PU152,44.75112319860505,0.0484011446989305,0.0218647510096415,1.2281155815397558,2.268874193217432,44.76166442092852,0.0456884039516333,0.0302622088174629,44.7616644209285,0.0455334324644359,0.0297389275157243,-4.77625772988382,2.0227119176862147,3.360845407768122e-07,0.0001874364331915,0.0005531255037486,0.368670255965044,-0.3686133517068916,0.001675005138331,0.0018128556403897,3.0,8.59,50137773
542,2002 PV152,44.40751068231187,0.0655578381396996,0.0180368590835009,0.7976206049624661,2.7056684268661857,44.41975589304008,0.0621740035121433,0.0256512466142381,44.41975589304007,0.0619415158807974,0.0247222062056102,-5.026112457318494,2.2910657726480865,2.9737392079723875e-06,4.009459983000588e-05,0.0001600193258004,0.3943714890841371,-0.3915321155289392,0.0001090789791448,0.0016182011405306,3.0,9.51,50137774
543,2002 PW152,45.6234257767379,0.0048654252219428,0.1042549195863895,2.786155060408241,0.5155103048745837,45.62968403219459,0.0094162689597023,0.107158491573911,45.6296840321946,0.0089978239409154,0.1068931988192377,-3.4381559818197784,0.5249770302144748,1.254540739715958e-06,0.0005152952822269,7.313789139818068e-05,0.3034692327455028,-0.3146477863934794,0.0006768716387196,1.425281547419649e-06,3.0,9.01,50137775
544,2002 PX152,44.69564677662912,0.043086346374257,0.0161720307509849,1.0018088167118815,2.489916969343922,44.70570878843504,0.0402437312796695,0.0238805605812724,44.70570878843504,0.0400346545251685,0.0231394929336486,-4.8701041617466885,2.106179397759234,2.101088847941294e-05,0.000208722130429,0.0007613465694574,0.3710592495468108,-0.3692148686950149,5.223486365366198e-05,0.0016781336389191,2.0,8.67,50137776
546,2002 PY152,43.82398046685313,0.0110753990332655,0.066319325573698,2.856171992054348,0.5751627443411618,43.83323151318904,0.0168412493775165,0.0733243620798565,43.833231513189055,0.0160529513296897,0.0729290586284095,-3.21744131150677,0.6062047742490094,3.579151696662821e-07,0.0004697007218827,8.940064347441727e-05,0.3942121856342028,-0.4015281461336954,5.900417926366148e-05,0.0001433303387663,2.0,9.41,50137777
548,2002 PZ152,43.96636119847452,0.1260434659759704,0.5541772083113403,3.111677969930197,0.4042001630861662,43.98864254654144,0.1370654283101402,0.5521017928203736,43.98864254654145,0.1375467264977483,0.5255090138041117,-3.204756203541152,0.4024135222300656,0.0019201325424064,0.0020112647203898,0.0017251264097478,0.0606932276031996,-0.2131719789576964,0.0010046467631983,0.0016742596560238,2.0,9.01,50137778
550,2002 RN109,669.8967620475103,0.995979720506281,1.000180069188164,3.678740598120025,1.1120704810610194,-3889.421440000312,1.000676194826137,0.9879996214856352,-3889.421440000313,9.626910296767368e-05,0.0003538339310757,-2.875583912491659,-0.2033053157597115,4.572123988164395,0.7750490750457695,0.646443056363753,2.0411643029865774,0.000685818501129,1.832787415682592,0.9464076702717192,80.0,15.3,50221172
551,2002 TA301,44.06543944193224,0.0038306082786347,0.0299416781262605,4.081451320634181,-1.3891780123047592,44.06351593523752,0.0077565617328502,0.021279837430533,44.06351593523751,0.1436193722276849,0.020017845393184,2.823476047795186,-1.1489267473917066,1.743358446423714e-07,0.0227201557311253,4.524109177979103e-05,0.6697632231316533,-0.396823464037732,0.0022275387642148,0.0015841739721693,1.0,10.21,50141529
552,2002 TB301,43.103279410998,0.0038079885103025,0.0100071859892308,4.171484249166257,-1.4874338324160263,43.10108780806409,0.0113177333162383,0.0148851813697412,43.10108780806408,0.1745867715343799,0.0043792818295976,1.3124509342533726,-0.2331020628440853,2.987216672527872e-07,0.0261952830888148,7.17898145715307e-05,0.6697889144376186,-0.4528243815694197,0.0022029895119794,0.0017746498753547,1.0,9.11,50141530
553,2002 TC301,45.6677291775953,0.0038882518497241,0.0107519259854693,0.1597606849706512,2.534543461398361,45.66628051162997,0.0044350602698442,0.0163885298627006,45.66628051162997,0.0887857998085547,0.0157580216087348,-0.5096274636705991,2.107612130637778,1.4286000564481462e-07,0.0089827445281764,0.0006355569570375,0.6697646985961851,-0.3240463504139653,0.0022246867596574,4.300412215784732e-06,1.0,9.46,50141531
554,2002 TD301,43.26746178046969,0.0037956105126011,0.0039660850563379,5.477854161862849,-2.7908040529639293,43.26533259373135,0.0103136074848307,0.0169142461089598,43.26533259373136,0.1892515364032043,0.0130217058505153,0.5321719267810521,1.0176002287319128,1.3815522417341725e-06,0.0511513386884798,2.8335897601912413e-05,0.6698148408984314,-0.4414467179314205,0.002174389389108,1.5120059868605755e-06,1.0,10.59,50141532
555,2002 TE301,45.12969208441496,0.0038668194235482,0.1501082565619776,0.8804052379208613,1.8126645964257784,45.12809708259553,0.0078731363858745,0.1564495965560574,45.12809708259553,0.0072696545737739,0.1559478183253205,0.4058329743147086,1.7943508258412688,4.43395339046957e-07,7.272052310160826e-05,0.0001205311280457,0.2997980261931154,-0.319541102275903,0.0029934289163611,0.0001873558741192,1.0,10.91,50141533
556,2002 TF301,44.6110340157125,0.0038484358337051,0.0445750702398083,4.051793545516956,-1.3599288038868351,44.60920550309524,0.0063544137766959,0.0367428562695457,44.60920550309523,0.106726976729354,0.0362709916184081,2.110285267381427,-1.2135016814855186,1.549760324818396e-06,0.0238709900048234,0.0004700318878712,0.6697427483480987,-0.3686433244144556,0.0022448151504595,0.0016388500663645,1.0,10.86,50141534
557,2002 TG301,45.44893987540362,0.0038725435486768,0.0210922261626649,4.1291574632634696,-1.4296102905591983,45.447892746946685,0.0047560398489751,0.0151122263990326,45.447892746946685,0.090963310277919,0.0143195982964909,2.9754293546489867,-1.2307350343367665,3.267335240407026e-06,0.009609363415192,0.0007970816854697,0.6697527181985923,-0.3334322963403106,0.002239406209357,1.907298752492857e-06,1.0,9.68,50141535
559,2002 TJ301,43.55792974234695,0.0310393072712344,0.0012873414690129,3.0996706421402127,1.7374842899603238,43.55381583111284,0.0378373264478208,0.0160682950744043,43.55381583111286,0.037073773225622,0.0124963977122274,-2.057368877679868,0.8495530455541206,2.4210104543802862e-06,1.1843845738335498e-05,3.914362707471537e-05,0.4391079643780471,-0.42973206730155,0.0016084412444749,0.0018363803510989,1.0,10.91,50141537
560,2002 TL301,43.190994964689935,0.0430723452291068,0.004079009706667,3.222776229524639,1.6412825670101852,43.18600541889474,0.0507061151672211,0.0204807850692314,43.18600541889473,0.049945117883746,0.016371611262802,-2.279387968106237,1.0304151343961856,2.358035930198165e-05,8.050089056354349e-05,0.000209864799919,0.4603406314985137,-0.4578938829239363,0.0001027464090457,0.0005137696980305,1.0,11.1,50141539
561,2002 TM301,39.35314631765743,0.3056166739664634,0.1050949077094872,4.581870855587184,-1.4187717317205193,39.402398817469326,0.3055991503197635,0.112487760058113,39.40239881746933,0.3068763169653685,0.112064550256676,-1.6400561105742324,-1.4442047407224052,2.1085018089650328e-05,0.0015798703118327,3.695787233484107e-05,-0.0568639068845156,-0.3569130097427275,0.0020054461681512,6.193333351708682e-06,1.0,9.67,50141540
562,2002 VA95,44.54146622804538,0.0884766637709975,0.0338205210286554,3.429222138126092,1.9605530779170928,44.492402655094246,0.105024227196389,0.0425797798266235,44.49240265509424,0.0878136569094144,0.0416356512750558,-2.9262585358897537,1.7879694301432996,0.002138951641263,0.0052295508904942,0.000668985508411,0.499709828320777,-0.4163843086211294,0.0044402881764999,0.003719947923483,1.0,8.28,50147025
564,2002 VB95,39.16876684360701,0.1005805324333646,0.1939281915845024,6.191039043198455,-0.7982035226788995,155.77837326685187,0.6001688392344257,0.264740530085969,155.77837326685184,0.5385012988775241,0.2026724380456558,0.2217181414840664,-0.6546127290751237,73.44115135379229,0.1645538798023488,0.0327368177512807,0.0009986231559699,-0.1460265014097671,0.0041874105271499,0.1868205315700193,18.0,8.89,50147026
565,2002 VC131,46.08615546631137,0.0066064749573888,0.0234101223570629,3.362912661972972,-1.2621366232372306,46.08524631721859,0.0047904226958499,0.0181675614461982,46.085246317218605,0.0034373411721579,0.0177152518090057,2.7943991367463417,-1.0865490954326391,7.677687415159334e-07,0.001345252848505,0.0004485404063182,0.3145660714650456,-0.3089121395165337,7.72299113554869e-05,0.0009958083455627,24.0,6.4,50144156
566,2002 VC95,46.61790257985828,0.0057180215886664,0.0419702596536561,0.8835643329326963,1.86706503417376,46.61696021673998,0.0043074248064605,0.0471768151364656,46.61696021674,0.0031296566543942,0.0470307503783806,0.6345189694807953,1.7973713152339077,1.6301396015222024e-05,3.435104819833978e-05,1.687174849378871e-06,0.2935862609800114,-0.2888184942774336,0.0018096863252862,0.0004116373422864,18.0,7.95,50147027
569,2002 VD95,43.08991665071053,0.0822574264249455,0.3384824083716891,6.21790603181282,-0.8289996951176236,43.0786590399521,0.0877076290620819,0.3321486935776241,43.078659039952086,0.0855577991355426,0.3261158302204276,-0.2423369701530844,-0.8214027231137893,0.0061862696036069,0.0046295471354228,0.0003573676665311,0.2259175937716629,-0.3263908073144145,0.0018224741905369,0.0016436062086599,1.0,8.08,50147028
571,2002 VE131,45.53024008131596,0.1881125405971269,0.3466893132954662,0.1254357198075233,2.3631679305090563,45.51179885639554,0.1950629005177166,0.3445635615864368,45.51179885639552,0.1948905409736605,0.3381946365163206,0.1200900602617989,2.366151837759972,0.0014062959576766,0.0002096504558434,0.0006265821721088,0.1878473699063151,-0.2837517438499398,3.370897903123224e-06,0.0018044187603044,25.0,6.5,50144158
575,2002 VW130,46.228503376341216,0.0899458649373889,0.0467815631479496,0.8849413059099192,-2.415305311115919,46.22562147070934,0.0922198295642912,0.042863345369536,46.225621470709335,0.092241636657703,0.0426658297569619,0.9473757416435172,-2.450776120847073,2.59982150225901e-07,5.837513094010197e-05,0.0001437112220564,0.3238382049922895,-0.3218824518406302,0.0001952878987458,0.001928842262311,25.0,6.92,50144163
577,2002 VY130,39.14424087598747,0.2060316419066118,0.5047079359774993,3.0984629345968404,2.22894236537308,-5151.495950239072,0.5984426558410366,0.3834502886164787,-5151.495950239072,0.5757692924027095,0.2472229345197901,-2.6873189956126287,2.4654823703952,4004.432021896028,0.2645196401379154,0.1046964862743667,0.0008015088098214,-0.3395529776620669,0.0449786670920628,0.1576413007399692,24.0,8.36,50144152
578,2002 VZ130,45.75147705754921,0.0907021674089176,0.1594793745711373,0.6449301207787306,-2.152292144375386,45.74896017500311,0.0933805464509303,0.1550168264084511,45.74896017500312,0.093345492817505,0.1545091427449886,0.6517686185041096,-2.163477883791604,1.8817340980182169e-06,0.0005075437062786,0.0004379966908963,0.2864723209052593,-0.3167253839122178,5.591404367896746e-07,0.0018919923509717,23.0,7.27,50144153
579,2002 VZ94,45.541066267779854,0.0874972612397812,0.0295340526398005,2.8174266732711786,-0.5382218691643126,45.54368855319518,0.0825404272741558,0.024579884137641,45.54368855319517,0.082427029609298,0.023992423678506,2.594889540935842,-0.3558884175129301,1.7399598995285365e-06,9.061073270083932e-05,0.0005574267326331,0.3475214372752052,-0.3475218370508196,1.5708310753837392e-06,5.967774583680577e-06,18.0,7.03,50147024
581,2002 XD91,39.206273957643,0.2142413462318597,0.149802426603649,1.6367272697856723,2.9595124679112685,-43.334761085623015,0.4888180721026368,0.2006609339615626,-43.334761085623,0.4590422510372782,0.0975066322324893,0.1057693199076594,2.497257755616701,66.73863753059823,0.2530007318327893,0.0706791894541359,-0.0023494782008034,-0.4610547550642349,0.3778161220341118,0.2894188796839994,1.0,7.63,50146520
583,2002 XF91,44.23923308403503,0.1054296048894629,0.0500471071735436,5.797753616788616,0.1932686435685648,44.25123796515552,0.1139648140389686,0.0443400157657822,44.251237965155525,0.1136720163424675,0.0432941001253267,-0.449176831540568,0.3011912523265195,0.002879891394908,0.0009613190189533,0.0020684577220409,0.4318918015076317,-0.4345802894621006,0.0003620761436627,0.0022135033081387,57.0,6.85,50145545
584,2002 XG91,39.243549524783546,0.2250224170621602,0.2349930421004607,4.633470907068141,-0.2691316310398206,-31.538230092603527,0.965023829738476,0.1298600494385512,-31.53823009260352,0.9314672864337664,0.0426463741930541,-0.0475535523886918,-0.0364017644239023,18.860624062244145,0.4348057230695823,0.0271048957442394,-0.2268018281062613,-0.4849941429185288,0.2285225527413727,0.7991524969309657,1.0,7.61,50145546
585,2002 XJ91,39.38616554256685,0.2684795294879783,0.1408652606011195,6.0376164173371,-1.4395408750639174,39.40290418420091,0.2349514637534755,0.1816300138954214,39.402904184200914,0.1709963909145957,0.1798115500842734,-0.4785851578236488,-1.3088938738879006,4.475936294067304e-05,0.0117542265755869,0.0034125736755278,-0.5810065415159531,-0.3297480373125503,0.1032137312027897,0.0027223934777693,1.0,8.29,50145548
586,2002 XP114,39.1816218030804,0.2186789378318255,0.2599591197966615,0.1121511507230295,-0.538276821089258,-21.497431745601546,0.8208937783089975,0.2819434922954879,-21.49743174560154,0.7809933155066829,0.084785912897282,-0.4638408112487711,0.3168740546386214,27.68126983583768,0.5150016085412439,0.1156109715940471,-0.0025015016024607,-0.5211280255120122,0.0099170401250373,0.4753553531989984,1.0,8.11,50250632
587,2003 BF91,42.68133796498685,0.0383649548927932,0.0019476677034594,0.5414874768330913,2.5551887397219804,42.68148992268424,0.0331213126537059,0.0277931307907464,42.68148992268424,0.031466968372308,0.0241505172386443,2.138401697890218,0.9773855486423694,3.0186680459333126e-06,2.5383137963136908e-05,3.664857978860539e-05,0.4835441693242706,-0.4837140848215706,0.0001582414951897,3.8902328988723696e-05,12.0,11.72,50157794
588,2003 BG91,43.38031765353976,0.1003914602854012,0.0413812228184882,0.8188220144293421,1.8585226692689256,43.39031107160408,0.1164271836912269,0.0957456411175654,43.39031107160409,0.1150716824740383,0.0950327700954251,1.0325160062762984,1.4870287196103489,0.0002130088587619,0.0015165258870712,0.000514381817189,0.4734663204878888,-0.4789233621868912,0.0065571915782515,0.0033366958298741,92.0,10.71,50157795
589,2003 BH91,43.90826553278364,0.0309475846709388,0.0158597805574155,3.311678404433529,-1.3862747362901826,43.906373383138906,0.0254317625410552,0.0112288303710068,43.9063733831389,0.0248235322639124,0.0040350238421337,2.6590052191816533,-0.9235756427023856,6.08166291664496e-07,1.7004714158751984e-05,0.0001049067175011,0.4108517371710805,-0.4077892859568804,0.0019148764769154,0.0010183025143,12.0,11.91,50157796
591,2003 FB130,42.805612040854825,0.1081916423601691,0.4231843289909305,0.0183653174954647,1.487847166348851,42.82491383877408,0.1138140885861131,0.4262031968584193,42.82491383877409,0.1022576499459455,0.4134931486922633,0.1020265627455767,1.488269071115124,0.0057232219008325,0.0144461873450904,0.0005447632033109,0.1493294226863527,-0.2888187150286893,0.00247867921945,0.0010312995949448,3.0,7.54,50330612
600,2003 GM53,44.20232833123958,0.0456380449224109,0.1238789482982067,3.754484902585141,-2.0402858625746254,44.20236015306358,0.0301022966435198,0.1139840803422411,44.20236015306357,0.0295734767819852,0.1138455326195449,3.627584620548797,-2.034234877433863,8.41795825808283e-06,0.0091115745390668,0.0026229226751829,0.354823050741566,-0.3756075767969848,0.0005730537244839,0.0002506212706696,30.0,6.87,50154520
604,2003 HJ57,39.48296054267263,0.24667124707871,0.3895368617484662,1.7799682776053452,-1.6779049760089562,39.402111583165855,0.2537690732767535,0.3741282491992639,39.40211158316584,0.2419183375627183,0.3656193150415054,1.6983753745448835,-1.6808192865599374,2.772422846022084e-05,0.0013835620770371,0.0009164375692603,-0.3074864847084503,-0.3074873268949805,0.0017566117668387,0.0017559428024295,1.0,8.29,50330613
605,2003 HK57,43.236891662981776,0.0712564025746999,0.108717005941105,3.1786979089880987,-1.5913323143532447,43.23284078263804,0.0671161261544275,0.0964459354371532,43.23284078263804,0.0665373937195965,0.0961955072389357,2.958550615124404,-1.5607979390618356,0.0025819292848419,0.0150649935397302,0.0107237837972527,0.4277324514086825,-0.4430241491852996,0.0043850795023853,0.0079052130896534,1.0,7.36,50330614
606,2003 HL57,79.05715916229931,0.646583381130301,0.1196804796920979,5.406876198727479,-2.007863103531427,51198.54273309896,0.9941699797863194,0.1006661993149765,51198.54273309897,0.0765113711822757,0.0089755975871513,-0.1409864671677305,-2.075355996938362,32895.52330624129,0.9217225658657404,0.0827121954508256,2.704983726623454e-05,-0.0570840861609669,0.0051070331599843,0.0778765884586214,34.0,5.84,50330615
607,2003 HN57,44.15508266268519,0.060947644983454,0.0366988412813776,3.654983146774529,-2.0317478077758424,44.155337044738175,0.0580133497033315,0.0304286387397126,44.155337044738175,0.0577545343951876,0.0295280360126578,3.5107687498250497,-2.0130859386535285,0.0001074174769148,4.547731352845651e-05,3.933723783479173e-05,0.4018912426852631,-0.4028401603301166,0.0018311687476628,0.0009999426078618,34.0,5.87,50330617
609,2003 HP57,46.549532020926094,0.1894928671279426,0.6623062760179523,0.0513407047301095,-1.5810964338946416,46.56464137032285,0.1984896422431331,0.6586680540670398,46.56464137032287,0.198163016327598,0.6131839010462152,0.0960189299189209,-1.582937140774629,0.0002957504820944,0.0002525146286055,0.0022516532095965,0.0186956268868862,-0.1525648839016225,8.411352393170961e-05,0.0018942396976563,1.0,6.52,50330619
613,2003 KP20,44.95190541058519,0.1214173129415503,0.0501877644922525,0.0912206711548977,2.4641082443798514,44.93746538692466,0.1218795142362782,0.0711186269795988,44.93746538692468,0.1217343801412526,0.0708032814201859,0.1843606095115322,2.328715101261268,0.0008073447058194,0.0001343007921179,0.0002295339243316,0.3873472713915759,-0.3968023009763991,0.0019311770631985,0.0014827493980974,39.0,7.25,50157367
615,2003 LC7,45.21029175793518,0.1151865304059141,0.0607908855914913,0.0127404387111766,-0.6961493321241964,45.21195730187227,0.1434814866376003,0.0918459183408571,45.21195730187228,0.1430934056251566,0.091481474558588,-0.1438650126719056,-0.5271958463168702,1.3685908972986547e-05,0.0016264200687125,0.0028100429233539,0.3757002442073278,-0.3963382086671093,9.79712925829404e-06,0.0032742312693592,37.0,6.24,50157372
616,2003 LD7,42.99019333620304,0.0428949376140663,0.0152485472502738,1.7708022387164473,0.7487963111031299,42.98194325134628,0.035920526666724,0.0343695969945979,42.98194325134629,0.0348546283768945,0.0325073044059022,1.6477462271172305,0.6842319178463503,1.3038845484220693e-06,8.813126398376302e-05,5.492776967053086e-05,0.4625790663110863,-0.4626454863580841,5.289854849064506e-05,0.0019732785835716,36.0,6.92,50157373
618,2003 LE7,39.31466866988677,0.2056937710430848,0.3537951328655796,6.2467482531084215,2.220981777327687,39.40300981374956,0.1937278049066858,0.3676156248779383,39.40300981374956,0.1902845758087688,0.3594862122732669,0.123601039231588,2.241544153086719,1.6848217473138803e-05,0.001009094274665,0.0003343995452259,-0.7230583264448159,-0.2911696872810193,0.0069826865044771,4.525015761094912e-06,1.0,7.61,50157374
619,2003 LF7,38.86920337762091,0.1114414511372416,0.0604646167737053,4.307691610702557,-1.9736480239359933,-305.7156815336611,0.8207550451970903,0.2605885020217418,-305.7156815336612,0.8017394890294718,0.1068367736467332,-0.7762858521568836,-0.9909604264025422,99.03265163914024,0.627531479733651,0.1139765926388868,-0.0031557445188476,-0.0025636928212637,0.1304371554014911,0.4963354952361097,37.0,7.9,50157375
620,2003 LZ6,43.47502443819051,0.0028494839667212,0.1045717088230759,4.897450367805088,-1.1281446264838324,43.47178842862632,0.0536568878803817,0.1114785924438331,43.471788428626326,0.0534486458906778,0.1112755646823224,0.6989023053413395,-1.068955387512082,8.260420101859084e-05,0.0161039141714212,0.0081265512497839,0.4043491385438297,-0.4204013783488567,0.0087774558081427,0.0072883406932082,1.0,6.47,50157369
621,2003 MM13,35.93360406299331,0.4468974131233057,0.0655520846352799,2.943260869246206,-2.72852924474122,27.72422485903473,0.310523669424782,0.1017488524587898,27.72422485903474,0.285014481225762,0.2459937137872468,2.562216138702313,-1.9780144092685927,2.1739957842226523,0.143839734937098,0.2076708984637022,-2.013491093354084,-5.519189270934113,8.330020898148664,4.439948013373583,66.0,6.33,54260726
624,2003 QC91,43.666504652434575,0.0048603878777072,0.0673969478940261,0.1350069662286763,-2.597896762267903,43.66822854728623,0.0403032477061807,0.0770018871930522,43.668228547286205,0.0306827133643773,0.0766448940116099,0.1228596952670768,-2.7869722858068866,0.0003381152809644,0.0052151509345711,0.005347305901634,0.4308341422556722,-0.4180103346184942,0.0638385705315301,0.0004366346220243,59.0,7.01,50160804
632,2003 QM112,84.67030258506767,0.8444098583715961,0.2658748048305817,3.055355964099233,0.7762839461173092,-41051.70654909405,0.996210749546378,0.329874948119994,-41051.70654909403,0.0927830042727599,0.0223324508705946,-2.708501119315214,-0.2957120777586092,12449.025829922177,0.0895662217720323,0.0203089590197281,6.39258225193451e-06,-0.0034271566137113,0.1876616537092399,0.2448510804500878,54.0,14.06,50166105
635,2003 QO112,33.496200718838246,0.5049808896669791,0.1421896751723881,4.97584306052686,-2.467448968476696,-7260.52899848609,0.9796683411621824,0.189568053318616,-7260.528998486092,0.10282115222032,0.0093091143139779,0.6068746185448508,-2.9424086006814387,320.9740340874922,0.5595860215826165,0.1142271869342832,-0.0058147111097294,-0.9874035967922644,0.007864446845149,1.1788930084781295,54.0,11.94,50166106
639,2003 QU90,43.726765385367806,0.0162860808092288,0.0518373280112714,1.2777863936967586,2.593482608034269,43.73071417004002,0.0142647110764087,0.0590128400408663,43.73071417004003,0.0131621166127696,0.058595378417087,-4.6526274032240895,2.4992077535457105,3.26219576767309e-07,5.233063233569833e-05,4.901451344728262e-05,0.4060708214169344,-0.4096519403087499,0.0023423976198619,0.0010294380012495,62.0,7.23,50160796
640,2003 QU91,42.90354644889001,0.1222325219690855,0.4655785088800228,0.1055746812055762,-2.081924918370204,42.89319950041344,0.1290394613188573,0.460780421931137,42.89319950041342,0.1289818111855791,0.4449612785070866,0.0761366396168172,-2.077582247835749,0.0001209216069535,5.722073204244785e-05,0.000312231343521,0.1221023280171829,-0.2723996344122517,3.635402707073558e-07,1.5827928602852296e-05,58.0,7.24,50160787
641,2003 QV91,39.57372687091586,0.3488571628173378,0.5880973092003251,1.7681432432936257,-2.139438931311118,101.84520047467848,0.6443763761589502,0.5235848713169602,101.84520047467846,0.5347465046141828,0.4176772123283145,1.5403621612476706,-1.921167396182917,28.020017397124228,0.0756315832712318,0.0625914019315366,0.0254166577045926,-0.0816541083814647,0.0207721030830233,0.0071867278504518,61.0,7.53,50160788
642,2003 QW91,39.64224752953282,0.2757131332665687,0.1028180054433717,0.0121246110590949,-2.14815043803653,-81.01258197067389,1.0034158193221836,0.5985899194502989,-81.01258197067395,1.0020751824749423,0.0997681547031753,-2.981499546234695,1.2742714316762676,7.246520914854519,0.7761876657686035,0.425134638284217,0.8729861449655479,-0.0032222316120508,0.8701966892679208,0.0079341963968038,1.0,9.09,50160789
645,2003 QY113,45.55511152923554,0.0366455874383491,0.0509641391954924,1.9926760757117008,1.8513506394225352,45.55922177263551,0.035755910211001,0.0577770332494296,45.55922177263551,0.0356563208970297,0.0575977780930376,-4.159241117834653,1.7843103677052,8.91238262582647e-08,0.0001264967311573,0.0001696159979478,0.3282739437248684,-0.3287363049154165,0.0004455844103396,1.6750364852900507e-06,4.0,6.19,50330620
647,2003 QY91,83.00386907990615,0.6149860096864054,0.4431859944578797,3.2546432755740327,1.1220705479088748,176775.89236882722,0.8840589969917068,0.2336302026541768,176775.89236882725,0.8714117496490851,0.1314678756006907,-3.2193370143087363,1.0600064821900137,174128.8689576654,0.3811172757559585,0.5260780823855126,1.4469239834527138e-06,-0.0026978009193568,0.0202266398885885,0.0768221853756043,1.0,7.29,50160791
648,2003 QZ90,43.787437974677225,0.0047091646722073,0.0926477911852791,2.656754879438214,0.9617839738302264,43.79602443113484,0.0419574652591039,0.1116974604817884,43.796024431134846,0.0415779642002795,0.1114021838981159,-1.9953376264531328,0.9496663095385368,6.575118558272588e-05,0.0140026097475864,0.0059205294099517,0.379383293767513,-0.3972341725999138,0.0106380734031124,0.005747985881722,1.0,6.67,50160801
654,2003 UA292,46.696983904095454,0.1511775685352447,0.2122742138782569,0.0098289683471586,2.2797047947059346,46.70930443377996,0.150068095208506,0.2128352768056048,46.70930443377997,0.1501301414622525,0.2114640902052735,-0.0159321077103617,2.2800853009789166,2.7063424565429635e-06,0.0002118616146706,0.0003543940021625,0.246573915421411,-0.289102680817212,0.0017501959262853,0.0018839403035884,29.0,4.96,50170280
656,2003 UC292,45.14229659754922,0.08745485688114,0.0616172955057364,0.2439136346276456,-1.5500986781320223,45.13864564516424,0.0947503795008785,0.0580866143151207,45.13864564516423,0.0946445922447963,0.05774010703552,0.1988857288761611,-1.4653813681451977,3.189981327779843e-05,0.0002451719144114,0.0004853486334894,0.361621627983254,-0.3686544336079249,9.577470415415172e-06,0.00098506257024,28.0,6.93,50170282
657,2003 UD292,45.92981174597776,0.1088890520232474,0.1392922739542584,3.397327768364317,1.856158419028447,45.93034602692365,0.1176598608935077,0.1489184145414623,45.93034602692364,0.1176471996701232,0.1485098780609199,-2.838937351365611,1.83228642315154,6.0838431005815e-06,0.0002192507419214,0.0001919309374868,0.2935147477325205,-0.3228892391921714,0.0005674298898061,0.0011027131945027,29.0,6.74,50170283
658,2003 UE292,43.39690761174592,0.1334297841274958,0.3431926102227648,2.8841183070676912,2.4065002167778378,43.3907102667643,0.1337771971933901,0.3491078188697064,43.3907102667643,0.1335965926820192,0.3425163459533927,-3.3909953610814414,2.3970126972233268,0.0017959187243062,0.0011812099617927,0.0008483381882626,0.202265556774475,-0.3198864475223952,0.0015227013310138,0.000473102940386,29.0,6.08,50170284
659,2003 UF292,44.705031942341456,0.1253390808287288,0.5216204115293235,6.198499462453438,-0.8916985680723666,44.70318349018446,0.1305709257339665,0.518648410299798,44.70318349018447,0.1306929695967914,0.4965115777374643,-0.1004451214087671,-0.8941403787721335,0.000396717245945,0.0003096504635488,0.0009671500098487,0.0751432118950855,-0.2111466240462158,2.912936118773303e-06,0.0001770667500281,28.0,7.32,50170285
660,2003 UG292,43.33280437175903,0.0968380368772299,0.0979578033189602,5.767293604773863,-0.4294194715192999,-124.4319407161746,0.5598831273888492,0.2045847687698123,-124.43194071617462,0.5082687760934649,0.1293553405077177,0.5671341121358651,0.1146720529975938,128.7290451374153,0.2412196778109611,0.0658645546937317,-0.0023487903447041,-0.368572375271085,0.1530734939871279,0.0246102472468271,59.0,6.99,50170286
661,2003 UH292,44.04155369299461,0.0701431827640564,0.119903371758525,3.2466785766282333,1.3644429073720137,44.03485256257703,0.0747136824476968,0.1299820905175088,44.03485256257704,0.0747045459939046,0.1297749079732635,-2.938631064230213,1.321767423294007,1.3021347449162434e-05,0.0008186182189913,0.0003805848323615,0.3615260348071338,-0.3900615167014433,8.661783818871814e-05,0.000255591961673,27.0,7.65,50170287
662,2003 UK292,43.17937251924058,0.110275852463407,0.2083663560788155,3.0097355327604447,-0.8719405192152537,43.18868758836904,0.1133133706906523,0.1986534897129607,43.18868758836904,0.1128872356542296,0.1973971105400727,3.02197456070864,-0.8525941916344584,0.0001854330142281,3.929951324669704e-05,0.000200826127889,0.3545609874195294,-0.4202271913455053,0.0014515944841226,0.0019200324985668,28.0,7.17,50170289
664,2003 UL292,44.84737028986383,0.0738548043507151,0.0424396768178378,4.852267204856497,0.3719870253212032,44.84504122449688,0.0796180056420045,0.0464525506304808,44.845041224496896,0.0795846753641292,0.0460701508898929,-1.4137408267391451,0.4440095794979689,3.68881761592222e-05,0.0001307848285005,0.0005902544364202,0.3726768296932047,-0.3756988700176042,0.0015768752685156,3.0638548333797075e-06,28.0,7.34,50170290
665,2003 UM292,45.982523331203744,0.1861015115172494,0.3339106408894252,3.2058124344029704,2.093017676857148,45.946249863411445,0.1913598229068729,0.3352092837957279,45.94624986341143,0.1821266638906644,0.3292313522474637,-3.0667914413507544,2.089276524568111,0.0033936804766295,0.0125148125557495,0.0002724768365831,0.1852319077932837,-0.2745826356522598,0.0015184289594161,0.0018750215011414,28.0,6.99,50170291
667,2003 UO292,39.32788054606237,0.1867780768933477,0.0696487288840025,0.0065985526940446,-1.0523764321844191,39.40423955368392,0.1809696442251716,0.0695388538167348,39.40423955368392,0.1809799471770586,0.0693687155007484,-0.0920880219031098,-0.98454434960909,2.536243977989975e-06,6.820519558860776e-05,6.108604654142924e-05,-0.9755963044861604,-0.3780143211902722,0.001052939491196,0.0018273803117381,30.0,7.37,50170293
668,2003 UQ292,39.52700762626972,0.1240999000714755,0.0277186941664201,5.345947155429251,-0.3802564912406949,39.40752860298839,0.1144749099734803,0.0259892581494917,39.40752860298838,0.1144136804737187,0.0242054115005721,-1.209491001217382,-0.1400166219820018,1.7078663434879492e-06,3.037958481656017e-06,2.148091581290205e-05,-2.456130941458448,-0.472949539734162,1.1168883918520764e-05,0.0013033811621241,32.0,6.98,50170295
669,2003 US291,44.9016407392805,0.0029046852813726,0.4237366588365576,1.3464616700834178,2.0775018767618523,44.901073070252096,0.0024554125886574,0.4264211154316739,44.90107307025213,0.0024210808648309,0.4142489143654821,-4.966369803273931,2.0786173401782,2.456398593738799e-07,1.0239163983085297e-06,0.0007037697637133,0.117395699699717,-0.2279049897372499,1.0135189244841925e-05,0.0019409888312197,33.0,7.03,50170272
671,2003 UU292,39.38815164376866,0.1303311604279049,0.3005143327614698,3.255506145459995,2.025799361801567,39.40593984471416,0.109956954072003,0.3112916519901525,39.40593984471416,0.1091289075453931,0.306511863451896,-3.0142706826485104,2.028971879530488,1.4216744221835707e-05,0.0002501560816835,0.0003947146064652,-2.2680438610147937,-0.3475812119090588,0.0097427228428926,5.431940569297684e-05,28.0,8.19,50170299
674,2003 UW291,44.63885414962679,0.0027770475001341,0.1927129758399102,4.8132523109325,-1.1956596208856054,44.63721155710451,0.0040315125796923,0.1866339785081743,44.637211557104486,0.0029813282605125,0.1856474122490714,-0.944163050349426,-1.1695511617975547,3.37253546380086e-06,0.0010285070960787,8.34256742835995e-05,0.3099233558287922,-0.3287070703384301,0.0035527413392621,2.942583492377525e-05,28.0,6.35,50170276
675,2003 UX291,46.42520999160571,0.0033467472080578,0.1929993881099392,1.3146688928692658,1.967175534183708,46.4236576631874,0.0046685133422763,0.1971729934078824,46.423657663187406,0.0042799126607798,0.1961616462591942,-5.0044782446927805,1.9601657629139595,5.329889192334488e-07,0.0004562520701254,0.0002696833151456,0.2351970688353209,-0.2672062808597123,0.0025859512612667,0.0004610951192216,28.0,7.04,50170277
676,2003 UX292,44.08380303469592,0.1245789804269565,0.1709413505041102,6.181232669646167,-1.2129872946058,44.07964984151066,0.1250962777917627,0.1543733744002233,44.07964984151066,0.124743378157216,0.1537674456201463,-0.0425900625461221,-1.2005275755068645,1.8561287117992973e-05,0.0001285951571293,0.0001489505894548,0.3686307486917289,-0.4086659646404965,0.0017590872755233,8.590239917272736e-05,28.0,5.87,50170302
677,2003 UY283,33.077611503642515,0.8939713927327164,0.3195352979260372,5.515750530378787,-1.255974363461071,-241.7370007300824,1.0195912428238514,0.5174247336368543,-241.7370007300824,0.0017062771824389,0.000813455420507,-0.1760173314075164,-2.0937924974895328,0.305981727976349,0.0259142350596638,0.0340591222707748,-1.94493041932384,-3.041266275023641,1.725344035422454,2.7514510842695734,32.0,15.15,50167362
680,2003 UZ292,43.08977982772238,0.1358544249326174,0.3685396144194959,6.0944849588599785,-0.8547348205821875,43.071943828461656,0.1532682933215607,0.3568221379934733,43.07194382846166,0.1159083817622423,0.3494976604157692,0.3700196397967694,-0.8573230929975877,0.0019400671154805,0.011523835038922,0.000963579834943,0.2507918830758733,-0.3336271331246349,0.0054009746817057,0.0001650305502242,28.0,7.66,50170304
682,2003 WN193,39.52900294584376,0.2563837767004963,0.3539107281438453,4.523316441419409,0.5707039824937808,39.40233965692418,0.2508688555439133,0.3491394946195464,39.40233965692417,0.2366665290835275,0.3423556077652981,-1.739382293943252,0.5580447972603634,1.7218208145387695e-05,0.0021301562930757,0.000593357561418,-0.3184762289649895,-0.3184668771846247,0.000739798529568,0.0007480156540447,42.0,8.48,50380339
684,2003 WQ188,46.08858870768416,0.0058150320983807,0.094084109741577,4.713330596486999,-1.3979704271767084,46.0873318494968,0.0056966848494385,0.0887210838189362,46.087331849496806,0.0049476440319993,0.0886456272498506,-1.5773383730233248,-1.3667648627598048,9.39155052230578e-07,1.8967350478870355e-05,0.0001192530177348,0.2978690846081255,-0.301378491398332,0.0028656779399058,0.0007843329840926,99.0,5.92,50170306
685,2003 WS184,43.898215875834666,0.0481366239947498,0.0184798847853435,5.006458411512371,0.4564800425542241,43.89635396844661,0.0557393211501387,0.0247070363848693,43.89635396844661,0.0553907962517802,0.0233128995117239,-1.260268213418619,0.5073655707875245,1.0414053208776872e-07,4.705560641365033e-06,1.5465879776977623e-05,0.4179227525071782,-0.4160331278733226,4.165246894928301e-05,0.0018156611463358,4.0,7.4,50178598
686,2003 WS188,39.128501843480215,0.2328096778463338,0.1193318925917231,1.9756594992149044,-2.402219179727619,-349.0573663139001,0.9109470059973906,0.0597108734940948,-349.05736631389993,0.8760351544406104,0.032170215268133,2.7613969672141123,-2.4592360439821435,110.08695337138376,0.5614988894993056,0.0266009346802279,-0.0029475642388472,-0.5698343209277831,0.0881414490981597,0.6150549263211302,1.0,8.75,50170307
687,2003 WV188,45.88087678632707,0.0033432636175961,0.1188849706536152,3.990067521513792,-0.7271590921689199,45.87947525846567,0.0090765121360668,0.115219437120616,45.87947525846565,0.0086612079673061,0.1150550229791551,3.539641083183448,-0.6844406103248064,3.749449440127744e-08,0.0006989176541607,0.0001565829349398,0.2916715298120899,-0.3037752860856998,0.0014949606462554,0.0014045517666277,4.0,7.05,50175367
688,2003 WW188,44.052255416275656,0.071912867791753,0.1028143709686311,1.82502384129754,-2.20973671500285,44.05248933157205,0.0901973761592237,0.1058662890858985,44.05248933157206,0.0897679073626998,0.1056701614165619,1.938391698061367,-2.239569747777084,1.1461771577971304e-05,0.0019791235559561,0.001782999504606,0.3877510629661466,-0.407515420469109,0.0018699000784844,0.0015001009874002,3.0,7.5,50175368
699,2003 YY179,39.40450086791315,0.1529885160091682,0.2146855340861977,3.0223633262943927,2.6469769245363275,39.40508220850258,0.1454135669712822,0.2206166358903519,39.40508220850258,0.1422739896628086,0.2190319025163283,-3.0019318500411107,2.6624575487159308,3.0614258985155826e-05,0.0007807610479822,0.0016610178638411,-1.3713593626717129,-0.3776450262173537,0.0457560819484389,0.001959503087443,74.0,8.55,50330622
700,2003 YZ179,42.89212607450763,0.1088923049782948,0.2069501267131964,0.0171961171740058,0.0366029796616608,42.88477184097753,0.1174876345634984,0.2060624206335078,42.884771840977535,0.1169034872263019,0.2046030966699535,0.0391137620732119,0.0180768837285111,0.0004993195459701,9.401135428143822e-05,0.000146859297102,0.3641163420055901,-0.4343956441391237,0.0019039009568147,0.0015435019771451,113.0,7.39,50330623
701,2004 CM111,30.547977706888084,0.8377182095641225,0.0784916973041782,1.8142018993588425,-1.6382896635648208,-2273.9831557126195,1.002511031389938,0.0957063892645622,-2273.9831557126204,0.000313179300315,0.0001915750452611,0.2388668838097576,-1.6546933039966034,1.332953796726453,0.6338784021174313,0.073865468914671,2.24284495277822,-2.1936594061239423,2.03198145462378,1.882526410217364,9.0,14.17,50176207
702,2004 DF77,43.14875368635185,0.0054944776528379,0.7778313076105076,6.050551338690666,-2.000810468646536,43.14848987069747,0.0055180324893619,0.7768147267278614,43.14848987069746,0.0054916622244819,0.7024762487896308,-0.3113426092759193,-2.0011089944439195,0.0001045645025016,0.0069144970988802,0.0019621409389257,-0.023500258418176,-0.1504091940386883,1.5941992242188487e-05,0.0001231941147453,17.0,7.67,50184504
706,2004 DK64,43.32247945697374,0.0938950871057304,0.3113626192408626,0.0651297756057376,1.025040855933795,43.33126769562212,0.0981905230507234,0.3151226409712804,43.33126769562211,0.0981032344356537,0.3100505600901578,0.0430733280700637,1.0122216590230346,4.477240598871512e-05,7.674680596175676e-06,0.0002443723448838,0.220723074596031,-0.3310782108205026,9.992506008836663e-07,0.001528712810728,19.0,7.4,50177207
707,2004 DK71,43.97153093442346,0.0821516061556835,0.0766734524098795,0.8799570533740546,0.2219515455931962,43.97158569351127,0.0744980577489113,0.0721887563732561,43.97158569351128,0.0742307623036173,0.071708970057638,0.7261070636301578,0.3065227171014765,8.242362538775046e-05,3.6194501909322087e-05,3.514475697863978e-05,0.4038768077888696,-0.4132693236256813,5.065545922607166e-06,3.340821107734517e-05,17.0,7.33,50180197
708,2004 DL64,45.01092071427557,0.0522019667993011,0.044022400585896,4.105240794391641,-3.004264535602984,45.01362343572132,0.0539793513082792,0.0468968836812833,45.01362343572133,0.0538477269857575,0.0465682142695826,4.133727536499119,-3.0761193638343465,3.312816916661128e-06,0.0001092247877742,0.0003103395121239,0.3569031636750529,-0.3569148794776866,1.1589466652359052e-05,9.431958771726496e-07,18.0,7.04,50177208
712,2004 DN64,43.613937524284346,0.0340951942597352,0.0225488411944464,2.927009612833414,-1.574113701896895,43.61794583624399,0.0339018963914168,0.0147115098164949,43.61794583624399,0.0326537264416502,0.0107138300291154,2.3517737400097807,-1.1972873832041535,6.509306925748693e-05,3.377850029589009e-05,3.344982198451854e-05,0.4488575595757635,-0.4250335767466734,0.0018262462928624,0.0017767397503808,18.0,7.57,50177210
715,2004 EO95,43.44424707885742,0.033976147507235,0.0504515667488824,2.9309413200301897,-1.618507836012428,43.446296610174215,0.0339948634602867,0.0393904629777191,43.446296610174215,0.0333379262214716,0.0384339590390037,2.642433633187804,-1.5128812119155084,2.48795071137566e-06,6.585470262382706e-05,2.498529349994641e-05,0.4344017497164765,-0.4324640387885881,4.710087104445876e-05,0.0003877209597048,1.0,6.07,50180182
716,2004 EP95,43.539078984300616,0.0342889110334197,0.1682140376131935,1.9008484827194407,1.2687664859513186,43.53862090516415,0.0273296181375757,0.1761822854896638,43.538620905164166,0.0271304410098859,0.1752834283369532,-4.355816773768202,1.2573975103224253,1.246646571438589e-06,0.0001786040590447,5.81988017007322e-06,0.3349848610491778,-0.3803944475815012,0.0014432049042008,2.322902039126946e-06,361.0,7.1,50180183
718,2004 ER95,44.243614609441565,0.1651909834458106,0.0231878812558526,3.6956570011529406,0.8273697895645912,-801.3750892744719,0.896713979549316,0.293515739738854,-801.3750892744721,0.8687298310059014,0.1034904369364528,3.524322973186056,-2.630203467325847,176.21382468832934,0.4034163467682392,0.1582042334210784,0.1304696865859383,-0.0027667758491448,0.1239401285416624,0.0813150701667861,72.0,6.25,50180185
720,2004 ET95,43.511964058500105,0.032484878808337,0.0119350087674338,3.0986392702632912,-1.5684912919246947,43.51305042441248,0.0298968476874711,0.012922358310701,43.51305042441248,0.0290775267186078,0.0037855666886968,2.016035495284488,-0.6744926121846574,7.5430875433266575e-06,1.0433156463477023e-05,8.861271297850187e-05,0.4367449180012797,-0.4311416083560577,6.687324752167161e-06,0.0046171131523686,1.0,7.32,50180187
750,2004 LA33,37.92763801408763,0.0217121519858287,0.0855015844441388,2.9934865277184723,-0.0366673785960471,37.91627756646743,0.0375973328378506,0.0953976911994595,37.91627756646744,0.0362704885382835,0.0923964456466857,3.3054545096369954,-0.3643813842215171,0.0001462241573827,0.0001593999382127,3.9965968725456095e-05,1.0918501932339022,-1.0690341162219978,0.0018050304544943,0.0015504640911367,64.0,8.25,54028221
751,2004 LB33,33.099133190879435,0.2221601845933512,0.1004144112843239,3.3675475038326,2.5600876852356267,-394.958338223217,0.9985253975673726,0.1288185362245878,-394.95833822321714,0.0722554328227902,0.0055451949501364,-1.5002977022191648,2.6208737847378574,9.507244502317898,0.730955701072323,0.0053124908914993,0.0035414076757629,-1.70300073526183,0.0749015983265451,1.5307045674657684,2.0,8.47,54028222
752,2004 LC33,43.20822592172161,0.0898466534302251,0.6287956961735007,6.202976010911196,-0.2991140923289093,43.19724102365274,0.094577846469273,0.6273265537302146,43.19724102365273,0.0945410873488163,0.5880736595035031,-0.0658815648820487,-0.3036423689656463,0.0001614821483742,0.0005648067544054,0.0014251630794137,0.0304972542829614,-0.1966893495421171,0.0023454984601238,0.0005311032219196,2.0,7.92,54028223
753,2004 LD33,39.26921849231496,0.1998576672040658,0.2924703412722835,3.2002911975306687,2.7546543317076084,39.40393821416167,0.1953595876068086,0.2965635279679058,39.40393821416167,0.1935540343217753,0.2923363851833277,-3.008406417870654,2.739696497708001,1.4834126031968362e-05,0.0003258580110586,0.0003011784798159,-0.6339742647385069,-0.3628863602734902,6.867260353698755e-05,0.0010863662255905,2.0,8.53,54028224
754,2004 LE33,32.439476314200746,0.2006558542943649,0.1227897854577778,3.3201260219403554,2.6000238077857154,-9899.712540185108,0.9772518791638408,0.1872041019205659,-9899.712540185112,0.1202898271858481,0.0102818131177114,-4.80957217024407,1.7897697855185248,391.547865736188,0.3864406910574022,0.0096820960071226,-0.0034810810337062,-4.824333154916086,0.0157836188280493,4.693784184674548,2.0,8.77,54028225
758,2004 LV32,38.79314821308308,0.051994509169594,0.3009677049349131,1.6023207055195972,-0.2513487804659788,-21.739967798037505,0.9197314768458448,0.3729664940268909,-21.7399677980375,0.8978869125364185,0.0728290295364237,0.5648113719428381,0.6868020882859459,20.68934718955741,0.3769533551249697,0.25119194527584,-0.0028851572239965,-0.6240139598727179,0.0215904916731417,0.5600688308945045,37.0,8.94,54017710
760,2004 LW32,54.7673864626788,0.4102873092330887,0.0723419087530296,1.6655686260960805,2.548234969724441,83.92524740658796,0.5661391161693595,0.0879987868849769,83.92524740658794,0.6485307159446809,0.0666332794512114,-3.320567446443663,2.183304932078531,8.29144689770198,0.351741245621518,0.0140456644000948,0.0980243618816949,-0.3365883797502159,0.0119662916454703,0.1360942110908833,37.0,8.11,54028226
761,2004 LX32,65.844927508834,0.7794024374184577,0.056782632545658,0.7177264514352082,-0.0329277672407385,-9886.663837616274,0.9709445676845684,0.1592592978985621,-9886.663837616275,0.9689468868705584,0.0194787355493176,-0.7514769458834717,1.36308230937589,1100.6468939110466,0.8668711403298835,0.0188938233492969,-0.0081839999937418,-1.2089593190718422,0.0261622253688312,1.0855716316222,37.0,8.23,54028227
762,2004 LY32,57.60304357763892,0.3058923017751466,0.252905196640644,0.0516441314344158,2.76505937494377,57.63153583386927,0.3110446689387208,0.2465223747720107,57.63153583386924,0.3119840015451578,0.2444362615686421,0.0219255216294764,2.772817653663716,0.0023285548093287,0.0010378447385672,0.0014609338007961,0.1465391545438366,-0.1479970779509308,0.0007836137752774,0.0018824846150739,36.0,6.46,54028228
763,2004 LZ32,40.79643300407036,0.2003388960388745,0.1293366349508334,3.5020391710666536,-0.3009750117977428,51.2332145900256,0.328621022522243,0.4975091736871253,51.23321459002562,0.2871829356706472,0.456030318608328,3.4381307958032283,-0.5926494362240041,4.564683480477406,0.0247019270978075,0.0628139164562147,0.0626695630066797,-0.1889362316900781,0.0038033901041236,0.0030156033029875,62.0,7.91,54028229
764,2004 MK10,107.99378810069231,0.7621429404317683,0.1274038272797115,1.521538149010702,-0.094821685101875,-744.1669223206922,1.019429230665422,0.0217574848641628,-744.166922320692,1.020669482865673,0.0067598064817294,1.5645061933772129,-0.1377566193139344,70.69375309210544,0.7906518404027714,0.0078576482493894,0.003806782929805,-0.2352103029574341,0.0776784872817798,0.2312365444953053,51.0,8.01,54017628
765,2004 MM10,42.00110385025688,0.3732195394729038,0.0369092635431218,1.5534043181872486,2.700752430009748,-267.12277327982923,1.0170744920916457,0.1482425322708205,-267.12277327982935,0.0195954613698702,0.0007618051325151,-0.9569839316510612,2.917717228921868,2.1444306068033487,0.6332389790086397,0.0931945197730496,-0.1584131325576235,-31.00158183615133,0.1989503574324835,28.25451333026847,22.0,7.21,54028230
766,2004 MN10,40.08180475621131,0.1044051806354209,0.0834207685667907,1.9149783411716488,-0.091194446734957,7.005405078134018,0.8790545279572765,0.1339791832543262,7.005405078134018,0.8799343335905414,0.0679249476735545,0.579885749778085,-0.2299115946738303,19.593778205216086,0.5228524774875464,0.0373891608842916,0.0004733127015453,-0.6147899555434333,0.0050593629881365,0.2830706436579012,55.0,8.02,54028231
767,2004 MO10,43.0707563178407,0.4355902027269374,0.1480761964095727,4.710792597507331,2.590063256136923,-79.12820707255915,1.0269574486722282,0.1218330684642947,-79.12820707255918,0.1563641638159268,0.0182634637378439,-4.227980679171207,2.17215707766118,5.250624925640159,0.7958948136932478,0.0597926390743871,0.0035292457355741,-2.0653637769162825,0.0096742391150358,1.8524740471251973,51.0,8.12,54028232
768,2004 MP10,39.42588973635335,0.2065470135344507,0.0193506373712503,6.173403062481295,-0.5898452244059075,39.40378351227511,0.2003286482717586,0.0202023917383927,39.40378351227514,0.2001909991749074,0.0198534505865008,-0.183878914611341,-0.4892481440586011,1.3659550359669355e-06,6.288843934305839e-05,0.0003409253887028,-0.7490732214358491,-0.3710026138103748,0.001764194395548,1.6806584877536526e-06,47.0,7.96,54028233
773,2004 NN8,88.84757222014586,0.9736026754358748,2.870369579701253,4.499618460734811,0.9177653730607596,-737.5207008724985,1.00279366570708,2.9604511468417622,-737.5207008724985,0.0031156496258316,0.0008178971712538,-3.575149500845477,0.7562030677829923,1.514583508481146,0.4470849540666916,0.080231380683919,1.3552581733355662,0.7971992567186804,1.253040703507973,0.70097256843977,292.0,15.3,50248721
775,2004 OL12,44.06145781402823,0.0108657076136918,0.0470905310187404,4.952786501229184,-1.77468879050911,44.06288400002782,0.0082036415756329,0.0381587906961836,44.062884000027815,0.0056508253327503,0.0375386615336928,4.657415669251795,-1.699059874997085,8.407857984510289e-08,2.021398216226824e-05,1.888182221062746e-05,0.3955812367111638,-0.3944868490823551,0.00186476348196,1.1221788218392089e-06,64.0,6.12,50250903
781,2004 PC112,44.55193690283591,0.0460953269164313,0.0256180776183195,5.548870710630772,-1.3751064046250931,44.55087281374774,0.0472475066921787,0.0185722492245317,44.55087281374774,0.0470539769167237,0.0173773115688138,-0.8900209012586289,-1.1349952548397155,1.4561413287703205e-06,4.772426673072055e-05,0.0012149322728207,0.3820169395524634,-0.3798769418727538,0.0015306321656635,0.0005069813167055,29.0,,50255373
783,2004 PE112,46.11275015458408,0.0044637410933902,0.0519896300319397,5.548484564689787,-1.3917190460599556,46.11418013820102,0.0071655880980193,0.0465706745239544,46.11418013820102,0.0066007114831668,0.0464426814323786,-0.1273823474689019,-1.3328779544707403,2.670534698139183e-07,0.0005753921887283,5.182854376827096e-05,0.3091891098494115,-0.3054354120058097,0.0007188554303257,0.0001710808175492,31.0,6.72,50255375
784,2004 PF112,45.0353978581461,0.084110298338288,0.0409153024373633,2.078936766180128,-1.94170920440882,45.04262633140436,0.1031711446831333,0.0611233629736652,45.04262633140435,0.095265595374271,0.0608897559757087,2.542254973467215,-1.960260641478832,0.0001832698536234,0.00642125397176,0.0099262128033006,0.365173204520744,-0.3779608812503057,0.0219218370422597,0.0020441927284937,30.0,6.69,50255376
787,2004 PU107,45.1591725101697,0.029448375368394,0.0884474783382234,2.21537485837994,-1.7831782970143706,45.16476335046414,0.0356176432131122,0.0833371330892955,45.16476335046414,0.0354841494521816,0.0831399722394914,2.166357232136814,-1.7449859838875956,4.571641225293639e-06,0.0002998261379974,0.0001092862262776,0.333432712242892,-0.3404770382108069,7.104877852763347e-07,0.0006867862501258,29.0,6.74,50254553
789,2004 PV107,44.8881840923774,0.124253961789968,0.5726496158629304,3.256121920334406,-2.224396729631521,44.88008126103934,0.1463188089934578,0.5641811890878107,44.880081261039344,0.1405175342485781,0.5350270247625523,3.3230465930905804,-2.216889640275784,0.0004169661819207,0.0053360723616744,0.0008550874258238,0.0540156743222348,-0.1948798592801999,0.0022748049683982,0.0014326346329742,1.0,5.91,50259248
794,2004 PY111,44.49079349230402,0.0870354221875164,0.1526795851826096,3.312787980635876,0.3511095742207867,44.49550713493807,0.0931757618851953,0.1477243418960065,44.49550713493806,0.0677862043041352,0.1472037739125273,-3.044797932340304,0.3481772480820158,0.0001292651533864,0.0089721003589151,0.0038745625458524,0.3155089147138711,-0.3732718765061603,0.1100756652596278,0.0041701975543946,32.0,6.58,50255369
796,2004 PZ111,43.78567324298676,0.127249053179144,0.0757859895127265,4.878004039688929,-1.2097605608330044,-208.64989099605523,0.5666340319342951,0.1662675336173801,-208.6498909960552,0.5449351379343853,0.0724873059456607,-1.9157623312454048,-0.1948693154533397,180.79058593094743,0.2827337724640045,0.0372625767604652,0.0001306055617031,-0.4919230669214209,0.2724377640654144,1.0337238598946097,32.0,7.09,50255370
801,2004 TB358,43.91246452260232,0.0765583384812757,0.0536497180347755,1.515355065562721,-2.7227627322378973,43.90960853828969,0.0826868252545485,0.0501831423307746,43.90960853828969,0.0823020534495938,0.0493598049497002,1.6678577352460031,-2.806786429084359,4.09408277610851e-06,7.37766994380536e-05,0.0001180814132124,0.4252057910743532,-0.4273579295957929,0.0019196213140039,1.0413871214687954e-05,34.0,7.13,50272020
803,2004 TU357,48.78129925927525,0.4710846241614276,0.1268380595070543,6.21652385177663,-1.846164289730304,-4979.55483332109,0.9143539043031632,0.702142585888922,-4979.554833321091,0.8908267402305371,0.1913825454738046,-0.5934600556220062,-0.8133962676702491,809.0956124092563,0.6666109213745907,0.2226235079958757,-0.0034551306606249,-0.0030372951797222,0.0233991769540463,0.312410179384427,50.0,8.14,50272018
804,2004 TW357,39.53992206425885,0.1899712017468701,0.5448221082646261,0.1845922784131248,-1.1677439141596702,39.39901957518978,0.1280776575598139,0.5589338799261602,39.39901957518979,0.0978761275409557,0.4957496156184183,-0.1291406253021401,-0.7302703811705379,0.0038636701561187,0.0084502866295415,0.0524748562975642,-1.1922315907592582,-0.2636001862116326,0.1855249127347443,0.0067127895704833,25.0,7.76,50272019
807,2004 UE10,39.49433462999844,0.1153125022454816,0.3134441474832949,0.0832215984044069,-1.136640856945856,39.40714766857151,0.0932252351749381,0.3115758332739958,39.407147668571504,0.0922605013636179,0.3066052774821138,0.0708370970569216,-1.1377176046675508,1.0639238331005712e-05,0.0001080462785454,6.080446687913916e-05,-2.780073006885549,-0.3756977869466809,0.0068255387763177,2.6942441024038967e-06,23.0,7.71,50272045
808,2004 UF10,39.48617910768455,0.1304224840057964,0.1160448358687956,1.598524199849523,-2.6233749471141548,39.40643605666271,0.1254207600125937,0.1093849362739975,39.40643605666271,0.1251236258975214,0.1090703726724211,1.6068089999585702,-2.6697767552037512,3.7821597338162974e-06,3.290015568627374e-05,2.726858447485897e-05,-2.0785839625045406,-0.4226604756243629,0.0015443060498126,4.573222276892765e-06,23.0,7.81,50272046
810,2004 UT10,48.01093620280321,0.2736772799042123,0.2637799586901134,6.28024576915047,1.4465403610599248,47.733677490221375,0.2546640641220195,0.2336726961363124,47.733677490221375,0.2077911909046261,0.2105317366608347,-0.345841422652932,1.703453199729602,0.0002722152672289,0.0164666476543717,0.0342872275529578,-0.3269097458978751,-0.2028441184257932,0.2237840686339211,0.0060465282194623,58.0,7.04,50285427
811,2004 UU10,46.108829511239904,0.003917538328432,0.0308301289818234,2.3415269633067624,1.6561842562478497,46.10813334520341,0.0054927278855116,0.0367547507430312,46.10813334520341,0.0046163343891863,0.0365661090004496,-3.034605941075519,1.5806754955149422,9.225516029093384e-07,0.0008893457113099,4.044690608507523e-05,0.310322723490146,-0.3075788874938993,0.0003636310936976,0.0017723138456665,58.0,8.76,50285428
812,2004 UW10,40.05219689847409,0.261395203020337,0.076264213822457,0.0298662276475569,-1.6101566025557204,-178.37887280955317,1.0295774366124235,0.2618571401035733,-178.37887280955323,0.0070711901864159,0.00131847075848,-2.697558082879932,-0.1836491074226553,0.6870433531597019,0.4582365211331354,0.1996914699780519,-0.3155754218009999,-4.844708717061327,0.4076726280804847,4.321118011795539,58.0,10.51,50300603
813,2004 VA76,43.91596897524824,0.0027797643107149,0.0099658887699986,1.2638920105310394,2.58159482082013,43.914442676566274,0.0089770314867918,0.0198387098097684,43.914442676566274,0.0064774192396425,0.0183139418325821,-1.8183163869800143,1.7880919532002555,1.870139696008958e-05,2.419641169560862e-05,1.8544900206513378e-05,0.4064050314014645,-0.4038928367382465,0.0018925719099234,1.381883956825467e-05,2.0,6.78,50272212
820,2004 VL78,39.34892785069847,0.2337576758065453,0.3493854580083537,3.114955076683936,2.123568938415943,39.40224558606393,0.2578753743425242,0.3370604128292192,39.40224558606394,0.1826314476655433,0.3294358258898593,-3.1315796137246568,2.170534595858632,4.394138103212552e-05,0.00890762262557,0.0046797381136923,-0.310949539326492,-0.2907235441572914,0.1659886564179702,0.0014428788318054,7.0,8.39,50272217
822,2004 VM78,44.40019030485275,0.0025994561993051,0.5812344742464424,1.736735475202373,2.3177819308899124,44.4025933045967,0.0024197880649568,0.5827905434200201,44.40259330459668,0.0023917491398188,0.5511775864243297,-4.77939650043499,2.316949977791595,1.5198250037350709e-06,1.2519746602603929e-05,0.0008442272555094,0.0446142372976031,-0.1877894229264544,0.0002620158429884,5.808112944841273e-05,7.0,6.46,50272218
823,2004 VN78,38.94085934828071,0.1703321744192221,0.0789779532981028,1.8816808509506764,-2.760802516987575,183953.3970041029,0.8356467631925143,0.0709834135028934,183953.39700410285,0.820999374282999,0.0443546991441567,0.4439551956361942,-2.3063840793432173,106817.64873149453,0.3923389901836203,0.0281099580447709,3.647331030507967e-05,-0.6136803321479356,0.0054655924613315,0.4752978293110831,30.0,7.84,50263714
827,2004 VV75,39.80289413287244,0.2885629594239202,0.1729656194163212,0.4139166864155266,-1.6692069024968244,-279796.8484438699,0.9207633241280632,0.140718442312732,-279796.8484438698,0.8741822697927891,0.0364484194411495,0.8854725126762384,-1.985900708520326,139363.94974041556,0.5581828635781797,0.0571504114816264,1.4161622874235444e-05,-0.5946069472305482,56.22737689249795,1.5542744973631486,9.0,8.57,50263251
828,2004 VW75,39.38618566061651,0.2294011203062251,0.3983621860838783,0.2056186692981558,-1.325854522411515,39.40259709353552,0.1975274194835224,0.4098803703565836,39.40259709353553,0.1918429837863616,0.3988077511796486,0.1966190847793976,-1.3029734390154704,5.374463803023653e-06,0.0004336916412266,0.000425411533851,-0.7158489978569064,-0.2676150590552719,0.0091962823873552,6.787679750440037e-05,1.0,8.09,50272208
830,2004 VX75,43.91440444492603,0.1228278095651064,0.3595233505868788,0.2114799882154949,-1.2799584078019597,43.92571936689382,0.1285772610025574,0.3531662392046505,43.92571936689384,0.1287212130801076,0.3462759619402695,0.2366283895361027,-1.2819810067332418,0.0001622602961444,0.0002710102363203,0.0005771859851528,0.1877355881279011,-0.2986017393275686,0.0001083361295001,0.0018069571608795,1.0,7.0,50272209
832,2004 VY75,45.60612570748302,0.0763521628923045,0.2405003025412175,6.241238925263744,2.1751447371036035,45.60833238707813,0.0755438756182539,0.2436990925464943,45.60833238707812,0.0755518615463926,0.2413136178243138,-0.0620360543375784,2.1727537967013304,1.8716561706717585e-05,3.292980657426192e-05,0.0002816986106785,0.2254243419549021,-0.2841221609517191,3.719231539495232e-06,0.0007747205080239,1.0,6.96,50272210
835,2004 XW186,45.946865398290896,0.0511862069671169,0.0192656394207114,1.011310940833427,-2.8350722464597826,45.94405665645588,0.0522624188195845,0.0185432255463839,45.94405665645587,0.0521679477042611,0.0180343284396594,1.22168998379985,-2.997500754069099,1.4707914883356158e-06,9.640141982591646e-05,0.0005200900952297,0.3240403272966501,-0.3203959678825008,1.4016034339999e-06,0.0010034727551435,2.0,8.7,50285429
836,2004 XX186,47.10129889661417,0.0041934375631096,0.0076072665082977,5.746950465711711,-1.3406536654584749,47.10224675762804,0.0065489081720637,0.0051657706441631,47.102246757628016,0.0059329817014193,0.0031004958840164,-0.3904864191487468,-0.9257136057345746,1.0308443315607666e-06,7.858634844574029e-06,5.8335205608369865e-06,0.2915691487002038,-0.2753065990470245,0.0003848746023594,0.0016581684950788,2.0,8.64,50285430
838,2004 XY186,39.6619218009881,0.1405323135130675,0.3683386779287958,0.0013301519477959,-1.5826505455255957,-402.2120715086708,0.8840940480381464,0.2117398185710259,-402.2120715086709,0.8596154403749525,0.0470187216085328,-1.091393646162242,-0.9094609516332344,92.42633869746268,0.5528424100709245,0.1041086730714619,-0.0031717835387359,-0.4159162169176935,0.0819663345881202,0.3748533835446934,2.0,9.05,50285431
839,2004 XZ186,39.70242180528335,0.3439356628169415,0.2055834030532023,4.69842101242757,2.1242978310845704,-2276.4678030787923,0.9873745020616213,0.0379145307737224,-2276.4678030787923,0.971162665351814,0.0117017618749714,-1.4072119565254737,2.228745374586315,601.103620579383,0.4356305895790264,0.015910447794009,7.900829582654619e-07,-0.4729164544043974,0.006439246800334,0.4160705750011952,2.0,10.03,50285432
847,2005 ED300,43.65633210630356,0.0878415850974661,0.0545893119980413,0.5823601250801955,-2.753173167960346,43.66735888710095,0.0887096249369743,0.0470928153171191,43.66735888710095,0.06409084263291,0.0461929275647348,0.8330814269197309,-2.8209094236069747,0.0009378921764708,0.0015011686395811,0.0030210749600936,0.3008445743130248,-0.4400381305217756,0.1175215170980804,0.0030884085793762,1.0,7.23,50282085
850,2005 EH305,43.78248731830899,0.0960187766881111,0.1301247487699737,2.875651474563547,1.653189231564821,43.796167725766175,0.0935441800757599,0.1353110688813997,43.7961677257662,0.0928178040610102,0.1349005600698668,-3.2709966620143938,1.585668628319306,0.000376615083538,0.0002131183539898,0.0001731032590656,0.4062287556108519,-0.4109701434564224,0.0016220811497936,0.001872304735856,1.0,6.35,50282090
851,2005 EJ300,42.845017349965104,0.0063972021855406,0.3652576177574574,3.111596310534665,1.0867522146226334,42.84334951853909,0.0067216022310542,0.3693289673427254,42.84334951853908,0.0066843897753489,0.3610625408537318,-3.070029853423831,1.0817569646878815,0.0001894046863643,6.751237442049721e-06,8.092097203075167e-05,0.1690644823263811,-0.3052546003568128,7.656877751862814e-07,2.0557515184935864e-06,32.0,8.05,50277462
852,2005 EK298,39.36057938672288,0.1319564022826639,0.6825470040517158,4.741603483341915,0.7486177696513865,40.01480133613881,0.1675360236009026,0.6710217144644761,40.01480133613883,0.1359985502907303,0.6171183867914126,-1.6858095341282118,0.9150777425352348,0.3140948770233334,0.0149107534811521,0.0120166174470141,0.0562395965510563,-0.2467428151110896,0.3526256918440643,0.0033286297591057,1.0,7.49,50282084
854,2005 EO296,44.85604116353115,0.0935568020034113,0.0351481839903083,0.4742780820227983,-2.917177486827333,44.84643773390193,0.0902622315711653,0.0312157983482279,44.84643773390192,0.0901621073956719,0.0305255858964325,0.6853433482213225,-3.0866143340430545,0.0010214330454212,5.548894611582704e-05,0.00089324163412,0.380981411136358,-0.3833581508006263,0.0005574547788057,0.0016968709144521,1.0,6.54,50282082
855,2005 EP296,46.52773724371361,0.0065728295439451,0.0372909139723852,3.251902378722066,0.9345469086119634,46.53570562112177,0.0108616780009459,0.0413720336352835,46.53570562112176,0.0104951806397472,0.041250050286947,-2.675586269126492,0.907564559729844,0.0010163914123181,0.0016674887102632,8.265236688188175e-05,0.2958868831982189,-0.2913372456215032,7.42876497532008e-05,0.0001596513927045,92.0,7.2,50282083
864,2005 GW186,42.888392158993625,0.139784965340813,0.0414463161896941,5.554780705571663,1.4104994123157797,-342.49935102030844,0.8211665094715562,0.1086794483924388,-342.4993510203085,0.7861432712208065,0.0540466262151152,-0.7417862945426326,2.613208631772729,120.93132823155152,0.6025032265014123,0.0450261510371637,0.7985527046283107,-0.5363532439802151,0.7004171819227906,0.5442881795680338,3.0,5.56,50277514
865,2005 GW210,39.401204932079104,0.268002844853984,0.4234672264626245,1.592941537876328,-1.2782989234837054,39.40163372339412,0.2594235689025355,0.4237284351975437,39.40163372339413,0.2556030897569802,0.4111061136808188,1.4909453747098549,-1.2884166090623757,1.6270110391703277e-06,6.336629821068694e-05,0.0004890704517554,-0.2841222550162694,-0.2841222550157571,4.605878797011558e-05,5.26512877249018e-05,58.0,7.46,50286297
867,2005 GY206,39.41207574072826,0.1175183722058909,0.3238480757881099,0.3507392236050224,0.8970100006191791,39.40724861591284,0.0988209973998287,0.3421172666493814,39.40724861591285,0.0767817678695706,0.2744055826758762,1.770085497791596,-0.3075001732942878,0.0009760074674063,0.0080345520879572,0.043623385230069,-1.6018631746324514,-0.4022634967750546,0.1746377463295927,0.02653341853091,1.0,7.72,50282411
868,2005 GZ186,43.47826110100207,0.1219020079715829,0.1260450743293346,2.9012402592078885,-1.45841982983266,-3062.4498187031727,0.5381359902478363,0.1523936611866999,-3062.449818703172,0.5042193660508061,0.0865103854132421,0.0179235353863345,-0.9515697190743362,2361.007256520874,0.2643637962133596,0.036398994539969,-0.0023503765835676,-0.4794307072700136,0.3048697459460478,0.0380164094203871,1.0,6.97,50277517
869,2005 GZ206,44.42385686450884,0.1053604022044193,0.4587016792666954,2.84187567878584,-1.2129520224958723,44.43627228691438,0.1122382009309528,0.4542193482745476,44.43627228691437,0.1122495044801713,0.4392226711143343,2.904504522605324,-1.2118994498417066,0.0009732791273876,0.0004930661806572,0.0007404676335522,0.1405678855004467,-0.2371154282688786,0.0015968380039673,0.0018583117635665,1.0,7.17,50282412
870,2005 JA186,48.06150082593504,0.0908062200790567,0.0748230704685791,3.785068253703948,-1.810714422741006,48.04206902130699,0.0856617325106342,0.0702600205594883,48.04206902130701,0.0854735012371964,0.0701644128402447,3.672135146911579,-1.78740082300571,0.0003914225336225,0.0001453462294076,6.881468072783862e-05,0.3029128681705321,-0.2582944103175587,0.0014637618494047,1.9413985687351654e-07,18.0,6.61,50485918
875,2005 JO179,43.33039356444726,0.0419363802510497,0.0203417476805653,0.4687807792730361,1.2633270432792791,43.33014475537268,0.0381454343879156,0.0364818809641684,43.33014475537265,0.0374246852727579,0.0351929714590921,0.5133249213637434,1.0565307416509893,0.0001675654063537,5.3616444750886994e-05,7.114250119346888e-05,0.4428112281466199,-0.4414464372875829,0.0013051339637197,2.83176491889823e-06,30.0,6.72,50286359
876,2005 JQ179,42.368899383387706,0.0374495513172344,0.0256939782323878,5.918716641913736,-1.0161924883777913,42.371400894878114,0.0572498015759788,0.0284016539643123,42.37140089487811,0.0363476707963024,0.0193234674841777,-1.9986247727557616,-0.263715807661266,6.115876055217264e-06,0.0002270998515371,0.0002817305331911,0.8663648042494603,-0.5005004639203343,0.0024756539772792,0.0003522400248153,29.0,6.33,50286360
884,2005 PD23,44.22026099642313,0.0092133805580116,0.0334010806050538,3.45800572877268,-2.700768670113229,44.22326218021536,0.0147844085471196,0.0327326469365878,44.22326218021536,0.0139813458786633,0.0320582053063332,3.397445688880507,-2.8024905644010416,1.444642449092221e-06,3.8197082586371085e-05,0.0001730217957013,0.3897859004802054,-0.3874430022792223,2.448189824142178e-06,0.0014012158932996,1.0,8.53,50328352
885,2005 PE23,43.93613535286477,0.0446004126665074,0.3816398529895862,0.064059362676728,-2.2747424631901247,43.93522672709579,0.0463951940709041,0.3786927738562317,43.93522672709579,0.0464707815262414,0.3701790294271745,0.0607289739796659,-2.2742370710048108,3.112283211024165e-05,0.000108078616325,0.0004659252966755,0.1593191776115213,-0.2721274619281001,0.0003389027203209,0.0002448581994056,1.0,10.49,50328353
886,2005 PF23,45.06162903795817,0.0873642982380141,0.0119965471082712,1.4886963179819157,2.5658854683404217,45.03724979322388,0.0864997786902875,0.0191392873490802,45.03724979322388,0.0860548282641092,0.0180568272544693,-4.127872745692253,1.991012568582224,0.0040490822677659,0.0005395841720722,0.0011073565642757,0.3938728697438814,-0.3733524649198432,0.0022311528162429,0.001281082020181,1.0,9.68,50328354
887,2005 PG23,45.99102898244583,0.1778473342245346,0.0203256266041809,5.649787902810014,1.5135693966005928,51.05876560629827,0.2646278167802328,0.0714929814754663,51.05876560629828,0.2081211111326092,0.0568179377395089,2.310794496066319,-1.9092038572093009,4.658146775942464,0.3941795768681696,0.0260835568607609,0.4401645636261508,-0.4462345837238352,0.1534077944200455,0.1340678196816574,1.0,9.3,50328355
888,2005 PH23,44.22251032495232,0.060317232597655,0.054225232184057,3.0169927063945607,1.04453062491757,44.22449091947217,0.0644769590029357,0.066700775569327,44.22449091947218,0.0643313226201837,0.0663718544227322,-3.1439673398786403,0.9940441097267572,4.524560116540017e-05,0.000518976916061,0.0004718484815592,0.3891936524515372,-0.3967462257133815,0.000564752798414,0.0019105422853745,1.0,9.14,50328356
891,2005 PM21,43.810523816242565,0.1375456061348547,0.5090931158459987,6.162989153912144,-2.083297758277807,43.79975365209861,0.1488227995112338,0.5038692044343737,43.79975365209862,0.1489275030043173,0.4828793577420953,-0.089305175600713,-2.0842327330125365,0.0032823950167043,0.0014453450930496,0.0004602572712404,0.1178746127534072,-0.2371597444042257,0.002833228039421,0.0008616184172038,1.0,6.56,50296560
892,2005 PN21,45.90682875515592,0.0038041113320976,0.0486984927402163,0.0777246877091375,-1.9041898212315416,45.90908515533189,0.0075189431500187,0.0436311110694935,45.90908515533189,0.0069208491990258,0.0434649637530903,0.8728105904008512,-1.8824004388803748,8.121246834210367e-07,0.0006100863653707,0.0001515936854224,0.3169413201187984,-0.3143410641304267,0.0018946712221029,0.0002954235582885,1.0,6.33,50296561
893,2005 PO21,43.446099656566574,0.003687973902789,0.035651224524261,6.011135927368132,-1.5538381195347215,43.4482222989971,0.0143044498506536,0.0255772113923454,43.44822229899711,0.0126720775777395,0.0239557130251795,1.1976205113227334,-1.3585116713504464,1.6825733022956578e-07,7.723665674921724e-05,3.470911081618444e-05,0.4323118647439105,-0.4300171223236757,0.0002578628198381,0.0018716273335176,1.0,6.86,50296562
894,2005 PP21,45.68259787625902,0.0922949317584457,0.0120388812429686,2.383697862313465,1.7646330174715623,45.67914006674592,0.0924189773879731,0.0203478821994256,45.67914006674595,0.0923916613269506,0.019662257048071,-3.571497644570478,1.477195576065247,2.5989389505456297e-06,1.7418224194650002e-05,0.0006867509353224,0.3474304060041336,-0.3474274765965461,8.84108999110915e-05,0.0001059774350283,1.0,6.55,50296563
901,2005 VX3,1023.1088064111837,0.9959741114278714,1.9852010809837093,3.4111410354393903,2.5695240615984103,-3935.085413313541,1.0004682178442823,2.091267987485931,-3935.085413313541,0.0567433498406063,0.0189099484220019,1.3905585995641558,-2.635832676680793,338.39220921876813,0.5983389078156185,0.536204170621095,0.052682129329698,2.200774279273192e-05,0.063291407661884,0.0210299859069521,81.0,14.1,50299834
903,2005 YL292,44.80773611164706,0.1518101417457197,0.0762639246294871,0.5114223582562758,-1.171869343777994,-3209.1503278024247,0.4757413911006168,0.1581405806489178,-3209.1503278024256,0.4439604594494173,0.0877867717907828,-1.7144105196173955,-0.2007879036029173,3071.006411170014,0.2278966463107216,0.0328636546528556,0.0010366246511503,-0.4466856080138817,0.2674751039495122,0.0189488694144299,1.0,8.43,50485920
904,2005 YM292,46.04933224450572,0.0238240134052849,0.4692844449492381,6.248003733113583,-0.6113510034408619,46.04932547827441,0.024376457478679,0.4678136932714313,46.04932547827442,0.0244062464310889,0.4513318909210387,-0.0527719237390967,-0.6103154169212582,6.048228365571803e-07,0.0476547902305371,0.0004427727090571,0.089233638256362,-0.1948850469617131,4.395675912425994e-06,0.0015868345905068,1.0,7.4,50485921
909,2006 AO101,47.48149247448545,0.3648825591359801,0.006584576107797,0.1995319213218715,-2.9748106570124366,271.468794547962,0.812875438383211,0.2585827525633854,271.46879454796203,0.7050522028976031,0.2270135909835907,-0.7432729076128322,-2.0820441478350187,96.67559388325772,0.0768609530822325,0.0257810311997398,0.0140858137898631,-0.0306185173669385,0.0005449438777259,0.0090123654060855,51.0,6.53,50371176
914,2006 EX52,42.67192391446426,0.9395108093949072,2.643082948231032,2.813630744474249,2.416193074081955,-10902.13874919506,1.0000973804313302,2.5684657748281654,-10902.138749195065,0.0083434734793835,0.0051927660800583,2.9869925267994537,-2.9176592589387966,141.7457159516506,0.4436432486587688,0.2402226253240237,0.3645973075499173,0.3646407069903337,0.3253185105710617,0.3233248986891208,310.0,14.6,50327182
920,2006 HG123,34.409507574143504,0.1047899760738345,0.4778534046158847,2.572951210027039,1.7963057426561295,-5053.28759654513,0.8731239949047931,0.1416944675473206,-5053.287596545131,0.8444492024733323,0.0905300572606126,0.89165284851494,1.9358338997814744,1563.0796050829003,0.6581071801369062,0.0745442311100195,4.70520553097013e-06,-0.4546414340589073,0.0118286906040752,0.3619299195550832,55.0,7.58,50335776
922,2006 HO122,68.98789416353547,0.4963424724433397,0.3043319583001208,0.6880285439656229,1.68372529185438,69.3168351521403,0.4999727519140945,0.3024280276817103,69.3168351521403,0.4542395016601251,0.2657155316052791,0.3972849856780003,1.921407540244995,0.0001997828691271,0.131351625972358,0.0224477813471374,-0.0023483954779596,-0.0832737070602209,0.0292677188461393,0.0121401228129032,57.0,7.97,50335714
925,2006 HS122,44.68183682998228,0.3718488397436659,0.0797418747578914,5.581660949035387,-1.9137215367541456,71.1040325933349,1.0021050586916955,0.034350299407721,71.10403259333494,0.9783259423122916,0.0263935676077132,-0.9320628385331676,-2.1446723179807314,282.1463888536781,0.7574432211007877,0.0236333084369089,-0.003235877735303,-0.5289754790839577,0.066214997585056,0.4049647311382379,119.0,7.35,50335718
933,2006 JW81,44.63755433854045,0.0209626816917161,0.0391443437823111,1.1407733846435946,-2.536625786252188,44.63702449306144,0.0254189785892709,0.0360554226800743,44.63702449306144,0.0251034516436845,0.0355587763564458,1.346533809243572,-2.58159658243772,2.2503920284539605e-06,0.0003015209093749,0.0004837932879501,0.3708085180822579,-0.3686545454221607,0.0001884060092153,0.0006615834434101,1.0,6.98,50485925
934,2006 LM1,31.50124988582457,0.8825931170557264,2.9773451120612737,3.4970940051455965,0.1909512155916089,-6157.583707820954,1.0007544941676492,2.839201348952349,-6157.583707820954,0.001960399571416,0.0005684065007019,3.112460017009305,-1.5121222135023318,7.215017384610928,0.77373649312519,0.2302482310981534,5.33002865873116,6.882761926353177,4.7751669333185145,6.214903232006007,2.0,14.85,50335703
935,2006 OC22,45.164310740225176,0.0627694373800229,0.0170210466140378,0.670841730378628,2.7079499556970243,45.16550071787169,0.0592353351275793,0.0228902774137893,45.165500717871694,0.0591468721092759,0.0222464360205502,-5.235183343524244,2.3549248762102897,7.068509740416974e-06,0.000101525869117,0.000664979764589,0.356390424810165,-0.3545658379996914,0.0005031872991486,0.000445461513679,1.0,6.23,50485926
938,2006 QC181,43.93990327536273,0.124663267894076,0.3855711124535887,0.0119227372301011,1.2879135809540818,43.97827950721431,0.1326203215950274,0.3870434205641708,43.9782795072143,0.132625643398399,0.3775984915257603,0.069875918056613,1.285423976061791,0.0054119339024752,0.0004456053529358,0.0001290276839615,0.1590594922677564,-0.2817652864651141,0.0005467440868992,9.397624531657702e-06,60.0,6.64,50361601
939,2006 QD181,38.77225579592852,0.0260016790964119,0.0260225196512691,5.893860082567879,-1.383998393797426,38.76899439313955,0.0285461600066233,0.0649324820760051,38.76899439313957,0.0260765601004549,0.0586217805400878,-0.2013590427699056,-1.953880498757978,3.0798048496003298e-06,2.637749431101988e-05,0.0001618790318242,1.1740588600656408,-0.938322078780558,1.5224631260523345e-05,0.000889892928759,1.0,6.93,50378805
943,2006 QK181,42.94626730783097,0.124907934115131,0.3313417669766039,2.9211414205547666,1.2084821864371305,42.95014932619756,0.1304191320241866,0.3349666597212594,42.95014932619757,0.1304709840099225,0.3287985328579933,-3.3358048554242195,1.2037356345530257,0.0001526582714881,0.0002746683242994,9.261026331201184e-05,0.222097039854064,-0.3428268171719009,0.0013055240031946,3.1776319604988265e-08,59.0,7.33,50361605
944,2006 QL181,43.20024831784061,0.0998571389372343,0.0141950252503334,5.597037093914914,-1.4476814256510586,43.19983274493836,0.1072531398734153,0.0295594992525717,43.199832744938334,0.1044708597014833,0.0206137277595292,-1.7078103826410815,-0.3571280256841651,8.871402720923614e-06,0.0005158218331516,0.0003198460673363,0.5156132263498024,-0.5153577104940752,0.0010411700733255,0.0086674753453858,1.0,7.27,50378808
945,2006 QM181,45.105791193874055,0.0547987301188286,0.0374768000304021,5.808047674493704,-1.6412046348725633,45.1064700427244,0.0553517745534421,0.0303123537819551,45.10647004272441,0.0552447616064071,0.0298362775980883,-0.4940354507233468,-1.555217543178482,1.95956036914177e-07,7.621756657958721e-05,0.0004462695547084,0.3568720567972975,-0.3546158446478081,4.16099435666148e-05,0.0018703812460785,59.0,6.68,50361606
946,2006 QN181,44.71139322228338,0.1320343138646281,0.3409666809245028,3.2177415901356525,0.9263341715231972,44.7216340676134,0.1397603082065872,0.3410618636804128,44.72163406761339,0.1398365256023261,0.3348988130067246,-3.0951617945674443,0.9237457507665048,0.0028932741465572,0.0019509334526455,0.0009287490999073,0.1785151110798009,-0.2861230852654979,4.779771353542343e-05,0.0009212495410414,1.0,7.48,50378809
947,2006 QO181,43.935579423588514,0.0312534694517594,0.0244629291806162,4.591646395601369,-0.3782060007407089,43.93746668819886,0.0347136734124002,0.0248667100642496,43.93746668819886,0.0342618428843877,0.0236230117668672,-1.7635203152042898,-0.1021124819108707,1.9506027413728594e-05,4.21309264152442e-05,5.076451190198044e-05,0.4085723991277587,-0.406350540761441,1.8960070936549563e-06,0.0019470605525368,59.0,6.84,50361607
949,2006 QP181,38.52849970902934,0.0431707181246343,0.448486103568052,3.225099125614416,0.9544323271816064,38.522238841907225,0.0442012688804338,0.4546591667501767,38.52223884190721,0.044016700325323,0.4394316837713223,-3.004251535825537,0.9680638340520736,0.0030425340587874,0.0006954456983942,0.0003898389472161,0.1925458241601999,-0.4097157005797465,1.3856621021566427e-05,0.0010707838910565,1.0,7.0,50378810
950,2006 QQ181,45.09162002779643,0.089230818732595,0.016754344405574,0.3068009183679834,-2.427201702027887,45.08774462362344,0.0891542874993014,0.0125800770500622,45.08774462362345,0.0890335668606108,0.0104102161919534,0.5080798490608291,-2.589157116852272,1.3404988318560691e-06,9.66667512308849e-05,0.0021680649210092,0.3735108238048329,-0.3731530854294975,0.0019367961151371,0.0014398146069291,1.0,7.13,50378811
953,2006 QS181,56.47935299609502,0.4216376346496895,0.2744599643670862,1.414443632718573,2.2306656363137622,173.7508396419082,0.7092822983513148,0.2136675790555102,173.7508396419082,0.5302583869740424,0.1439729366146349,-5.626796257218644,2.836554462250316,66.59151958256992,0.2187412830198188,0.4485499889902309,0.0257892050316951,-0.2193029613580595,0.0467359745976105,0.1471348160825282,121.0,7.98,50361609
955,2006 QU180,43.20869029510874,0.00502137946348,0.352891972321272,0.2996974990600414,-2.4283337705736097,43.21707737945288,0.0059213681076749,0.3500282602551545,43.21707737945289,0.0058694333359458,0.3429797067237396,0.4425145504793213,-2.432796531088991,3.13184287896316e-05,1.6724336589603003e-05,0.0001439170091498,0.1831467029597776,-0.3029077040430569,6.941141207302948e-06,0.0010365269771142,1.0,7.01,50378800
956,2006 QV180,44.75562982797653,0.0131857145510222,0.2201839650962494,0.1292571952230545,0.2250563426032297,44.7612939413274,0.0160540334553144,0.2209057227537717,44.76129394132738,0.0159450352748382,0.2193918766228735,0.082871527364883,0.2273170399143431,1.3634220876818625e-06,2.8309676002055527e-05,0.0002708911798166,0.2559473629506297,-0.3109997323439111,0.0013041845233499,0.001001669169176,1.0,6.52,50378801
957,2006 QW180,38.13391815277893,0.1957381725844141,0.1977292197659966,3.0546295861485984,0.96053640129317,-49072.80967458586,0.8677877887693258,0.0374322101174887,-49072.80967458586,0.8468310447524693,0.0356076804368529,-1.1161788982141163,1.029301691714649,39285.10907185514,0.3969254463514381,0.02665883125247,8.569049899858871e-07,-0.4898241688375443,0.3139722928387343,0.3528036128219935,1.0,7.53,50378802
958,2006 QX180,44.6024295467793,0.0647234587050322,0.0665127663702459,0.3549661959976085,-2.5928499186475347,44.60576970682963,0.0615949659952146,0.0600433476483395,44.605769706829626,0.0614815380569635,0.0597797422658472,0.4662851517622166,-2.647656938484189,1.1772176898096064e-05,9.189646808682814e-05,0.0002200162081359,0.3727315428809578,-0.377265541594539,0.0016283176306418,0.0014759655295669,1.0,7.0,50378803
959,2006 QY180,42.1362144846308,0.1519456797469623,0.0525103035596203,6.12141715070798,-2.067308913895741,43.28151188461855,0.172189190132613,0.134583860106231,43.28151188461856,0.1330891319706818,0.1166548438432764,0.2096327840962564,-2.0149418281194262,0.9829580629705654,0.145426638196701,0.0074693292254,0.6534195886770751,-0.5505269433426482,0.4085861056368821,0.01112475144222,60.0,7.2,50361598
966,2006 SL371,48.12113083117382,0.2713728838154798,0.3822862660290808,3.5048280863883248,1.2519302325781805,89.38037828818126,0.576393764270691,0.2885531884174659,89.38037828818125,0.5020481836233303,0.2255504908041035,-3.0864296800737234,1.2801226410479525,18.930591890385504,0.2765714342439585,0.0219832568924201,0.0255162866354455,-0.0376411687747837,0.0496929598164347,0.158926114716354,36.0,7.67,50358702
968,2006 TM130,43.69530403475466,0.198565921727056,0.1194271882520458,2.875020457397625,1.6468248275377302,43.66894537854753,0.2065452826292891,0.1093217916425785,43.66894537854755,0.2043416956779155,0.1085655804373895,-3.690701025505289,1.877572086386104,2.491870686813653e-05,0.0044363745580207,0.0022140898525278,-0.4631214195281429,-0.3511422562887226,0.0039486867849373,0.0009009649736647,1.0,7.87,50485927
970,2006 UK321,44.16199398289667,0.0347409499360624,0.0361629088583859,2.788986546546724,1.2774282963016088,44.16678083626248,0.0361631377070651,0.0465575950065973,44.16678083626249,0.0358964516460571,0.0461307687228333,-3.225200360525437,1.1618233456285478,0.0001462572074035,6.982384709765744e-05,2.0319382704160866e-05,0.3920262800731533,-0.39218811499882,0.0019069481585808,0.0018550887086519,1.0,6.56,50378812
971,2006 UM321,44.83672346959106,0.0130444542958779,0.0558693451000528,3.316241883692628,1.0183588870715037,44.83857244590513,0.0159065206992644,0.0625560280053894,44.83857244590513,0.0154805079036039,0.0623376417420192,-2.6592398744273136,0.9779766502632408,5.343821135290987e-07,0.0004424143009662,0.0001797376878804,0.3522232483264877,-0.3545820231932474,9.668835561170766e-06,0.0017028206956188,1.0,7.77,50378814
972,2006 UP321,39.6535139631421,0.1422415716732832,0.2147183569668723,1.981568621039308,2.5960463630724617,-1236.0984199032805,0.8182738798762242,0.2821908107295109,-1236.098419903281,0.7436464441858303,0.0871137400828983,0.8862491182968744,-2.992453711178473,576.511971022764,0.3717831427912798,0.1186326889049724,-0.0024784363572209,-0.8071479812041615,0.0067678245035931,0.634297183164373,59.0,7.05,50378817
973,2006 UQ321,43.57781739932518,0.1458630560107029,0.0584146281192078,2.900437860150572,1.890226248909577,43.669704385354535,0.1355111518070417,0.0852467320143507,43.66970438535453,0.1039794913566224,0.0814270786593743,-4.089552783371696,2.2356082226386174,0.007177596474705,0.0101541894827428,0.0027374038506472,0.6733640206604803,-0.4831094377375349,0.0323679929675575,0.0036648703206173,1.0,7.71,50378818
974,2006 UR321,39.47905130055973,0.2213917374195126,0.0303791815869515,4.41995824030375,1.075617989137015,39.40367704305447,0.2141464834388271,0.0346454319096139,39.40367704305447,0.2137543954257122,0.0341831607805341,-1.9314419650881804,1.1395026024841004,2.349253692933208e-06,0.000165663543025,0.0002485903620748,-0.6099189763685035,-0.3710030079960397,0.0013091173873754,1.474315059590498e-06,1.0,8.51,50378819
975,2006 US321,45.20016667817344,0.1088301958976411,0.0223784417319138,3.7373861152066112,1.8873055980877889,45.20014475433948,0.1137613775132546,0.0260566245875431,45.20014475433949,0.113690334864487,0.0250916447008364,-2.2276313424989302,1.612473913050827,4.423299875954444e-06,0.0001375194759796,0.000773362688681,0.3785789203975825,-0.3827521655349696,0.0016988234415155,0.0017829283832154,1.0,8.53,50378820
976,2006 UT321,38.82628491068719,0.265343940559394,0.0686115578677465,6.089408588239531,-0.4540751143499291,-59419.75800842677,0.9729559337362452,0.169505509559301,-59419.75800842678,0.3153150237891796,0.0611957930692805,1.641723534734927,0.4256282408631053,24933.342886909657,0.3856003228359296,0.0651555607996095,0.0001129923300954,-0.003025733981027,0.3095457168578592,0.3069213639368806,1.0,9.41,50378821
977,2006 UY184,44.59971214810177,0.1148691422240544,0.0051550144995546,6.189140459592062,-1.2785047137247278,44.59950855106264,0.123162720401855,0.0143390952503447,44.59950855106263,0.121487687815445,0.0074215846392236,-1.4799790948602929,0.2011210384167531,2.320947548391657e-05,4.268718192911451e-05,0.0001618345417727,0.4508401459720706,-0.4612056712410476,6.035375047744768e-07,0.0027505167149832,83.0,7.07,50366028
983,2007 CK66,45.21718679845176,0.1800091993524818,0.0587823894836217,3.2888777761889645,-2.738461104936893,-482.48115315014616,0.9210995109615372,0.2790682425672362,-482.4811531501463,0.9057339363578084,0.0751150707020256,0.4791164422919646,-0.1882847528298205,69.36531948967806,0.4156882983094715,0.1902250369744877,0.4501632643243627,-0.0032867386469782,0.4418722979404441,0.020513264550903,1.0,7.71,50432685
987,2007 CT79,43.22239946673851,0.1442086597562036,0.4175083096045069,0.0552538827323623,0.4349021662513835,43.22953642522394,0.1540841382645092,0.4157668802619373,43.22953642522396,0.1542992890533114,0.4038856676851491,0.1306401494365752,0.4276565814543115,0.0015101058400573,0.0010246047342045,0.0004229656863037,0.1539219305132265,-0.2935148978957535,0.000980112678877,0.0015271571014545,1.0,8.23,50485931
988,2007 CU79,43.18859512519684,0.0260454858893234,0.0244929753861737,1.2568830286096233,-0.844628109725907,43.19055037650197,0.0336858169685169,0.0188323837043453,43.19055037650198,0.0327181583804995,0.0148206807657965,0.8511008636196042,-0.4258087931950626,8.137121361166628e-07,7.353613668903814e-05,8.673250304496421e-05,0.4531867465741575,-0.4508425623466753,0.0005943473324074,1.5237431717148968e-05,1.0,8.19,50485932
989,2007 CV79,45.32665359656112,0.0283329149783684,0.0431769484790068,3.306497124063948,-2.8152778351963543,45.32868345329808,0.0323739432728559,0.0432288585952593,45.32868345329808,0.0322072103872997,0.0429822989435472,3.36776061252009,-2.879644874548324,2.6522003508837163e-05,0.0001428713823333,0.0002343904135333,0.3404597718117516,-0.3382278737284783,0.0017127926344967,9.309893342013816e-05,1.0,7.74,50485933
990,2007 CW79,42.95338543802146,0.0171326691915488,0.0145422621910264,1.959604086892316,1.901479235599462,42.95315246084201,0.0185675162102237,0.0316324771693386,42.953152460842034,0.016757109427102,0.0297257339466198,-3.3623223842006764,1.3656824090369688,3.168828718844883e-07,0.0001336134506442,6.106621273062374e-05,0.4601426868152883,-0.4604787241642764,4.982660261981829e-05,0.0002341453769333,1.0,8.2,50485934
991,2007 CX79,44.57056705267666,0.0787295040778853,0.4320655312739319,6.221620551829594,0.6139947785949555,44.56031191216952,0.0827870217773592,0.432779085443375,44.56031191216953,0.0827394308802443,0.4201088188476032,-0.0636884652839425,0.6149933112144498,2.378692112828128e-06,2.034306797914389e-05,0.0008626968054851,0.1314946605664173,-0.2378291079376044,5.357042146582396e-07,0.0015823529856831,1.0,8.07,50485935
1006,2007 RN314,44.55723361870173,0.0437308820462939,0.3936613843125539,5.541217083599944,1.6563187877958394,44.56268617236583,0.0446156644652147,0.3969452860343385,44.56268617236584,0.044600214516384,0.3870106546706182,-0.7293532648888748,1.6526852424975065,3.679801854493412e-06,1.1787154435886087e-05,0.0004004221285237,0.1408870067343757,-0.2488504674750516,6.964722050439804e-07,4.874017329995036e-05,2.0,6.49,50485938
1007,2007 RO314,45.04619499566326,0.0976191622641365,0.2600964912992425,2.0402795372338094,2.0887140171929826,45.04313422141692,0.1031800162593868,0.2628049883115904,45.043134221416906,0.0818466373231428,0.2598240438836616,-3.991207717735589,2.1119778609696627,0.0001046759464446,0.0080122172259841,0.0010721844515396,0.2172955417002414,-0.3017664413543084,0.0464567434944136,0.0024170714244166,2.0,7.72,50485939
1008,2007 RP314,44.62604809585212,0.1226333345802293,0.2395000306864756,1.3807267711812583,2.7648568993063574,44.6248205844728,0.1206941010343657,0.2444170349752777,44.62482058447282,0.120712599934279,0.2419847197636989,-4.932489796771964,2.764347868321412,7.009811874828314e-05,0.0001705373596069,7.592273708237426e-05,0.260750336588151,-0.3310846010468863,0.0019336842617484,0.000516581716717,2.0,8.22,50485940
1014,2007 TC418,46.98235579459392,0.1922675182435879,0.1738066873612427,5.698498841476536,-1.005690336101451,46.98892662812364,0.200429012144627,0.1714924737394223,46.98892662812365,0.2000187646486642,0.1707003021043426,-0.6124623049932998,-0.982946205996332,0.0001486541709966,0.0007700826019591,0.0009735601404152,0.3240489182186541,-0.342824050036451,7.207373468322655e-06,4.308124633332458e-05,42.0,7.59,50398626
1017,2007 TQ436,39.19149725278448,0.2407082071830288,0.1603072285196279,0.1529127994715517,-1.7659614519570777,39.40418730042849,0.2373705914822645,0.1527884577508582,39.40418730042851,0.2152193714264729,0.1518806538430981,0.2927391223028435,-1.7340748551373968,9.266293066738374e-05,0.0160223860469777,0.0090619340213332,-0.273532248194475,-0.4191220211539604,0.0141861917077475,0.0029187887406369,54.0,11.18,50427775
1018,2007 TR436,62.95666443765357,0.5949871695723814,0.5527853944875724,3.0845191225651263,1.5814905850189551,-2098.144002016478,0.904736642627242,0.4739348710159034,-2098.144002016478,0.8619035358924625,0.1625597449818453,-3.7265023849496064,2.305058572060142,517.5120339146043,0.4001566196719632,0.1950580199097242,3.66127515457858e-06,-0.1096459256295664,0.0060022182533097,0.1052781578169888,31.0,10.66,50427776
1019,2007 TU431,192.7930983486534,0.8919618722898514,0.1181899910656471,3.706480711664659,1.772045587592742,-32829.958535014805,0.9931974468189436,0.0688727531134367,-32829.95853501479,0.9954263529759364,0.028173777322541,-2.431585750247683,1.6427930373639674,9282.590322507329,0.8877455822228372,0.0325970777007382,0.0036324723800908,-0.0029600812090425,0.1871223585132332,0.2064994428917904,54.0,10.39,50423322
1021,2007 TW431,45.96485567286081,0.1690542217185376,0.4531094565916041,0.0176453245935794,-1.6512433292758275,45.95658771423524,0.1735680406190109,0.4490811235422399,45.95658771423525,0.1706997456376066,0.4349000728536838,0.1357647233384173,-1.6580760924058229,0.0041359717890595,0.0023741615988987,0.0011868008215178,0.1069938341544254,-0.2199065945804568,0.0023637611007846,0.00069392528733,20.0,6.58,50424235
1022,2007 TX431,47.89363034026709,0.4420820453856707,0.298022726907302,3.7419840912970654,1.9093496947393729,-3682.7226220330217,0.9437453797072208,0.0694144513212794,-3682.722622033024,0.939580371766835,0.0404465037338965,-2.53791562768482,1.9800815412339303,1839.4895185425585,0.596630860914248,0.0317332881251706,0.0082495876950019,-0.1542558504103666,0.0083339118726553,0.1151124258641341,53.0,8.81,50424236
1027,2008 BN18,30.81450198448596,0.9151774720262028,0.4888576048215589,4.881958460708264,1.1151175158961617,-2767.9729545136584,1.000922708397651,0.8578409144576701,-2767.97295451366,0.008751042950924,0.0064336879682228,-0.2524117035389863,0.1581048756750034,12.977360981491636,0.7693407719731153,0.5807223852693532,-2.4106762427252777,-1.4618166291361565,2.1614431355008694,1.3042452398609612,25.0,13.8,50401345
1029,2008 LD18,39.92365816245077,0.3007051722896744,0.2271596686428019,2.111600916264303,-0.0220415713684926,-14457.925437533451,0.9332592026401968,0.2210482902727399,-14457.92543753346,0.910959099544905,0.0420192014842875,2.20489086303893,-0.0777262887431552,2190.5540846311974,0.8112821050522414,0.0387605269762877,0.1038521004933841,-0.1967828099907957,0.1595761547761517,1.113129407933588,77.0,8.37,50603612
1032,2009 DD47,42.88365347750005,0.9482898672539684,1.8619032238938733,5.447654528477871,1.1455563911566344,-7.133096641887099,1.6458071769654117,2.5817491976972544,-7.133096641887103,1.514238895663274,0.2428269528863124,-0.6054739331326576,1.0516525236712977,0.0866519507380101,0.4768690512639538,0.164661417230233,0.0019217189788178,-0.0024811333532369,0.0048730992571983,0.0048485310415318,28.0,15.81,50449135
1034,2009 DK143,43.6159522925655,0.1743293709290823,0.1525141435689438,0.4560644145560522,0.00454055527796,43.66915756428634,0.1369870335394478,0.1677638983091745,43.66915756428634,0.1097722657476746,0.1664552815647466,0.434442404717734,-0.1245436124219502,5.438071108405102e-05,0.008329341904982,0.0017134727125819,-0.4501692412870285,-0.3698308189920321,0.0276755207973603,0.0033030618692049,33.0,9.03,50587900
1036,2009 DM143,54.51215837647495,0.3419501875770542,0.263447361920247,0.2810849503962931,0.733012569755895,53.999376289817086,0.3499139529049735,0.245120789006484,53.99937628981709,0.317594767128643,0.2275093137011467,0.379678593332459,0.6506087673012378,0.437208376713413,0.012697728825156,0.017557995837571,0.172123417259858,-0.2284648043883308,0.0184774222639843,0.0093513393081879,72.0,9.48,50587902
1038,2009 DO143,44.18493756689902,0.1191124952687855,0.1795118364049786,3.863139044479024,-0.6493685203043178,44.19110849030209,0.116587284301046,0.1727449522711675,44.191108490302106,0.116483624049585,0.1719735932683603,-2.434877015184017,-0.6226177692256114,9.23647392743712e-05,6.398266832446429e-05,0.0001346636073904,0.3362071716733494,-0.3870898022559439,0.0017864860527269,0.0018386207756832,68.0,8.86,50587904
1039,2009 DP143,43.69421128091405,0.1059111284185349,0.2575891047017783,2.959082266926167,0.642430871627344,43.66862674652148,0.1792139209815602,0.1870344303844106,43.6686267465215,0.156678817100879,0.1861029087567416,-3.476411824828509,0.6720994057995312,0.000115412661995,0.0171361254239331,0.0148339571864854,-0.3369277546149349,-0.3390133033555578,0.0028680413261291,0.0047836996454875,100.0,8.35,50587905
1040,2009 DQ143,44.34278444448688,0.2659063205232782,0.1810344888831976,5.001059098568251,-0.9238808962959876,-785.6117983903673,0.9802170250633552,0.1462916569235291,-785.6117983903672,0.1093309876984723,0.0084322591374384,3.893758381831786,-0.8727525867531453,31.575718508702817,0.885999957487273,0.1223812352853338,0.0058873303582711,-1.9282624020164787,0.0091297201694245,1.7203371075079907,35.0,8.08,50587906
1043,2009 DT143,38.31373990522213,0.1251443734704105,0.5112424454755642,1.48418764928505,1.0492730819234066,38.37294381486845,0.1152645141558788,0.5198176418811664,38.37294381486845,0.1009039992562973,0.4972060349672227,1.1700645708451916,1.031653566559839,0.0668696736311236,0.0089576229415928,0.001077063402016,0.1426482887364562,-0.3758338082999266,0.0051481819879169,0.0004068092952011,64.0,9.9,50587909
1046,2009 JC19,50.92193387195102,0.3306051896604204,0.5397714156758138,0.7317319837749228,-1.353525527017199,50.75646599786669,0.3245604064476313,0.5421642026070644,50.75646599786669,0.2775376842361217,0.4989834270999576,0.8299969123820089,-1.362118286953968,0.0371941668179688,0.0205558692896217,0.0078336583729944,0.0594790364789382,-0.1575985860773986,0.0083319685925194,0.0037317136952239,11.0,7.57,50587919
1049,2009 JF19,44.10502733680582,0.3018915344825814,0.2634162564798007,0.4546116667089643,-0.9072111633250388,-105.74045001239725,0.9888110684457132,0.3060451166452563,-105.7404500123973,0.956768394416354,0.0518757613611001,1.0672733086560235,-0.6288769728296943,24.26577801336652,0.8374900868509282,0.0446034457073565,-0.0035214172406476,-0.4698856037593936,0.0255919638822189,0.3613549451600668,11.0,8.46,50587922
1050,2009 JT18,44.11635043785,0.2701765412622735,0.3026588095479339,5.508461588923733,0.4136273478198846,-1084.5237530595225,0.6554464684220598,0.2196843512759849,-1084.523753059522,0.5795776171002648,0.1459750330196843,-1.1131142889292918,0.8744103725989898,764.6356259287793,0.3269718458851393,0.0941591543588634,-0.0023488043657357,-0.4055284905739162,0.1338889730624855,0.1775897631279659,11.0,8.66,50587910
1051,2009 JU18,56.36008097895633,0.3178709118674276,0.4729531109982302,1.8122417475796784,-1.4511390720209916,56.36710778517633,0.3106221292130648,0.4766196858397451,56.36710778517634,0.3120902050854294,0.460594211332892,1.834200899951922,-1.4491568029650534,0.0001734167255344,0.0024978634532803,0.003001272988041,0.0585915727943649,-0.1145937347239254,0.0022568596019964,0.001753892659195,11.0,8.52,50587911
1052,2009 JV18,45.05496629783657,0.1485049621277565,0.2093162782562329,3.826652909918168,-0.0897796787041827,45.00157140118401,0.1431163342949103,0.2044961704640235,45.001571401184016,0.1423520132864398,0.2031414023502956,-2.3138616316982725,-0.1050386350967621,0.0100202965140233,0.0039796223149095,0.0022725593794367,0.3226807071969453,-0.3508751302768539,0.0097363173273234,0.0012888225836508,11.0,8.32,50587912
1053,2009 JW18,46.16578558140382,0.1113497790537636,0.2918399790685801,0.846586183048232,-1.0662552397092802,46.171726595449705,0.1119278074059689,0.2881725480163186,46.1717265954497,0.1121253885846997,0.2842020216566842,0.8412065671963113,-1.0630745333591114,5.714122831320441e-06,0.0002745332700715,0.0002986722167313,0.1909265622137846,-0.260641076671495,0.0015299318762018,0.0002505320447151,11.0,8.61,50587913
1054,2009 JX18,37.57463192184174,0.4620104525776889,0.3422551942722787,4.107198485276809,-1.2390022896454482,-56906.57504106202,0.9373400709883006,0.1857324663870833,-56906.57504106201,0.8251461913202714,0.0688549339295441,4.112302540879512,-1.0792442313615334,25400.5313746734,0.52549857029426,0.0723075395410283,0.0001496436194747,-0.1513990401549069,0.2796537781741929,0.3331575369238558,11.0,9.84,50587914
1055,2009 JY18,54.17221439914405,0.4407292582738391,0.3823542282048752,4.027262885973737,-1.3241544648593753,-23077.304981328696,0.9388827829895146,0.1972432799290382,-23077.3049813287,0.9242943275798772,0.0590687016730604,-1.636581986178019,-1.44983104142489,7546.456379972688,0.8188607173422198,0.0527585068445096,0.1092604300388014,-0.213045741980512,0.195608470372954,0.1045215616230458,11.0,8.71,50587915
1056,2009 KA37,55.30270236328776,0.3987198027780034,0.2405376173171328,1.993671979204244,0.3973020051909687,55.38948992295887,0.4077442847610883,0.2280846336769367,55.38948992295886,0.3173130912720889,0.2245172197481839,1.6457477759975658,0.2824930762521255,0.00011995695284,0.2186900755609187,0.0013540191363962,-0.0307659225717184,-0.1640041704547113,0.0160773930638124,0.0085837710962158,28.0,8.68,50587930
1057,2009 KJ30,46.3432739426335,0.1853561738659223,0.5569138878720965,6.14930140291746,2.566881028743784,46.348412305487976,0.193041932595784,0.555665911867774,46.34841230548798,0.1940557813224424,0.5286329790734384,-0.1274934040718687,2.565472180150702,0.0007451088881888,0.0015382289157148,0.0016548896775662,0.0540001135201167,-0.181181023239185,0.0020021322916684,0.0018220553262826,2.0,8.34,50464007
1060,2009 KM30,41.576490022899,0.0037483085386912,0.0693488116816197,3.747335982343163,-1.8591166446032896,55.58936708761287,0.3321802528912759,0.1375564265532723,55.58936708761288,0.2915991978637453,0.0889705612989593,-0.4777634334783318,-1.986579678478056,9.545784554824678,0.1167081362152061,0.0285659625637467,0.1592510541484297,-0.5805132865873549,0.1646636283657706,0.287919709046916,53.0,8.93,50464010
1063,2009 KT36,43.42671360033952,0.3645476152084181,0.5125809969009265,4.613799823099718,-1.368122979218589,4.031762516562252,1.2134673778559626,0.2091298148997709,4.031762516562252,1.1717306881749436,0.1431145235786897,0.7468957979646058,-1.1839347514690497,10.975041982243503,0.2748733791710834,0.091506803177643,-0.0026444410769341,-0.3614401794488612,0.0049876102454583,0.4151673554699531,6.0,7.71,50587923
1064,2009 KU36,42.85860167024303,0.1605929494975929,0.3339912215620566,0.9411424631901086,0.6663521338988879,42.8272568040183,0.16685819218417,0.3346981480067605,42.82725680401831,0.1145758455153104,0.3289509863321117,1.1766097410526029,0.6653043135530605,0.0073074096477581,0.0161619472133595,0.0015904060528028,0.2638296189602671,-0.3661579286277044,0.0991204265991288,0.0033559721145834,6.0,9.25,50587924
1065,2009 KV36,42.9749217079296,0.0366186420029623,0.2578120517606067,4.184848736712198,0.4106565476759086,42.978065471209625,0.0369726621776903,0.2599534353470061,42.978065471209625,0.0369214878550612,0.2571042924634788,-2.036982867532473,0.4085262552367569,6.10711618632693e-05,2.923683021746312e-05,8.099569003860359e-05,0.2653498553630248,-0.3616135362886863,0.0016553769180658,1.5706095458850377e-06,6.0,8.16,50587925
1068,2009 KY36,51.87317692369293,0.4634620145580067,0.4278040447283556,1.2102790165898094,-1.3479562983637856,85.43095401169569,0.6081197384531384,0.4968975652864542,85.43095401169568,0.5603704550867306,0.4222957189626921,1.3618315601414412,-1.4641358132362103,2.9612011403862857,0.0362050931050229,0.0845460338555063,0.0210146810684704,-0.0499320594621674,0.0020729846100173,0.005296644317165,28.0,9.18,50587928
1069,2009 KZ36,48.30144064710081,0.5852525021116881,0.2814038240065842,5.773888780778216,0.6275071480651523,-57969.15417230783,0.9663160957110288,0.1231780509001664,-57969.15417230781,0.957722778752964,0.0257366199942059,-0.7252961753891385,0.7816871571597409,18648.180877155428,0.7421322217687638,0.0452273063965231,1.6382007221498297e-06,-0.292374391034812,0.1792801398887412,0.2454783389902334,28.0,10.32,50587929
1078,2010 EB46,34.89298123062224,0.9567559908316032,2.7229363673368185,0.3924245815092142,1.131678304095015,-6674.88452186521,0.9985642127916052,1.3299544998289765,-6674.8845218652095,0.0156604693931612,0.0133023234043218,4.486735645493268,-3.139068530524866,85.59581032131295,0.6228001575639894,0.6042757151556224,3.518268701510406,3.545676945617009,3.1577164893490464,3.1660163278992965,62.0,19.35,50512062
1084,2010 GS136,35.80551147163548,0.8196072806820353,1.4714749321826297,5.7358526689401685,1.6705322437781327,-41.599704489370005,1.0950517001766753,1.3098598083044264,-41.599704489370005,0.0533655672367226,0.076455841528193,-1.3990698475242944,0.6325971543931113,2.4932127395768786,0.6627526242431218,0.5635940121349049,6.164137709478479e-05,0.0043067996431521,0.2421995311091613,0.0426102668242155,15.0,12.6,54422755
1086,2010 GW64,62.06039924584096,0.9401910517016128,1.864513594650928,2.6711990070155025,-2.8951164053998126,-361.7777198404803,1.0050235959034133,1.867295563674732,-361.7777198404804,0.0118323916147641,0.0146499650329467,2.3814337784694435,-2.599041295355523,3.4085558754216607,0.010939871864804,0.014288110978625,-0.7006421294035393,-0.2099952005986108,0.5869217610505816,0.3030633254760989,252.0,14.9,50516425
1087,2010 HD112,44.51970599336952,0.0309599429970663,0.0953116215700986,5.308043827521903,3.04819341145288,44.51682877906212,0.033848253181161,0.0997574966844048,44.51682877906212,0.0336646195626241,0.0995237128980714,-1.080162627288301,3.0170990036417944,0.0001140686918678,0.00121941508755,0.0003680090212269,0.352222794722572,-0.3639591481262024,1.0061257485961622e-05,0.001070926093329,50.0,6.46,50540772
1088,2010 HG109,39.82531481735096,0.2331629551647241,0.4953083763923397,3.258436849227347,-1.088052068170572,240.73312897477703,0.8311540161977808,0.3431798082673784,240.7331289747771,0.7818761810599858,0.2730677392361952,3.807236502499104,-1.057384220556379,73.73389143477974,0.0765221288608541,0.2459240118975057,-0.0024726626697724,-0.0378390677034451,0.0057650804383414,0.0185446162051359,49.0,7.34,50532433
1089,2010 HM23,32.3404455718575,0.5794997067109957,0.1187455348092622,5.383307158233952,2.738698840982844,1350.3632917320222,0.7928146615725996,0.3526783138069755,1350.363291732022,0.7419748896763875,0.2137643901723342,5.09202711890036,-2.879989256963205,975.5806508375472,0.1754333048344891,0.0723768198542344,0.000795181624028,-0.1855844258174772,0.0060227621021623,0.1145644681070961,50.0,10.92,50518386
1095,2010 LK109,45.1271952645147,0.0737080915137964,0.1235398665461193,1.3453835683674225,-1.2314398569303209,45.125084194565545,0.0769140928703628,0.1171360438455712,45.12508419456554,0.0769614057307207,0.1170217277672211,1.3283067112009466,-1.1938809938088266,1.2285229973458127e-06,0.0012888554974745,0.0008400352494848,0.3267050303779135,-0.3451978477735663,0.0016164292717037,0.0017304544578519,85.0,8.9,50532422
1096,2010 LP68,36.40572510313952,0.0597918010480587,0.2129438614109107,4.795447453167474,2.752422341560325,36.43338349216825,0.0746057989002235,0.1930200935392383,36.433383492168254,0.0523190566819619,0.1583992092463677,-2.142868915941876,2.95801837799786,3.99783262617528e-05,0.0010582244712196,0.0009984759483816,-5.272597014395108,-0.635004169894095,0.4736151307735979,0.0100376765794422,358.0,9.1,50529705
1097,2010 LQ68,44.26690845447346,0.1868707543731189,0.082434346384914,0.2348146287188406,-2.9240323516564457,121.29713687567092,0.6187900205787847,0.1914665520033044,121.29713687567092,0.5312505050439803,0.1454502937147116,-3.683409622772112,0.7021609135181226,44.57291066411732,0.1456064598228806,0.0268350457575915,0.0520691859193561,-0.1562805041458506,0.0162883175610116,0.0279380266510552,358.0,7.6,50529706
1129,2011 GM89,52.79004726558296,0.3028566117390087,0.3003107222814863,0.3976281614632668,-1.5547890637835693,52.898537269927,0.2780339032449168,0.3153747760239507,52.89853726992699,0.2349602167467601,0.3111998325114408,0.1885373707923625,-1.550379396769603,0.0001223701329269,0.0196495959037905,0.0069862056094009,0.0560638331095739,-0.1720378527302331,0.0342357132680319,0.0032482964513482,355.0,7.1,50757929
1130,2011 HD103,44.07908453819111,0.2574014617023757,0.0733841855032854,5.215985969978893,0.3239800989139678,-831.3779375901008,0.8426403213489088,0.2466826998677883,-831.3779375901007,0.8020379139239622,0.1243688686557526,-2.082037740368297,1.931654854065395,2810.2019467332425,0.1515987888753128,0.1308348263982864,0.0003978810020865,0.0012077733318375,0.0050155484618767,0.1219591944873415,358.0,8.4,50630841
1135,2011 HL103,42.273279416585694,0.1587952788773473,0.2247531484620404,3.7814640309898895,-0.0729901965769981,42.271940853470966,0.1601118779821496,0.2231487075825637,42.27194085347096,0.1600422796587259,0.2213242772892101,-2.5044041809683524,-0.0641154951243344,5.56318846499835e-06,0.0003180295567431,0.0001836120020422,-0.88887989765477,-0.3310877063891797,0.0036060283537774,0.0013394694959396,65.0,7.94,50673767
1141,2011 JD32,51.3988533340825,0.3536329158991316,0.1972722449445855,3.71260334772846,-0.0233575147711704,50.75531404834002,0.3232089957928161,0.2290098838976054,50.75531404834,0.2605885221798758,0.1865180707843099,-2.642955349162916,-0.0819551348258962,1.2070953865290357,0.0260005897249039,0.0232410941234825,0.218607059404165,-0.3015994469929739,0.0047738158473018,0.0420409711788465,63.0,8.72,50673768
1144,2011 KW48,37.39606432181176,0.133711009612669,0.086006211209097,0.5907076580677382,2.631082814397117,-2459.638279046965,0.621980942703978,0.1991691709229636,-2459.6382790469656,0.5733944330948999,0.1457008957887752,-4.230967053306753,1.2468541548955108,2318.006689431561,0.1776027357137498,0.0384175466055986,0.0008347536124638,-0.6243838791411295,0.0066537637017425,0.2058325913984663,34.0,8.81,50673769
1193,2011 UU412,38.59863887233575,0.1503896464749358,0.4052454101684204,0.2009050243263663,-1.4972728684564722,140.79590673699687,0.3593371107382392,0.226176401117565,140.79590673699687,0.3129897501134082,0.1690601400284019,-0.5793739122698347,-1.1878109880540837,91.82312305938092,0.1746964265455197,0.0490369459069406,0.9067720944932658,-0.4767136904738631,0.9518571960814822,0.0396047659418789,36.0,9.76,50696109
1196,2011 UV412,48.69296850503496,0.302500635987271,0.2129814148759711,1.0026868340287276,2.0676960358005347,-50.33717471263908,0.8216480712417346,0.2043342669796614,-50.33717471263908,0.7758183017677858,0.0789674424251958,0.9300565421384008,2.1998969827470654,52.48245104513576,0.392827075036726,0.0673626132034904,8.620605998104623e-05,-0.3527167867198541,0.0116721688207926,0.2739138660131958,305.0,8.0,50696107
1202,2011 UX412,44.064965334251895,0.0851058534022334,0.5326777533001745,5.5172598261212125,1.94899724973256,44.06083005471999,0.086394095810285,0.5346549147514879,44.060830054720014,0.0865916299828992,0.5097841567260071,-0.7725387020559469,1.948695498743214,5.889687254504705e-05,0.0017834507166453,0.0002518867495998,0.0680920004132412,-0.2113326277032303,0.0017966840026809,9.510745145879306e-07,37.0,8.14,50696110
1205,2011 UY412,42.78104351794997,0.0254851631803156,0.1422912749020324,0.5256275315145791,-1.7924567945208307,42.77702482274939,0.0280937448748418,0.1290661113301981,42.77702482274941,0.0274432749193903,0.1286842244516152,0.7057859872845955,-1.7935315362870228,9.605088093033388e-07,2.114055749289309e-05,8.104523454495633e-05,0.4061260423646426,-0.4434239590422125,0.0012153284989961,0.0018241309462275,7.0,8.91,50696111
1209,2011 WS41,36.32944250845178,0.9425487788569548,2.4453130943845856,5.704714837083517,-0.0334247802600923,-451.2653910032726,1.0014938061637433,2.32587314406654,-451.2653910032728,0.0150594824032753,0.0122618440598975,-4.205421505643545,2.6585488849100245,6.554215848332695,0.441405247278588,0.3204632394630686,1.3261336383933655,1.3957199191356775,1.180066612366464,1.242958108948622,20.0,17.5,50589249
1217,2012 FN84,52.75690496286284,0.3528911559053838,0.1630723551717376,0.9338846920256128,2.9299494668548496,52.8992205082479,0.3479004410022653,0.1755884649975126,52.89922050824791,0.2948079288867535,0.1703387569790252,-5.693218988006148,2.864247718459193,3.043682326449481e-05,0.0401066215219134,0.0030426944734334,-0.0749587283162202,-0.170890487437354,0.0131066523917756,0.0046557604478429,119.0,7.9,50757942
1220,2012 HD2,60.624332294296686,0.9578600454858264,2.561176945953449,3.5423580167799424,-1.453828472635239,-2392.0629472985142,1.0009264968826403,2.559919336140609,-2392.062947298516,0.002675385666986,0.001561916514012,3.1586609534468435,-1.5706947698600666,78.5681403739015,0.773283333178653,0.4244821423460594,1.200383305237415,1.0951323903088102,1.0717620210515602,0.9829817887425846,302.0,15.3,50602757
1244,2012 UU177,43.56879212417264,0.0399993226323263,0.3099804340742704,5.04148804187598,3.067921285672194,43.56752633555703,0.0368130195681605,0.311049300263321,43.56752633555704,0.0368202324319644,0.3061061489035849,-1.2681601801816949,3.070079125765736,1.826624303207108e-06,2.9937073248382293e-05,0.0003635211087174,0.2305341602877509,-0.3123003161043801,0.0004006468383569,0.0010774776678081,2.0,8.49,50696112
1259,2013 BN27,53.62338565543726,0.970880425822102,1.7509466642633256,5.232067240291292,0.3548776578993294,-10748.802258479183,0.9999836613693078,2.257890771026893,-10748.80225847918,0.010473928621912,0.0045120264609197,-0.931505444178668,-0.0770378277783281,82.42247853511907,0.0101191455029173,0.0042746293656822,-0.264016554363874,0.8464110433815462,0.2403106615907291,0.7576774739088267,52.0,17.0,50625140
1306,2013 HS150,55.600180666922526,0.9496339298178028,1.6988641527437185,5.820713607864185,1.6540205749997867,-35.56348330970356,1.0071349832633814,2.4656579631485007,-35.563483309703564,0.9992659047259992,0.1022613134840581,0.0535814627008108,1.089846032357258,0.1321874303461708,0.0194333931866316,0.4989642242782263,1.4686478147493783e-06,-0.0023625959935577,0.0048562228112325,0.0057349134669922,23.0,16.8,50646100
1328,2013 JT64,42.55406173668016,0.1887694995606577,0.137697365504019,3.1004771972219274,0.1403757177991882,103.85427655711328,0.4887925208839614,0.355486039310148,103.85427655711324,0.3601514588867209,0.2912944884023987,-3.373265964017852,0.7714525131464094,50.47041021253612,0.0815678420459893,0.0352041090185804,0.11881683725034,-0.1935463507770399,0.0555017174571359,0.0411603544164221,3.0,8.86,50727238
1337,2013 JY64,43.30716278137373,0.0587868692001377,0.1248617050433664,2.4936329389633443,1.2581857558708334,43.30704545970804,0.0517146226817332,0.1335243863193063,43.30704545970804,0.0514881435201513,0.1331179615097876,-3.7005018450545615,1.2245776425254615,4.303319781699758e-06,0.0005435098617315,0.0001731089800379,0.3851343310439825,-0.4179645200395683,3.2068882949371195e-05,2.94580453825125e-06,2.0,8.51,50727239
1339,2013 LD16,75.50649132841676,0.96629065203574,2.69608583793288,3.3117210350900304,-1.372165869928329,-2095.1916025401406,1.000951886963518,2.581761557805648,-2095.1916025401406,0.0131109990907251,0.0068581506435763,3.043846375358495,-0.8949550726001183,424.1687417896792,0.7652741685126316,0.4064601816590714,-0.1583318393453681,-0.1582353681566539,0.2081972602327925,0.2048386354504973,262.0,16.1,50640769
1666,2013 UJ15,52.32597064172667,0.2899055382304998,0.5639524606947882,0.8032039416928676,1.1220568052097195,52.188744885531776,0.2793524577634682,0.5686843381366893,52.18874488553179,0.2241879906216805,0.5389704953791898,0.6986080106838197,1.1050374678459298,0.0278522073879514,0.0219365283780176,0.0013830132018185,0.0389657776273479,-0.1267843356481712,0.0046558626417916,5.458376546075222e-05,362.0,7.0,50757926
1744,2014 DM206,45.17428660334079,0.3190420091983441,0.4105678061850948,5.389905015154034,-2.596966394039008,-2328.136318706926,0.9521697156952142,0.1253107169904697,-2328.136318706925,0.946092562445506,0.0348732314167715,5.38909220666094,-2.367139988832943,5297.836550360668,0.8466726691310523,0.0341732700817327,0.168003403589443,-0.3066662415389014,0.1792327051482582,0.2763817728700102,14.0,6.84,54458529
1796,2014 MT69,43.37431122506373,0.104754743375541,0.0364973670342489,3.658455217202263,1.0103179541076894,72.68038838510495,0.3506896385939594,0.1130375659616838,72.68038838510495,0.3001182802920935,0.0854528280432845,-0.7996567092734668,1.3182185368844368,24.9600201547434,0.1571634701350121,0.0123424256761823,0.5389330053247661,-0.5095943623803207,0.3903941137985973,0.0826492613942895,40.0,11.51,50713033
1867,2014 RS63,59.13802471681377,0.3706481052772657,0.4964136879983063,5.472908545078338,-1.247118680750425,59.14386190306944,0.3680459285799481,0.4969163629458159,59.14386190306945,0.3163958078594858,0.4786950053118669,-0.9098801279765728,-1.2286094202113718,0.0238101788198038,0.0398602518908457,0.0032395669302104,0.0578747981796913,-0.1041565125792989,0.0041964377062823,0.0013108376247671,55.0,6.84,50773023
1878,2014 SB350,49.06970912192173,0.3028470126802904,0.3408456564058822,1.807086193331884,0.4593069645863284,49.01040337855274,0.2830013197624557,0.358737467848668,49.01040337855274,0.266888809380388,0.3512987374245139,1.8996099011625924,0.4788142663323689,0.1119253410717514,0.0138430212922856,0.0013956266758146,0.1413527081542963,-0.2348127921477404,0.0038920150975928,0.0007442863517785,62.0,7.43,50757944
1887,2014 SE350,49.51722786988305,0.2373329395682193,0.3997007080938949,2.4368619118250194,0.5451065022023974,49.54303947986648,0.2416872760729017,0.3974176414698612,49.5430394798665,0.2417179055801462,0.3871446639640617,2.471545881568864,0.5465736774641948,0.0004556922644597,0.0010009540167879,0.0003245934193209,0.1103614837788704,-0.1925454375868696,0.0006340666763991,9.600817726018011e-07,59.0,6.9,50757947
1892,2014 SG350,52.69981649087914,0.2365108664664757,0.4391274586400925,0.2269135943315632,0.0182161167676273,52.73302034117871,0.2471923426501608,0.4342239115767694,52.73302034117872,0.2470217276257663,0.420851015078861,0.2578942595077865,0.0184149206535928,0.0016979634706359,0.0002849117551776,0.0007669391056522,0.1033046584281821,-0.1432358480022508,4.370455142156544e-05,0.0011223590948324,62.0,6.83,50757949
1895,2014 SH350,44.09926944382996,0.1731270960564618,0.161884310055651,0.6809077839501461,-0.8082736257219885,676.4639566140653,0.6985654550351544,0.2204971288214608,676.4639566140651,0.6434022713745781,0.1464799964626616,0.618057352217455,-0.9201017530213548,2654.565706508412,0.1680173426807921,0.0387479186918177,0.0010109749948366,-0.2444647192137663,0.0315111425329008,0.1147119177608425,36.0,7.66,50757950
1896,2014 SH378,41.093412764117055,0.071754580620321,0.2859462193490235,0.5472474511522751,-1.323740410593417,-7174.691344660711,0.5885121688149834,0.1102912831115197,-7174.691344660711,0.5608458860545891,0.1032249706053591,2.96258227071176,-1.2381490149399816,5393.47706899879,0.3358335869872176,0.0703243080554263,-0.0023519150698733,-0.4679843953812645,0.1638425320175572,0.1692392400691796,31.0,7.4,54017347
1898,2014 SJ350,43.54484766596977,0.2795140302185253,0.1787965915561174,2.2577338678954284,-1.3694012736261898,-5044.258648270127,0.9311847131636708,0.1567040712742916,-5044.258648270128,0.907713711136456,0.0493944864727767,1.3845470514067422,-1.66557227183219,1456.6042034156449,0.70458637212292,0.0744254480777907,0.2257608254331876,-0.003120392376156,0.2250072459257754,0.022700122255296,59.0,7.0,50757951
1900,2014 SK350,55.10302134194267,0.2708914780728447,0.2748580430155055,5.819918468923916,0.1472053873804388,55.17927942220605,0.2777273459133645,0.270735789535076,55.17927942220607,0.2775722161869551,0.2675446925443346,-0.4690883835593173,0.1533291025968128,0.0005294125619672,0.0001942616058653,8.454190521147327e-05,0.2403277829521723,-0.1714151804931647,0.0006970485697392,0.0013725161062162,60.0,6.76,50757952
1902,2014 SL350,49.43075210092557,0.2179324555708449,0.1348977235599888,0.636213743368435,-0.7401854458544808,49.42095620699784,0.2164594047195049,0.1239963665316249,49.42095620699785,0.216931453178982,0.1236412164886969,0.607083692138003,-0.71933605699773,0.0002981034710268,0.0007233669775975,0.0013490494872753,0.2537234393168557,-0.2794263185358692,0.000120185176973,0.0005662351470812,60.0,7.82,50757953
1905,2014 SM350,45.06584069032007,0.2249674340171581,0.6025739226523041,0.5067663071144519,0.7499181868233549,45.04136348740745,0.2132906522227737,0.6070233449180273,45.041363487407445,0.1896742841767565,0.5705131726621024,0.6084274393416723,0.7763510565225197,0.0001079014536285,0.0324183705920248,0.0013038489024563,-0.0550686611194723,-0.1854306864424323,0.0108168686769005,0.0019970719665267,60.0,7.4,50757954
1977,2014 TU85,48.931840785920656,0.3127994980413772,0.258791488112514,5.317447000381679,0.2503980337923121,14.459665889978169,0.269644422039613,0.2515963487747961,14.459665889978176,0.2102966875681756,0.1979542752370406,-0.8332108148360176,0.5131421001555828,32.18462295137832,0.0328570180877617,0.0193516904431635,0.2398498355539212,-0.3818747354372749,0.126212561696087,0.0382073574467968,57.0,8.64,50709496
2027,2014 UM271,82.02059926726301,0.5791784572256621,0.6305842633293797,1.2934521558352845,2.957046824580946,-2163.929043796072,0.8916058473182806,0.4089642178544298,-2163.929043796072,0.8564849440928285,0.1219335268462152,-4.33008715876635,2.9656711019261324,618.2082342276617,0.40154709778332,0.1580593254831826,-0.0032322310332431,-0.264945995776211,0.0079594579068132,0.2068900129296314,6.0,7.6,54160997
2182,2015 DB225,44.23850701386092,0.0152455775197454,0.0288182554423281,1.9626511468401129,-1.0433305454610338,44.2399083713014,0.0177377773367251,0.021478727940457,44.23990837130141,0.0170871433300293,0.0203691222582174,1.597082618437548,-0.7830013136923979,2.5415989164270256e-06,2.9915464170981952e-05,0.000303066275028,0.3906988708353036,-0.3876115272923203,0.0008735183722955,0.0019367745148786,56.0,7.5,50760709
2185,2015 DC225,42.8301044497936,0.1851433616143517,0.1443495324063861,5.489522048355688,1.0843904431017384,83.32809878060631,0.4190507411144334,0.2786065506724219,83.32809878060627,0.3761010040772716,0.2275880583417327,-1.0222117131437558,0.6562372565545267,31.84971419454588,0.1357525075497237,0.0297712163619046,0.0398963891145099,-0.0792151345783851,0.3280908487142428,0.2117262893350752,56.0,7.78,50760710
2187,2015 DD249,88.41401167671124,0.5099541928510399,0.3255082173264087,4.99178471053702,1.6869559873322937,88.42350376630479,0.5070421765666753,0.3314900204401498,88.42350376630482,0.507252730113351,0.3256744235897036,-1.2884465313939444,1.6960604987884251,0.0004135848215308,0.0001743374961501,0.0028410693577752,0.0328735547994006,-0.0399181209785325,2.330260882357385e-07,0.0008356135885306,10.0,6.86,50825801
2189,2015 DG249,43.28586349691633,0.0617685550631213,0.2873891902182029,2.54445870503838,2.252230936770394,43.28864597613757,0.0643559076609155,0.2927957603107423,43.28864597613756,0.0643746036334569,0.2887709979512252,-3.79231965690577,2.2507568514452485,0.0001513097486764,0.0002067268617574,0.000433121217905,0.2325322583585124,-0.3358054740442712,0.0018240855178456,0.0017877849066119,7.0,7.48,50825804
2190,2015 DH249,44.05884552734659,0.0753520804433498,0.3718030593621584,1.4550633559481518,1.7416099773242892,44.05824305431262,0.0714569695982227,0.3764343358185045,44.05824305431263,0.0714845858647716,0.3677147732791343,-4.829300083283018,1.7419427870292574,2.6805489607466188e-05,0.0001508666401939,0.0001113608239061,0.1573168600211424,-0.2723803925492418,0.0015445359630071,2.4332443595489548e-06,2.0,7.75,50825805
2191,2015 DK249,45.22395873754754,0.0990686158859194,0.1462473527181625,3.175046636153905,2.702750843958311,45.22792583874183,0.1058089088033323,0.1509402618738888,45.22792583874183,0.1057508376015751,0.1504229759990832,-3.072804996043919,2.6924285938170005,0.0002283694398517,0.0002342513015377,0.0002099646737019,0.3099464382814736,-0.3428703942858119,6.3030150269214775e-06,4.12087613065071e-05,25.0,7.48,50825807
2192,2015 DL249,41.06031249763129,0.1831168973130353,0.2720405114976921,3.9690097943311535,-3.046811626231713,50.700153736935285,0.3755804161932759,0.4444017179608538,50.700153736935285,0.3044353055779688,0.3955827410055454,3.4134198590577665,-2.8452806997411546,1.3157302611797683,0.0192575671301027,0.0639699408226987,0.0647758240531354,-0.1932658424777174,0.0732006268340859,0.0028894312230027,7.0,8.84,50825808
2195,2015 DN249,41.23505503405976,0.1016838063168214,0.315636282714589,3.9472180024588432,-2.995492204391587,41.23448963505156,0.1015405310259465,0.3138931440268717,41.23448963505158,0.10031064452443,0.3087116699219879,3.733593978579046,-2.972188136068365,0.0033385588450636,0.0004703158112932,0.0001638975193025,0.3379034180572285,-0.4203083786144583,0.0054077090131921,0.0014440548520341,2.0,8.48,50825810
2196,2015 DO248,41.49361034288871,0.1589231004499799,0.4042085254928215,3.824328025261737,1.6408642059802705,44.49562328084686,0.2348505430177761,0.3494180823882738,44.495623280846864,0.1961997708927657,0.3238366063333618,-1.2842066882525287,1.5391312462128304,2.523042550964729,0.031407624022043,0.0572421094351994,0.2498828514435637,-0.3713860269528122,0.0142301697339218,0.0088058442030666,5.0,7.95,50825811
2197,2015 DO249,42.213223154968745,0.1697989180757169,0.388982866843472,4.2622113752898265,-3.0499340751472976,42.27074890030524,0.1456443740380728,0.3982593102324399,42.27074890030524,0.1454023347634976,0.3879858576640246,4.44211691593261,-3.079249010636304,5.37911287627221e-06,0.0011805149833214,0.0004323064709523,-0.6927114280558241,-0.2794235668253134,0.0018826321565976,0.0014222559719639,7.0,8.65,50825812
2198,2015 DP248,41.96426598083244,0.0948140958025582,0.3567195951055043,1.3493810485858448,1.8553936263298307,41.96277512459385,0.0883121299752461,0.3643599016513173,41.96277512459385,0.0882412842221977,0.3563307656018653,-4.971625568473791,1.8606642302558671,2.416848470357393e-05,0.0009715017812523,0.0002541852579786,0.2300972659447633,-0.3475183473636992,0.0001860396819636,1.7460598579379675e-05,7.0,7.31,50825813
2199,2015 DP249,40.56364721352749,0.1087617283437472,0.3273824949639258,5.910912875684473,3.086323844123497,40.57374755136049,0.1117863086788986,0.3262815879165656,40.57374755136049,0.1107982693511249,0.3205031931585035,-0.4845239276146165,3.1155233388073205,0.0027543974517678,0.0001541522545846,0.0003055988225965,0.3425303978812742,-0.4472969215461632,0.0054189124131052,0.001094107906683,5.0,7.95,50825814
2201,2015 DR248,48.05146997156102,0.2050957655024172,0.2906479283372484,4.643023516685869,2.200411382176505,47.75939499380179,0.1897018325514155,0.2913368818587581,47.75939499380181,0.1426714338811467,0.2240722721397952,-1.049624391674808,1.8054873683997124,0.0421391317009948,0.0165647793037797,0.0465223059899889,0.3661169940325804,-0.2772753321342602,0.1936614643967521,0.0243394245272736,33.0,7.85,50825817
2202,2015 DR249,94.73247076413372,0.6181965186870217,0.4875521172318268,6.231484940718234,1.4576110201904764,86.24894009230702,0.6080519928517033,0.4316284874503264,86.24894009230702,0.5292260235923604,0.3224123136120583,-0.0790599733367816,1.416646710688939,5.472930339897883,0.0214372964026304,0.0564781473300476,0.0419186235963678,-0.07767703790476,0.0116911050945292,0.0162863447495139,10.0,7.67,54143839
2203,2015 DS248,40.69340893426092,0.1085143425604533,0.360333371208065,5.991864832444828,1.964994796589886,40.64423374612946,0.1106289624972566,0.366487166380147,40.64423374612946,0.0694441106904472,0.3583424106829831,0.1777793987842275,1.98478713867552,7.078518008492544e-05,0.007578624963232,0.0009888103446902,0.2709189459077415,-0.4044633383139393,0.230869146402996,0.0012856433848793,5.0,7.94,50825818
2205,2015 DT249,41.19333842494585,0.0570949286564692,0.4529214319343498,6.231971388530417,1.558902830441896,41.20648489449597,0.0614326217869161,0.4570486919175571,41.20648489449599,0.0612736988307385,0.4417455170224092,-0.1415428298827219,1.559636226110553,0.0003756123366839,0.0001496733291918,0.0004648013747995,0.2160221751046803,-0.3101525983909822,0.0003897390334457,0.0001911842617078,5.0,7.52,50825821
2210,2015 DW249,45.12184712894201,0.2143444565209055,0.2656357157076949,5.612412456850434,1.9496628052291909,45.06721410252968,0.1901335476800932,0.2780728319674692,45.06721410252969,0.1782304207980846,0.2749140183565696,-0.8380291720087647,2.0038186732263448,0.0119709893098811,0.0185686524906069,0.0027798499036576,0.2804076555806368,-0.3377998139291859,0.0075250863458028,0.0011317400984746,34.0,7.72,50825827
2213,2015 DY249,40.85753047649709,0.1320346504118112,0.428862125765078,4.884397193582871,1.386506779693648,40.84301525733604,0.1336316907792678,0.4336664890526019,40.84301525733604,0.1281975903775839,0.420229827268918,-1.168333446860827,1.3864964438428176,0.0036559821349961,0.006089877360766,0.0007530001668795,0.1743565329297762,-0.3529271476918268,0.0058272287048511,0.0005254342384818,2.0,8.54,50825831
2215,2015 DZ249,43.83364589422114,0.1308176558763075,0.273192490040436,5.391729003950226,2.664265112900641,43.82721210779896,0.1260648607011052,0.276392298093712,43.827212107798985,0.125862246696684,0.2731026368617201,-0.9590397484851416,2.6798794515660704,6.844754817965091e-05,0.0001723203771852,0.0002734270412865,0.2783425985490633,-0.3453430464030714,0.0012056277806625,0.0019364438090287,5.0,7.96,50825833
2226,2015 FV403,47.43557206446733,0.1937410312055421,0.2235747668691168,0.2811594216363682,-2.2178877914435624,-5928.568931248897,0.8153138659186593,0.4625469921856967,-5928.568931248895,0.7765600926194429,0.1936369506887106,0.6958457483008132,-0.566485266396171,1892.9810000492523,0.5787716948728853,0.1736281269834785,-0.0027338656942534,-0.0024813554609826,0.0245782167576187,0.0241843544513505,358.0,7.7,50799894
2228,2015 FW403,46.27663616432032,0.1369493756686453,0.684689379575567,3.16067733520235,1.354069118624356,46.27316515286034,0.14281782883255,0.6847716580530048,46.27316515286033,0.1425900600245998,0.6324971488895639,-3.127184325406115,1.355703069120327,0.0005020199314185,0.000323031863144,0.0010896225102881,0.0093875144621954,-0.1432351864470105,1.046910760050424e-05,0.0002020417550301,358.0,7.8,50799889
2229,2015 FZ397,30.266553019062087,0.272344162381379,0.8147561208155066,2.8554631966681807,1.3197114690712122,-48.482080365612575,1.0821875910107803,0.7334694826646073,-48.48208036561257,0.0434980716534274,0.0288620140527392,-5.0162031538967575,2.1504397701803404,2.006227838556621,0.6660681189476402,0.576319437687295,-0.0926455248480797,-0.262418086808013,0.2175486560021917,0.5236467440642114,7.0,8.34,54378887
2230,2015 FZ431,62.823101261356186,0.4428568346707988,0.2547050623488777,0.8088025783222195,-1.1182385776421455,62.546837854964274,0.4326328250510334,0.2579525867357302,62.54683785496428,0.3490040854389749,0.2548099382601885,1.2228407124775431,-1.1264358008265538,2.8459579866163844e-05,0.0251025939157509,0.0010616281243301,0.039589587480578,-0.0939273307167192,0.0150050802984346,1.7588961080204276e-05,96.0,8.1,54049895
2382,2015 KD163,35.98366430359421,0.1831767018976623,0.5762024625063695,2.6593932769398947,2.99976250175703,-3723.06610947098,0.832170785266136,0.2432821376139032,-3723.06610947098,0.800628693701664,0.1829843017747023,-3.520445927606192,3.002424229209458,2865.9564941852336,0.2233757777176143,0.0879526024581381,0.0005821615880297,-0.1752110405130407,0.0092109415581401,0.3355821703469419,27.0,6.96,54297718
2449,2015 KU186,46.61526773808628,0.2075539391288396,0.3283172580132197,5.2250158669528375,0.0925819346724135,46.6285569941981,0.2062314810577936,0.3296003983804606,46.62855699419811,0.2062701289239842,0.3241102426071424,-1.0777015898162796,0.0989256547365215,0.0007183756989279,0.0004703033590276,0.0004630882819986,0.1761132800782054,-0.2672181594628606,0.001452445735784,0.0004495772520887,64.0,8.0,54017350
2450,2015 KV167,51.4774180101769,0.268052655646543,0.4639834415084364,3.803310549022729,1.2131549514691915,51.65889007298781,0.283465770946085,0.4618349490954578,51.65889007298781,0.2462891080619582,0.4385490370703093,-2.3048656496404725,1.0500318993688866,0.0281950915361694,0.0337063137533501,0.0021664705526973,0.1060757792039379,-0.1597849765821047,0.0199239721022288,0.0001962213623772,328.0,7.2,50799892
2454,2015 KV190,57.30133976039709,0.0061189732924779,0.3177977331721738,2.078720117838514,0.4967583038416976,57.30118062578461,0.0054651692691481,0.3181232185566405,57.30118062578461,0.0054793083539984,0.3143476432144093,2.042185048857206,0.4978284281640567,8.96298088633703e-09,0.0008706906681566,0.0012686321494196,0.0727821707244393,-0.0945307888868156,0.0017364149080697,0.0005809776224713,25.0,7.55,54049896
2468,2015 PK113,36.638725094287246,0.9609780769087404,0.0597065056202328,1.5802431471874554,-2.802177739582176,-1702.5875387593778,1.0010140255184448,0.0516487771296446,-1702.5875387593785,1.33934050885695e-05,1.507516987869212e-05,-0.6005917830546044,-2.436858208547613,0.2039244079687746,0.6330898846531684,0.0326456558566414,15.488906592170885,-30.977952300327832,13.938360510645534,27.704414234636307,1.0,18.32,54390736
2469,2015 PK312,89.8730506255853,0.6516973315267335,0.391984813175361,3.882847966687248,0.9643281597256188,93.33266300542864,0.6447507805230801,0.4331757865218968,93.3326630054286,0.5838358981694205,0.3288618733996489,-2.481019541311653,0.9308046348724636,2.383487695381074,0.0388915769566123,0.0532224310223551,0.0279915846555457,-0.0563221420758976,0.0041645532758607,0.0042599179974698,62.0,9.82,50742907
2471,2015 PY330,44.54749384755743,0.1041200196222421,0.1241521062146403,4.962457279028413,-1.4625000395983705,44.49798628165371,0.1011820253400503,0.1210833049060277,44.4979862816537,0.0952044220193843,0.1206337484484327,-0.9737132409621192,-1.4485508796617328,0.0050391293295102,0.0115619456776857,0.003601575922462,0.4198395615316067,-0.3874665828444419,0.0116424202608224,0.0022098305389436,21.0,6.67,54017336
2473,2015 PZ330,38.95435863013117,0.0371179583175601,0.4663343796544258,0.411082867975419,-0.1926116673596014,38.93800896134565,0.0394295469309658,0.4638395392330207,38.93800896134567,0.0394065392237817,0.4477074587857167,0.5786042226522439,-0.2150777971334236,0.0044423063490942,0.0006712022059524,0.0004366224972299,0.2754007774830457,-0.3859304689216985,0.0021239150050774,0.0008008768761856,21.0,6.5,54017351
2511,2015 RF301,45.11250961196525,0.1584614377566649,0.1829658621249114,0.5345099828130069,0.0146326695499482,45.06585555614375,0.1625968438666922,0.1854349326037867,45.06585555614374,0.133964259181763,0.1845306101752609,0.5256124850720796,0.0087324101260761,0.0112651050136976,0.009221877950645,0.0040621577040258,0.3941518077352924,-0.3785959223812462,0.0127484612640051,0.0023202141851307,41.0,7.29,54017353
2516,2015 RG301,54.26524101255973,0.0406173253586581,0.1739680604474463,5.206117501653773,-1.5418879872428648,54.26729710242993,0.0398098774272904,0.1725030171124933,54.26729710242995,0.0398216937392492,0.172199022108006,-1.078704478275092,-1.539339043860826,5.954529753189292e-07,7.563587198869772e-05,0.0005903400718903,0.1221029711322479,-0.1331211421798374,2.637883632563264e-07,0.0015355012971679,41.0,8.22,54017354
2604,2015 SO21,60.43248582816801,0.3563891493969159,0.3705902592241012,4.393522806414829,0.7277644266019911,60.46787605168572,0.3525690739046854,0.375397246508189,60.467876051685714,0.353713844491615,0.3679411534240522,-1.9322150816339807,0.7347602110249644,0.0138722024529589,0.0030915432470693,0.0015860014203592,0.0704072188876254,-0.1082228086682375,0.0001137393093669,0.0002000619282526,4.0,6.69,50739418
2606,2015 SP21,32.51950248269669,0.1042931570277354,0.6608617929747587,2.7493681282750337,-1.5245690354964287,-190.10325645377864,0.8914431149099186,0.4957923935722931,-190.10325645377856,0.8524197446630206,0.1568451682465537,-1.7654186836063563,-0.8272523463530658,52.77680561786791,0.6643477087685961,0.1323653715861416,-0.0029116955328904,-0.5024135568607948,0.0636919979728032,0.3639840447570343,2.0,7.74,50740921
2614,2015 TG363,45.90546786551454,0.069022125608377,0.2455342136436785,0.0958581455820946,0.1976874983300544,45.90623846407389,0.0721909908944957,0.2459001778783297,45.90623846407389,0.0721774966227611,0.2437238970939131,0.1000225698336273,0.1945271236937303,1.5459523708341777e-06,1.947971504606376e-05,0.0004139037734658,0.2183750890140439,-0.2741420317762606,0.0008147933076394,0.0016514112045482,355.0,7.9,54026753
2701,2015 VG157,54.14292192011902,0.2784619952716412,0.6827213868539533,0.7495685777738386,2.045487123283521,54.1524610129928,0.2816035725098441,0.682209797461843,54.1524610129928,0.2802293121706929,0.6316563401357536,0.6718627541419258,2.045675095978004,0.0045288040027045,0.0017580664806355,0.0012322764588754,0.00938179036245,-0.0939140553348156,8.731401318704544e-06,1.0520332148025796e-05,326.0,7.5,50799891
2886,2015 VY184,84.19183500492176,0.7815158362985297,0.473961180595088,5.3177125045906095,-1.7557175081593666,-9875.87808969928,0.970037313164794,0.3589748468637525,-9875.878089699278,0.3253407591297056,0.191869704760212,0.7339441857503834,-2.324793728200136,5045.104755327393,0.5377590051256119,0.1673294874380988,-0.0056467948352275,-0.0026531005504295,0.0317778033439678,0.037747198561265,32.0,9.84,54017355
2897,2015 XR384,36.4176128917086,0.901738463049234,2.7559739674398545,4.805143836279028,-1.7783499876879325,-66.2456616368095,1.0499584392945458,2.141812562283784,-66.24566163680947,0.035476490225062,0.0103000181907102,-1.525331418928538,-0.4447651091657934,1.2373667461927027,0.6450684040415947,0.6457391382355306,0.3481275113621775,0.2269467965506173,0.333663935906913,4.297534949962466,124.0,16.1,50739268
2900,2016 AT281,57.30502907358121,0.9534374493258724,0.4029397951816297,4.3969331209356906,-2.152782356614345,-1569.4574300680656,1.0028131425332851,0.6311672771514598,-1569.4574300680658,0.0062258251774797,0.004164773727376,2.780576441360912,-1.3393208108518688,6.801635574734116,0.630693648216303,0.3707019084339448,-0.4185685937448645,-99.10042903322118,0.3103262310463797,99.07645132346056,134.0,15.29,50934313
2903,2016 CO264,45.94395797644171,0.9343299524051628,2.2576950879043416,1.1291054207058346,1.2085393027689273,-5499.049889724741,1.0002526730664634,2.288010759026664,-5499.049889724744,0.0062034611324292,0.0044073948802254,1.6186592733903535,1.068903743614352,64.93649228754751,0.6288000514497178,0.4738482433629015,-0.5251067816040051,0.6259858442432134,0.4760698126678686,0.5537542787413218,350.0,16.2,50744823
2904,2016 EA367,41.51485359807664,0.2750519397406684,0.6011033247201258,4.804448830380437,-2.877869664367348,-11.058774765842143,0.9869107784983489,0.4593004250759953,-11.058774765842148,0.923670743029676,0.1523467414633854,4.747464385197895,-2.802659326226293,18.63482317640101,0.5653594230819177,0.1093252947402161,-0.0028371869411425,-0.444381528909964,0.0224505541828721,0.3619660835963726,52.0,8.38,54465155
2905,2016 EB364,53.00866684672275,0.4958729792258377,0.170880088843747,2.549040562389836,0.5875658977205829,-3707.048827478369,0.976321713958251,0.4390665925609696,-3707.048827478369,0.1260123321779422,0.0241994055556401,-3.358228051675076,2.0163071040639866,428.3641311954797,0.6696410007900637,0.2559238109068495,0.0035306105559201,-0.1139930926339217,0.0110037260077588,0.5560605429524834,35.0,9.15,54464579
2906,2016 EB366,56.66464204768128,0.4059824290916187,0.168036803241018,2.902973208953872,0.3608684909838957,-16445.048203089267,0.9336792015187092,0.3769909931736305,-16445.04820308927,0.9214977075791864,0.1150207120543214,-3.2974709942244287,0.7878558471015875,2567.6162146422835,0.8243290486612951,0.1412285086208789,0.3524377631885,-0.0031555365291769,0.398531549204719,0.0516282164270483,91.0,7.57,54464758
2907,2016 EB367,43.86449811564498,0.134278098366413,0.1636926524397771,4.868054679250602,-0.0084217826149173,43.875625305219614,0.0882483900867886,0.1275503053790668,43.87562530521962,0.0863897234423082,0.1268333456405785,-1.2980286154534957,-0.0433245418974932,0.0002670004944262,0.02481982101114,0.0178975912817155,0.3848770412027356,-0.4034514298917296,0.0160613438577653,0.0114800928516226,39.0,6.75,54465180
2908,2016 EB369,68.86875554678893,0.5297938685639291,0.290161764359076,6.015651871094936,2.170028736941403,-3438.866697584664,0.9282040727020638,0.1181720821075431,-3438.866697584662,0.9009229694645244,0.040386420357349,-0.0608152602192575,2.2703067029909603,7486.016842498306,0.6392747279943586,0.0411001225491216,3.168854155241096e-06,-0.2219545209771863,0.0254227291403487,0.1454782184741063,8.0,7.6,54468020
2910,2016 EC369,57.507586307442025,0.3675981664423203,0.2663665392302877,1.004235472320011,0.3228591377995369,57.15855112925637,0.3588647534863149,0.2804298070624139,57.15855112925637,0.3576290166319449,0.2773926065322076,0.9082174611126228,0.2809003168788499,0.0897624688485293,0.0063882544110867,0.0008714407825991,0.1336959609459955,-0.1690803164028993,0.0022787913913849,2.5257448625132187e-05,26.0,8.35,54468021
2911,2016 ED366,46.76362567835189,0.3462381982523372,0.4176082113130203,2.3242620997638745,-3.0575636491680034,99299.53372516652,0.7390496585847444,0.2226355106646398,99299.53372516652,0.7021640967324413,0.153296725094517,1.7433262762680557,-3.075071943610572,80605.80497117144,0.1735945769241558,0.0676454912364708,0.001769464773999,-0.2723674350043149,0.0029267921152747,0.1314031290790435,24.0,8.48,54464971
2912,2016 ED367,43.58050180835232,0.1242555850098819,0.0880004608848413,4.14306350365049,-3.0543010956913297,-587.6048797226309,0.9313855946945964,0.0367125870436559,-587.6048797226313,0.916708126969156,0.0224259245300758,-0.1639767023147396,-2.639645180076772,100.80361929208853,0.7015800060430678,0.0110044041581858,0.7544380660372965,-0.5506624145539293,0.8094481359047105,0.4263605270446417,93.0,8.91,54465842
2915,2016 EF364,40.69624552233247,0.0616653805426023,0.3454746505456498,0.2197187179163489,1.280092935371879,40.68454897643453,0.0631370316742018,0.3532223034314585,40.68454897643453,0.0629036917422684,0.3460532898656194,0.2766016081973059,1.264990870254861,0.0003357007958498,0.0003278224159442,0.0002207195141468,0.2923850779610286,-0.4013617497119828,0.0017765319788795,0.0019387879855906,35.0,8.21,54464583
2917,2016 EF367,35.26587241195672,0.1069264697744165,0.3565968289408816,1.322665344581889,-2.853091196568901,-2738.61310968257,0.9458524204203708,0.1053782147560681,-2738.61310968257,0.943083713138196,0.0307608303078676,-0.7269847161394165,-2.2985245430787127,331.56607605024,0.4253114232135284,0.0406733816415767,-0.8334230635529964,-0.5603424328348605,0.8291719121259262,0.4947565641194835,32.0,8.76,54465970
2918,2016 EG364,42.94008220065566,0.218864056109703,0.247874097157616,3.8338058085712063,-0.620641621623532,-1337.5611125718392,0.9303356992371272,0.206449000151752,-1337.561112571839,0.9094225431321366,0.0306726377858224,0.0178133751901363,-0.7160462626935045,195.42587883324944,0.0968642954656875,0.1353146218627996,0.3358712108179335,-0.6581698560715368,0.339193732303899,0.6475344753430238,35.0,8.77,54464584
2919,2016 EG366,70.03825226616088,0.4217213318934469,0.5734088347458919,1.565100484704228,-1.1660422271185955,70.05004018191232,0.414257032519832,0.5787325960101826,70.05004018191232,0.4140103564903799,0.5480758200016332,1.5155008462894153,-1.1667394358528254,0.0072777425165353,0.0008002305630567,0.0047450816216449,0.0187822333280661,-0.0540072554888333,2.0098957434136417e-06,0.0011594785107151,91.0,8.2,54464974
2921,2016 EJ203,63.47131903864896,0.9568990481966544,2.9871791545562747,4.146414310785612,-1.580621947243681,-911.6025747993036,1.0051437690257825,2.2103020054538365,-911.6025747993034,0.004046580031795,0.0058961862324324,-1.929693469302478,3.009507218792403,5.801928581339679,0.4480091178047117,0.3563282043443557,5.794319582164886,1.1998998076453722,5.662283885602847,1.112657275343489,287.0,18.1,50752809
2922,2016 EM368,53.12931739635302,0.5851838290424283,0.3275066973385033,2.877582880541328,2.5547238089042894,-14118.656345621264,0.969311481105754,0.2921089366582001,-14118.656345621255,0.2284038776852724,0.0370352220977254,0.339413659426286,2.1238390061814947,1213.943369034509,0.3687313054332859,0.035963051015163,8.095252345865149e-06,-0.4426506602603186,0.0391396077559641,0.3720008516182082,8.0,8.8,54467697
2923,2016 EN370,86.99063140588248,0.961732488156667,1.004137261571695,4.773943436446791,-2.430504618847061,-8140.438340018291,1.000568092003489,1.122808568745555,-8140.438340018291,0.0011241304628094,0.0001836932990176,-0.7400967803662188,2.3076272078794675,6.512153089105849,0.4469798796455504,0.4030141160655489,-2.04344235240305,-1.9450103928646127,1.8356918088445933,1.7305551147084046,5.0,16.52,54468601
2925,2016 EZ365,42.64680383678126,0.0316249652328856,0.1713261783122066,0.8465387192114999,0.1586632388978882,42.647172445685264,0.0358962408256921,0.1729403972416636,42.647172445685264,0.035520768075423,0.1721743249425431,0.7470246220040508,0.1564820140921138,0.0001116475970868,0.0002968512254096,0.0001263219339756,0.36865449699616,-0.427679411353532,0.000351383517974,0.0003071211266321,91.0,8.2,54464778
2927,2016 FA59,35.52481954224677,0.106231256719655,0.4653155088630704,0.4322458879100894,-2.279634477063245,-413.4858959276968,0.9772564758042956,0.1870544791916061,-413.4858959276968,0.158489260036093,0.0171394401672001,-1.619581522360402,-1.4744059820160251,24.85724435010862,0.3734034728414837,0.0163998910745283,2.7618366655618195e-06,-1.492889733599725,0.0673155106282205,1.4024839542295515,13.0,7.69,50751852
2928,2016 FA60,42.6611156413861,0.1594791425100144,0.4419553577984138,4.441814974314659,-2.7427975886549314,42.63640250870495,0.1634309978579745,0.439065567128714,42.63640250870496,0.1624764230632383,0.4258660258665702,4.368117671995944,-2.7455710982136274,0.0074743685012237,0.0043254196757121,0.0016081138566545,0.1685795940864609,-0.301765024575829,0.0034033385833372,0.0024427746315724,2.0,8.99,50751853
2929,2016 FB59,41.31764800679306,0.0550686782600131,0.3450690869274551,4.913034129450337,2.680822877478177,41.32003914550657,0.0519555682006879,0.349411275065063,41.32003914550658,0.051936875008939,0.3425963323107978,-1.3776490231510268,2.683735679503992,7.126612300102694e-05,5.997927232552673e-05,0.0002852845492897,0.2369902078103129,-0.3754331199191573,0.0019356094308673,0.0002563022560303,4.0,8.8,50751854
2930,2016 FB60,42.75219899482596,0.1176696481754325,0.2015584971968738,4.369589598564891,-3.0762912049489,42.7513339861266,0.109466247363965,0.2005419937788168,42.75133398612661,0.1088456217753177,0.199279090880797,4.148928082932126,-3.0388778595477506,1.6789189086325602e-05,0.0002002953950936,0.0001110984765588,0.3785377243111006,-0.4397368017947983,0.0017384991240536,0.0016101941348821,2.0,8.74,50751855
2931,2016 FC59,41.56176987262278,0.0145345557538691,0.3259895328425254,4.11697353953036,-2.832977698885241,41.55777068906687,0.0103687811640831,0.3242706454934559,41.55777068906687,0.0092892469549823,0.318699430913019,4.117183735767004,-2.834578955081925,0.0019653879835011,0.0017249479847849,0.0002534388485722,0.2684667779644911,-0.3780575734033968,0.0024792992766446,0.0016367079976333,4.0,7.81,50751856
2933,2016 FD59,38.940295253629245,0.203840377205901,0.3553450326094556,5.624489023348421,1.7985447480533867,-10143.671303928815,0.9869639528446044,0.1827278740400945,-10143.67130392882,0.076434142373036,0.0093475874792,-1.5808281399444108,1.4670781280075678,357.72543633228656,0.4186531180072734,0.0763261927133007,0.0527872540366666,-2.0072218847232053,0.0602548303259205,1.8053342473419431,3.0,9.48,50751858
2935,2016 FE186,44.748031231425934,0.1879358303928883,0.5018195000646252,1.630536277476354,-1.0974882522002791,44.75428681669506,0.1811446438557989,0.5013789477395232,44.75428681669507,0.1816132014461415,0.4812844862423264,1.6357287457311998,-1.097876281460345,0.0005716981754102,0.3547189570694691,0.0006294916490277,0.0891724472704699,-0.2253374843660426,5.365418774613804e-05,7.907676188722783e-05,91.0,7.86,54465181
2936,2016 FE59,41.72088755425372,0.0907857728028761,0.203606768165092,5.139755067620818,2.385959489838577,41.73310934628378,0.0851550717259384,0.215058087087546,41.7331093462838,0.0838934346958607,0.2133106570847412,-1.2690336982940094,2.376122966001614,0.0006520574509197,8.677428161775423e-05,0.0001294998812307,0.4015242966586848,-0.4740176962343939,0.0013914044446203,0.0002907855438801,4.0,8.75,50751860
2937,2016 FE60,37.73503548667447,0.0987244505711404,0.1932269375745272,0.3440689624718507,2.3450246602543263,-271.78390625513964,0.8111619366923553,0.220710949954277,-271.78390625513964,0.7769095124689555,0.1057790845556918,5.84163844835021,-3.0171133658924454,111.0906405591026,0.3851344330119802,0.0857736728986504,1.0361158840755784e-05,-0.0024240766514402,0.0330889219940205,1.1462636455840562,12.0,7.5,50751861
2938,2016 FF185,40.51590911090595,0.3185268690551827,0.1909373118247123,1.6823837027966455,0.7475899262864972,-1599.199106047143,0.9328860357592652,0.2157670430015598,-1599.1991060471437,0.901863298715297,0.0313487480440512,1.390822187743232,0.365444881243574,371.1343981534082,0.413559959056485,0.1405701355579929,-0.0033755164003562,-1.7623830224805266,0.0392777889429046,1.7823315469847243,29.0,9.41,54464310
2939,2016 FF186,48.09755401853497,0.2552705788557212,0.1713931359654014,2.072392782677351,0.0859084219799659,-453.1646673449848,0.560659243099334,0.2433276637958971,-453.164667344985,0.5188790274871005,0.1445409236912561,0.9020265730850394,-0.1808259757997185,396.960183342108,0.2208203398077724,0.0533411480733251,0.0005574176458221,-0.3685500592655225,0.1226524888989744,0.0172309814530669,82.0,9.16,54465252
2940,2016 FF59,42.37395807288681,0.1002916874930383,0.2537208412529367,0.939440201658596,1.825029573497988,-3955.214990735308,0.4576435633755165,0.1686524707343854,-3955.214990735308,0.4069255857221784,0.1114092247493799,-4.891971028474758,1.771280488463344,3369.9363365486192,0.1936492914992604,0.0302924528627003,-0.0024637237398208,-0.39905837944409,0.2537554014537774,0.67170314293432,13.0,7.14,50751862
2941,2016 FG186,50.216738088069526,0.2467119244649048,0.1557261131997526,0.7994339844283278,-0.1094279702766034,50.210169193175126,0.2518723224195131,0.1633955116770839,50.21016919317513,0.2520955958005603,0.1628428335889134,0.8258389632200822,-0.1008983134049681,0.0017397620859318,0.0006403359028177,0.0006288554622768,0.2477981386075933,-0.2763213068959781,0.0010447268064201,0.0007045226081721,109.0,7.84,54465253
2943,2016 FH59,41.95656344105075,0.067136663716453,0.2981454302961498,3.411209348740839,-2.900944442437568,41.94735061684536,0.0703046643445727,0.2957576573836075,41.94735061684536,0.0701386497274724,0.2917021622453187,3.360652645367274,-2.879032764002305,0.0001206486758743,1.8018827211125982e-05,0.0002492051844048,0.295832576999579,-0.3901765099021845,3.006686403443725e-05,0.0003715801060914,3.0,7.82,50751864
2944,2016 FJ59,36.449732420916455,0.1068564743521676,0.4303556550444836,6.020156721265479,-2.111406093497433,36.42935672969993,0.0880567605637858,0.4278890528443391,36.42935672969994,0.0863840908582641,0.4151491260622788,-0.2510426156803964,-2.088877733649868,1.331152251028238e-05,8.806585848636303e-05,0.0003728607618382,-2.932230731760725,-0.4250810044675063,0.0101290012378633,0.0018434801460803,12.0,7.44,50751865
2946,2016 FK185,46.74837930549746,0.2260148943603207,0.2797630601090595,1.6037456383951767,1.1240663963653352,46.73326342416459,0.2164718571266288,0.2893246203594193,46.73326342416459,0.2166618693326667,0.2854663688288424,1.6355932901196275,1.1196780462655562,0.0009726952249098,0.0006421139130344,0.0002966085179481,0.2097275152789539,-0.2911747558041818,0.0016561679149149,6.050790536675016e-06,29.0,7.46,54464599
2947,2016 FK59,41.45778063665122,0.3727165742762217,0.496668061290819,3.491928376954882,-2.134018910444417,261.91590415489367,0.7946117315411534,0.3409480842709818,261.9159041548937,0.7658085977393392,0.2078616566502092,3.5130229336684664,-1.9665446029883689,103.73759169849612,0.2456116368106213,0.6380735001433753,2.256806031249337e-05,-0.1745781871104212,0.0068636481890732,0.1282348428033993,4.0,9.45,50751866
2948,2016 FL185,101.9058945708083,0.6855161232642745,0.3222747022708829,1.1967805742792432,1.1953764356642087,137.56625195365928,0.7482930951243715,0.3915377660977784,137.56625195365928,0.6763231862436305,0.359785331951642,1.9447299132377167,0.8156243451989642,3.456527157247644,0.0709117042236195,0.4953115721452428,0.0139964973257714,-0.0237373835681075,0.0009208411998278,0.0002062429727595,29.0,8.67,54464600
2950,2016 FM59,38.904714423233216,0.1759995127153528,0.4898698106686392,5.924305775517294,1.6773267595839811,919.9917164539291,0.8175494724559129,0.2947001405997484,919.9917164539296,0.4235072978054235,0.2055571718081887,-2.176161093965275,1.466465489964212,643.5227362049553,0.3995025497929005,0.0509589659390278,0.0045644071294397,-0.0574105882267191,0.0041431755334,0.0332489206587777,3.0,9.68,50751868
2952,2016 FQ59,41.14424486171686,0.0138705767887888,0.3331138044733149,0.6979640340029629,-2.41746317098608,41.13641656055498,0.0167311138952606,0.3278408451607374,41.13641656055498,0.0138223749590332,0.3221050124285432,1.13452919810179,-2.399372622948936,4.193970198859421e-05,0.001359067808059,0.000278403413288,-0.7373943621601209,-0.3968253083531357,0.0792381126014301,0.0014610657086107,4.0,7.77,50751872
2953,2016 FS59,41.38686795208604,0.2258615676024949,0.450812272741054,5.35143279296028,2.2077604922915626,-17809.6758689871,0.939656867003448,0.2278830874685742,-17809.67586898711,0.92003226819382,0.0522502061063345,-0.5596022125257747,2.374967035969589,6811.278330063846,0.7093503032453629,0.099515091973809,1.2662216015242797e-06,-0.002474038352754,0.0749659595571156,0.0524954649529624,3.0,9.88,50751874
2954,2016 FT58,41.76195054591018,0.0199313309563553,0.2874547453996232,5.052401010821281,2.4274550956156067,41.76503682799478,0.0188226790921263,0.2939131346940663,41.765036827994784,0.0186858514632581,0.2899579388363855,-1.3029655129947268,2.4399164063721703,9.72859436423276e-05,1.1483887497510527e-05,0.0002616156218574,0.277077901566221,-0.3905697872553235,1.2548933665472912e-06,0.0007485552888932,4.0,7.84,50751875
2955,2016 FT59,43.13903538209989,0.0687309947494113,0.3248480586526235,1.855556717510036,-2.87756143924907,43.13946497666456,0.0678873707112546,0.3243240038913751,43.13946497666455,0.0678933630702776,0.3189925558835605,1.8660055153543984,-2.867435075910346,2.772275474232832e-05,0.0001486178589177,0.0003207090875249,0.2090054641711788,-0.3242445509587282,0.0017630934923517,0.0001942931336534,2.0,7.79,50751876
2957,2016 FU59,42.17561696291024,0.2047993552727302,0.4301040196496072,2.2293352044033146,1.777278449398889,42.270959738056,0.1617386811589512,0.4346086551508984,42.270959738056,0.1235184111798394,0.4161526197520772,-4.2310395645139085,1.7653542472498744,0.0037978785953994,0.0322960558244106,0.02962380706245,0.3762821605008291,-0.2908089247087862,0.6099176938814089,0.009602123893152,3.0,7.3,50751878
2958,2016 FV58,40.85453982668725,0.0229902050462175,0.1621058420788634,1.49404950263488,2.803601725165817,-454.8432302188908,0.6164337609749063,0.1290139489172958,-454.84323021889065,0.6012940637479547,0.0901870238207786,-0.4056359754429057,2.826404439604177,339.5271033160826,0.291926113408105,0.0423681238471257,0.0004545657127582,-0.528309857683932,0.0228437095352281,0.2430575051495289,4.0,7.76,50751879
2959,2016 FV59,51.23247112433975,0.2316667691269382,0.1681025363956644,5.885713730636864,2.033967475020844,51.20704253077607,0.2309854731655294,0.1708265484793031,51.20704253077606,0.2244357333330167,0.1702327150134693,-0.5030441678373703,2.0360891365863583,0.003214687329462,0.0032862528715061,0.0027192109421006,0.2004840997840311,-0.2277053809953315,0.0026161759764915,0.0018036191016561,29.0,7.44,50751880
2960,2016 FW58,41.73081387648413,0.0519828159161091,0.3762520246035579,3.6738394136940498,-2.4941985775304136,41.73604253931551,0.0532979000913317,0.3727862658589324,41.73604253931551,0.053240172661478,0.3644252126323203,3.617992758629996,-2.485845016641989,0.0003470654947097,1.7511466648278503e-05,0.0002459902391457,0.1995900144059871,-0.3428600117211403,0.0002891650190682,3.1586534671245306e-05,4.0,8.08,50751881
2963,2016 FX59,42.18926366420433,0.0564270571207363,0.5247444630402424,4.640264391457039,1.8513934005444768,42.27001787903896,0.1303245461730963,0.5143240347486967,42.27001787903896,0.1089926841882373,0.4918012537645541,-1.8329018010427969,1.841207052182393,0.0001678826258722,0.0058349291793112,0.0003757908443824,-0.2453751758898296,-0.2442995972699558,0.1229868263472639,0.0006083898101239,2.0,8.07,50751884
2964,2016 FY185,89.05850425640783,0.720998153503636,0.3277220756097673,2.687709797949408,-2.774068834602798,-3147.411713762023,0.8801092247181443,0.2160025163212587,-3147.411713762024,0.7475531969417325,0.1631646553847955,2.438976664981832,-2.592330572828935,2027.337351840404,0.3456422749361769,0.1000690887306695,-0.0023794038727586,-0.0707679386403359,0.009910106289589,0.0779086996683709,4.0,6.89,54464986
2965,2016 FY58,41.328306781783326,0.063974576312938,0.2736492633306037,3.739137191587533,-2.54029827813383,41.34666798692327,0.0651704249410957,0.2661504763055414,41.34666798692327,0.0650574830969499,0.2629461982269552,3.643590393328028,-2.541640677759539,0.0011982133402116,0.0006446564120843,0.0003736310738417,0.3286464437376605,-0.4414577371649399,0.0022358860389088,5.481898415704665e-05,4.0,8.58,50751885
2966,2016 FY59,43.7034171250075,0.1227072900220474,0.5479848844863083,5.461505289059886,1.8125763813305311,43.6668339929608,0.2116606285074301,0.5186975271459767,43.66683399296079,0.1902933828619298,0.4953409780427292,-0.458067978153726,1.777141353192891,8.386961716254888e-05,0.0181080707004774,0.0114296206735654,-0.134444429765621,-0.2259019589656111,0.0032724450817513,0.0025243597626645,3.0,7.38,50751886
2967,2016 FZ58,47.62088114540843,0.0962590067476884,0.1767952648360338,3.670417852995981,3.09004576760777,47.73550641525828,0.0995213274140368,0.1466994617493459,47.73550641525827,0.0766355511446625,0.1454810836697091,-2.2657729916686145,3.079981655695432,0.000454666785934,0.0049982971426899,0.008318482481655,-0.1802669479173715,-0.2199286438669149,0.0972359626059519,0.004808330181758,13.0,6.75,50751887
2968,2016 FZ59,43.11602639178175,0.142328587303044,0.3853299462611723,3.969094973591816,-2.982401696205204,43.0761257841403,0.1325469973426228,0.3892866834987926,43.07612578414031,0.1272245036556765,0.380026187679383,3.819255414145263,-2.9884295262618394,0.0015294781946863,0.0098075068681374,0.0005938459863418,0.2047878814958912,-0.3056757068077393,0.0022894777786788,0.0003786604231627,2.0,8.03,50751888
2970,2016 GA369,73.48674105459749,0.6961061935939196,0.5484325393818852,1.4610846868033365,-1.8058192082457831,-2881.1313639115083,0.9931028786984224,0.3341407679526552,-2881.131363911508,0.1986210331191703,0.0349559051977098,1.7103747716115911,-1.8760195238923087,145.9114838142092,0.63445451265764,0.2237696396924822,-0.0058640116255858,-0.0030710577339528,0.0107088829643494,0.1418073802626937,63.0,8.36,54464988
2971,2016 GA370,37.23766360737846,0.4444088501098515,0.4372774977001318,0.9929546175308256,-0.9383059465886426,139.04517987947702,0.702204510976575,0.5243505862641517,139.04517987947705,0.6414724105291771,0.4115937230145552,1.6919827812820825,-1.9388203168400544,49.367727165880616,0.128082992555447,0.0591839105608055,0.0059723361529553,-0.0334193498113734,0.0013236704571107,0.1653280218692772,29.0,8.47,54465254
2972,2016 GA371,42.27220611465654,0.1126022893401034,0.2470821553468483,1.1795388435157204,0.8752025309219255,66.83743444900983,0.3856299590093194,0.1801166551601605,66.83743444900985,0.324563904878375,0.1347111885140555,1.1067904692766577,1.2524990316367544,19.054544479332723,0.1300692868572114,0.0330325166722546,0.0694291735138423,-0.5293368641060305,0.1703847812713418,0.1907186225141237,35.0,8.73,54467721
2974,2016 GC369,45.61561491083047,0.1613549511452633,0.2321370499019095,3.2412563072848344,-0.6656673156191547,45.62292103256949,0.1640585901929417,0.2251732732812244,45.62292103256949,0.1639528880730566,0.2233499759572413,3.207311204895096,-0.6533413720384298,0.0011626274865376,0.0001731147944873,9.676878254121142e-05,0.2606412177705406,-0.3287281521988693,0.0008239727928252,9.364866142458285e-06,26.0,9.27,54464990
2975,2016 GD369,64.35448583979853,0.3701712516850357,0.4356546451778615,1.6305184439188365,-1.026671718979373,64.35017195671132,0.3642123469441399,0.4403129665526668,64.3501719567113,0.3644866000843297,0.427062607503721,1.632105098307855,-1.022798084481672,9.714739305040687e-05,0.0031576057278943,0.0009310544705707,0.0446140886033907,-0.079830651929563,0.0007389358503801,5.462400767039966e-06,26.0,8.12,54464991
2976,2016 GE370,40.51011037073577,0.0334101288161818,0.2075213455630239,5.82782950502722,0.4986119495230734,40.51065480425497,0.0494818102946452,0.2160981838222365,40.51065480425496,0.0460352199550014,0.2132468823970658,0.217703333714311,0.3280575739339994,0.0010738504634787,0.0010352367588955,0.0003679595730015,0.4649620116754563,-0.5354220359477058,0.000244496389898,4.582906171177478e-05,29.0,7.73,54465846
2977,2016 GG370,42.62267195512889,0.1375593475001035,0.0861356190513383,2.698397900543277,3.020530058204573,-1908.8292671977545,0.7554461708721698,0.1510898119541653,-1908.829267197756,0.7211935160184862,0.0810454310847453,-3.245142075474013,0.6911270098377333,10592.669512512844,0.2166757367939075,0.0428373629248694,0.0006525056629365,-0.5504834252461239,0.0055223626380021,0.376078796209798,89.0,8.74,54466072
2978,2016 GH370,298.0229693258299,0.9112430936612262,0.0063666334209209,4.499423925407919,-1.6316159377930857,-1113.8820812765157,1.023818612370999,0.0121321449514087,-1113.8820812765157,0.0027172000354066,0.000165275373776,3.4520970635991564,-3.114793658838161,16.358635397431957,0.6461875054124188,0.007588707065163,-0.1584351887052708,0.597990185108391,0.1851297831825168,0.4595746810452217,63.0,8.6,54466073
2979,2016 GJ365,43.30749916705569,0.0444229043673337,0.0253353580803235,5.758988633609268,-1.531535365925914,43.30727724192457,0.0479412979321419,0.0176893433573052,43.307277241924574,0.0471789469346789,0.012911074781439,-0.733340903306066,-1.1118675478212308,4.490833322841968e-06,3.98919964298668e-05,8.853081764505158e-05,0.4531867283672869,-0.4485565893526055,0.0004789176581866,0.001865956904909,327.0,8.26,54440313
2980,2016 GJ370,137.64909565738745,0.8327686293916211,0.2543139670079329,1.544279068355987,-1.74641266647117,-1427736.2167447193,0.991467210920464,0.2150454352534214,-1427736.216744719,0.0340985266677182,0.0418166619742475,3.704961650921847,-2.033983995721842,286094.05084895896,0.6060405608167608,0.0832166616663162,2.074010616549076e-05,-0.0034384490494587,79.55306762269504,56.30606074143044,64.0,9.19,54466074
2981,2016 GK368,62.71542787251055,0.4784356667340186,0.1841755505362083,0.9500120517486046,1.399223107938527,75.62254649233697,0.5214290858244126,0.1679274419276923,75.62254649233697,0.4388113252742546,0.1440297940215836,0.7055230502754142,1.389261632221445,12.635464571210685,0.027399236155881,0.0136622779894924,0.0399079043527276,-0.1108365582758026,0.0042587996321934,0.011685063487889,64.0,9.63,54464728
2982,2016 GK370,145.69717489603616,0.8808041435590351,0.010763107831541,5.764484536135392,0.2234787384172965,-3440.719801335909,1.0048951864432554,0.0250503798470217,-3440.7198013359084,0.0021582000403083,0.0007739783831357,2.950005503867017,-1.0239433201194903,91.88409367155414,0.7771289778113231,0.0153107536454359,-0.1068179245448923,-0.1066977660375815,0.1461181782118497,0.0891316748789635,64.0,10.18,54466075
2983,2016 GL368,44.05636850102913,0.072923987059404,0.0069926534458428,0.023028163898048,-3.070589743709451,44.05817063085223,0.0679198863144197,0.0183777032779789,44.05817063085225,0.0676605710929685,0.0162612070335423,-4.728776497054327,1.6899010464283104,2.882878141131211e-05,4.908044455477158e-05,7.586631965883439e-06,0.4136946351639358,-0.4132932275703714,0.0004073609778374,0.0001770742227329,64.0,8.21,54464729
2984,2016 GR367,46.040612104685415,0.259289858098784,0.1570276831335111,0.0829833279548752,0.0625371054083509,-269.1295510940716,0.9375966401297746,0.1581992040184221,-269.1295510940716,0.9159399927024738,0.0274069241256849,0.1306502887918541,0.5463669518942034,48.14743183243001,0.8076099327358297,0.0622363612895725,0.3468411507313358,-0.4244269211426802,0.3281135728231258,1.4997232857717864,35.0,8.95,54464608
2986,2016 GU368,128.91377142838442,0.8340921120704597,0.0117990173504395,5.611369949845965,-2.8092043491800123,1159.2933641834145,0.9779591538983516,0.0761793532613394,1159.293364183416,0.8916807960047118,0.0445985387577121,4.561783383912741,-1.8998046197594127,9373.075642269128,0.4044611446089294,0.0307190434854211,0.0001324207822134,-0.0023864926318808,0.0063380170643844,0.0061862243777083,64.0,9.59,54464795
2987,2016 GU370,47.38472639760285,0.2758543247322659,0.1551802517290534,4.341205242820225,-1.7678812657309149,50.75680663725121,0.3201432735367753,0.1504727696601863,50.75680663725121,0.2610176066439647,0.1143189319611454,4.04003563042469,-0.9948308479370876,1.0653231051137386,0.0132674907810714,0.0208944599545086,0.341295451849181,-0.3938254669888362,0.0466185788036686,0.0334803933482164,63.0,8.4,54466770
2988,2016 GV368,44.01823246092576,0.0957906620199658,0.0140697493150043,0.9099038829742092,-2.8823558656531203,44.01962704284814,0.0979631290873901,0.0176820290284594,44.01962704284815,0.0974357159490552,0.0127306069528612,-4.368204174491203,2.5202456932844526,6.629114539604455e-05,1.798033373532178e-05,0.0001046644511131,0.4390923397130108,-0.4395721403412574,0.0015118847440768,0.0011463255692018,64.0,7.84,54464796
2989,2016 GW367,139.09233894096923,0.7505065593468917,0.2652060699797157,2.818027643216213,-0.7259107825398083,179.387803842085,0.7970077004438043,0.2329433050520122,179.38780384208496,0.6901449191806999,0.1913551494990884,2.5904552345537666,-0.655225601953526,21.437853653917703,0.0868174147340655,0.1994874995660446,0.0181247608123475,-0.0260776158974681,0.0041277234589711,0.0022515986726258,84.0,9.36,54464613
2990,2016 GX367,55.03851992311258,0.454091928818888,0.1979532929038252,4.007320253160662,-0.3107069492544758,-33.03669831028213,1.0378282943592492,0.1776180489767234,-33.036698310282134,1.031267171541136,0.0190691807696367,-2.671128197594651,-0.3119920830536608,6.293767793135605,0.4586535335370078,0.1216271347286725,-2.158620067211263,-2.472376600293872,2.15631863953046,2.219167395200393,35.0,7.67,54464614
2991,2016 GX369,75.48677006843396,0.6804945046009923,0.1821310104823506,3.131978617510548,0.3576411609241514,-51809.27857488488,0.9857953971668632,0.0863384049317208,-51809.27857488489,0.0915671574718349,0.0149081290553662,-2.090683099895437,0.7560845656819454,55098.52902826715,0.6987291500156525,0.0449030345434445,8.224021501351963e-06,-0.003004915561912,0.2858887660117976,0.2653210727118871,26.0,8.32,54465182
2992,2016 GY367,43.2968449393472,0.1300783423390314,0.3171137994391068,4.179768796408797,2.9280725937268257,43.28790431409366,0.12693328445112,0.3203655419745087,43.28790431409366,0.1237994493645094,0.315201221878893,-1.825093875541552,2.939047566991605,0.0007234045048599,0.0021848153814821,0.000309753046156,0.2203565274837119,-0.33824411717698,0.0035275374204455,0.0001051381749441,338.0,9.55,54464550
2993,2016 GY368,79.3181815560037,0.6971399114269334,0.0218052034118328,4.604660204040764,1.4357292254026837,-9730.083832334753,0.9921647307763826,0.1071029262556576,-9730.083832334753,0.04010752648558,0.0291071637549591,-1.9116918172981865,-0.6027279260952693,3999.740239206971,0.6022885174553556,0.0534014251557799,0.0001274044340158,-0.003155586406459,0.3125984814832333,0.3115197971635223,64.0,9.41,54465000
2994,2016 GY369,42.12167999576388,0.184905306577414,0.4882358594172661,1.530250676932642,1.3859361802851122,43.46424718455603,0.2201251272136427,0.4895936522084572,43.46424718455602,0.1777240566398423,0.3654175553854136,1.6453345390612089,1.130463735916391,0.8085464225118549,0.027427288151395,0.0785850750997961,0.1410684446171081,-0.272102057484617,0.1333826013797016,0.0142902822001973,29.0,7.93,54465206
2996,2016 GZ368,46.23862532959056,0.3753660905796422,0.0708459485041906,4.913489900673449,1.433907621598332,-103.9538795456646,1.0135346286784328,0.2232661060582333,-103.95387954566462,0.1502257357962577,0.01508268061261,-0.3567620894645873,2.26988845100525,6.682767364582648,0.7893074290999105,0.0120734483601834,0.0035542571996339,-0.469875737238138,0.0187437327760657,0.4132796444922828,64.0,9.47,54465001
2997,2016 GZ369,50.93516340347203,0.3250892892390967,0.2191973712202691,3.306460634010436,-0.4988410296163885,-852.353110133509,0.8080111167794456,0.2623478381517388,-852.3531101335093,0.7625863039676467,0.0736674631895999,-1.7585246447406448,0.2476472438763363,309.2809771482342,0.2008053333137362,0.1353601165661251,-0.0026824416527666,-0.3367667714698523,0.0058806403877849,0.2421071996040627,90.0,9.57,54465256
2998,2016 LA106,46.52694108346567,0.237269916054068,0.4298385876278757,2.391221013579651,-0.99948941014432,46.7222003008925,0.2430565172153156,0.4245344707986581,46.72220030089252,0.2429095310906966,0.4126223716131892,2.358539610609305,-0.990494064775786,0.0558446817555626,0.0041011880044971,0.001293221795653,0.1213131555987158,-0.2355174887891263,0.0032210732243266,0.0005774912563997,91.0,9.3,54465183
2999,2016 LA89,38.12947915109429,0.0351478198373784,0.3771020161391474,0.0466124787013493,2.35975907174784,38.124145471678375,0.0401814548079987,0.3897382323782836,38.12414547167838,0.0311278394236321,0.3788261303515972,-0.6640137612216315,2.4259606998802354,0.0176495645949155,0.0024427777897363,0.0002052913458055,0.4195371933435331,-0.4930889042848523,0.0548874136409605,8.798224168786827e-05,1.0,9.33,54161158
3000,2016 LA90,43.015424906226045,0.0042929966786694,0.2265604218969629,2.3040422132642746,0.5506870074342646,43.0106165630349,0.0032133362928734,0.2300084932769709,43.0106165630349,0.057095704725464,0.2281956957893405,2.096448213204896,0.5550918188951496,0.0001671145231777,0.0049285734888402,0.0002057473551583,0.6703748604950565,-0.3751688511260183,0.0016145932832278,0.0005100536279813,1.0,8.36,54161159
3001,2016 LB106,42.68495638913975,0.0731029431452836,0.5930873988394687,2.7097322739208423,-1.1439947915816,42.68562429751624,0.0773505297391989,0.5903449033802877,42.68562429751623,0.0775004018687172,0.5570911572349062,2.76853157094578,-1.1426913772153842,2.1620063884123904e-06,0.0004530503353517,0.0005034469323051,0.0445811269271787,-0.2160391321322959,0.0017863971869508,1.0657001836493935e-05,91.0,8.47,54465184
3002,2016 LB89,43.09712097675373,0.0170257175203578,0.0418244131687819,3.720375357652377,-1.2495987556917447,43.09468806444837,0.0107243976658984,0.029150832292576,43.09468806444838,0.1949637214822181,0.0272694617319622,2.827264793447335,-0.9758584415110112,3.8856563312221513e-07,0.0170437707160616,2.6334332861485173e-05,0.6697723064833141,-0.4508394438091433,0.002221835475151,1.2663069459705602e-06,1.0,7.3,54161160
3003,2016 LB90,49.93519913857837,0.0067047970091293,0.4223998619667352,1.2191263252150533,1.4884708126786652,49.93381323675331,0.0059101848727948,0.4238977807827899,49.93381323675331,0.005901674415552,0.412628973094724,1.2027341604150183,1.4918064669124182,4.701116550851983e-07,3.761729969421543e-07,0.0013751029580311,0.0845322164208309,-0.1486294133393714,4.069684977326831e-07,0.0015581917462727,1.0,8.48,54161161
3004,2016 LC106,43.16272496449975,0.1376150717227009,0.2725608922759032,0.5002666293545435,-0.7082926846368052,43.14637210618724,0.1426962088047093,0.2639558083958141,43.14637210618725,0.1422168883974005,0.2609939125457898,0.4379145368692218,-0.694093652290385,0.0018483438589816,0.0002374365895545,0.000184534897777,0.3099620971839264,-0.3922526852489933,0.0001614396344204,0.001943211078771,90.0,8.18,54465185
3005,2016 LC89,43.98038910902245,0.0286188946518955,0.0373690105407493,5.897887887851784,2.8193719831943618,43.97826955159468,0.0240443767602321,0.0444391367122207,43.97826955159468,0.0235156730060268,0.0439098541526941,-0.3947486558497814,2.660811293996121,1.191332126819032e-06,3.153650188516388e-05,2.017850387684038e-05,0.3991801335329993,-0.4002169046986814,1.414953417557854e-06,0.0009905645788399,1.0,8.49,54161162
3006,2016 LC90,43.38244124056504,0.0123386099175423,0.0250875127460596,5.861099618938652,2.952081135094121,43.38036991214855,0.0099219649473384,0.0329985681640868,43.38036991214855,0.1675634119066783,0.0318023015368365,-0.8693363842545068,2.5927200906343333,1.846419451718576e-05,0.0407584942366204,1.6470453577386218e-05,0.6698120592399175,-0.4333798635122843,0.0021794535180889,0.0012605008209012,1.0,8.28,54161163
3007,2016 LD106,42.295826064811045,0.0421200466591932,0.1670977019977179,1.7809100072465238,-0.1706393044883339,42.27333262339396,0.0928406634242959,0.1685887359547044,42.27333262339396,0.0732854104546087,0.1675911114639525,3.0321354998360706,-0.0839674682856343,0.0002824968947029,0.0052966836164819,0.0051962365026762,-0.7591990876423929,-0.4352572396987883,0.0061396430899823,0.0075485767167367,91.0,8.82,54465186
3008,2016 LD89,47.24930165015903,0.0432779532466907,0.4641389220319398,2.141143073392577,0.1546268087000456,47.24540013322999,0.0432922473832494,0.4640791577322144,47.24540013322999,0.0434655920602288,0.4487930396515345,2.1348065160192,0.1558924456456281,0.0008702565702489,0.0792512673193625,0.0011084199974242,0.0901928878262873,-0.1767469320066551,0.000925638690394,0.0016087478771248,1.0,8.02,54161164
3009,2016 LD90,39.34315350120678,0.03967867677032,0.2569853368991867,1.1781381225108998,1.2327593343808287,39.41672492251978,0.0461423853817043,0.2675164969064772,39.41672492251979,0.0384829963422125,0.2640292778047411,-3.975341688197552,1.1414330387893887,0.0008913413592487,0.0034785362451137,0.0040655733416966,-5.592205175180264,-0.4865460071257498,0.4651697254323345,0.0112002994086228,1.0,8.67,54161165
3010,2016 LE106,39.56105406877443,0.2021258176134989,0.1650589648002939,6.0809020124615625,-0.0605076604466602,39.40436147303894,0.1898579637934489,0.1690857098665336,39.40436147303894,0.1895062852489252,0.1682156513756163,-0.2964714294714551,-0.0471444992464155,4.419728289047179e-06,6.787719359095608e-05,3.603877451982494e-05,-0.8029583577640645,-0.3897875581347835,7.948960952996136e-05,1.7644493925394107e-06,82.0,8.41,54465187
3011,2016 LE89,42.10632671263567,0.0391085133878136,0.0110965234334672,4.942818336032269,-2.524186625976256,42.10240297713273,0.0671401613462151,0.0655540535036674,42.10240297713275,0.0529743545429391,0.061364877514258,2.1791428834854827,0.5000972193259818,0.0006326966385401,0.0051649825802132,0.0069475797102946,0.7898918481319104,-0.5365006563602669,0.0422666212933216,0.0020402137142277,1.0,8.89,54161166
3012,2016 LE90,47.81100044338262,0.0522205650295206,0.3931771974643597,1.7250236851210463,0.6069077452227409,47.733235980129606,0.235744420397282,0.3076879417940466,47.73323598012958,0.1826078921606837,0.2976382473680338,-3.5248425104223733,0.5282687313482333,0.0001049758240066,0.0122000026270976,0.0142490408814725,-0.1858026992631053,-0.187731270132917,0.0901008186466568,0.0037100118666151,1.0,8.11,54161167
3013,2016 LF106,47.685150239531865,0.3242545051985685,0.3994919148922044,1.6130614240430248,-0.9972986721787144,-485.8849728488802,0.7396068640297413,0.2367623152147036,-485.8849728488801,0.6826920901565465,0.1434996578518287,0.5066762892927847,-0.3882754180437881,376.8316317729581,0.1889129617544164,0.0560615334628384,-0.0023543495328411,-0.5838220587669863,0.0065577086930689,0.3040522423416666,91.0,9.08,54465188
3014,2016 LF90,38.64317507948369,0.7754492012667803,1.3905702800141548,1.2393915774621869,1.9208200548410364,-173.63004946823617,1.0549371181439722,1.3267554717456178,-173.63004946823614,0.0239861358640817,0.0093728438998356,-1.2237342324273086,0.9612787230811872,1.816771684799685,0.0237224202618022,0.0092150208260392,-0.2099127398512471,-0.263692542031978,0.1618569496525903,0.2266875065214368,1.0,15.18,54161169
3015,2016 LG106,39.35109787392607,0.111482656898122,0.3793751429465709,4.587634196782485,1.3791074113529012,39.40456915672585,0.1286295036803965,0.3745773900031447,39.40456915672584,0.0926625171269037,0.3666233525774837,-2.5312646229319418,1.4158794470204925,0.0001343980532501,0.0138051410180913,0.0008641679290874,-1.836372507036497,-0.3098792906627117,0.1595547504061114,0.0021431706351169,82.0,7.83,54465257
3016,2016 LG89,45.26929919308429,0.0244875025635143,0.5447627176818843,0.913143519133346,1.560377321427315,45.265826228507656,0.024588496952508,0.5466155321554835,45.26582622850765,0.0246750162906715,0.5208730688474044,0.8922615866736276,1.5573228335340674,0.0003000799236793,0.0001992215895784,0.0015563483910321,0.0586526036439662,-0.1851104174770558,0.0023212144654286,0.0018087870576865,1.0,7.53,54161170
3017,2016 LG90,37.11616058434234,0.027775002462342,0.4128478479683926,3.266499171367556,-0.839202518133764,-9294.079544202514,0.6456864030649236,0.187367363228845,-9294.079544202516,0.644477228771155,0.1316353463976969,3.97807199402218,-0.9516912488135876,9737.341333153669,0.2635435384522417,0.0671520829198116,0.0005063184787414,-0.5522167315891264,0.0702747988574596,0.3105657276206006,1.0,9.36,54161171
3018,2016 LH89,38.573141690292296,0.0257841833056937,0.4019235273938153,1.5485137815523569,0.840940209418173,38.57744553984704,0.0218140586042406,0.4095536180701767,38.57744553984706,0.0217045734836009,0.3980422650698406,1.529528306145728,0.8028903582167323,1.8175469198000264e-05,0.0001168701238965,0.0002136017401363,0.2606410981892256,-0.4461859305637286,0.0005945444589429,3.945879927961908e-05,1.0,8.85,54161172
3019,2016 LH90,39.017245964376784,0.0430204355896301,0.537332119743202,1.0620786630164192,1.3426019413252503,39.0349134269949,0.0398254842670486,0.5419874932785307,39.03491342699489,0.0397392026306154,0.5160874981840441,0.9781593245833776,1.3338914762175746,5.418531951138046e-05,6.061507030626622e-05,0.0002740680789706,0.2559066139608954,-0.3287184889726083,0.001846321514456,1.855581421951832e-05,1.0,9.2,54161173
3020,2016 LJ106,44.427733987483165,0.100816580875306,0.1427229221352271,2.8093595951807124,-0.1298206846286051,44.42850538547409,0.0761236423521974,0.1271830487189997,44.42850538547409,0.075747520293969,0.126883670735951,2.7818094971417526,-0.107824073099809,0.0001548758941673,0.0106532425590504,0.006479191107271,0.3559235677502334,-0.3729826943493905,0.0043332871987066,0.0020171454192285,81.0,7.33,54465259
3021,2016 LJ89,33.35773307604084,0.0346630355383379,0.1856094419283054,0.6816149337114856,1.729261973927084,-158.1134700558275,0.9948169327196408,0.0922146021913603,-158.11347005582746,0.1579259275045521,0.0093378000052442,-1.795205972610221,2.1593290405095407,9.519135992576858,0.3812792233060225,0.008366450073754,3.5126034125016347e-06,-1.907673260598205,0.0224211730282022,1.6996546827174503,1.0,10.22,54161174
3022,2016 LJ90,41.3402620137829,0.0189791762022983,0.4106858278681137,2.9361419009303003,-0.5007206915100378,41.3320756133693,0.0193309640684585,0.4071263551797059,41.33207561336931,0.0193270615371551,0.3959548572709613,2.930272934295909,-0.5125217255426082,2.308867130196589e-05,3.775508427875347e-05,6.787895479761484e-06,0.1855615779033899,-0.3334327286974237,0.0018956825037347,1.510419377121529e-06,1.0,9.19,54161175
3023,2016 LK106,44.84948712591855,0.1962682046864641,0.5729191435813681,6.255141626400302,1.4886522082079408,44.81139134494276,0.2107268728507898,0.5687753605711819,44.81139134494275,0.2091401899702901,0.5392725007861444,0.0902900049283803,1.488091082409614,0.0473557056239648,0.0024674977020696,0.0017767236021989,0.0606250921388444,-0.2043396205805115,0.0003735963291119,0.0015581300930993,90.0,9.08,54465260
3024,2016 LK89,59.78048916995119,0.0059210640057571,0.4141091490921074,4.6410094883363815,0.3659716796799653,59.78104872408393,0.0059070323783765,0.4142632748320842,59.781048724083945,0.005926954045684,0.4045426552049707,-1.6317861161453178,0.3569754849216387,5.14199097745798e-09,5.03819909973946e-05,0.0051814133098042,0.0469372579485532,-0.0751753066553457,2.920186746477592e-05,8.221764199414895e-05,1.0,6.19,54161176
3025,2016 LL89,43.23396332850235,0.0227512195589098,0.0558138717599376,0.1009710165522799,2.340105563791944,43.22880893878483,0.0267402084125176,0.0712191614470014,43.22880893878485,0.0259961887153849,0.0707914226866241,-0.0669046841123077,2.212667364567336,0.0001763987976646,0.0002860915520618,0.0001175272806031,0.4280183925023576,-0.4372814101989382,0.0011910472990196,0.0004973073672116,1.0,8.5,54161178
3026,2016 LL90,42.797293079843314,0.0199403829526214,0.5628150395734923,1.0778288234690765,1.3980029674011991,42.788783132712894,0.0185547075771891,0.5651823177918954,42.788783132712894,0.0186480368669772,0.5358080653135087,1.017677746471941,1.3974774870666498,1.5186995797757223e-06,0.000119091249806,0.0002347472878158,0.0516676496135338,-0.2207247773619963,1.6525940869245742e-05,6.077077272626993e-07,1.0,8.38,54161179
3027,2016 LM89,44.12009929716931,0.0167598775216905,0.5957437197747414,2.3677427455496485,-0.0571639463440707,44.11861869294619,0.0167862716556739,0.5953863546561816,44.1186186929462,0.0167932615303201,0.560890149078218,2.427229048633785,-0.0565923201841408,1.6752053521312282e-05,0.0001285500660151,6.255311744962752e-05,0.0446133797943607,-0.1878494507829777,0.0010538825057067,8.2659014808292e-07,1.0,8.95,54161180
3028,2016 LM90,34.667082433450524,0.0225345302694265,0.3533345788898796,1.480669223450871,0.923607241706492,-93.30353454000227,0.948293202303489,0.0506698136430034,-93.30353454000232,0.92297638384062,0.0397342517340099,1.7574909167778685,0.8968619795966505,29.97292728957116,0.7179366534622981,0.0344136644990467,-0.0031758023476802,-1.60895734185701,0.0163015399405312,1.2804317127234228,1.0,9.77,54161181
3029,2016 LN89,36.0751594206134,0.0224211121895851,0.1447249139344036,1.149568086856967,1.2972802232789766,102.22178646235416,0.3165559252633284,0.1761251386635901,102.22178646235416,0.2921457534943393,0.1320683471808456,-2.955567942424403,2.231793454934724,60.54293585500122,0.1538030949730998,0.0173340217789134,0.0035676348958646,-0.6318365294525999,0.4504486489854702,0.0086418910776143,1.0,9.83,54161182
3030,2016 LN90,41.50608713870815,0.0265211485213577,0.3404054040753712,1.3518848404785198,1.0640644845355145,41.5077404951264,0.0228673587708594,0.3466326374210518,41.5077404951264,0.0228138337635745,0.3397708440457824,1.3338477498910366,1.054120672479833,1.1536624432398335e-05,1.0272644631054571e-05,6.814170210580562e-05,0.2277674333849398,-0.3663049547737995,0.0004505277069421,2.999024089340418e-06,1.0,8.78,54161183
3031,2016 LO90,45.55312446025072,0.0115275768660945,1.0546695664277193,1.5806397520864035,0.84694770360016,45.55008012480041,0.0108432095077081,1.054974342826878,45.55008012480042,0.0108628227328717,0.8700502405382887,1.6109821501939317,0.8468337383596787,1.0190748574864793e-06,2.4178739799773604e-05,0.0001613605223574,-0.0704582594573719,-0.0751397842021294,1.3112552339575796e-05,3.264310098814588e-07,1.0,7.74,54161185
3033,2016 LP89,36.90158878264414,0.0213105982475985,0.2225602567494688,0.0330598879725192,2.4181281781579624,-80.54743764159315,0.6428789031589192,0.1601487764625155,-80.54743764159316,0.6410012045602714,0.0852138881462124,-3.4653944002347243,2.543974330656138,64.04418865240345,0.2919042000871158,0.054695687767095,5.961947489842912e-05,-0.968218890285747,0.0052039680467908,0.4994252368724769,1.0,9.68,54161186
3034,2016 LP90,33.220288474741054,0.0131036465941021,0.1192969022494128,3.3125329128064487,-0.8105744532253537,56.555570361114576,0.3971131526931112,0.3324325346555188,56.55557036111459,0.3153562164764296,0.2313866451361028,-0.4918238679824434,-2.0239326610656168,3.0225003907075223,0.037991028715372,0.0388022406797815,0.1717883072479269,-0.2675703520704845,0.0313509857550171,0.052136062363306,1.0,9.58,54161187
3036,2016 LQ89,44.421157824330166,0.0179665681972771,0.0265851631567237,3.0376546758012566,-0.9518719978105452,44.41877727645561,0.0124961079986339,0.0197898289470215,44.418777276455614,0.0116202438703316,0.0187121756876733,2.507676820612632,-0.6781482997391686,3.543590358705936e-07,5.360128617387701e-05,0.0010595713258474,0.382702257911329,-0.3783688619263179,0.0018530431288658,0.0018625607902007,1.0,8.49,54161188
3037,2016 LQ90,38.87786524628393,0.0525032762160783,0.3251460092622071,1.7166162593301522,0.6517978311419491,38.6773908656622,0.0897251176265787,0.327853687419622,38.67739086566218,0.0810234407046817,0.3143295508101497,0.4888579598231471,0.9293376610895846,0.2209532589377651,0.01483254248536,0.0144853914705787,0.4503101421646303,-0.5223710736850382,0.0206888592756859,0.0032355233353826,1.0,9.84,54161189
3038,2016 LR89,34.73669778408313,0.0254210004484475,0.1316399602504401,1.220349893849891,1.195789268437949,2907.6649338520056,0.8878639557599042,0.278138198075251,2907.6649338520047,0.8773061916730176,0.1761229576471104,-3.456730890104416,0.4923474594820624,4876.381426974386,0.4046919445950102,0.1153625858975563,8.843918764782747e-07,-0.0023801095526663,0.0056929086574526,0.0211291614791051,1.0,9.8,54161191
3039,2016 LR90,47.91738516284677,0.0550042782319015,1.2566067906119651,1.1945429593118355,1.5966273218475702,57.18053642115193,0.4987499240321238,1.1806419097697476,57.180536421151935,0.402839631489327,0.7563647732015073,-2.397698954143249,1.542602227780166,4.536270051758174,0.0746841141494676,0.0557734098129313,-0.1262394093985721,-0.0540584654334707,0.0452491855071567,0.0036383645491954,1.0,8.85,54161192
3040,2016 LS88,52.16608716132411,0.0347657736614158,0.5661757545151702,2.1086832431271123,0.1819787356357042,52.166943048380254,0.034236166125252,0.5662653145145939,52.16694304838025,0.0342003437255866,0.5365366063745585,2.082271980088765,0.1812520800378743,2.819698321806204e-07,5.204968727685336e-05,0.0001818632798426,0.0352114834562289,-0.1056652997047409,0.0020440339094736,0.0003816400126523,1.0,8.09,54161194
3041,2016 LS89,35.22663769732733,0.0190054493099767,0.1665395773551042,1.0125749236095274,1.4463717051438711,-1187.1693753117177,0.6802375057819376,0.1420229614376146,-1187.1693753117177,0.6519353486382474,0.0643579658290778,0.0145279646818532,1.581251796869163,677.1138694625112,0.3178323627518802,0.0490385203873983,0.4635692155654711,-0.5003088300722232,0.4720091234474422,0.2251030294396732,1.0,9.67,54161195
3043,2016 LT88,48.912925487239605,0.002812184326443,0.5582783366619711,2.1852484473574574,0.8772401405215191,48.91532388085592,0.0024532438398669,0.5591441417046631,48.91532388085593,0.0024503461703223,0.5322402573294972,-4.007204474167462,0.8765211813454833,2.903976899842286e-07,4.833814836672371e-06,0.0017459022559423,0.0422496638954819,-0.1355320644455395,3.675437575634612e-05,0.000633349646446,1.0,8.61,54161197
3044,2016 LT89,41.65906833790551,0.011929335880645,0.6562809160281847,3.3404562961798225,-0.7923601062532488,41.65772780302828,0.0137080230234311,0.6545507297895619,41.65772780302829,0.0134442917150171,0.6096533195083601,3.232908602153535,-0.7926873900728723,0.0002745113546489,0.0002159581112794,0.0019502498638383,0.0210985865459066,-0.2090633404149531,0.0022896029338106,0.001923231799635,1.0,7.62,54161198
3045,2016 LT90,38.95146189808931,0.0438177809335111,0.5226128087218581,2.443750239270763,-0.1751839877290497,38.97044498391405,0.0446658486910904,0.5207473381516783,38.97044498391407,0.0445848383069454,0.4980306069098408,2.501847297924712,-0.1790897200451801,5.1416437958112495e-05,6.430134699852116e-05,0.0008147405278267,0.2277674274670196,-0.344485442653039,0.0002403843398686,0.0015643378348128,1.0,9.4,54161199
3046,2016 LU88,47.05769483249208,0.0634979844951393,0.5100893848074954,1.6687683379576663,0.6459141376512824,47.05403039757304,0.0608040871133966,0.5112274652012343,47.05403039757302,0.0608867129136274,0.4892562042113196,1.69089502149818,0.6463098320299602,1.829748123333944e-06,0.0001404416013885,1.0123954463483714e-05,0.0704371841746778,-0.1690644824702018,6.354308967791455e-06,7.655554331106625e-07,1.0,9.06,54161200
3047,2016 LU89,35.860031531361386,0.0307442460123318,0.1127593495219709,1.7437204523473202,0.6640439170717577,-119.98644968212024,0.907927199221359,0.0963042243681185,-119.98644968212024,0.8870746337100304,0.0217086193440324,1.7296559999251653,1.011885184621849,30.84054889299436,0.4175003045154828,0.0472549306889567,0.5476729825387455,-2.405341396858061,0.5462745170837009,2.045236244915936,1.0,9.86,54161201
3048,2016 LU90,35.48537068921162,0.0188946909490061,0.3296018777163621,1.773818340403274,0.6505605433789243,-968.617978915926,0.9306600333372592,0.09279154366417,-968.617978915926,0.9240568959457212,0.0312794538212443,1.1963146578628865,1.051696169097598,166.07627819355378,0.587817177215089,0.0342865231885439,0.4078940858220627,-0.8745724103871426,0.4087498720528708,0.6893292501528214,1.0,9.32,54161202
3049,2016 LV88,44.59356110948272,0.0414180881312737,0.4743368332539102,2.1715768765945977,0.1326856355308063,44.59290683486999,0.0409399308815278,0.4743645596159654,44.59290683486999,0.1212844613182945,0.4575456806399655,2.5540338623800287,0.1300179927236694,8.155007430557801e-07,0.0220586819239068,0.0008433441964962,0.0977503909229916,-0.2186115493432108,0.0038046690378425,0.0019108910676338,1.0,8.42,54161203
3050,2016 LV89,38.0964481343545,0.0256218452103452,0.442055518020145,2.9295670730973224,-0.8106663860064909,38.13478947323016,0.0314333602286027,0.4336921660259867,38.13478947323016,0.0264378571897412,0.4202701453325594,2.458779130398331,-0.8103490382526699,0.029625286114805,0.0014566873853016,0.0005551470189038,0.4168928900008272,-0.445972736210128,0.0524828560540727,0.0028339846916879,1.0,8.54,54161204
3051,2016 LV90,33.0940691847706,0.033999382073827,0.468380474522263,0.0251751048627673,2.3943129740134523,-154.04139261942478,0.8914795342949736,0.3675425318009265,-154.0413926194248,0.8509422519826914,0.1620930448588529,-0.9164666739717846,2.713747210011491,62.41223513862021,0.6586034534994624,0.1245258496091333,1.2002553381379014e-05,-0.0024491794838465,0.2174936566197657,3.918995862891172,1.0,8.74,54161205
3052,2016 LW88,36.68866660066664,0.0168274699602217,0.6689898121774684,1.3666899157828585,1.09995087804684,36.68659745590874,0.0130128607659064,0.6722037677526133,36.68659745590873,0.0128913108913628,0.6228931888797891,1.3216451858093925,1.0942009521747678,0.0022382400735807,0.0001512706870465,0.0005010068473446,0.2101452191652039,-0.3169924253821486,0.0039940997621508,0.0014046634187938,1.0,9.4,54161206
3053,2016 LW89,46.80831318970444,0.0141670635713168,0.0246089316717632,3.425841274946124,-1.3761411947860362,46.80690580521664,0.0109885980782014,0.0198507780995675,46.806905805216665,0.0106822880244897,0.0195560534348804,3.133382590877404,-1.2588899661615678,9.999144810723509e-07,7.943319424370928e-06,1.8303321320954457e-05,0.2935203472761267,-0.2841327128303443,0.0014974650737291,0.0016183727716798,1.0,8.4,54161207
3054,2016 LW90,40.836096940983886,0.0086286712358589,0.0471447606657387,0.1261942550603452,-1.1568780652988566,-2335.567121813772,0.7918815874990343,0.23616805954929,-2335.567121813772,0.7588833419746134,0.06849406639316,4.367463659679477,-1.656260659972469,963.7960019595088,0.3774641802276472,0.1103232546115859,1.3809632272448518e-05,-0.6576327535560518,0.0054545421431244,0.5117529723455536,1.0,8.8,54161208
3055,2016 LX88,45.12636508136483,0.0304890641722542,0.0255024420570714,3.649042229640981,-1.2338416172286335,45.12460133854347,0.0250557897281604,0.0183383688809832,45.12460133854346,0.02478276030074,0.0175700827898739,3.3104106059207075,-1.0358336684523295,2.01289544049298e-06,0.0002663024361295,0.0007610228434733,0.3521726148871426,-0.3475626100293137,4.4343720384690186e-05,3.747116982292833e-05,1.0,8.02,54161209
3057,2016 LY88,50.69400754029548,0.0320927516963659,0.5912554835772218,1.702376705457768,0.6332734868590311,50.69468137671696,0.030878045474787,0.5918557791609054,50.69468137671695,0.0310441042038499,0.559631908446102,1.6986411878581782,0.632442075548627,1.459508773157706e-06,0.0001826709472538,0.0019607889335244,0.0305003732972464,-0.1127987549719327,0.0022999782335168,8.459958002507165e-05,1.0,8.37,54161211
3058,2016 LY89,39.95966194784599,0.0214016871329968,0.2581916654015791,1.1152442552766404,1.33514883878394,-10925.861112963878,0.6737462263051939,0.2228905496020708,-10925.861112963878,0.6574353365601397,0.1052220500599589,-0.1994784354376744,2.1621549985161126,5487.194738680206,0.4227022485646493,0.0789035350005361,5.192824119655255e-05,-0.4942589789882293,0.0455314947734658,2.1128874222162435,1.0,9.69,54161212
3059,2016 LZ88,43.56514170148707,0.0339047260526923,0.4214188339726336,1.313983201810684,1.06913097463314,43.56381523536099,0.0311091189553037,0.4245051082554084,43.563815235361,0.0311564489354385,0.412098900861734,1.2707413532490213,1.0638759330639616,1.466295097734117e-06,8.152638660005555e-05,0.0010120572197782,0.1611020076527863,-0.2606330292637283,0.0013586199712323,0.0015741582299652,1.0,8.6,54161213
3060,2016 LZ89,39.12569663769926,0.0338777751088699,0.8859040434016573,2.590652805991059,-0.4270787676092504,39.15131946395954,0.0383877151753636,0.8850487945719975,39.15131946395955,0.1184246948431111,0.7741001926441599,2.2456515412988214,-0.4294052722280244,0.0006162306933373,0.0120297452231971,0.000178267213779,0.0883009845501576,-0.1737606562379874,0.0025479848076197,8.433261535438136e-07,1.0,8.39,54161214
3067,2016 PN66,31.64958941395243,0.9081291879476372,1.8430843116643407,3.408072309947748,1.9035385709627703,-86.27425077860711,1.0018450208616136,2.8063456800181723,-86.27425077860713,0.9960261036731932,0.0533180410544948,-3.161644813496588,2.1888889781574234,0.576970169833011,0.6008896992360596,0.2093903581066607,5.191630049199234e-06,-0.0023586483966537,0.1242825969346146,0.2935081938431736,320.0,13.4,50757518
3071,2016 PP296,46.037347196232695,0.120155230149004,0.0981972074107008,1.0091737428683452,2.9278190849539905,46.03843320222039,0.1165561293835123,0.0978765844117704,46.03843320222038,0.1165235337164095,0.0976452620194355,-5.222277606915597,2.879847410210973,8.154539908392985e-07,0.0005247514269063,0.0006560385608356,0.3193418258275974,-0.3334457583614669,1.1878903108862132e-05,9.210277293870855e-05,37.0,8.86,54453198
3072,2016 PQ296,122.38954168949142,0.8023612433234639,0.1042189320078705,2.764512847873423,3.029619751498829,-5669.697751700843,0.9405798766309672,0.1262102102734174,-5669.697751700841,0.9282381327455318,0.0615038338230288,2.135049509453616,-2.7053431693234224,2012.6203145627408,0.7190173265283282,0.0526415594277035,2.394798813184769e-06,-0.002483488934081,0.0249348173540703,0.0262876994893786,37.0,8.0,54453199
3075,2016 PU298,59.051154493005775,0.5953819643211286,0.0778225200935533,3.0403469753324046,2.061597683333753,-136.45908104360802,1.1054389592942655,0.025176021134818,-136.45908104360808,0.2136061532848642,0.00834553089396,-4.100451592380857,1.6620501886836814,47.53338352085773,0.423039473844842,0.0083397168007058,2.654530578886239e-05,-0.5441933158394121,0.0463094931644051,0.5751607741740837,29.0,9.02,54465006
3077,2016 PY295,48.323286421785525,0.2901147642167093,0.2354829306832037,3.1759864131602247,1.914885779285857,54.32312973691453,0.3908415455733908,0.2451268492567102,54.32312973691453,0.3116129536920994,0.1929777371919049,-4.645895236053201,2.8533108816989774,2.808270912607654,0.0227537040888672,0.0212630179196218,0.1612486720706948,-0.184142591188357,0.0152755725294676,0.0516515428495021,34.0,7.48,54446960
3098,2016 QZ158,59.76969080637172,0.2925709942935605,0.434235548047829,5.133786571139251,-2.1259561469425887,59.74919329626307,0.2838704833039221,0.4402662496656448,59.74919329626308,0.2657464002924005,0.4275590031032862,5.210004170669585,-2.0860770262241126,0.0053207744041821,0.0856896597007987,0.0035780298232035,0.0492923430353808,-0.0897306093579784,0.0043144674203943,0.0006899374545588,352.0,7.67,54450896
3116,2016 RR105,40.97521489266076,0.1013019027100308,0.2895419842998332,1.2076167236032749,1.3704610957390022,40.97891037493309,0.0922309776586246,0.3025056283791954,40.9789103749331,0.0918058517954556,0.2978304867854189,1.209471240949673,1.3621495698618802,9.662447671341808e-05,3.3291134714597046e-05,8.14632261664446e-05,0.3235912397386248,-0.4391029017414697,0.0004309782569772,0.0014728478983735,37.0,9.38,54465972
3118,2016 RS105,93.81016416601408,0.6227111362767663,0.1279782289500859,0.7248916506507967,-2.6893035765045976,106.92212026194848,0.6662095802511976,0.119613026214308,106.92212026194848,0.5210115870311389,0.0965068457586836,1.4599105795885994,-3.11856467543652,2.545938195353491,0.0759646973667678,0.0137532259858006,0.0553915935669234,-0.0376186962884928,0.032373530958551,0.0210724356289628,10.0,9.23,54465973
3135,2016 SH57,46.43799912383608,0.1982621807559054,0.276983530528778,5.8465561051241295,-0.2662961590248905,46.42169860836137,0.2026481195026427,0.27248318982406,46.4216986083614,0.2028924406086913,0.2690969240254013,-0.3846638962323351,-0.2833622254715623,0.0049436712864582,0.0005568992967966,0.0002575232324342,0.2207589158731746,-0.3005592063703871,8.625434479040562e-05,1.246771870516108e-06,355.0,8.4,50893242
3137,2016 SJ56,47.72369416168534,0.22866472419408,0.2504733368399134,4.292949594723244,0.6446612902029542,47.73398387621809,0.1749285385636235,0.3007790179839777,47.733983876218105,0.1453293131891039,0.2961111657772741,-2.457401937782302,0.8344160390686055,0.0001796057516635,0.0296681821574398,0.016275748212035,-0.4018520269107439,-0.1908971394661009,0.0998951280319759,0.0036989903914796,355.0,8.45,50893243
3181,2016 US109,37.38645360517874,0.9501231892834248,1.5450075683882671,3.020209538361682,2.592050205435517,-27.32637435239581,1.0109742266064714,0.9626518393209746,-27.326374352395817,1.0122202710806596,0.2286977606468889,-3.215029055636598,2.543347924555788,0.0227712920697822,0.4486959003774776,0.4491639078093369,-0.0023607146215805,-0.0058650691721151,1.563119624343958,0.0047819398881492,107.0,17.1,50763300
3188,2016 YX39,42.55282595990885,0.2389504159702228,0.5298536461999621,1.7565726590072028,-2.8633407423731296,42.73685893929789,0.2172327092851442,0.5412106638408781,42.73685893929788,0.2056940844804743,0.5151764192918229,1.8549465679610897,-2.8236991391350044,0.0265980292500932,0.0049697174582644,0.0027730699201841,0.1057759789846399,-0.260635356367711,0.0028772548581023,0.0017871201829694,71.0,8.76,54431757
3189,2016 YZ40,42.385139141447326,0.1755793889399141,0.3748508633249111,4.197655714238291,3.0607992266422155,-24.003307596569865,0.9551924795600312,0.0666044848780028,-24.00330759656987,0.9206211002137384,0.0689548429187027,5.99745430331161,-2.942346940062374,14.41699978196629,0.1785936840421591,0.0553136949547978,-0.1090787248155107,-0.3772155910443083,0.1116128318034609,0.2893580877075327,301.0,8.35,54455178
3194,2017 BA237,44.53711512287322,0.0365964034730763,0.051513363104933,5.136394481127843,0.5717219946305863,44.53713949203354,0.0413061021722937,0.0553422639108026,44.53713949203354,0.0411170905350812,0.0550584538319888,-1.0474592280823631,0.5677301981558404,4.031830084826548e-05,0.0002436233250945,0.0002640204573562,0.3723343662140971,-0.3740430691529905,0.0012704221414381,0.0015653623935248,360.0,7.9,54440432
3201,2017 BC232,45.2732161787415,0.0226899195194364,0.0032147439584557,0.3402766963054491,1.253501293631627,45.27519326638685,0.0207462125345238,0.0116619370364171,45.275193266386864,0.0204384264473201,0.010444356269419,0.4818781913492291,0.9569822810243508,2.011623606801697e-06,0.0002922585589299,0.0012108739088201,0.3451736856932151,-0.3409976763554896,0.0009865893426319,0.0017082786555395,327.0,7.64,54433217
3208,2017 BE241,47.00954210985696,0.0932470627102263,0.0694059586452283,3.1904976132404133,-1.5736787926565527,47.01627665886794,0.0910415607526039,0.0633493175331436,47.016276658867945,0.0910448217763385,0.0632874896625104,3.127112034280976,-1.5458266642260026,8.519497866361608e-07,9.151759414814673e-06,0.0001013865794465,0.3051726220537643,-0.2921094755801903,8.02816639113708e-05,0.0009018558884907,31.0,9.26,54453233
3210,2017 BF232,44.102565937098085,0.083221780907801,0.0044378954610833,4.143884816243354,1.5568812318941576,44.104463609302,0.0914868116407555,0.0159217547433177,44.104463609302016,0.0910572797805627,0.0109990521803514,-1.557439703106889,1.0370139981918671,2.6423272829136027e-06,1.2341498916482076e-05,3.888551571324743e-05,0.4273572316837666,-0.4302499317830685,2.135704765272456e-06,0.003786631401879,327.0,8.5,54433220
3211,2017 BF241,37.810832207175146,0.1005929290242926,0.5421580953464686,4.965202179697744,-1.7514109160474634,37.8197142559732,0.0824424392884346,0.5387543911258418,37.8197142559732,0.0722587067080045,0.5134528294150101,-1.1626863983342686,-1.762375799587467,0.0061351929034469,0.0050723332064454,0.0004766919010855,0.1179887122131439,-0.3734208381117562,0.0087831272991306,0.0013939641591848,31.0,9.76,54453234
3213,2017 BG231,46.78572000356633,0.1920637771524533,0.5500519140870195,2.253791482813961,-2.786499613202501,46.78550349875993,0.1937288346264028,0.5485159084925443,46.78550349875993,0.1951701806099834,0.5220193434862243,2.3046193528296115,-2.785236926114681,0.0028055791553042,0.0016688321091722,0.0006961899530911,0.0592549283288506,-0.1784330112829597,0.0016744336581433,2.352656599174087e-05,356.0,8.11,54431660
3214,2017 BG232,43.18170507646244,0.0698910646921409,0.0891027059534884,4.684664912465955,-1.6943059236799902,43.18526187663122,0.0522907790464407,0.0685676586095486,43.18526187663122,0.0518636077291714,0.0679434199424802,4.601680123996863,-1.6648453397949332,1.4559062480580552e-05,0.0008275991304692,0.0006014099354354,0.4414496153684725,-0.4496418117914456,1.917003240534388e-05,0.0011908511334355,327.0,8.67,54433221
3216,2017 BG237,60.570717021216616,0.4188073597719051,0.2435355808724682,3.9652855150226327,2.9940853443906983,59.781070479202846,0.4278026387682443,0.2105158421934523,59.78107047920284,0.3282002639517534,0.1716357576136475,4.0039145369320615,-3.1407830656144062,0.7539306485419688,0.0155800891840089,0.0147415492202322,0.159412390646393,-0.179998515185234,0.0302641618573308,0.0490502456735192,99.0,10.15,54442192
3217,2017 BG241,43.81087572245952,0.0807999832985327,0.0224401121346906,3.882076337074339,0.7197967599810962,43.81108584110398,0.0880983110791438,0.0341301389254605,43.81108584110398,0.0867324310532782,0.0326814519888557,-2.281596237462144,0.7340110627917458,0.000429624277759,6.974602248330911e-05,5.099599942958739e-05,0.462185973423203,-0.4414426225726917,0.0018050948119993,1.596479779949391e-05,327.0,8.66,54453235
3220,2017 BH232,43.76610334599688,0.0258470095840301,0.0166665878919304,3.2457002519186804,1.1869767708833665,43.76648003665028,0.0295073505669813,0.0281718779561806,43.76648003665028,0.0289734719498167,0.0270704729885809,-2.663345767686624,1.0309621828002862,4.828751164606149e-07,1.7195581096963788e-05,9.008933677994156e-06,0.4156183106929965,-0.4154601454509611,0.0011496057265632,0.0019092282272655,327.0,8.23,54433222
3221,2017 BH233,44.47316349613165,0.0660285690593567,0.0590237125211792,4.282832948734859,-1.2602756618779791,44.4913907023804,0.0613548607379143,0.0489328204726292,44.491390702380414,0.0578293812959794,0.0484751986582839,-1.854774829128368,-1.1594443981821063,0.0038618761046168,0.0017313690892621,0.0005280335527613,0.4127379343004496,-0.3850908937585773,0.0117271376988096,2.3559045665632464e-06,327.0,8.54,54435276
3223,2017 BH239,33.509740114442295,0.1027573323309093,0.2919758559451877,3.522933134561304,1.5238019988639804,-20498.23280482062,0.9727340734853652,0.187585104938897,-20498.232804820625,0.1220831793389933,0.0150277555269176,-2.602907800810785,1.370188597708116,13842.35074927013,0.6694823153164315,0.1065393085325244,-0.0034741067563421,-1.3761891822126922,0.1326738322082297,1.2473854469220813,34.0,9.69,54445973
3224,2017 BH241,107.18384996546304,0.6935174684244869,0.036460598738806,2.8998947834523623,-1.4942563387325016,5803.316412940985,0.9516479814166636,0.0476988875380208,5803.316412940987,0.9257385853015186,0.0242494596368185,4.013699562142151,-2.1225293279954287,10414.64869223564,0.0605363475520291,0.0245616807945363,2.651928546359965e-05,-0.0024724323023564,0.0050458363674717,0.0026629168701255,301.0,8.39,54453236
3228,2017 BJ233,44.77721835573718,0.1205121866812978,0.1095064372305979,2.910611413784056,-1.5296360586142317,44.78469736312661,0.1132426317147859,0.0903797931157968,44.78469736312662,0.1131225666986528,0.0902550956640786,2.7886497768250527,-1.4848253805484164,0.0008648374327386,0.0068490221274984,0.0082217649809742,0.373376289775332,-0.3883614060901705,0.0013551728067392,0.0068232981013799,327.0,9.38,54435277
3233,2017 BK232,46.40670045302216,0.1145203577464311,0.3173206454891166,4.048207875695659,-1.7884111772627973,46.4090559256258,0.1131929132491869,0.3144045158137525,46.40905592562581,0.1134343980278392,0.309688239978563,4.037809046998847,-1.7921271096808,0.0001980217992863,0.000251976740579,0.0007516641519488,0.1720408037821048,-0.2457057608163977,0.0016185087744625,0.0014228675342397,327.0,8.37,54433224
3234,2017 BK233,47.23590389184093,0.1181317932353395,0.098924078504856,2.3235555436973936,1.138201943234956,47.25640694705426,0.1170179348012887,0.1048014371618175,47.25640694705428,0.1169701612735888,0.1046823877832536,-3.925521701023044,1.1234824163978754,2.5061247197820867e-06,1.6422691216255084e-05,0.0001426223268501,0.3243957999475867,-0.2921228674339689,0.0003397836497524,0.0009146571396267,327.0,7.72,54435278
3236,2017 BK239,46.26586285884183,0.0932714652158506,0.0500420959746328,1.8538993887182027,-0.6835518933712902,46.27037220439817,0.0917154488386308,0.0442215003179188,46.27037220439816,0.0916689280185018,0.0440284488461637,1.729935549342788,-0.5821656194567273,2.6128285651247908e-06,3.513289104579528e-05,0.0001766203307539,0.3216898476449585,-0.3202450771866392,0.0013271790278535,0.0008601170553728,24.0,8.44,54445975
3239,2017 BL233,43.583635868992765,0.0440525739638868,0.0277199064441329,4.749513106839205,-0.8831700635550135,43.58546750701017,0.0447540008428953,0.0221869008615099,43.58546750701017,0.0437775337254533,0.0201622613118762,-1.7218992785446874,-0.5420578933162558,5.549716426214397e-06,3.970274730740735e-05,1.5376962413925182e-05,0.4495873359735553,-0.4298803850046053,0.0011929472342589,0.0019578636641945,327.0,8.76,54435279
3240,2017 BL235,42.87237209637451,0.0488952105696085,0.019089636539791,5.812488481576681,0.5600208553813826,42.87578109431866,0.0577948932748089,0.0284218526533367,42.87578109431865,0.0566027642386334,0.0247516476485116,-0.505743786900356,0.6738975426674609,7.737634066016241e-07,8.355314468444383e-05,0.0002053202097515,0.485833101608442,-0.4813767126990625,0.001911427374666,0.0010421220810594,327.0,8.55,54436408
3241,2017 BL239,39.8244372576571,0.1055491833751297,0.0831688206130856,4.408445285949648,0.801631406977483,39.77565225929394,0.0948336069439242,0.0745766124894133,39.77565225929395,0.0906524054322818,0.0662625775421349,-1.7821017246196822,0.7791613357878759,0.0002863930997186,0.0010721711015145,0.0003361953029959,1.6237588727716528,-0.9096267796657194,0.0066724068453485,0.0060143282348152,24.0,8.16,54446077
3243,2017 BM233,42.817401776571714,0.0255291017752631,0.0298709320884121,1.798457263219655,-0.7913292470849188,42.81929983850097,0.0280754376098462,0.0221654449245776,42.819299838500974,0.0265730403727594,0.0176282042730885,1.2576857073511527,-0.3683604338908557,2.037449334874917e-05,1.2183532187974707e-05,7.74232770599629e-06,0.472073250346004,-0.4732908541044746,0.0019571788433369,0.001059032470305,327.0,8.84,54435280
3244,2017 BM235,45.19173915719461,0.0907319720121976,0.0578937659213557,2.222172348255315,-1.5012758318107091,45.19533682968287,0.0939772428255717,0.0523977481139648,45.19533682968287,0.0939245050088229,0.0521041049165959,2.1042095046412,-1.3880240581562358,0.0001708636205447,0.0001060162118943,0.0003799516472294,0.3614148979265204,-0.3663063314600204,0.0001878724595866,4.906026680669924e-06,327.0,9.07,54436409
3245,2017 BM239,40.985235962199184,0.1028821329369618,0.096795777551554,0.6628264874780196,-1.230257848339077,40.99416176302154,0.1102800403411362,0.1187774902323049,40.99416176302155,2.323337228771955,0.1176220024621838,-0.011851393422968,-1.3257186769220208,0.0005768382237309,0.2801567174432088,0.0012000527719498,0.7132160944560252,-0.692637855229793,0.0406839183744097,0.043692285996834,24.0,8.57,54446078
3247,2017 BN235,44.46822712433057,0.0526515556145732,0.0355576025956252,4.449597628192404,1.1121763147639494,44.4677226143988,0.0583267867724749,0.0426769836646803,44.4677226143988,0.057953939912402,0.0421480754696387,-1.671684388782184,1.0459245328378053,0.0002922790118884,5.8699287179262536e-05,0.0005219635082839,0.3950318146489234,-0.3850913753310324,0.0005141208966023,1.8178533763366232e-06,327.0,8.87,54436410
3248,2017 BN239,56.86746324450065,0.2233010585685599,0.4045846737874259,3.8580173882245865,-3.1312423325951686,56.85479897295419,0.2163451809274174,0.4074265164865278,56.85479897295419,0.2098946592991817,0.3974106930705731,3.782437685510588,-3.130884237018273,7.463318917850536e-05,0.003382348110649,0.0019011494121334,0.0518935509936477,-0.103440675841969,0.0036372693461068,0.0001025173732306,65.0,7.92,54446079
3251,2017 BO237,72.40918392794494,0.6782099961048593,0.2493055721188724,0.307146266698588,2.018542190333088,31405.26273413281,0.9350552840578512,0.2836170882249655,31405.26273413281,0.9341611848369468,0.1364360777429897,0.478421778034731,1.7726976912218546,28539.013857705795,0.0459165140704046,0.1220942017736411,1.6419082189967033e-07,-0.0073625270668346,0.0047049350819022,0.0024075352979135,39.0,8.52,54442711
3252,2017 BO239,42.56980025109959,0.1139225528453863,0.2621860856539131,3.752543749898179,1.913817981919568,42.55947610225186,0.1243309923410531,0.2730969614298565,42.55947610225186,0.1237419332249627,0.2697218634665484,-2.545038399008556,1.9113182438393364,0.0002176652047977,0.0002514080396469,6.822998728961728e-05,0.3498684751608467,-0.403882123094882,0.0011439588800918,3.683938764681312e-06,39.0,7.23,54446080
3255,2017 BP239,39.07707227487178,0.1065651485299391,0.0607904746141012,3.759777814530232,0.9643421141139172,-18.22058535980685,0.7464109445270221,0.1325033403235485,-18.22058535980685,0.7244878283856214,0.0688917790823139,-4.2090305033973525,1.640199409982937,29.4658380063292,0.448041727081873,0.0499186128026462,-0.002362570881877,-0.6675551688124839,0.0214174135476408,0.3429823802575637,5.0,7.84,54446081
3258,2017 BQ239,44.44631497676797,0.1035343967041304,0.1183928259009885,0.8048247712322798,-1.3525955496299298,44.01180296232661,0.156005080499928,0.1205110067450977,44.01180296232664,0.1358664289786256,0.1114817597768847,0.5672480945225724,-0.9528547059424308,0.4538314752138321,0.0149615467714216,0.0050451395107494,0.5095622420012558,-0.4217103322210444,0.0153857396679251,0.0143451298610727,3.0,6.8,54446082
3261,2017 BS236,44.28797805894576,0.1785171784218444,0.4206897759885247,1.6451958642227176,-1.742164587537914,44.26346436759272,0.1710336350829763,0.4141059196850182,44.263464367592725,0.1681297040528414,0.4030577791561293,1.7522087159936102,-1.737356801868739,0.0040907767629525,0.0011261248613231,0.0012402838884192,0.1419299617823134,-0.2704667859729703,0.0013443755874536,0.001199579700861,327.0,7.76,54440097
3264,2017 BU236,47.98295330244983,0.1465477366535671,0.3347557562663791,3.231854398147,-1.694296057709742,47.85733692077285,0.1816806716833351,0.3216932153017401,47.85733692077286,0.1438263343463455,0.2596388962085459,3.471658859172819,-1.7749882791653795,0.068675912741816,0.0165091338059451,0.0368877934614493,0.2966626154962714,-0.2294780936478392,0.0861423938042163,0.0259173396301023,327.0,8.75,54440434
3266,2017 BW236,43.8685713053576,0.0535167204863083,0.0102654505979921,2.113127577190241,-0.7425480830805861,43.87087010216549,0.051278487520391,0.0126944297198157,43.87087010216551,0.0508999661414151,0.006714988815719,1.3158636064248628,-0.0445643104846132,7.919042943179576e-06,4.076903479070397e-05,0.0001339361092361,0.4186617387933428,-0.4177293504706321,0.0006668627703549,0.0017242979177574,336.0,8.97,54440436
3267,2017 BX236,45.94264017127371,0.0792073069786657,0.0319357011040475,3.114119716882584,-0.9164763136359142,45.94717733599422,0.0746080554135018,0.0248379458845143,45.94717733599421,0.0745693429363481,0.0244236889070219,2.893832085999363,-0.7452180547293328,7.704429023855097e-05,2.8218577213421987e-05,0.0003776981218164,0.3287684528042685,-0.326607469969394,2.851534613435681e-05,0.0019213873961356,327.0,9.33,54440437
3268,2017 BY236,40.19248436741064,0.1060333056043992,0.0632374656243187,5.259625567326845,-1.0962813600423982,-2446.409177467809,0.9685833219476516,0.1350803512135324,-2446.409177467809,0.1350546331681229,0.0085295912687194,0.3471504151704323,-1.0666394998194588,764.1851073156523,0.7618755701404181,0.0977631131109468,2.29771183708456e-06,-0.7465902888260034,0.0053894376035159,0.6641460068954211,24.0,8.36,54440438
3270,2017 BZ232,67.5098877476504,0.4252299088908166,0.7798011134692869,5.298012358006637,0.9566402761124808,67.5039603337251,0.4219908807752068,0.7815300552250496,67.50396033372509,0.4175517978491488,0.7066374352894237,-1.0790886317260435,0.9561745257569751,0.0026075669946636,0.0046191233439546,0.0018915621228334,-0.0047498905717816,-0.0469634353442376,4.553500884778872e-05,6.578780104040288e-07,336.0,8.55,54434154
3273,2017 CA58,50.30152785118224,0.1015438886024836,0.5099539527422081,5.570800468076465,-2.947319284504733,50.30023035988141,0.1021291034674199,0.5097209017106092,50.30023035988141,0.1021764923206481,0.4885043602212826,5.567531795644067,-2.9468841549235174,6.4332849846676666e-06,6.600456486679909e-05,0.002855099655223,0.0563547428388208,-0.1338373662901636,3.310165965060363e-07,0.0014928783961898,11.0,7.53,54446083
3277,2017 CD60,41.97703920714287,0.0549244820766533,0.2315958439389823,0.855389324714416,2.0011180895168827,41.96543912007798,0.0471180300759913,0.241881772267527,41.965439120078,0.0466592913283244,0.2394839015225499,0.8423502577346595,2.008350358671553,2.9455740673359595e-05,0.0001533569662973,1.8455947026970643e-05,0.3544620894610928,-0.4226612036449092,0.0019354309611368,1.916439728720527e-06,96.0,8.37,54464620
3278,2017 CE56,46.25892023352481,0.0611643405294065,0.0551330165034594,5.880694009495766,0.7020150953262819,46.262670926460025,0.062774880251068,0.0573527406446982,46.262670926460025,0.0627591089899494,0.0572501486842889,-0.3840061227699166,0.6974196157775167,4.774403418056121e-06,5.104964028039508e-06,6.074130502593129e-05,0.3098561736606404,-0.3078928633811122,9.261134773420876e-05,0.0018803075754086,336.0,8.24,54440101
3285,2017 CJ55,44.02130454999021,0.04639381058274,0.025087314314526,3.417640981183817,-0.143197824559999,44.02341398085809,0.0430782757327475,0.0279995907562601,44.023413980858095,0.0427591999203717,0.0269429386348496,-3.061578581128749,0.086813324097291,4.391947172624242e-06,4.210005797211934e-05,2.820710509389144e-05,0.4054294528579703,-0.4039106235400451,0.0014698684955245,2.855847272671864e-05,327.0,9.14,54435283
3286,2017 CJ56,48.62566250338444,0.0940314442649757,0.3876278009796521,3.6988195029377793,-1.6415100117085109,48.62646450836351,0.0953009866695414,0.385308299585044,48.62646450836351,0.0952900553022199,0.3765130217213718,3.6866735701168336,-1.640820898793254,6.227663250199824e-07,2.3784881440914416e-05,0.000734360964253,0.1103615193957439,-0.1785914734446492,0.000555607600246,0.0001278674170526,21.0,9.05,54440443
3288,2017 CN54,48.05319882803216,0.1376603394532439,0.2510394174053553,5.71735124205868,1.8252347085045293,48.04222894558645,0.1397136917477626,0.2539276520451076,48.04222894558645,0.1393379755796542,0.2512029636355554,-0.5501993490633827,1.837198688108472,0.0008835187548848,0.0003916541341376,0.0001195688887764,0.2653355604711189,-0.2395080199899642,0.0019646294071501,1.0730997517948206e-06,91.0,8.84,54432264
3290,2017 CT58,90.49480878420358,0.5143127892899593,0.2246108081837613,3.718327221331194,2.621452232151514,90.48309254862222,0.5148879714955505,0.2231399974129981,90.48309254862218,0.5181229092963029,0.221487214955751,-2.5448665629265697,2.6046648067856166,0.0001275148247382,0.0035039719553967,0.0439862938372468,0.0328477756752387,-0.039918314880957,1.9396791641026897e-05,0.0075609165246989,91.0,8.51,54455180
3293,2017 CW57,44.65823547798693,0.1016435824789767,0.0583799728737876,0.6288713720655643,-0.9587363588841648,44.65995255654304,0.1130072399675033,0.0583698410142687,44.65995255654306,0.1129091804389738,0.0579458383057315,0.5102970193660938,-0.7836490884974707,0.0006344911004981,0.0002663313553638,0.0005293005081091,0.4012387102532894,-0.4062247071534279,0.0018774506845135,0.001271425240776,24.0,8.73,54445976
3294,2017 CZ57,32.69889014904489,0.1047745263351775,0.4391842596562912,2.5844795067721247,1.2097729333179668,310.04204828350174,0.8481688599656637,0.2597328088814212,310.0420482835018,0.750282079848786,0.2325277917680675,-4.028299158608073,1.1688751640328394,104.01048474317984,0.1253630318944719,0.0922915391891078,0.0046367835039,-0.0094029088010746,0.0035710185515226,0.0098494240347548,11.0,9.11,54446084
3310,2017 DF168,56.33398838893125,0.2762798835934088,0.0510215170752109,1.2052162345733537,0.2340391727286831,56.34323337418733,0.2754182952406842,0.0505241339269772,56.34323337418735,0.2760339909346111,0.0504531303073171,1.188946936917834,0.2466320737336736,3.684675149369003e-05,0.0008604470960436,6.924955276898937e-05,0.1664688096828177,-0.1714126295688802,0.0019051365174296,0.0006426950140209,2.0,9.26,54453239
3331,2017 DM162,44.41435452617699,0.1197715831259333,0.1551094150026644,0.5419176882178496,-1.6131851962659254,44.40771311070569,0.1316236056132427,0.1490841064563837,44.4077131107057,0.130258147703737,0.1483921402657401,0.5885014599805318,-1.622104407856582,6.139768312565326e-05,0.0001305475326517,5.699474532143879e-05,0.4132392305754007,-0.4038761315086732,3.759727310150905e-05,2.6747297712570733e-06,327.0,9.07,54435284
3338,2017 DN166,42.16119959974659,0.1059583578736513,0.0440702872750518,4.759225997772991,-0.7984283891664242,42.11679896152311,0.1047332360643922,0.0693068825278117,42.11679896152312,0.1020047367990446,0.0420965848437833,-2.249659863367077,0.0311890233394199,0.0011867391746513,0.0016123348599644,0.0033170774617841,1.0799348938493782,-0.5872378486134363,0.008809821845795,0.0001181108390825,31.0,7.36,54446085
3342,2017 DO162,43.85814672240713,0.0898402630829836,0.0784849769950015,1.6280266336659457,1.056063234619026,43.865538422591065,0.0981754283062367,0.1044829348917912,43.865538422591065,0.0977219854867679,0.1039805722929413,1.6532297712545878,1.027108875834955,0.0003296578179954,0.0009219873690865,0.0008388181796269,0.4154608526369543,-0.4249362917040885,0.001623166921386,0.0019922036022925,327.0,8.57,54435286
3344,2017 DO166,40.27076488579251,0.15614575437888,0.1527880482157068,5.149391493802014,1.1320796938498108,17463.79977925973,0.5491799850971434,0.1907768025200663,17463.799779259727,0.5182775446327982,0.1286281871451661,0.2642866648449464,1.1230155885994628,15474.623841304165,0.1988624278877326,0.0639745987617579,0.0084770308282533,-0.5367255464220643,0.2475255990184205,0.2204454938338648,89.0,7.74,54446086
3348,2017 DP166,42.36466089497731,0.3474557916695944,0.0766950808759642,0.5960556168487283,-0.5349266356137306,-871.499043044667,0.9599956497903258,0.1776145262563641,-871.4990430446671,0.9520642881878316,0.0126630229080735,1.1201954891166244,-0.7071743794537905,81.43562906907658,0.6038560513420967,0.1068691266060566,1.5250438358310162e-07,-2.333262518993129,0.125420780173391,2.060624573525861,32.0,8.5,54446087
3350,2017 DQ164,43.67939969041592,0.0825016991870911,0.0081086956871194,3.673978100818171,-0.5315786577523137,43.66886355769567,0.0844415927283158,0.0135170841719819,43.66886355769566,0.0639325649438484,0.0072330467899818,2.896941073883994,0.1627073028026651,2.2477075715460044e-05,0.0024235822171181,0.0012307924505389,-0.0831938147399104,-0.4274801802564446,0.0270251099517794,0.0001383918027118,327.0,8.04,54440105
3351,2017 DQ166,42.642661236570845,0.1036893854427265,0.1865138438743931,0.8351564686478508,-1.563902812279549,-435.31191540329,0.8391315468204126,0.176826621795255,-435.31191540329,0.8187854230224917,0.0434023918791264,-0.018166938266243,-1.494486098420671,134.74951156476703,0.1693918063975789,0.0670210943328135,-0.0031648132738344,-0.4946980245912769,0.0070661303766684,0.5268938127278219,31.0,7.81,54446088
3354,2017 DR166,57.11735033193644,0.4628706840032734,0.0536241534675209,0.4806275082435061,-0.6602208910272871,-1911.135633658059,0.9431050877458304,0.3012021178067417,-1911.135633658059,0.9260612112099186,0.0802978926538617,0.5058392796397914,-0.0989067670900559,253.7615195926115,0.5886592519867656,0.17540729276626,0.1873034039774132,-0.0032665588328659,0.1920452238746586,0.1698788596660563,24.0,7.69,54446089
3360,2017 DU165,54.27231063186622,0.5171106819719152,0.0673641773341721,5.719900433245336,0.366714123036551,9799901.572501786,0.936485301377755,0.1284562534202472,9799901.572501788,0.8788389516699953,0.0789864955442935,0.5154947808217325,0.493216632279536,6113311.226648847,0.4002802852932901,0.0519962541103724,0.0002980662733013,-0.0024437062421456,56.22103976680508,56.21996986768912,11.0,8.32,54442722
3376,2017 EJ53,41.08804317821748,0.0846829301538381,0.2357781093730812,0.5053554838472403,2.412689637224258,41.70115007007199,0.200383328806812,0.157938487557701,41.70115007007199,0.1563486633314233,0.1406388117359853,0.3519021694001765,2.441434914691589,0.5645090303227597,0.0095287966268482,0.0171084112551361,-0.3726200602049134,-0.4870971757844373,0.0315159659380736,0.0174824961615794,71.0,8.58,54440114
3377,2017 EM4,32.21866643319287,0.9179297551222648,1.469780922988,2.586241066989308,-2.10961373930151,-12380.194786859394,1.0001814176389094,1.3881300778965324,-12380.194786859389,0.0101467210577523,0.0008014875857803,-1.6310097541936226,2.79588463990498,81.60144167615073,0.0101162834613426,0.0007879410097347,-0.4185401535671126,0.3131084527744272,0.3819369760995586,0.3968594078086696,153.0,16.03,50771093
3380,2017 EN53,39.29353425572385,0.3467901600315067,0.156845922665484,3.5047760944159068,2.4781280657951084,-24.712658424786586,0.9246803737107756,0.1469853309021422,-24.71265842478658,0.875921660874201,0.1200250240122415,-1.368372799090093,2.253921918035034,24.424975508093247,0.5745376779315963,0.0843621661670538,-0.0027048151453263,-0.5608038601167054,0.0137911013975725,0.3685949527026593,37.0,10.27,54442726
3382,2017 EO53,46.91258787908651,0.2304362497951113,0.4223661976099199,5.870736239501686,1.206255861514813,46.90126874895224,0.238133269442702,0.4203437136935561,46.90126874895224,0.2381538867194578,0.4084363693635086,-0.3732331194988687,1.217563909685568,0.005719883412125,0.0011161230728307,0.0009585392207659,0.1291487154142614,-0.2324886312918109,0.0017032061124035,0.0017610839255541,71.0,9.52,54442727
3397,2017 FS247,51.0812762938432,0.3486537260241565,0.3879102943087016,0.0377927842253953,1.2670674001532034,-1315.2126139437478,0.9142943638030472,0.1666735883966121,-1315.212613943748,0.889793164502555,0.0529585622826361,-0.5892110763487413,1.6204746777843173,228.58431312665508,0.5250776919548065,0.0656015144801118,0.148103151681792,-0.3211517207574547,0.3260293641208585,0.5078238976665198,89.0,9.95,54465533
3403,2017 GD8,38.28419486648717,0.9405954680907048,1.2968412925353832,2.85374564854874,-1.1653603688322616,-1080.591638036051,1.0021681670881672,1.3238783871174231,-1080.5916380360516,0.0126266894112327,0.0077523426059413,3.805975425224984,-1.753491466667326,67.20323192378412,0.7666914301079018,0.7450866373309971,-2.330874167220905,-0.3670618560258126,2.129277669406159,0.2956228632220222,62.0,17.5,50774036
3407,2017 JB6,31.99299741485225,0.8809392995090918,2.8281325316220656,5.885023679896129,2.512007402399348,-20957.94139707078,0.9999718362013716,2.39749274690528,-20957.94139707078,0.0124797801152787,0.0076729862695445,-0.914705900550254,1.812839301442028,3762.8357488699553,0.0121609345094983,0.0074939645373468,0.3128818806169804,0.3646492323005776,0.3132388406764719,0.2989770725183684,116.0,15.41,50775142
3412,2017 OQ146,43.79676219524908,0.1035721412827912,0.0236597768101068,3.8833629597194297,0.9524998045196398,43.70667704336282,0.1588397314129999,0.0794709928386378,43.70667704336282,0.1045932488169851,0.0755940233968451,-2.3362061437851267,0.5725316729429107,0.0253072911576858,0.0097776445135157,0.0106497045761045,0.8208930018258978,-0.5209276010080809,0.433693826400461,0.0076561426978183,1.0,8.91,54294958
3413,2017 OR146,34.86480951652855,0.1016702640586048,0.7073955472895342,3.1589386154660746,-2.647955026548585,34.891931218092004,0.0927160245327521,0.7076585337275414,34.89193121809201,0.0748447771606905,0.6507255936809656,3.126380662281645,-2.625374572233159,0.0007385118725828,0.0097168964721238,0.0018210756641329,-0.9393731844643664,-0.3361591094449044,0.0649270489536768,0.0013045992318039,1.0,8.96,54294959
3416,2017 OX68,55.28969346652285,0.9685891042197158,1.6768880594553903,1.9131236516554024,-2.8467914147313795,-6426.129893874045,1.0000967285330216,1.5030211924558678,-6426.129893874046,0.0119190716324061,0.0052636094595786,1.230467902502213,-1.851451819579517,61.094016034709234,0.6251386049322993,0.6276432604277846,-1.0984938936636834,0.3645567029534267,0.9757722922642692,0.3287201551076685,218.0,17.8,50781021
3424,2017 SK381,38.81076274562226,0.0886620921708526,0.2413097824474723,3.4367979954746093,-1.9910208681923072,58.76917112877895,0.4354598369607154,0.3319839729301708,58.76917112877894,0.3742444795261655,0.2855504661378119,-0.5131670579633465,-1.8097979758461729,1.5581195831402843,0.5934023303383641,0.0233654111745047,0.1073457123389414,-0.160559160499683,0.00856820803502,0.0024790679069504,49.0,8.22,54445979
3426,2017 SN33,220.9837199803091,0.9916585708700691,2.655386695291059,0.1069256513260716,-1.607088986574016,-14025.304961384609,1.0001210432551917,2.648256034455536,-14025.30496138461,0.0003249182093881,0.0001027025848688,-0.0050741483740066,-0.1539233255420257,26.576702703556307,0.0003247434365043,9.9825337445317e-05,0.8465532618996711,0.6987519572330365,0.7722283483875636,0.6007254604886335,67.0,17.9,50787639
3427,2017 SQ385,57.22841289191769,0.3662868160983495,0.4354890599239227,0.1473052817904605,-2.1287082981721683,466.9427397243424,0.5376468801049044,0.3061187926989836,466.9427397243425,0.421233916416207,0.249120598983297,-0.7740014935265371,-1.9143645902067647,403.0686443007691,0.0479329401458087,0.0273459319104322,0.0674975741450754,-0.1376758864129279,0.007877509424922,0.012108963993872,14.0,7.98,54465976
3434,2017 YL4,155.28293240923452,0.9725135225202984,1.52611219679154,0.7719810441937947,0.2156476818524387,-4048.275312106688,1.000990423478674,1.5067937801127014,-4048.275312106687,4.734424843873988e-05,0.0003876810320613,-2.411525002738541,1.627208711397211,2.0858911742942503,0.77533134204748,0.7727121131805366,5.427978796206165,-0.0029602401769524,5.010752583530251,0.0095190293379703,63.0,14.7,50795096
3442,2018 DE4,31.61399068619325,0.924400207991846,1.401985355847139,0.5472330112642512,0.8293313774702831,-3913.860274931732,1.00049216835819,1.246949559256495,-3913.860274931732,0.0018024057445193,0.0004297826865042,1.865435550130469,-0.3842138715969492,10.031850956465732,0.7736117288286746,0.7339833612352956,-1.5148644265768836,-1.3576218796504211,1.35989834607517,1.218435836806689,125.0,17.2,50799789
3447,2018 GT12,97.13970994325167,0.654541964008641,0.2620412474166406,1.230081850824849,1.254776241973157,-150.0399726055656,0.8289840508127432,0.1822809836509324,-150.0399726055656,0.5333133325776328,0.1237642453647103,0.7537378659661085,1.6876682793290272,195.70495919839323,0.2359297652010661,0.0490711211186477,0.0419097825904478,-0.0681049086509962,0.0301470239553793,0.0788976971833078,297.0,7.6,50840708
3448,2018 GT15,59.68850485226712,0.2216565554986639,0.4409820680235596,5.087387074621527,1.1645204473078274,59.68941975482375,0.2195347081810714,0.4428647451993184,59.68941975482377,0.2208081055482013,0.4294676110380323,-1.176319296790658,1.1648515262543124,1.970369688032485e-05,0.0012201701511694,0.0005151634041528,0.0469410942595508,-0.0821912943936988,1.6178082075189415e-05,0.001532997242648,32.0,7.59,54017358
3449,2018 HS12,42.16057735903116,0.1883883417579711,0.2675031269787664,3.6035730590914494,-1.9567279466380167,4.6258618942206375,0.4955793686193913,0.2459590241096583,4.625861894220641,0.4569537003000483,0.1673236244511113,3.682565755964325,-1.6660311174157156,30.50905477949778,0.2401516484087754,0.051559284480841,-0.0024305322080625,-0.3613628643220623,0.2732262760446957,0.0164897149910996,355.0,8.3,54442690
3450,2018 JT6,53.14640782551321,0.1970710881670219,0.4754192833118698,1.9814341489652008,1.833660273709908,53.14533494108345,0.1932598009617815,0.4780359414322618,53.14533494108344,0.1932697643538829,0.4619428787267146,-4.274191684901779,1.8330382229473352,1.61685477655021e-06,4.723839786701705e-05,0.0022551046318241,0.0610510423770154,-0.1205765000650571,2.9795488682401375e-07,0.0014453393895021,295.0,6.8,50840707
3451,2018 JU6,51.55138866200621,0.2553202504564853,0.0865204069329849,5.043462364088812,-1.0655382412304115,51.631572522688806,0.2565748403541685,0.0870440319485886,51.63157252268882,0.196399325696941,0.082516955258674,3.93965195595929,-0.8499796585145643,0.0003461842538994,0.0248580141624695,0.0054379482148085,0.1786862497309019,-0.249913808490923,0.0055336546459252,0.0032325201806726,294.0,6.9,50840709
3452,2018 KH3,85.23669350217637,0.9566984647853164,0.8458458449502823,5.587869684839187,-3.048611195179136,-201.5097892347977,1.009715980707409,0.2827101081345251,-201.5097892347977,0.0030789611792191,0.0015906272864841,-5.2874634115491,2.9160939561152146,0.3566584512535221,0.4502396168871939,0.1750515774033015,-1.2030436678392342,-1.7951396656170997,1.065685277851237,1.6072934824132212,211.0,13.69,50825076
3455,2018 MP8,245.18697604766749,0.984421705085551,1.220042942297212,6.197322162043417,-3.1046388877015296,-4195.779630806438,1.0009071512694994,1.2163720116088477,-4195.779630806438,8.907040083238334e-05,0.0001440373237494,-0.2079175190597819,1.6968601909463596,7.841455227034146,0.7752371433341171,0.7263335385281013,-1.2545831153339966,-0.0073560317901104,1.5351482373009124,1.7738328302045931,184.0,15.3,50825532
3456,2018 SQ13,160.45443044586142,0.9814565811845436,1.599326425263535,2.8033098755107897,2.008424643980033,-135.1420210792203,1.014600701306111,1.56933450147872,-135.14202107922029,0.0030120879599911,0.0002127761133493,0.4822892854239446,-2.742130021381584,2.3090695156602794,0.4524390908963075,0.4471179556281935,-0.7502936980652911,0.4678638391405632,0.6791154170000293,0.4177150499030138,135.0,15.59,50831891
3468,2019 AG142,47.04568458754933,0.2398591215700829,0.1729093783688675,4.925847624240179,-3.051761108783265,47.062608412574185,0.2387906576228092,0.1868677593072243,47.06260841257418,0.2370185846485503,0.1856777788421015,4.756973649400127,-2.937510090061943,0.0050504300235742,0.0020607322028265,0.002786137121044,0.3738799891181845,-0.3930924326722881,0.0024762011138869,0.0024042009531114,84.0,8.56,54451031
3469,2019 AJ142,42.113599360887456,0.2459368701945392,0.1326989726679268,5.215478931116266,2.941019854665566,-3829.467812185542,0.5722429608748788,0.1912751921222319,-3829.467812185541,0.5454836832396345,0.1017442756793617,-0.5163905397828317,2.095433240238302,2866.8058833269497,0.2628989133476055,0.0442628115768201,0.0004003975003918,-0.4575651135168614,0.2423939575126985,0.0318389832574824,84.0,8.62,54454192
3470,2019 AK142,60.74052517119341,0.4056093655423042,0.3395102019207464,4.190315230827829,-2.549497781286066,61.07643919832644,0.4032894362927432,0.3455989654578729,61.076439198326426,0.3947002607752582,0.3385688324470331,4.203645511641433,-2.5741255945442,0.0610557477247724,0.0082242487763201,0.0025921057944684,0.082729985430263,-0.1269759021912178,0.0020122605307763,0.0002687614345503,84.0,8.39,54454193
3471,2019 AL142,46.43445426942455,0.192411001460245,0.1988852093334602,3.1937115925326447,1.847363521434796,46.45403041984965,0.1996592736614224,0.2044917169594993,46.45403041984965,0.1995242769627385,0.2030793792591257,-3.1201588263495523,1.8294077615562443,0.0021531209457066,8.265295945181756e-05,0.0001290190322567,0.2770780660426867,-0.3381274674132492,1.1558211812018682e-06,2.6584168595878045e-06,84.0,7.04,54454194
3472,2019 AM142,72.14525643725128,0.5539044887410551,0.1992587224905139,2.3583485890230893,-2.8463619099681567,25.358003040545803,1.0885036440556657,0.2788071515606758,25.358003040545807,0.9218631326297736,0.0910306471084455,1.006285657286407,-2.423594615033331,27.81040890001333,0.2993810382221004,0.0993127234252888,-0.0023607360637507,-0.3112396612325508,0.007396558260974,0.2361587354587646,84.0,8.71,54454195
3473,2019 AN142,95.06672982159157,0.5986857468887801,0.2826172154681523,4.259291871345049,-2.7284618875989826,94.7414151602924,0.5953946678360873,0.2872400689851703,94.7414151602924,0.5654127781560288,0.281287595562655,4.317067291609386,-2.7284598897466723,0.0330680968078935,0.0254227023712599,0.0081766607168032,0.0375460872763236,-0.0493104740575167,4.398884756176319e-05,0.0020526206186565,84.0,8.22,54454812
3477,2019 AS142,61.90438276988891,0.360119264431982,0.6181942152644533,4.074945409677358,-2.770885947961912,61.8944981768412,0.3572636749324707,0.6196652966469841,61.89449817684121,0.3565347935937835,0.5834212900547769,4.099639553189209,-2.76605399007479,0.000334975327746,0.0010010011946961,0.0050087908744568,0.0210126836956746,-0.070685316979392,0.0022464672540043,0.0002313239256447,113.0,8.5,54454817
3480,2019 CB31,42.80373128813587,0.0634605225215197,0.0978387952548325,2.799775476309783,-1.2387031172559348,44.99499665783406,0.1704864600550168,0.1220646243769559,44.99499665783406,0.1373727391954875,0.1064991793200591,0.3245572572351617,-0.2421480369965938,1.7419803418520516,0.0550209397926098,0.011788826922508,0.4676445147769845,-0.4797331190396453,0.0821107952583526,0.0383961855920756,359.0,8.1,54452954
3483,2019 CD30,41.42566293512432,0.0262044648066185,0.2761175948117483,2.932407718688556,1.1658515430947116,41.42936055347924,0.0263069573169493,0.2852172138901124,41.42936055347923,0.0262244670966875,0.2814460719863503,-3.206469380955685,1.1470028772588674,0.0006452618571301,0.0002610819540817,0.0001433266703225,0.2979077978056547,-0.4132874070143453,0.0018221994704829,1.5830825970152008e-05,355.0,8.38,54442403
3485,2019 CF30,42.591733012847584,0.1401212735063707,0.0919033875862329,4.029035124313843,-1.2352714686534372,-4659.316460407428,0.8545867436007024,0.3423712656165936,-4659.316460407429,0.832585588148591,0.15921138342845,-1.9422316780890347,0.7670829941739811,1679.930391705706,0.64852064016919,0.1558307986816516,0.7250510523742439,-0.0026123167462752,0.7403305303939614,0.0231599482903207,59.0,8.72,54442730
3489,2019 CK31,137.94251116915473,0.8029192300144936,0.2034692565619319,4.330311700848184,-2.062279238015085,-154.8485625543736,1.0712361606824228,0.1746046916953796,-154.84856255437364,1.0272035871655434,0.0761724913802031,4.106611480971962,-1.9730479202155,68.13673086879514,0.4657191549544981,0.0632727588295907,1.4075405097023165e-05,-0.0023891923619175,0.0134966530533278,0.0564065543894924,34.0,8.13,54464623
3490,2019 CL30,42.16767009356187,0.0710257857216565,0.1201924481751683,2.7212152189886822,-1.4674990851667788,42.33805264826848,0.0948601576889781,0.1022098569831305,42.33805264826848,0.0674975773194103,0.1011094943685949,2.4736248496685,-1.4215878756366849,0.0421294454322578,0.0101470519542986,0.0126109332607292,0.8242746801800949,-0.4986308911013781,0.9112727908271638,0.0068145124552893,58.0,9.61,54442735
3491,2019 CL31,44.48798380206552,0.1197050398135245,0.4957066483247355,5.361242991323751,1.1650799684848727,44.493909459962346,0.1233645629615837,0.4963535341163404,44.49390945996235,0.0891470010623931,0.4765228413856802,-1.005871274314336,1.1823453603622611,0.0006370140988299,0.0065316225776149,0.0014363245784472,0.1100612451372922,-0.2206563895049546,0.0580974100977522,0.0014834889444251,26.0,7.79,54464624
3492,2019 CM30,42.27103925627276,0.1440614606919273,0.0286432123672971,1.4891175901568587,-1.445413511919574,42.27306817898903,0.1392948558919219,0.022363876063447,42.27306817898903,0.1392417574259057,0.0198604447968601,1.0872989990609,-1.0339932655238178,1.483703664954347e-06,1.590122874118544e-05,6.65322696540498e-05,-0.8763830335269497,-0.4508375452147886,0.0011208685375316,3.6571533020682007e-06,363.0,8.32,54442736
3494,2019 CN30,57.65498801673955,0.6170677325690468,0.2607458959921545,5.798859396915734,1.1831925198240634,-1343.6529532622928,0.8514478996106113,0.3663863162550938,-1343.6529532622928,0.8222898997051838,0.1913993231568192,-0.1855555840080504,1.1079906891596876,1059.5319853967703,0.1210479382514896,0.3826421650997622,-0.0025154530233224,-0.15915573304149,0.0058150911901976,0.1239290946299396,32.0,10.89,54442737
3498,2019 CP30,39.30695522071614,0.0973430502173582,0.0642320909417616,4.712141582379488,-1.7780912298678075,38.6346543208449,0.1319639437882921,0.0946509357754891,38.63465432084492,0.1094530367545063,0.0756710369668821,-0.764805227880625,-2.340082352397189,0.6305969395578311,0.0023850783920478,0.0066299653193301,2.677064715720788,-1.4826471624353958,0.2781428161138523,0.1540266091060061,32.0,8.17,54442739
3502,2019 CR30,47.903526063570126,0.1027512854915836,0.0261053517002181,5.262638813541186,1.1168793408360034,47.74069316091385,0.0510951370264067,0.0285481116334995,47.74069316091386,0.0390909449720849,0.0281357890198803,-0.6286167379594773,0.9494291994466292,0.0018804728742466,0.0044833858365716,0.0040557865637596,0.442498158532213,-0.2649334887496006,0.6750948020995889,0.0085956510925474,32.0,7.93,54442741
3504,2019 CS30,45.07876412559996,0.0680659940667293,0.0498299911690205,0.4025147011426009,0.0028538676421899,45.0818519961866,0.0698273914088762,0.0476702117800781,45.08185199618661,0.0697651396651017,0.0473502261143587,0.3396135524973611,0.0801529541388994,9.269681462004608e-07,9.913249635207022e-05,0.0003399763820679,0.3579824636923337,-0.3593049143281235,0.0010217306130466,0.0018675077119994,58.0,8.58,54442742
3507,2019 CZ30,53.62101847292868,0.4919824994058584,0.2607671842653449,4.491069508999413,-1.6619515818196062,-9023.945318323234,0.9874237969496468,0.1273074969323817,-9023.945318323234,0.0748619056253829,0.0053882052512078,-2.2293136725594707,1.5585962125460604,836.9561387808449,0.0726777725097549,0.0050645595884549,0.0528342874708484,-2.7464098394874616,0.0556439399070176,2.468852387478203,59.0,8.75,54446971
3510,2019 EB5,52.67911178686331,0.3183894468150494,0.1687364987643309,5.952703129761437,3.055686327048292,52.31861874967469,0.3188758794002321,0.1818467165289877,52.3186187496747,0.2914892106762057,0.1690044831960771,-0.2555962358865433,2.9791499739611247,0.1817079799389231,0.0089633672893863,0.0089806596519472,0.259433531394288,-0.280220804437516,0.0057112301004769,0.0019969230417628,298.0,6.93,54124626
3511,2019 EE6,164.39384978808428,0.5453437725626903,2.8448639386217813,0.6789445307857038,1.5406481983259324,164.39046043417665,0.5454060839035895,2.84502858954,164.39046043417662,0.5454256647559649,0.2924057561622313,0.6644674436034588,1.5567917191913316,1.2024814793184157e-07,0.0030815385667546,8.242648913188997e-05,0.011740589040734,0.004671567933069,0.0024041738735832,2.468895620467557e-05,63.0,6.39,54278647
3512,2019 EF6,119.62436215143067,0.8143678732638284,0.122146254693642,3.3031537631597785,-0.0051083115489228,23767.66060618717,0.9627367043477808,0.1866944835238265,23767.660606187164,0.8178749986486028,0.063672389826938,-2.794760314744993,-0.134188960252475,22038.341066085875,0.1548623939883131,0.0815876624542736,0.0001269684130256,-0.0945400582051871,0.0047594686471584,0.0666709980601091,29.0,6.9,54278674
3513,2019 EF8,46.31476025545523,0.3062230213215066,0.2922045782826032,4.24405435899269,1.3825578755965424,-2137.525419693778,0.8319018903695332,0.1420154242904734,-2137.525419693778,0.8073276099896798,0.0711923687794343,-2.343618274886163,1.5479383476357258,1630.6764232460948,0.3832992836416912,0.0401140928678142,0.00026488671035,-0.4289631285120688,0.0226258320066662,0.3466831369472959,113.0,8.65,54454823
3517,2019 EH8,42.91656968310197,0.1261523579606304,0.4855695954435093,4.06000702211542,-2.9341711960630463,42.92423051649526,0.1241138073755303,0.4858450147875594,42.92423051649526,0.1241700868508415,0.4677571843101744,4.054466361332215,-2.929211078130968,0.003847149271828,0.0010353066004297,0.0007753891268462,0.1033933591473628,-0.2589343278794881,6.833237328948161e-05,0.000612639020681,113.0,8.95,54454825
3518,2019 EJ7,45.169638298236016,0.1224529263159172,0.1078911079265902,5.992876546397303,1.1586313850453758,45.17139139084399,0.1270549398022989,0.1186151358539003,45.17139139084399,0.127000691541298,0.1183408988544239,-0.2759420474824672,1.137446948142537,0.0001757330015105,0.0017942687686229,0.0018662738446463,0.3472927460218081,-0.373182598314507,0.0002248388613557,0.0016744287070599,355.0,8.65,54442406
3520,2019 EL7,42.45655667787187,0.0113980933643955,0.0474965084772349,0.9983155344998133,-1.8188627173193408,42.45660148939791,0.0301790596657858,0.0349416745804929,42.45660148939791,0.0264150432851641,0.0317978332802519,1.4776090987178496,-1.665791328233969,1.6060522140077955e-06,7.482411024652583e-05,2.826418531317327e-05,0.5095416239275433,-0.4974916307631903,0.0001326723513936,0.000302172725589,355.0,8.33,54442408
3523,2019 EP7,49.06958508858914,0.0993513922858293,0.011067386676912,3.995410890201897,3.1338248023337263,49.06797258869992,0.0997278610439528,0.0132864427519145,49.06797258869988,0.0998628004618088,0.0130362604854499,-2.10715190220057,2.9446104718883923,2.489924705113758e-07,0.0001433001694036,0.0002364176559604,0.2353439992660724,-0.2371593296125322,0.0005099581760438,0.0010094440330103,32.0,8.48,54442744
3524,2019 EQ7,53.44490526934405,0.3336057334412768,0.0850171084430903,0.123864748903701,0.7640495389519707,62.5691272544109,0.440593825036511,0.1244946284480101,62.5691272544109,0.353035056837382,0.1029075921263827,-0.1270548133804985,1.3719171585046093,2.5616784064263225,0.0324727332427269,0.0241131141622118,0.15852356688041,-0.1932675811339823,0.0565397435600073,0.0648973082029361,347.0,8.53,54442745
3526,2019 ES7,42.82352452387138,0.0486445585183732,0.0308414878470365,3.538749393157429,-1.3511496141605148,42.82564979804436,0.0374893886459323,0.018774635959714,42.82564979804435,0.0361465545916427,0.009268295077898,2.865865700485181,-0.9009540448457964,4.2575072989607934e-05,8.15074392998989e-06,0.0001436306332448,0.4783910685034415,-0.4767949646479255,0.0006002464346428,0.0019549006627485,355.0,7.88,54442746
3535,2019 EW7,37.3596957023145,0.5886994289922903,0.0351216769002031,4.732335524210487,0.3990970729234323,318.8781585462804,0.9912955453954072,0.0390978842789628,318.8781585462804,0.1661052981788241,0.0148948839011283,-1.865022452552237,0.370471307301953,2865.572162458396,0.6564867933940517,0.0140454659278833,1.1431684429769697e-05,-0.4107037941725137,0.006882551326603,0.3663210700109997,33.0,7.6,54446972
3537,2019 EX7,69.00153009591847,0.817366197958099,0.1843795569573987,0.728259186531468,-1.5641608318103526,-21439.387302208608,0.9997574490599714,0.1776889794979863,-21439.38730220861,0.0026917585747473,0.0014060374559672,2.98319600666579,-1.9193954010488443,15862.158895225795,0.0025665985412687,0.0013571224898459,-0.2100588245527608,-0.3152160261718677,0.3123926494326895,0.2296730393640576,33.0,8.59,54446973
3540,2019 GA143,30.0840306409916,0.1057029075234264,0.0271713408960779,0.9209709545493948,-1.6910290023885175,-155084.477962918,0.9979099965719496,0.0296122382387021,-155084.47796291803,0.0089505503500604,0.0008487039253308,-4.017263479400669,1.368456828039941,873.9743628426933,0.0082488923843178,0.0008541654560348,1.5611154520702617,-6.507200802291927,1.4222394339532936,5.363938036468722,8.0,8.86,54282516
3542,2019 GB143,40.89993965236293,0.1013024953907911,0.0096239560077289,2.981808659518165,-2.6309475938292906,-1069.0507611903868,0.932744735091205,0.1302360017014255,-1069.0507611903868,0.923522868928036,0.0235608421552814,-1.3304610038954765,2.3597000574002296,124.24441971454895,0.5877747936056076,0.064289966733169,0.495732622292112,-0.8018801890259813,0.5890347024585187,0.7190684110512511,8.0,7.29,54282519
3544,2019 GF186,74.05802290820372,0.5025029878034034,0.1815770799850695,2.208661051925567,-0.6522367951085795,73.85929669830286,0.4945795247573932,0.2105872221816005,73.85929669830286,0.4852757247630293,0.2083357762712171,2.0968507094444475,-0.6271136803789775,0.4202965497325065,0.031280512913994,0.0061894731092166,0.0818839571453814,-0.0997174061612248,0.0019224063053823,0.0011746612187218,51.0,8.67,54453704
3546,2019 GG186,43.38704530826179,0.1946081533964758,0.2247860759209242,3.751736868440106,1.609790812756014,-2505.4947171912067,0.74742788329732,0.0924146959169663,-2505.4947171912067,0.7169091761200229,0.0706391250495347,-1.045265189063592,1.6284725301380971,959.1137887851264,0.3732105275627895,0.0501725976413185,0.4567138692928992,-0.6551133573973271,0.4574908226863785,0.4406252957078225,84.0,7.84,54454196
3548,2019 GH186,47.25913142904479,0.1345833096387584,0.5011193043757741,1.043223953451733,1.2668476471920431,47.26106487251744,0.1298308287956961,0.5039853559883414,47.26106487251743,0.129362267255008,0.4837038944363653,1.0734425591304282,1.2635028472627954,3.2295986262318364e-05,9.935779607041004e-05,0.0007394437465106,0.0845322348794686,-0.1738109201759682,2.106461132636284e-06,4.719768945410062e-05,84.0,8.62,54454197
3550,2019 GJ186,34.77908847750008,0.3153299719177583,0.4580612040985196,1.2444721272319423,-2.4293108312551888,-37222.84397295247,0.9385347465363,0.1514778634466616,-37222.84397295247,0.9029303595859084,0.0635273964641821,0.6736768464781586,-1.824319799322116,11066.684688920992,0.70078100118694,0.0557285054107927,-0.0055192949563072,-0.3006355283946635,0.1483616511945175,0.1146875367093698,84.0,9.93,54454829
3556,2019 GM186,41.70271535025832,0.0730822210478133,0.1361429674735041,5.550353621102926,3.068157273995421,-164.01190489630508,0.8588263697098822,0.079691513412573,-164.01190489630508,0.8441202083847037,0.0439213817591942,-5.998642050984892,2.96892406792054,53.96835895426853,0.4032319345601922,0.0320188579232676,-0.0031195493689033,-0.6044341547453586,0.0454800774391571,0.4521286506564685,84.0,8.07,54455343
3558,2019 GN186,46.85375069224983,0.1659136177997449,0.3615335877357806,4.758849689559554,1.3168682026594212,46.85503904969496,0.162058542603089,0.3667238695489083,46.85503904969496,0.1621555416274598,0.3587664568921208,-1.5129980885676682,1.3125767384505345,2.2215543726772285e-05,0.0008175185330933,0.0002104506091393,0.1479208411915063,-0.230109214104025,0.0016226884955783,7.036499108557779e-06,84.0,8.03,54455344
3560,2019 GO140,36.730213878278974,0.1029049142207036,0.0872700504782227,4.51926568544808,1.7294329271621942,-5598.712152296102,0.9722638234423742,0.3840757360994007,-5598.712152296103,0.1451569032992785,0.0544322822414514,1.5427045605898386,-3.0008059603661703,435.5343354288641,0.6533279853018946,0.2530206102201172,4.117511940201593e-06,-0.0033450969993437,0.010954378955214,0.008275267954372,6.0,8.23,54278940
3561,2019 GO186,47.58217346402115,0.2653001469305356,0.2515289596209769,4.72043690654827,1.5063795785505842,-2823.875910704862,0.3921539404244055,0.2216671727204465,-2823.875910704861,0.3123069796646124,0.1863156862567628,-2.825127558983297,1.606545253656483,2654.485852850868,0.0917932072283407,0.0258978025426307,0.0010233543911089,-0.2344229708722969,0.2631197462951041,0.073152719218514,84.0,8.52,54455345
3562,2019 GP186,97.83808252227136,0.635532104728703,0.5000334605350947,1.0209023340386691,1.2006280690067723,97.88462088778624,0.63250829577649,0.5109512115762476,97.8846208877862,0.6311480571143675,0.4866340151743745,0.9567730998822188,1.254485041167592,0.037855332070048,0.007374222938834,0.0027369514582422,0.0164341588914226,-0.0362711651230122,0.00182491867364,0.0013200836821524,84.0,7.75,54455346
3565,2019 GQ186,46.40944677198973,0.0808868128931716,0.3409684739343104,5.430827137839322,1.410003501103617,46.41158604325527,0.0816216854085642,0.3438942117613081,46.41158604325527,0.0816224493721246,0.3374474855889098,-0.8458591545400902,1.408126006083475,1.1756219738693146e-06,0.0001310138536341,0.0003113583819292,0.1526272000841058,-0.2300905659199562,0.0009987241630748,2.4787169953853577e-05,84.0,8.93,54455347
3566,2019 GQ187,37.60242035079562,0.1333674950767792,0.0871012576935192,3.5330648629322554,0.6604635508914547,41563.65709165616,0.9439628968661556,0.2813977097181756,41563.65709165618,0.929842467791732,0.0785951919492889,2.848408064855989,-0.1723359292630495,42241.94784545076,0.4209401449117355,0.1875667425036752,0.1564504511904694,-0.0032205391778589,0.154966172811037,0.0118297315979864,60.0,9.41,54464625
3568,2019 GS185,45.92673799749221,0.3716859619338929,0.3443619009241914,4.8631156469412,1.186446033721193,-7424.430688217312,0.9599977487283696,0.1417996194100234,-7424.430688217311,0.9503543172568464,0.0272252462696207,-0.7882574360418135,1.1271518746426414,751.0289507649069,0.8503745358940502,0.0269381187299412,-0.0034880092541702,-0.3797430979242086,0.0167893243900296,0.3227231570796593,33.0,8.08,54446974
3570,2019 GT184,43.9319568955498,0.0645907632396829,0.0571490937458681,5.482498557210064,-1.3158204010582504,43.93119470678921,0.0678853114785428,0.0493843185737321,43.93119470678923,0.0675928523131821,0.0486982200811575,-0.8826265441137982,-1.1620524790683984,4.58606033909493e-06,0.0002598394957728,0.0003596732831003,0.4136123833497448,-0.4178099820614559,0.0003279018053066,0.0001549940029661,357.0,7.94,54442750
3577,2019 GX184,43.96287436354376,0.0805796692638228,0.0550888162335037,1.6932723335061226,0.4258873139254471,43.96816332925595,0.0759565604300786,0.0632177702962318,43.96816332925596,0.0756739410884668,0.0627454585943599,1.5608766876950193,0.4589337439261005,3.454508239555175e-06,0.0005588360905056,0.0006993006231795,0.4107978914216219,-0.4166270791073581,0.0019603266481432,0.0013012833305114,58.0,8.27,54442754
3642,2019 SK194,77.6994381854426,0.5775575980788211,0.1944702747385728,2.911686019041758,-0.2650084161146931,126.5347736392945,0.7061667554594849,0.202634599214995,126.53477363929451,0.5549556892452118,0.131602667317382,3.960857619224083,-1.1123384764857045,7.285294105948847,0.0625626307567276,0.0197045109101158,0.0527893499166589,-0.15821114661118,0.0161369823347887,0.0804836264233573,67.0,7.17,54278649
3650,2019 SQ247,41.28416479451105,0.1817739919200489,0.53242888206786,3.597420288363462,-0.8681590596078529,51.53860846065127,0.3799291847384744,0.4855768758286103,51.53860846065128,0.3553279972643433,0.4088184842006768,3.0711011518651183,-0.9724117980592044,2.144744609961087,0.0517801462880859,0.0487715604796482,-0.0282699923994305,-0.1397612583524028,6.303162631073385e-05,0.0011004963454405,32.0,8.85,54446978
3654,2019 UD174,43.515497411654565,0.119260115738729,0.2964098051191802,3.3033941206429347,0.6929144294831888,43.50764076682103,0.1234314784164755,0.2969998464885711,43.50764076682104,0.123168917684182,0.2926982439121521,-2.979974598517042,0.6719699652934826,0.0002149170984104,3.0440493030504897e-05,0.0002041063499603,0.2723823394179164,-0.3451705058309277,7.077979984932187e-07,0.0013666721660978,68.0,8.96,54431742
3655,2019 UE174,48.52981190649644,0.256418914306472,0.4604498101996122,5.486785431392293,-0.7764031326147425,48.52529715564843,0.2724126974942465,0.4486271083183422,48.52529715564844,0.2613938858706524,0.4290843061556169,-0.6717759656918209,-0.7400726614375096,0.0710848029666019,0.0195038878013336,0.007156461786017,0.1080240497314046,-0.2028132284557854,0.0017003646118376,0.0034069270377352,34.0,8.99,54431743
3656,2019 UF178,39.51358203883799,0.2708943821470249,0.3872210754667336,3.3182676182878734,1.0602312452371745,39.40290688736035,0.2863886106611389,0.3873921335651198,39.40290688736035,0.2236595086393988,0.3229803746645878,-1.9970260842153569,0.6386741767533121,7.284621458117402e-05,0.2670076153602556,0.0360609403170779,-0.1161140277098055,-0.3626629198011149,0.0725045439335094,0.0157815171832564,62.0,10.45,54466152
3658,2019 UM173,41.29549810673467,0.1530313112121928,0.5157086490834683,1.554668372891828,-0.792651704247826,41.31713881183072,0.1421542180961869,0.5155426900360859,41.31713881183072,0.1410332852194081,0.4930926019994697,1.5032431577369527,-0.7927345610318638,0.0132146281932706,0.0038818950201456,0.0006264811933406,0.1149702028235823,-0.2889154460635638,0.0041174368249866,0.002031521160473,119.0,8.68,54429952
3662,2019 UY159,44.05679482871778,0.1430812706754615,0.3608989267463053,5.231761012602702,-0.5078290265190168,44.04155658470504,0.1409292662552785,0.3588371366410274,44.04155658470504,0.1410670135723749,0.3514624688429852,-1.048003953415004,-0.5018950868748622,0.0004806007784793,0.0002789838249575,0.0003531280634064,0.1785736244047156,-0.2959274296267147,0.0001091276132278,5.916275320433662e-05,68.0,9.59,54393000
3665,2019 VE51,46.82125078999036,0.3992140217421955,0.3740813386804446,5.040086327523704,-2.1846708390239806,-8858.37576181946,0.829257036976181,0.250690884665827,-8858.37576181946,0.7789825441155097,0.1654565426412714,5.065075436117279,-1.9850211085583045,5510.402794246015,0.4934632213441002,0.1150201964696488,7.977596650360489e-05,-0.1129354723058414,0.0281959931879185,0.0360361105963211,39.0,9.09,54433256
3669,2019 WA36,41.15727344447275,0.1269936201946486,0.3879687974814714,1.9204999463161627,1.029208136820532,-6029.930189816349,0.8583438179909998,0.3494993269886209,-6029.9301898163485,0.8268626603790808,0.0802104112354822,-4.827523355327749,1.863081179264928,1448.009893553564,0.6450839640616712,0.1324371056231976,-0.0030113500109391,-0.4078997958533944,0.0140203190152577,0.3856247180587827,68.0,9.62,54446979
3670,2019 WL34,39.53686212440533,0.2053941813771496,0.2878722067256265,3.714379903174984,0.5000283963625946,-539.0096543524046,0.569676827569155,0.2230138611241872,-539.0096543524045,0.5531556357394933,0.1413835902211722,-1.5036367054411328,0.6571467177324976,414.5701850098869,0.2842992600521927,0.0781300286283457,-0.0023481954797616,-0.3748584595795184,0.2564473339762823,0.4161330636351792,119.0,10.27,54429958
3671,2019 WV35,46.4854952374978,0.2545772850362258,0.421304663745156,3.7145293643064807,-0.6503261123375872,46.65382503795389,0.2777280769096489,0.4045911669841714,46.65382503795388,0.2319004507106261,0.3909010401700244,3.6312647640219033,-0.621108295616207,0.699792091835168,0.0156994067320785,0.014435848685114,0.1317955918730684,-0.2606304428215444,0.003227159260937,0.0020987366189753,84.0,8.99,54445986
3673,2019 WZ35,89.61130154549332,0.5598383946073282,0.5679788228117351,4.536978863343832,-0.8682103027504222,89.58770593555343,0.5561920547234823,0.5722035845927349,89.58770593555346,0.5555057810702109,0.5421968984655131,-1.7549086501597164,-0.8707923370012798,1.4072450345767082e-06,0.0050695109419689,0.0005352160672537,0.0070443027199235,-0.032874448361458,0.0012929451921754,5.255591623504814e-07,34.0,7.86,54446980
3674,2019 YJ6,40.267728979481866,0.9361111271909204,0.3988136729811747,2.911507743954555,-2.1919137510357407,-2180.7471620837114,1.0014212523160615,0.5420649225565193,-2180.747162083711,0.0024806958012944,0.0010536057738271,3.2024912805980086,-2.236248856913682,6.504514214252804,0.6318291289809023,0.3255828526394384,-1.148913074537515,-1.1490030925976034,0.9797369480786292,1.1814117457122788,189.0,16.9,50971158
3679,2020 BD155,42.13483230434418,0.0356849860363829,0.3060810633525075,2.211937559096306,0.6573955998339148,42.13569237137853,0.0308210089369112,0.3099539707928738,42.13569237137854,0.0304098657345072,0.3049948802876727,2.3716700901993923,0.6614795825781781,9.728627716820832e-07,1.4921109081321107e-05,7.165072068778124e-06,0.2770557189312829,-0.3616101524591883,2.2284829350447105e-05,1.6285615566072452e-06,119.0,8.93,54431744
3685,2020 BR60,50.65563066526676,0.2689127159827429,0.1196936991262788,1.4773085517864804,1.5164264045194675,50.919144213730206,0.2916541751114121,0.1639060042277983,50.91914421373023,0.2434665340163688,0.1495913363220546,-4.30403028385458,1.3822691214664689,0.1343566693178305,0.0063784532226541,0.0077127087799728,0.3015387408555319,-0.3078697586490096,0.0150014021487043,0.0053916491227206,356.0,7.0,54124624
3686,2020 BS60,67.9575618277554,0.5394227565329083,0.3560595073296766,1.2978646220050472,1.0209639205826055,64.08268644483593,0.4894752393264672,0.3916174303874581,64.08268644483593,0.3962964693056144,0.3156383509032801,1.2226789279042745,0.6534613534806408,0.939814309645743,0.0330833660422909,0.0455761048907115,0.0810003726763253,-0.1266432523215788,0.0296967271191242,0.0119533265543678,355.0,6.48,54124623
3692,2020 FA31,71.97628058841447,0.4554820071996179,0.3162168432265962,4.571241474120412,0.5290701853883821,71.9826327719981,0.4465826784805421,0.3149745717060586,71.98263277199813,0.4479336158199599,0.3103769333539953,-1.7155835595663265,0.5273370070952914,0.0015419763000445,0.0019184247983692,0.0028444936300391,0.0563536377516284,-0.0751449495706699,1.1939235149032743e-06,4.220214348834547e-06,359.0,5.4,54117586
3701,2020 KA54,47.151646436256655,0.1424128139611342,0.1663643817073739,3.5023504935135352,0.2233457755807735,47.16316754392941,0.1459789898461555,0.1681941356650645,47.1631675439294,0.146027593357612,0.167365488190357,-2.761503502592316,0.2207125922132037,0.0002464218054586,0.0001997408547947,0.0001882003152971,0.2961036112002421,-0.2935146915763599,0.0002293059824009,0.0006435112244722,77.0,10.42,54352472
3702,2020 KA55,36.77864432074894,0.0799190369011443,0.0699449226511687,0.5754122622856803,2.463076165963551,-7684.518249050671,0.7805979346677633,0.2888661225281555,-7684.518249050669,0.7498395733458972,0.1240469794571795,-1.7888117394938068,2.018937538934399,3131.426069255008,0.4934901360802649,0.1294033419134825,0.4232504535731868,-0.0023735724417462,0.4284982326494095,0.025091105737819,77.0,11.47,54352808
3703,2020 KA56,39.603310567654496,0.1918394960660493,0.0554957279541976,0.9354148512064856,0.5951789739274675,39.40530259878721,0.1933216560399306,0.062980007481168,39.40530259878721,0.1934977230014233,0.0625566279830887,0.9185468199979164,0.6021089515142782,3.474756952829797e-05,0.0018580153906327,0.0034389259479533,-0.7515392013920267,-0.4671724141836561,0.020877138289795,0.0020046703732186,79.0,9.28,54353242
3704,2020 KB54,43.91348216576417,0.0507904989407659,0.0391810186927174,5.948459848319497,1.5840970801278167,43.912608593043416,0.0509492905091299,0.0519179963349355,43.91260859304341,0.0505939463479985,0.0514031394554188,-0.3149758933875612,1.4638147791582916,5.98627806530925e-06,0.0002066405588799,0.000309639461262,0.4062243452452352,-0.410547042955088,0.0005230583079467,0.001809919386056,76.0,9.34,54352473
3705,2020 KB55,47.62769704973225,0.0496172002033573,0.2970580408797677,3.3440926502563983,0.1096335048877801,47.73666301057864,0.1103422433364429,0.2956612352100742,47.736663010578646,0.083968492995665,0.2911142865279,-3.076217598803096,0.0851989071078932,0.0007038129706502,0.006558904716778,0.0029221164213756,-0.0726609971899802,-0.2123509569998509,0.0111090595280098,0.0028517654344498,77.0,9.79,54352809
3706,2020 KB56,140.13693340571277,0.6941728465798377,0.109569266059249,3.104413551180976,0.2681618465314194,139.54450885287707,0.6931355252356537,0.1077230419257575,139.5445088528771,0.489601141258293,0.2147023573291242,-2.2301718675020994,-0.465992247152498,0.0109996761199644,0.1844467128617119,0.083482933583949,0.0140876190260415,-0.0151622375298722,0.0031756176084007,0.0029194364638288,79.0,9.57,54353243
3707,2020 KC53,44.04999770774973,0.0105254189448676,0.059978623660133,3.0411215769009576,2.481915166128724,44.04763799345547,0.014920957869232,0.066808087732877,44.047637993455474,0.0141758844763065,0.0664868458592845,-2.8010128928974782,2.3712630387896247,3.715262698098784e-06,9.829478372413224e-05,1.930622006478227e-05,0.387028582599598,-0.3921274610571897,0.0019864897915009,0.0015741728279902,78.0,9.62,54351641
3708,2020 KC54,42.3201752352947,0.0475629108923025,0.0419077455780465,3.229333591989497,1.77495384366161,42.33437527313885,0.0460190823781753,0.0665192140354995,42.33437527313886,0.7278865732686005,0.0653961795686893,-3.3590276182616914,1.5177288872294314,4.482197735844743e-05,0.130630429485635,0.0011428341948432,0.6704828484900477,-0.4978029647030788,0.0015091560686038,5.163232289612699e-06,79.0,8.66,54352474
3709,2020 KC55,43.74764567174128,0.1213157548872877,0.0560113748676686,2.746116773794135,2.1416824144932254,43.66943710856346,0.142630308787147,0.0685290979886901,43.66943710856348,0.1122574244301363,0.0677601546480904,-2.979879909647563,2.076370297277379,0.0004508369678535,0.0122670087678267,0.0009689370422107,-0.1862789837776064,-0.4411875957634705,0.0111491207327367,0.0067105980157906,77.0,9.96,54352810
3710,2020 KC56,47.12533820498223,0.2058942629482674,0.1989121103498597,0.6734610805211192,2.958211977591467,47.13336015939958,0.2013852672308259,0.1919525369479212,47.13336015939957,0.2009283734388595,0.1908076787165554,-5.5183802846372565,2.957923413100699,0.002297709731598,0.0013368925668582,0.0014967662721219,0.3259218683465475,-0.3311370205080359,0.0018593812515077,0.0011834571990484,79.0,9.57,54353244
3712,2020 KD54,69.82778768552909,0.4736848078902662,0.2823086113707728,2.077511943857383,0.1353371667601936,70.15313270242511,0.4788359435487256,0.2685094894115049,70.15313270242511,0.4251206666928873,0.2559018039686062,2.51749740511698,0.1626125992110667,0.1869547610257467,0.4631757395799267,0.0321885499357893,0.0854550999167103,-0.1057126041052053,0.0062315393782811,0.0061244829096471,77.0,10.08,54352475
3713,2020 KD55,36.21047745421895,0.1195470082733958,0.2350693823790417,2.371693440018987,0.1145562347474271,-76.03169240460937,0.9781945914009096,0.089047878408279,-76.03169240460939,0.9647705295904756,0.0229217581603,-3.174269282632409,0.4676067137236409,15.116453955630844,0.7489979269271413,0.0384914218318206,-0.0055401833012986,-0.7559873178419559,0.0160494139390567,0.6840734577127959,76.0,11.13,54352811
3714,2020 KD56,134.93106459628356,0.7680371569187986,0.2680906758317816,2.106771778506907,0.1109186968238827,1163.6972502036635,0.9441963554658498,0.290586650983871,1163.6972502036651,0.880943075694114,0.166157543039554,1.4772723168553077,1.0701282425392669,8390.255468650505,0.1000857721575189,0.114923700215735,4.536858862905256e-05,-0.0024648078883766,0.0049877984606381,0.0028929098433748,26.0,10.16,54353245
3717,2020 KE55,46.6869305923911,0.0883501376792678,0.0377140727739346,2.2316589594962863,1.3235580289246087,46.6839866230155,0.0870198252125513,0.0444688652491751,46.683986623015485,0.0870499315724228,0.0443191405523818,-3.9745038000190096,1.26356074795413,1.172574143073873e-06,2.723135217783583e-05,8.748994350708612e-06,0.3094713781181233,-0.3029206200207399,0.0004620370286715,0.0016680856440904,77.0,10.39,54352812
3718,2020 KE56,38.91004220624232,0.1501095268999721,0.0885889443994043,0.9315927257616252,0.4790751934705684,-701.0431019215013,0.7967288899611378,0.1115813165721409,-701.0431019215013,0.7506450859828177,0.0372305924045047,1.0493455134394496,0.6763612496800488,343.3287100483388,0.2059202925088488,0.0569143359681852,-0.0025238356306756,-1.3784562403912406,0.0072200925199493,1.281026677962055,75.0,9.28,54353246
3719,2020 KF53,44.584059877934536,0.1056956039506618,0.0263861635463582,5.048639344431524,2.2217462385048794,44.58869792004997,0.1077965472037014,0.0394375096771018,44.58869792004997,0.1071991815903673,0.038668484910274,-1.0339828118338,1.974432765538156,3.188007005778182e-05,6.075142950439406e-05,4.537281677870874e-05,0.4202306048839052,-0.4108072126488213,0.0019222596710935,0.0019139203044849,4.0,9.64,54351644
3720,2020 KF54,43.70518008772269,0.1196948663418688,0.062077436968671,1.8226075309581589,2.2091140001095293,43.694219440621744,0.1481680732969653,0.0951971120999916,43.69421944062176,0.1151139641984072,0.0866622319865893,-3.82436689970408,1.6450101879312664,0.0238047199776538,0.0145510955462968,0.0114354628565542,0.6720980178273701,-0.4703488951412071,0.0667045244783631,0.0301284722730068,80.0,9.21,54352477
3721,2020 KF55,45.79395693661308,0.2066123622446155,0.197031005469449,1.7141117876551633,0.1862166138637149,45.855082808298974,0.2029253119156492,0.2050589519087737,45.85508280829898,0.2023744139608982,0.2036817036253096,1.8068443838742845,0.175427135805447,0.0195385058536485,0.0006484665530982,0.0003783171076726,0.3010538008538286,-0.3662286326632195,0.0004020710041728,6.505258863737661e-05,75.0,10.13,54352813
3722,2020 KF56,42.79511082243784,0.0377581674205316,0.2041603296063223,5.624529885176727,2.948893434529897,42.787665454929765,0.0328784201449265,0.2067322195334822,42.78766545492978,0.0326775966030554,0.2053810330909332,-0.7575550319921689,2.937905427828868,0.0001212605939065,0.0001365514029295,0.000121920321777,0.3240403161773957,-0.4014761226913808,2.027790743760801e-06,0.0018795678978615,78.0,10.07,54353247
3723,2020 KG53,44.57816367018911,0.1055119691998724,0.0469120478947144,4.738494482581894,2.529815866683862,44.5823878209659,0.1086189909932782,0.0588481858745954,44.58238782096591,0.1079456793297818,0.0583811289529141,-1.5289361788876992,2.442015168319711,2.587806919726721e-05,9.722452690556944e-05,0.0001214320673079,0.4156311192158237,-0.4077951924394504,0.0016790240911039,0.0007514052975249,4.0,8.47,54351645
3725,2020 KG55,36.26359704475219,0.1074335612270752,0.2813330123818801,0.4497998486142984,0.1322484168562156,-1672.1087050743977,0.96699876491629,0.2384813537671053,-1672.108705074398,0.1549948141613432,0.0217125122858942,0.6869508966986663,0.8350106960755918,100.92546275966592,0.7463912657423536,0.1638263743637518,0.0035277884325955,-1.4875600630487298,0.1324599263935205,1.6045873077999186,23.0,10.51,54352814
3726,2020 KG56,47.66402995445645,0.3336509574083693,0.0503210512804299,6.25797084691704,2.22857543827664,47.73290331070786,0.3369244974346175,0.0507103589290878,47.73290331070787,0.3369882629263951,0.0503902310166565,-0.0984633169051321,2.307118861769584,1.7090330807439133e-06,8.026045092743018e-05,0.0002847376583279,-0.3146444152063164,-0.2099333103373154,4.046033842567822e-06,0.0013296235534141,76.0,10.97,54353248
3728,2020 KH54,44.327054026460566,0.1412462673626377,0.0431138825490074,0.0018716760163108,1.431599121666806,44.30521211184511,0.1408262375894651,0.0661298348258871,44.30521211184512,0.1390473229848046,0.0650447883337561,-0.0799275862593908,1.3824000312610631,0.0001228257992841,5.555946958836693e-05,0.0001189515934431,0.4649219098750992,-0.4602143533929276,6.958502641478102e-06,0.0001933947884232,80.0,8.97,54352815
3729,2020 KH55,40.8017295666953,0.1065357510387025,0.0452132848026723,5.955389952688112,0.9041924509216168,-4898.126518161561,0.6706405416194664,0.1441247339133086,-4898.126518161561,0.6315428111849924,0.083635885826019,-0.0234732334716906,0.2133953844964279,3601.407050358912,0.3404599014810471,0.047869309249469,-0.0023552866678132,-0.6134611756742091,0.0272444702154097,0.3823509006544731,26.0,9.26,54353249
3730,2020 KH56,55.919337687594194,0.4181588582435019,0.0765163498653123,5.972392010090479,2.6693659029651093,3607.964917381987,0.794148418166803,0.0608045885468339,3607.964917381989,0.7571808633445904,0.0283319624313765,-1.0873205386577234,2.974871706002109,6279.930570337259,0.4592205924197883,0.0210836422243131,0.4541327973756418,-0.5953619953151221,0.4490678372139601,0.3728027427361206,79.0,10.13,54353250
3731,2020 KJ54,42.77385315896581,0.0338995220226762,0.0440323105443119,3.3940342008014364,1.9401665915005368,42.77184666884718,0.0367608766846736,0.055724275482418,42.77184666884718,0.0356733552308276,0.0545704714081532,-2.5700511212716464,1.7892173053020604,1.1965339396331445e-06,0.0008594401350101,0.0004871791336047,0.4672579328760998,-0.4738461044158474,0.0019063696680091,0.0004757181781216,77.0,9.33,54352816
3732,2020 KJ55,57.29704929331997,0.4511676880334808,0.0437099900016205,5.686246367106701,2.17805358683159,-1315.0420721268783,0.958061065109177,0.1971604454122318,-1315.0420721268786,0.946626772406144,0.0460116737323206,-0.7857769001594861,2.607479130742423,134.0539369764466,0.4270311985186425,0.1378863699321457,0.1703277763058379,-0.0034686190400722,0.1728045341926245,0.087772905086514,26.0,9.75,54353251
3734,2020 KJ60,45.01428552132239,0.1154095204270472,0.0331756169333944,3.2097967534768634,1.433690352284069,45.02744886351661,0.1258353003585499,0.0412400161939189,45.02744886351662,0.1225029733680755,0.0403851316418845,-2.525853296193925,1.2606885749903307,0.0031252930338162,0.0003417662672364,0.0001018615802751,0.4477132777411044,-0.406214121662973,0.003849398406786,0.0019256899330079,79.0,8.73,54375104
3735,2020 KK54,43.81618820548893,0.1472983820157085,0.0789116981001729,5.388001856239481,0.4325740924048288,-116.66231620759218,0.909726033631719,0.0554985838287511,-116.66231620759218,0.8851207549041447,0.0261363157001827,-0.7887873778593106,0.5979632090875981,32.323436908274594,0.6895243663982097,0.0227942997849881,-0.0031689530425893,-0.7292417735705545,0.0266860115405495,0.6600229451934272,155.0,9.25,54352817
3736,2020 KK55,76.62632802398852,0.5583234179408293,0.0902900084779838,0.6659356135454022,2.6871113678371774,322.7074735616874,0.7025375500404265,0.083399857173084,322.70747356168744,0.6203890615434358,0.0556901463494768,-5.120654150004416,2.577901498165097,206.4260934025729,0.1697859907490953,0.0128120161354015,0.0018688266268069,-0.2401939749643712,0.1062588606575106,0.1485921025346763,77.0,11.36,54353253
3737,2020 KK60,65.30455080743884,0.4829233631411619,0.0946040791484155,6.172152988315815,2.5515992490469035,59.141904638192806,0.402568399445098,0.1488578709779051,59.14190463819282,0.358724287606098,0.1385098722656303,-0.0791952537441011,2.2155868189493937,0.3684213182212951,0.0262218861652558,0.0225733310288627,0.2003095507704766,-0.2217686584525203,0.008228361443275,0.0086999534746526,77.0,7.95,54375105
3739,2020 KL54,43.60654597491743,0.121077368808157,0.1505815468894006,1.9241946512603685,2.909387847141506,43.66141841804383,0.1078756402079511,0.1584458007266647,43.66141841804384,0.0884634612373843,0.1572549012771336,-4.128085793310221,2.8629087363326606,0.0060432300738502,0.0067276109720313,0.0031196127668048,0.5154136027808358,-0.4240593135071392,0.0766640122896514,0.0034940665098723,77.0,9.8,54352818
3740,2020 KL55,165.38918835963588,0.8584089536841267,0.0288843018650092,3.3981240902327063,1.3565621826699352,1.505701458503264,0.826643793287737,0.2750915756813289,1.5057014585032609,0.7542049867940805,0.1275119899658387,-3.079316928544831,1.1531074103747423,66.35118121935913,0.3627413645214785,0.0787376585148845,-0.0023655389296006,-0.1420222885836023,0.0218197778822189,0.4893759458318468,75.0,9.68,54353254
3742,2020 KM54,45.77346030297627,0.1385169460537707,0.0842742151417305,3.718381312471084,0.3878184013022077,45.772977528963146,0.1506523230792707,0.1035498888602989,45.77297752896316,0.1503912561323004,0.1034159529388187,-2.495258074463261,0.396403678367777,0.0012848158815269,0.000248845718181,0.0005098207576934,0.3517634091439595,-0.3709752498753797,0.0004155743998961,0.0018542363747861,76.0,10.19,54352819
3743,2020 KM55,45.78733743770665,0.1039609743581585,0.0433905056209561,2.720165232065,1.7711613955129255,45.78587005772248,0.105381405226331,0.0494809072375584,45.7858700577225,0.1053098506275603,0.0492504537955212,-3.43497285441816,1.6912092706657855,1.5872602873033617e-07,9.067334633447763e-05,0.0002957235992785,0.3428251761960685,-0.3474618266101866,1.5465080917622292e-06,6.191290876443438e-05,77.0,9.52,54353255
3744,2020 KN53,42.84236209832471,0.0967457674943686,0.1883042992061713,0.9449635338526504,2.9262733226592936,42.83128861219342,0.0906547057434598,0.193343158606099,42.83128861219341,0.0902078377885832,0.1922543839280565,-5.31798345165865,2.8979312283906817,0.0002423494650789,0.001267593139897,0.0003392693050314,0.357395146139452,-0.4279654515587527,0.0018455708692713,0.0005701554648707,78.0,9.12,54352050
3745,2020 KN55,41.04698550683973,0.0980360715159923,0.4909890253943613,1.6380002641224245,3.031902074053604,41.02792068056062,0.0916724906961444,0.4930034816654664,41.02792068056064,0.091575266752218,0.4735044910536015,-4.706421278043501,3.038752325429072,0.0004718700254985,0.0003910023302272,0.0002518795301714,0.1476904066925027,-0.3005497330234055,0.0018181866400647,1.0168990866422922e-05,77.0,8.44,54353256
3746,2020 KO11,44.75892262016055,0.1439880356892755,0.092651476707818,5.097555239960688,0.4720483188663693,52.23066858408387,0.285815580132281,0.1095430560561281,52.23066858408389,0.2138157031475719,0.0934895661242292,-1.342408542580789,0.9139263550778004,6.007627748039355,0.0704743035101207,0.0066122957123061,0.414340481521497,-0.4310011495780138,0.1254401417309459,0.0761955378733379,154.0,8.54,54054619
3747,2020 KO53,48.09556055693992,0.1116419077338274,0.1868978816165546,1.6425666662089142,0.2102648389499442,48.12572044448068,0.1078563159823956,0.1875598400802891,48.1257204444807,0.1079402252485999,0.1864997107998299,1.6014119613157816,0.2094713446467568,2.3438994393596265e-05,0.0001626964476546,0.0001759898573263,0.2421094188876137,-0.2418553369967871,0.0019023150416677,0.0011331256226411,77.0,8.99,54352051
3748,2020 KO54,38.612418770970535,0.2913464608898642,0.0867193584886017,3.570813501629425,0.3351176934332523,-1084.410518399388,0.9587031603150418,0.0222681280057379,-1084.410518399388,0.9530574559684846,0.0177208182119532,-3.097299287819881,0.4670495481539009,98.49549733551608,0.6044727880686138,0.0145522268353902,2.4921653494688293e-08,-1.5428606621103056,0.1315028766220763,1.4615102114998793,28.0,11.66,54352821
3749,2020 KO55,47.55669542725221,0.2124238913275777,0.1197165055915075,1.9080069472691328,2.717644038859231,47.734550757697946,0.1287543979801044,0.1500455164030013,47.73455075769796,0.0971389473863064,0.1491807032545355,-4.703368603823791,2.934472393404663,0.0004759890227302,0.0108803599497913,0.0110685956435651,-0.2156067983422016,-0.2124928645731035,0.0712074123046582,0.003043604674682,77.0,9.65,54353257
3751,2020 KP53,45.992833377373714,0.1631904515128543,0.1014315486885059,4.889823460190091,2.7808735516773844,45.97616278000238,0.1882405933492231,0.1456785569164307,45.976162780002376,0.1757375479363231,0.1452495426122885,-1.0354159875180102,2.641872086137191,0.026755619965964,0.0218219570086983,0.0133138340958845,0.3487622016344193,-0.3832214222473354,0.0045134249328037,0.0031000588778483,77.0,9.74,54352052
3752,2020 KP54,43.14967765021815,0.1121246896702015,0.0332886633500452,0.7295162178479426,1.1602672663098623,43.131044891797295,0.1077047568445273,0.0637578230760799,43.13104489179728,0.1034225410465948,0.0616873031677079,0.6010715244696994,1.1044640351177917,3.4325616281277435e-05,0.0001957556849616,0.0002376340889672,0.5163811233277601,-0.5002958348581683,0.0002210611303242,0.0020236367492646,77.0,10.34,54352822
3753,2020 KP55,47.76453845800287,0.369184188001568,0.0816896796173014,1.374350007461017,2.534889821527792,47.732397515989234,0.3640676797687319,0.0892181611146784,47.732397515989234,0.3554562689768171,0.0864294599352449,-4.852102532034438,2.2489781240879654,5.157707986728073e-06,0.0010083637882638,0.0011657449370436,-0.2465542393588611,-0.2066344231850318,0.0014002541553806,9.322393119626328e-07,80.0,10.13,54353258
3755,2020 KQ54,44.30078559185016,0.0442987117577933,0.0340017979020802,2.284704954398101,1.2324962517972675,44.29583932772111,0.0428997933863763,0.0452742837257223,44.295839327721104,0.0426624546340016,0.0448464424735936,-3.842376276042097,1.1319688188539951,1.4405078376365206e-07,4.439071262332535e-05,9.36881527479849e-05,0.38743299940949,-0.3875793179196126,0.0014971182908472,0.0019278540506714,77.0,10.29,54352823
3756,2020 KQ55,45.39664950219042,0.0671237213070991,0.1325416561825514,3.9247564948571534,0.281772666291219,45.39545978701185,0.0565272911773953,0.1284868948579876,45.39545978701187,0.0565382108816213,0.128325784519591,-2.33200851940878,0.2853657536680181,1.1305599665308123e-05,0.0033642466579175,0.0014463380241617,0.3066112636564509,-0.3254600030051893,0.0012443685663908,0.0010736418674802,77.0,9.97,54353259
3757,2020 KR11,46.33118673293844,0.0812201555082993,0.078366784951007,5.7167371483524,0.5508626134956063,46.33341564366393,0.0830530998883734,0.0790937789797611,46.33341564366395,0.0830804608896519,0.078962667104187,-0.5428027551670306,0.5547934500091648,2.648727484723759e-07,7.706620604880252e-05,0.0001263056007215,0.3054741470850761,-0.3099513638927605,0.0002085705599247,1.6279641973733808e-06,215.0,7.48,54054639
3758,2020 KR54,43.92212486906169,0.0651599068964616,0.0500208525518303,0.7907696351687603,2.3817310525493305,43.91316702850855,0.0618992322363102,0.062541292623439,43.91316702850855,0.0616253176792947,0.0621880686108003,0.887756295270913,2.252925214893952,1.9504031342958104e-05,0.0003854950957072,0.000337847979763,0.4062243627819124,-0.4132272600954781,0.000255679307952,4.440628936154832e-05,77.0,10.0,54352824
3759,2020 KR55,42.43781779472423,0.0843924025983072,0.3469052750280947,0.3001435347959464,2.981286545093972,42.50287541210712,0.1487718178554442,0.3096851353975736,42.50287541210712,0.112972875634118,0.2670392459132989,0.568176494910444,-3.088544485574484,0.1281842759401509,0.0134506146792881,0.0416684087502534,0.4042605710792976,-0.3474092484513655,0.0457312206893732,0.0274721323793586,80.0,10.31,54353260
3761,2020 KS53,44.49156452741976,0.0303335041055728,0.0751225237304309,5.610577991478964,0.5951772265554656,44.49578049600829,0.0496928382370628,0.088938833830928,44.4957804960083,0.0394625329073579,0.0886991279125332,-1.446056371571436,0.6035157975735864,0.0002231040694474,0.0043104252808441,0.0060466961822496,0.3517868086306566,-0.3731748042865057,0.0348940738690213,0.0024921551669829,76.0,8.4,54352479
3762,2020 KS54,41.68407955402978,0.0975636951678828,0.2971360666375939,4.469137236204272,0.1097240891494348,41.67542061089853,0.0944159991354997,0.2973757126273572,41.67542061089854,0.0941665373554595,0.2930867019603487,-1.6924207843780616,0.101320015676761,0.0001809785242138,0.0001470716131933,0.0001395300669835,0.2888184908929322,-0.4108901437350015,0.0004142739131708,0.0018013455395391,79.0,10.06,54352825
3763,2020 KS55,60.04284214801697,0.3840552525119314,0.4623144592330424,5.411749193773126,3.00448612585981,60.00184826602288,0.3867138376487094,0.4589691029738019,60.00184826602289,0.3864309643110604,0.4429949857794917,-0.8500502702556583,3.0151038730532105,0.0020345460371902,0.0011325054919312,0.0008642378161086,0.056352869082753,-0.1080145026509642,2.1747050421133944e-06,2.91875559587977e-06,80.0,9.79,54353261
3764,2020 KT11,42.9108092831348,0.2167040664663152,0.5099354843196273,2.8612898136840954,3.040715925883923,1277.0276878138586,0.6111695193162793,0.331196084152233,1277.0276878138584,0.5706002271361016,0.263794881341678,-3.2947758104677103,3.0999331468737457,1072.2027457183028,0.2283596888218391,0.1213525713992132,0.0007407526712867,-0.2854317555065105,0.0584610455330211,0.098636914798769,161.0,9.23,54054641
3765,2020 KT53,43.768336970762206,0.0801534601486437,0.0639801634102591,0.2023256361729917,0.7242907984152713,43.77487903550092,0.0806935193704413,0.0694019851091735,43.77487903550093,0.0792148218588073,0.0688469794101265,0.1280210108277122,0.7064986366240892,3.480236785357206e-05,4.919351021837721e-05,2.505692760508821e-05,0.45083923993191,-0.4297096242949457,1.5018695677429243e-06,0.00144872725365,75.0,8.93,54352480
3766,2020 KT54,40.377269301023134,0.0926176258842495,0.3479243226505223,4.769927438773516,3.03101072331604,40.36806093816256,0.0966949378545801,0.3523357716491581,40.36806093816256,0.0840454110939254,0.3452483389328803,-1.3990539182923831,3.043910914217147,0.0018246811446902,0.0078356362043306,0.0005332125337748,0.3169124127477004,-0.4260929698804187,0.0064727080887522,0.0014661988973949,77.0,10.76,54352826
3767,2020 KT55,53.07546676151413,0.3776415537172927,0.0685983735004698,1.2835717753572773,0.3981126324920324,140.00809023532975,0.664813998854682,0.0785087251980856,140.00809023532975,0.4831231323275921,0.052256827894635,0.903028499583404,0.1455702910666375,52.37055393105743,0.2067985561679807,0.0107401196019682,0.0229963752640328,-0.2274130547651093,0.0836920349249517,0.1365522607431614,28.0,8.94,54353262
3768,2020 KU11,44.06662251886784,0.1674841690174719,0.2430455026132925,5.7472168205405945,0.1198267938423573,44.29519984937644,0.2064317078339541,0.2193051071953602,44.29519984937643,0.1754275367165379,0.2064206068319861,-0.8416467244580359,-0.1055611381358272,0.0409412434355464,0.0124397393226849,0.0387617694586946,0.3137299069636695,-0.4073747014658445,0.1046242380449888,0.0043301220473313,162.0,9.92,54054642
3769,2020 KU53,44.18160188249325,0.085713783949712,0.0460254238962228,4.312148114329029,1.672755830764426,44.18334890530995,0.0892630685069037,0.0508768355341769,44.18334890530993,0.0890307292251122,0.0502886146318066,-1.7826820703584338,1.5165402168302728,2.2071036445705183e-06,0.0001449198000516,0.0002596896298113,0.4109167725058674,-0.4156197373436938,0.0014216902343212,0.001161798977195,77.0,8.74,54352481
3770,2020 KU54,44.81708046635581,0.1441525476654802,0.1427923918175123,0.3377373627049289,2.872607982599872,44.79812686832643,0.1454025205850387,0.1495298107549456,44.79812686832644,0.1452510973591975,0.1489891080552749,-5.844176062049972,2.8243384684219266,0.002807520546283,0.0021251865384478,0.002862803051306,0.3526054708938545,-0.3921722685191445,0.0010830882052312,0.0017060361820343,75.0,10.81,54352827
3771,2020 KU55,44.52058235626592,0.005546111249525,0.0719583727524821,1.51179073667055,0.6083556782147268,44.51766513238561,0.0065134584184332,0.0766376867638086,44.51766513238561,0.0045414235690688,0.0763653849188152,0.7779586455865896,0.6251216125223281,2.0984172446909696e-06,0.0019832808626419,0.0001989324723355,0.3475335753462578,-0.3663063784885415,0.0004302628653964,1.6588818634386511e-06,76.0,9.65,54353263
3774,2020 KV53,44.9775305158564,0.0981755864548714,0.055369939375482,3.91073824134256,0.8499240005246134,44.97377865770952,0.1030010245239568,0.0635542807899403,44.97377865770954,0.1028856482444693,0.063269685998057,-2.252765946025605,0.8105590300608962,1.520627192113013e-05,0.0002428513280626,0.0005377339241874,0.3756925698326266,-0.3804032064086882,7.483562450704887e-06,5.496896787041368e-06,80.0,9.33,54352482
3775,2020 KV54,53.31584574688272,0.4449604058785153,0.060853169855392,4.085828657915502,0.6466328047979221,-11296.88850364846,0.9870396930726112,0.3982209195261684,-11296.888503648464,0.079984352382477,0.0085185497198296,2.747122523268514,-0.0709286807648739,261.9000586502464,0.0776414761687769,0.0080253587926852,0.0528291408688718,-2.708960625198171,0.0713046413180831,2.415529596183721,25.0,10.06,54352828
3776,2020 KV55,41.31076925102823,0.0680857769083582,0.3323843527745489,4.573309287481864,3.0235406888382244,41.311007293041946,0.0638195358959417,0.3346818921380594,41.31100729304195,0.0637904584915032,0.3285907633783397,-1.812669086706436,3.0302436345024684,4.6400935953127904e-05,8.741936023226169e-05,0.0001861685234854,0.2528739296227442,-0.3874748313411039,0.0006940629060527,0.0018277752884021,78.0,8.81,54353264
3777,2020 KW11,45.15513999993655,0.118364342379575,0.0626582087115091,6.184224834366316,0.827370136393107,45.154880790258325,0.1169119601923921,0.0625839674883768,45.15488079025831,0.116738551157181,0.0621931469299231,-0.1167906580983028,0.8297483232422067,3.998914796064744e-06,0.0001010929788381,0.0002308412466601,0.3733507276704414,-0.3827460036441759,0.0005728732789545,0.0013679170294063,160.0,9.04,54054644
3778,2020 KW53,44.02942517362851,0.0570835277617941,0.0662510853238823,5.674622387988692,0.6218800369884779,44.02900446377593,0.0577006076175211,0.0675362147916871,44.02900446377592,0.0576090482484338,0.067242111774663,-0.5381827059013016,0.61460937266413,1.973171073842875e-06,0.0005263717795234,0.0004728924956523,0.3950874593948222,-0.4038608384356337,0.0005924636927398,2.0530401227783164e-05,77.0,9.56,54352483
3779,2020 KW54,173.39863580897696,0.7519447569000487,0.0830283082420151,2.4873003041855224,0.4675544951889007,172.39428237479115,0.7502097059561017,0.0855361910797201,172.39428237479123,0.6772930698319711,0.0849237739426414,-3.5464983104614367,0.4896389279493816,0.175516840527521,0.0677232516235963,0.1239657123710634,0.0131829692281402,-0.0140915441344415,0.0026074935294483,7.301531986498191e-06,75.0,10.31,54352829
3780,2020 KW55,91.4143031897924,0.7147209540908892,0.0309199244699899,0.1293421075986796,1.5938425914563497,-1285.97168482424,0.9013220755072932,0.2421984723170892,-1285.97168482424,0.8738714918384884,0.0453294639316396,-0.3112752606566338,2.006369176282663,243.0374605109164,0.4043299074007644,0.1533032442316409,8.125666263692266e-07,-0.5433533956805233,0.0070952849391363,0.5191672403125396,23.0,9.39,54353265
3781,2020 KX11,60.967156858240486,0.9473859464269244,1.253805491639736,0.1974885466532407,-0.0117060261598929,-622.7939275355518,1.0039374113629604,1.154119583886701,-622.7939275355518,0.0076872214402467,0.0034243345663698,0.8034363197913565,-0.8902453883062612,2.426355025625864,0.4456526270474528,0.4073930691820898,-1.2541084148946464,-0.4185320580794235,1.1078943486702573,0.3974042488534061,77.0,7.81,54054645
3782,2020 KX53,43.76885777702093,0.105741654392321,0.0504168859771194,6.223486230756287,0.8833457861246382,-29.904983393589,0.3122478320357182,0.1169047178556037,-29.904983393588985,0.2632944110323964,0.0889943544130532,0.3426015608402454,0.2736829943572274,67.73010854415607,0.1313413540625404,0.0151930837273954,-0.0033914158837469,-0.5218299216448455,0.6055317906958787,0.0080433270770212,29.0,9.81,54352484
3783,2020 KX54,43.998066760836046,0.0444627940092349,0.0413287457118402,6.226202122453894,1.537215367924565,43.99562784383328,0.0434911309782828,0.0536891319868395,43.99562784383328,0.0431552403680576,0.0532571541628718,-0.0294727562075152,1.4109403909132991,2.358514948555898e-07,0.0002062976055052,0.0001855723775999,0.3991798975959525,-0.4023842921212977,9.006512630217219e-07,0.0014191723109559,75.0,10.29,54352830
3785,2020 KY11,46.107060700729065,0.108166379323918,0.178840554390012,3.499097731222799,3.012461969661259,46.110930705475816,0.1100857863894382,0.1788460413269702,46.1109307054758,0.1101993510602732,0.1780154538680892,-2.7808485956243163,3.0000896627692586,5.925800565143829e-06,0.0002259219459948,0.0002313748629394,0.2658714049726766,-0.3028701527611249,0.001701308825797,0.0018242783246066,2.0,8.52,54054646
3787,2020 KY54,126.428124492631,0.8169522031371386,0.0519000660409503,3.9391880236597454,0.7812474871672959,-6210.795426942037,0.9926476106592044,0.0519142153797928,-6210.795426942037,0.991658129328394,0.0209783358922159,-1.873833957943148,0.3075979576445271,1879.0733309042607,0.7681548364579577,0.0268726707356471,5.227478689132894e-09,-0.0026691881085875,0.0299524472381662,0.0140040147202166,26.0,10.46,54352831
3788,2020 KY55,46.55021972753983,0.1733474880055011,0.0836398565581916,6.232868185694586,2.677547270063106,46.53347429771435,0.1767221620270259,0.104160101580938,46.53347429771435,0.176416826625657,0.1039738972362592,-0.1235106530423673,2.6525496418535326,0.0038335916218224,0.0018631199162001,0.0035518046727811,0.3428304144307825,-0.3616258749608851,2.890365396756893e-05,0.0005490993073759,79.0,10.1,54353267
3789,2020 KZ53,60.98668760475244,0.4195745789312233,0.0501503347083036,2.972283888191404,0.7947955495920945,59.28000330847497,0.4049616078285434,0.0893426772055409,59.280003308474974,0.3181498637922977,0.0767733340147892,-2.6905753767279066,0.2835548756892512,0.9099105168534868,0.0265037397101652,0.0111938415964794,0.2156542141082948,-0.2961689498494346,0.0502668393933329,0.0221216923063772,26.0,10.36,54352486
3790,2020 KZ54,45.79058901814832,0.1062299515268754,0.148158868654793,0.6922459673712318,0.2418966468672077,45.78881955168609,0.1108881989232857,0.1524582423447844,45.78881955168608,0.11096448863332,0.1519358945442822,0.6775376938676932,0.2466713363577285,8.707832732108951e-06,0.0003766654071641,0.0002658375267515,0.2926253213628757,-0.3240148685838911,0.0013831227506409,2.5654866019992e-05,26.0,9.3,54352832
3791,2020 KZ55,40.96255629288713,0.1050134240463917,0.3249624592444381,5.889457046622102,2.99231040813839,40.95809693164652,0.1074108763532868,0.3251753192261283,40.95809693164653,0.1069615452673759,0.3194972692979414,-0.4165844965138272,3.007966081440633,0.0006146698196666,0.0001621156918542,0.0001595372667496,0.298209750152136,-0.427249821558619,0.0013972188720735,0.0001040796001092,77.0,8.84,54353268
3792,2020 LA21,94.6973677585644,0.710789782960556,0.0450948732450399,0.4863165215473159,1.2178945677988928,-746.6155763717052,0.91489231480348,0.2052524603320974,-746.6155763717055,0.9033743278492706,0.0436517950243158,1.8103416975196007,-0.0689660712707487,240.5618043375429,0.0956645772611809,0.1289001310185847,-0.0030614939048742,-0.7132850342361263,0.005138079785409,0.6822362827526055,24.0,10.05,54352487
3793,2020 LB21,46.03671760815783,0.6444150973223993,0.0945432083525578,4.934755669057766,0.4433306128369997,-31.78518140352705,1.1422774308570638,0.2912937164123221,-31.785181403527066,0.126867993046805,0.053297131224503,-0.4321177834591146,-0.8663761845577839,1.5330107322284607,0.6522309153648187,0.1593713862553187,-0.0030472974458768,-0.0026036171932456,0.0228174545461362,0.4702274910370403,73.0,9.87,54352833
3795,2020 MA53,40.21513578386006,0.2889948174108043,0.0347040281618647,0.9341276087129424,1.893062820957044,-262.24334021875086,1.006871621755057,0.0571504932565258,-262.24334021875086,0.0337903065153955,0.0020160934420126,3.8550561455401215,-1.3685570145600074,4.3975218393450834,0.0317843516160657,0.0016391180363871,-0.2274332566663456,-32.65095973141789,0.2343124459552058,31.049898706696084,56.0,9.72,54352490
3796,2020 MB53,49.016580676224685,0.2578151086479858,0.2590379089047547,3.0179393048561103,0.1357849366754052,48.829920468132286,0.2591572569969469,0.2527009685862238,48.82992046813228,0.2587893643192042,0.2503047536010803,2.9217230336253484,0.1444366264976862,0.0244684860942988,0.0008382516065889,0.0006051639523628,0.2145080341218164,-0.2816119752573011,0.0014055337230885,0.0003160210040308,54.0,10.05,54352491
3797,2020 MC53,42.84212147135048,0.1081419664612812,0.0773996289377768,5.3769126883493055,0.5366558797072538,42.35615853957759,0.145019872451522,0.227230679792647,42.356158539577606,0.1118877171482723,0.1774089946354859,-1.62590144256433,1.3383868269438823,0.0795213409943421,0.0086392116621903,0.0333371833531584,0.4619681337885378,-0.406928236197835,0.4423993501142089,0.054083802994611,5.0,8.15,54352492
3798,2020 MD53,44.59344573023476,0.1294463096440838,0.0606857352322531,1.598635461682676,0.7661936385876792,-1865.063760783048,0.5111952031955429,0.0709390949796648,-1865.0637607830483,0.4894567151397008,0.0443000974401952,-0.9589516221659312,0.9117714164749774,1434.7813079528514,0.2751453759817233,0.0182006839205572,0.0004345921209671,-0.4422900861033331,0.2206197119517924,0.0726985286139965,54.0,10.07,54352493
3799,2020 ME53,41.86534598650522,0.0832970891487283,0.0461040708557007,4.216742000812278,1.1987846727877285,-128.9564265438651,0.7577548703912212,0.1072473975686855,-128.95642654386506,0.7225762372987711,0.0731320633325721,-2.157789768249638,1.5330407695640549,107.77689890295473,0.3733431302629876,0.0481061342731228,0.0002427938254019,-0.3635866859070323,0.086741497856456,0.5045208073860136,54.0,9.75,54352494
3800,2020 MF53,46.309465589368415,0.3588048385594555,0.4990039026768987,2.6824414390859808,3.0533210276807456,-549.4198145820653,0.9148500814489392,0.1164327822149731,-549.4198145820656,0.8852201375647388,0.0742330030649968,2.039393886558371,-2.994776162045885,128.77710748786316,0.40864596364273,0.0460073449507124,5.863381744298928e-06,-0.3965394466618278,0.0611751607618502,0.4628116848807579,5.0,8.46,54352495
3801,2020 MG53,42.8656717994788,0.0766509131295047,0.0625665504540026,0.0934701522731886,0.5922846504642877,42.87366946384329,0.0739337131895856,0.0639957546819359,42.8736694638433,0.0729129854996214,0.0627992503855338,0.0742984843871217,0.6047413845050588,3.473866633928419e-06,0.0006544149317486,0.0007636172957318,0.4813668351340942,-0.4841526728355472,0.0012601235811099,0.0003188654445795,51.0,9.51,54352834
3802,2020 MH53,44.54101639841525,0.0821524162929558,0.0366490277251708,2.154661137810292,1.7082070024439129,44.54004297162518,0.0816477888359343,0.0477466085573179,44.54004297162517,0.0811545849123535,0.0472789784430139,-3.8570159482114,1.5339353870410972,5.9928771958456406e-05,3.692069515824434e-05,4.166151264273177e-05,0.4041579330446027,-0.3921368855137764,0.000267776851429,0.0011844934303039,76.0,9.63,54352835
3803,2020 MJ53,82.35002022884868,0.1034123945151865,0.0999582970508643,1.107783277841536,0.2588460441796371,82.34995797987138,0.1033494290465155,0.0999966171273327,82.34995797987138,0.1034106585471107,0.0998382561619642,1.12386359281566,0.2593798181049743,6.9874326269119884e-09,0.0007615453006046,0.0573321338249422,0.0258063586295752,-0.025829296562674,0.0023519328335251,0.0002212755156608,3.0,7.21,54352836
3804,2020 MK53,110.48166039203493,0.4462994943480507,0.2977353224669522,6.119750307038324,0.150443942939617,110.4825542240062,0.4472197161511431,0.2960857736400004,110.48255422400618,0.4474017789705612,0.2916996971827666,-0.1216689724358786,0.1251194858121226,6.355277822474096e-06,0.0017898048931276,0.3766687450995605,0.0117187985136453,-0.0140947445099104,0.0023533821219544,4.993394361714888e-06,3.0,4.12,54352837
3805,2020 ML1,48.488981658281126,0.9477612460510936,1.4123077328922908,2.180179742703256,-0.1320900892403453,-3212.3523934619693,1.0007560480354605,1.3517879125834258,-3212.352393461969,0.0024385314297457,0.0003132590807713,3.61052417767194,-1.535303145789832,83.49009748333205,0.892972381027732,0.8727676248483256,-1.2544453995113534,-0.9989775591535196,1.1176218988972508,0.893171571969527,31.0,17.6,54017576
3806,2020 ML53,43.1451249984481,0.1049930886343764,0.0404972047347192,0.2858149370663909,0.6893582636074783,43.14814608565103,0.10608751611322,0.051086647685522,43.14814608565104,0.1030174675915081,0.0484054413191857,0.1677554871193721,0.6956515797247326,0.0004060907299822,0.0002092762441378,0.0005162128592559,0.5118796763478415,-0.500621488908041,1.0692083946103436e-05,0.0026087446373739,3.0,10.19,54352838
3807,2020 MM53,37.74869895898386,0.2774854144529937,0.0298686060955669,5.354850354299931,1.7714659789225369,27.658371486815504,0.81814563736483,0.3175694142553406,27.6583714868155,0.7337971841436826,0.2312546022626144,0.2120994978751382,-1.704947368048631,23.22811940846755,0.3049322772228957,0.1161663080438726,-0.0024256774582953,-0.1119821276768637,0.0322022967455099,0.0095558579161289,54.0,10.51,54352839
3808,2020 MN53,35.51163484468391,0.1077641138609279,0.3559558995101364,3.627321933425657,3.0485300289269737,-4771.461307816118,0.9125803657044468,0.0895153692195721,-4771.461307816119,0.85009845362402,0.0565442725142376,-5.260676230740835,3.118617879037872,2044.913177773562,0.551937002695652,0.0405075500337383,1.8314350272753745e-05,-0.1488090992117979,0.0114878213929687,0.0873519524064141,3.0,10.94,54352840
3809,2020 MO53,46.40024508003622,0.1099581748375197,0.0404627557902364,4.810832344472333,1.6565339799875616,46.40526205627923,0.1127183082708031,0.0453081112957076,46.40526205627922,0.1126522606647469,0.0450531116140145,-1.3753811933956577,1.5717349955024067,7.437849317916275e-06,3.080652079186189e-05,0.0001805522330101,0.3263887132605364,-0.3263884469030515,0.000979016334525,0.000385930982091,3.0,9.35,54352841
3810,2020 MP53,33.65820632435126,0.6642256651439793,0.337608299990877,0.1288770055028845,0.1039729185335645,-448.7926518955259,1.0051219379749714,0.2564878346929057,-448.79265189552615,0.0664870533756146,0.0136989408842052,-1.3398151591906422,1.102109473912129,11.646615248419035,0.6024093647699017,0.1496055007071585,-0.1578624277232237,-1.5785685767814652,0.1289986625534414,1.4039112175880375,52.0,9.5,54352842
3812,2020 MY52,42.78550764324785,0.1418996257397727,0.3578940165091051,4.066111022899356,0.0831025293278801,42.7670945707353,0.1395064549982106,0.3577225665356449,42.767094570735296,0.1395863323207126,0.3502656958267118,-2.2192407562807133,0.0756323237224416,0.00019870313358,0.0003475388905049,0.0001678302968477,0.2133181787572673,-0.3381384888139867,0.0018309549325619,7.48515066963656e-06,54.0,9.95,54352497
3813,2020 MZ52,40.2631962806512,0.2444977863202698,0.2214345584244229,0.39140325849311,0.156353158589537,-1314.6586005609458,0.630727223420729,0.2873372431340293,-1314.6586005609463,0.5446053238897485,0.2480510506277432,1.1830355298720487,-0.573155116534343,1396.2159848025915,0.0682742163935716,0.0541743941514319,0.0491699808246754,-0.0810960435613233,0.0029015732495391,0.007942687216293,52.0,9.55,54352498
3814,2020 PC95,49.20424269240731,0.3078597643913809,0.0608331861155045,2.1970183209042755,0.8873122253356146,-21536.047725283646,0.5613322287080736,0.1147531404709167,-21536.047725283657,0.4886680970777638,0.0812073948932205,2.209809022913847,0.1817068541352881,21281.74408336,0.185984888462947,0.0206853525967945,0.0009878982284541,-0.2373559052463965,0.0248714012918246,0.1040398916027008,2.0,9.96,54352847
3815,2020 PD95,67.4637543995509,0.1138414468102017,0.1986449927063729,6.120444529886695,0.1483189654771134,67.46376348456123,0.1142544148578724,0.1984618973612534,67.46376348456127,0.1149237477073616,0.1987128748200126,-0.1615358172955949,0.1499910438199642,1.154118926693822e-06,0.0006924528976173,0.0017142229279984,0.0492877378740684,-0.0544765814877058,0.0022842518873708,0.0018909282145073,2.0,7.85,54352848
3816,2020 PE95,39.68528149708175,0.1055255187762053,0.145213553126687,2.4912810090670874,2.9169613448951623,-9200.614725120722,0.4890719349917953,0.2444247136579768,-9200.61472512072,0.4647424497393178,0.2065595052178241,4.431114602015488,-2.5822435824225645,7456.316462744414,0.2485151064378409,0.0839524074250223,0.0012760147788716,-0.4562631106119744,0.1600922455274555,0.0512018063185769,2.0,9.38,54352849
3817,2020 PF95,49.85777017861326,0.1002911938723913,0.2412976803857116,4.678089369990465,0.1431557022347163,49.85498566950467,0.0988450973454082,0.2414556911420266,49.85498566950466,0.0989164698820172,0.2394219559887292,-1.602249858887917,0.1455577877791976,8.49826058231476e-07,0.0001803334497181,0.0006126616529889,0.1573183992633096,-0.1902327730882375,0.001496382868503,0.0018285237525415,2.0,8.44,54352850
3818,2020 PG95,51.49579774042071,0.1563305361026748,0.0457550481979412,1.4111197379654836,1.6947259075391783,51.49516973591823,0.155219528083448,0.0500021062951099,51.49516973591824,0.1552125615267592,0.0500107516016679,1.4509086171188603,1.6529183868019963,2.034145541375754e-07,1.7753091484667384e-05,0.000129310433259,0.1972418986643957,-0.1996520535320005,8.90822126463232e-07,0.0018962313067826,2.0,10.51,54352851
3826,2020 UG74,44.27425408429766,0.0618013108226336,0.0224096392309366,4.267229618534353,-0.1837425191428434,44.287530582258974,0.0640183257994867,0.0265230936194091,44.28753058225898,0.0637752518598471,0.025527973129154,-2.119943473626148,0.0369883329946712,0.0003024370906979,1.996104124464776e-05,1.2767133528823874e-05,0.3991799592917966,-0.3991764723108121,1.830864213595748e-06,1.1042554787236047e-05,351.0,8.37,54410933
3827,2020 UH74,42.570612502759616,0.0424724428582064,0.069061701614609,3.691261414757737,-1.5750591972191692,42.57518999922526,0.0274697067601097,0.0487700116680932,42.57518999922526,0.0256106183646354,0.0472270941786327,3.2839881475674417,-1.4370634103028554,0.000205289256093,0.0007231851166784,0.000419497929291,0.4790160443012632,-0.4860132573601836,7.822336059707916e-06,0.0018207937827519,351.0,8.07,54410923
3828,2020 UJ74,52.26463156094652,0.3321313539184561,0.2154278888788453,1.068454776172472,-1.8259512351360017,-2414.6102202142606,0.6439274258265072,0.2039727958971366,-2414.610220214261,0.5733307948527868,0.1148613143505357,-0.0412115916756121,-1.5045707614100536,1788.5926626917174,0.2411627588776656,0.05482810750466,-0.0023481352506495,-0.3057528105747966,0.1892405725826358,0.2324992800668142,351.0,8.78,54410929
3829,2020 UT74,47.191051219534806,0.1394116910985589,0.0698390376680133,1.0082901564435651,-1.5763224361277193,47.19922179213566,0.1464470479859635,0.0658009162586535,47.19922179213567,0.1461078895425566,0.0656385026977805,0.9793052161474964,-1.512340420480684,5.607479990130651e-05,0.0001661248997627,0.0001032808779894,0.3663044073755469,-0.3231929643291209,3.517566022429409e-06,0.000813429541658,351.0,9.0,54412454
3834,2020 WM18,50.69253138342061,0.3202904147159695,0.23822903059995,4.977841161384022,2.162974803082457,49.62013904682657,0.2989559273607929,0.2281782957872093,49.62013904682657,0.2654429167570606,0.2129052499283419,-0.985801511637511,2.20341129791454,0.1781549767806767,0.016754614589885,0.0092121380943103,0.2705812670620311,-0.309224749716945,0.0302255293465297,0.0031444446317933,61.0,7.0,54231386
3835,2020 XU19,44.262631309934285,0.0336290287829797,0.027066612116153,1.592394146082948,-1.6869813220644734,44.26034148873422,0.0411033433184952,0.0209272403791331,44.26034148873422,0.0408137534279042,0.0196737547153931,1.4306718653472923,-1.467847153905789,7.5151804306306355e-06,4.186211622879561e-05,0.0001628952647663,0.3944604489931113,-0.392135769978819,2.3970237974198872e-05,0.0005793666872878,33.0,8.22,54161269
3837,2021 AN28,41.032665869917054,0.1040751729813216,0.0560001683734246,2.799583858272417,2.7881094938562785,177.98423476319994,0.2922935005174044,0.1613020617613705,177.98423476320002,0.2634962562182786,0.1138372251926514,2.5952196559930023,-2.6082222486187545,133.06993288062222,0.154389929322876,0.0257964378928248,0.0046933296706759,-0.5915196330465599,0.5888657852899165,0.062033519797577,7.0,,54316819
3861,2021 EE44,42.50411424207422,0.3393113360233318,0.1616746419604185,1.4137549557673017,-3.0143841190798866,5337.195185859731,0.8424611349062903,0.1758906505048272,5337.195185859732,0.7564852157649817,0.1402943471723275,1.6676570087388307,-2.761741779557259,4910.142833836229,0.1518733165035004,0.0392579916374364,0.0011622987928639,-0.0025010384527037,0.0313747020100177,0.0818551002959697,30.0,6.5,54163240
3863,2021 GQ57,86.69245545289829,0.9601128016832912,2.1814041850234576,5.508415106387631,1.5299330168152,-2750.2852985964764,1.0003803592545517,2.320873501476283,-2750.285298596478,0.0016537788553419,0.0025782981699665,-2.7398490033593608,2.060573163245737,48.75204925919717,0.6316987107561536,0.4611723569861525,5.130094664155098,2.8547011302376744,4.711206178049467,2.453963959206435,114.0,16.21,54144069
3867,2021 LA45,42.55864004328789,0.023983952531957,0.0327575885852317,3.1859710347538104,2.167105762710652,42.55621333916728,0.0297462425097014,0.0466411041436028,42.556213339167286,0.0277333253258511,0.0448589693088458,-2.447672620374292,1.8627526352210635,2.5035786197379653e-06,0.0002208084157588,0.0002098339029633,0.4837122257419995,-0.488297287668304,9.897489320650964e-06,0.0001267057618744,89.0,8.06,54343122
3873,2021 LF44,41.5957486470744,0.1025620018802071,0.2831995688214765,3.748681450449755,0.0159061910268508,41.56196877373915,0.098973799841775,0.2821773275497888,41.56196877373917,0.0790825083620953,0.2785448390131293,-1.89587964048839,-0.0115920823525869,0.0009304823008477,0.0071885635231587,0.0002733690023153,0.3489006373328717,-0.4300196941213741,0.0052730710772326,0.001427059739326,89.0,9.99,54343128
3874,2021 LG44,43.66281216038243,0.0492177824741391,0.0202463155522499,5.110561523291906,2.49311072885604,43.66720667641126,0.0486503971262975,0.0319689486318959,43.66720667641123,0.0437785448118561,0.0307105772471548,-0.9661166170828122,2.143601485223165,0.0015977284780954,0.0061885020468184,0.0005136329056904,0.485541386260389,-0.4273620447664678,0.015050563926356,1.888074724265205e-05,89.0,9.8,54343129
3877,2021 LK44,86.6955924186947,0.573177232473559,0.3096173814236747,5.413425181366506,3.070307505718445,86.36479033379337,0.560968572492794,0.331324470153686,86.36479033379337,0.5163977550722118,0.3266939186295308,-1.023799327497175,3.068630059940412,0.1456536291875484,0.0350155600067537,0.0082212471159946,0.0351916962413939,-0.0572795764987675,0.0037054714544295,0.0032581891352573,89.0,8.49,54343132
3879,2021 LL44,42.72097699344313,0.0142540411672995,0.0220934071708946,2.2223453303860694,1.7815056171518164,42.71694209625547,0.0182191844025075,0.0407956258570677,42.71694209625547,0.0155740144858824,0.0390815441286481,-3.121177887836544,1.3916849204987465,4.3868034130528473e-07,0.0006979623573055,0.0002720602227213,0.4686693089447377,-0.474693241589894,0.0003711067424697,0.0003523301271467,89.0,9.5,54343133
3880,2021 LM43,88.60918208942543,0.6263147113861736,0.2773877543153965,4.444248002171328,2.497437419960096,396.2878595706909,0.7833950983048444,0.2436199261661434,396.2878595706908,0.6699572377100086,0.160159388764034,-1.9011553789929208,2.642279674662123,239.34266768557185,0.167690062808239,0.0504492333360343,0.0035958357384544,-0.0992595316558433,0.0337626243052208,0.0598658659625534,299.0,7.3,54341535
3883,2021 LN44,39.35631708956084,0.2047195934688025,0.0641687972645461,3.4970050105479715,0.3552927165499712,39.403891024208896,0.2052425642530741,0.0684919010892815,39.40389102420891,0.2052034396006528,0.0682487211657333,-2.839144981908404,0.4397451005441191,1.1197283572244474e-05,0.0001082046339235,0.0001774112569917,-0.6926916738105582,-0.3738122189719235,0.0017760589601121,0.0015965723736647,89.0,9.79,54343135
3884,2021 LO43,63.37388679306648,0.4353956530557212,0.2824173800742211,4.157792080712849,2.396041854377669,95.53699498848778,0.5630946602210682,0.1955239577074292,95.53699498848776,0.4433747654562157,0.1791401502962751,-2.451857473298091,2.458144310690288,26.46280251328528,0.0746493681152588,0.0551894569634254,0.10448389541919,-0.1403875876050878,0.0413798467022319,0.0331812385497355,306.0,6.58,54341538
3890,2021 LR43,76.98155570389255,0.4941807888784562,0.5721193329381866,4.979880529110328,-1.2563671450279985,77.02309926191153,0.4877532722606458,0.5784894839382049,77.02309926191151,0.4824820345997681,0.5501045897992937,-1.2589154139058023,-1.2593252386950236,0.0040350835435024,0.0065822617655436,0.0036565356659789,0.0163946168333409,-0.0455055119554964,0.0023367124706015,0.0014662765982405,323.0,6.84,54342211
3892,2021 LS43,91.8135181935894,0.5995790810812273,0.067216170521635,5.758636833542155,-1.8287112184098693,91.78748993875404,0.5993187791045451,0.0688731734446423,91.78748993875404,0.5983229033817349,0.0686088699324492,-0.4030056096029535,-1.9180122622941496,3.0590142387185e-06,0.0021437677051787,4.6123387438146566e-05,-0.0047903829324743,-0.0399385355436909,8.845896757390563e-05,0.0021894030693328,305.0,6.66,54342213
3894,2021 LT44,46.80911774430236,0.136765811611974,0.0507828522305906,3.3664471615400755,0.4564197415297415,46.812863384012985,0.1374138118242041,0.0563959931930513,46.81286338401297,0.1374488122169699,0.0561765706293472,-2.9163785662705566,0.4833095219063232,5.965118244568644e-06,8.853885578060698e-05,0.0001623865816315,0.332887916412275,-0.3263883998674444,0.0005241484335038,0.0005992179940341,89.0,9.88,54343141
3907,2021 MW22,39.47229707512069,0.2424806108460334,0.1085204251746177,2.388243975282954,0.2152559495958109,39.403283399421845,0.2353533502212197,0.1250547815184597,39.40328339942185,0.1843810305459843,0.124455213461921,2.2379347601428683,0.3621232528202019,2.6643360590821487e-05,0.0200148805719336,0.0008698598902378,-0.3929836167802666,-0.3611465085931143,0.0861436813725719,0.0021560123832166,81.0,8.96,54343155
3910,2021 MZ22,44.70530210760464,0.0914044450374616,0.0381819492803484,2.0559864398992342,0.4622978951868435,44.69235560512408,0.0865190122581416,0.0469868892819098,44.69235560512409,0.0863505862722631,0.0465072544101471,1.9357498575083625,0.5438165779668066,4.935585912264175e-06,2.138045295393998e-05,0.0004569842678532,0.3827432146494645,-0.3874396848611005,0.0005538594552733,0.0006676697505384,80.0,8.95,54343158
3911,2021 NS71,37.36403365544168,0.9070577160858608,0.3309961423457851,0.2169761651738602,0.058155144445103,-796.8203687822532,1.0054130721606651,0.4742078913673931,-796.8203687822532,0.0018416763419948,0.0006245357841595,0.2073227062542398,0.4358406612736388,2.665234149964835,0.44884321876713,0.2039280619466654,-1.794845931544773,-1.794937878474897,1.522603040041376,1.6660510864102342,62.0,8.1,54344227
3929,2021 RM114,99.54960854276024,0.959680034742369,1.787109304340855,3.343496467787918,1.0626252427219025,-6446.62355051307,1.0003766089077006,1.7964719627796502,-6446.623550513071,0.0018583390641867,0.000426885379032,-5.64640274616934,2.5456142513996047,265.7170272889271,0.6315480890922123,0.6161580181877421,-0.6002672948433146,0.3644145787306316,0.5439370244110079,0.4525058792783831,63.0,16.79,54211505
3955,2021 UL19,32.99561120346874,0.9437642608448018,2.6860740299731662,0.2211838069545884,-0.872014372427517,-2220.010877185032,1.000657905062562,2.688363476001161,-2220.0108771850328,0.0083026928324471,0.0049160081723734,-0.3043751622739989,-0.4128221152543465,82.2451799794659,0.7688668089649218,0.3350995394609667,2.088762171110982,1.3016887229258942,1.770982775856177,1.0739510642148529,25.0,19.01,54217978
3957,2021 XS6,37.717079165410986,0.8957840341556546,1.6734368089620664,6.213694485692699,-0.8468983805807702,-98.25304199821076,1.0185422838421003,1.4242894163733977,-98.25304199821076,0.0063512286602652,0.0106934712610543,-2.0767699563323894,0.5688561367087686,0.3105345970847992,0.7840264304248239,0.7577420875193314,-3.8373616121320535,-0.0024944455867506,3.4408595785691856,0.3674964916581603,358.0,16.2,54231491
3958,2022 AB8,87.88496556159802,0.9808772943816488,1.3346024290684522,4.539494923844786,2.91621238376902,-8248.179797671959,1.000178580880872,1.2983822702253784,-8248.17979767196,0.0043829621513617,0.0007373070514539,0.1480767243888154,1.630444453890078,37.357790810993045,0.445371336166633,0.430386248259508,-1.0481034850420037,-0.8489428212601663,0.9308140666228892,0.7520439409025104,211.0,16.61,54239782
3969,2022 GN14,92.0994077953722,0.5671894139705316,0.1471413995416833,5.808266494980063,2.0918276008721195,91.67292615863344,0.5663123813925248,0.1409086361579092,91.67292615863344,0.5137344191753324,0.1063366761951792,0.1991148645259848,1.896865803656922,0.1392237313517864,0.0386307159266895,0.0295115802222961,0.0583669769813131,-0.0610813717179636,0.0042408009860803,0.0044464443865551,15.0,7.36,54279996
3971,2022 GU,38.74764651821511,0.9546983585104228,2.040029025623612,3.810060267813177,-1.551650280407694,-2779.1158603800104,1.0005680290169043,2.026192020038064,-2779.11586038001,0.0095779056849765,0.0042387793674185,2.899364439106773,-0.8159379916827247,12.463307997855322,0.7676917610427861,0.6923559314407541,-0.367082072814359,0.3646996604555983,0.3309159519289045,0.3260257820525232,87.0,16.54,54268803
3978,2022 HW5,39.46356721985225,0.0977085068503655,0.0448277766062683,0.7052486364877941,-1.7187026158951246,39.40993407335949,0.08879989573561,0.0317878320184531,39.40993407335949,0.0886970063457293,0.0297204861420345,0.526926432088684,-1.571922949921202,1.0902787382226637e-06,9.502140223806896e-07,2.5171452909348463e-05,-3.865002979523368,-0.4929053184618179,1.643459544184595e-05,0.000193379951247,2.0,7.47,54279792
3979,2022 LA14,48.03278216509811,0.1013880038115119,0.0522453064893808,5.19043660554538,2.9698473340427327,48.069947512667135,0.0994535086231164,0.0544003821889859,48.069947512667135,0.0992385475687602,0.0543469570671572,-1.1171515442779791,2.9296133521913976,4.430586898943281e-06,0.0001105838055403,0.0001051810109045,0.3123007738667189,-0.2652386618861289,0.0011927063263524,0.0019312480294852,28.0,9.15,54343202
3981,2022 LA16,43.75728080975605,0.0959773871153859,0.0204682804378653,1.0286251846511298,2.2537904603315897,43.66946997006307,0.1301455649429524,0.0360327785620036,43.66946997006309,0.0986998543167413,0.0336596754722056,1.127485785723991,1.6586195882646744,0.0017675107306882,0.0093034599475936,0.0024500581044113,0.5469357528839377,-0.459969105811933,0.5776053471985829,0.0048702076331711,27.0,10.05,54343204
3985,2022 LB16,35.434519281977174,0.0992134647392109,0.0873556333546828,4.103934396423041,0.021578359413956,430.8296358377799,0.8397130136382273,0.256751482148468,430.8296358377798,0.781224348508857,0.3072208799565739,-0.5798418140203916,1.9565682197248528,251.776353350355,0.4361535230464984,0.2796153487719703,0.0001472493439172,-0.0057297607525485,0.0068557310674524,0.021111965774474,28.0,9.85,54343208
3986,2022 LB17,39.27171995298224,0.1066696430979726,0.0397556767180403,0.2327163504234137,0.4755437277756013,-631.8235826563244,0.7801972835592779,0.0813593864883948,-631.8235826563242,0.7725482771346727,0.0257843988877372,-0.513204107217152,1.078604739435317,205.43351787133872,0.4918174764435178,0.0293962658079848,-0.0028670841068829,-0.6948458932325223,0.1046026766488552,0.8281514252869744,1.0,10.29,54343209
3989,2022 LC16,35.4284746509777,0.0987612705955871,0.1254877757758344,4.077267583489896,0.0107153458359412,-17.510799845268384,0.9307979185586296,0.2250990125258769,-17.510799845268394,0.887812173382476,0.150759215692297,-2.5278256241051125,-0.1095663969208493,61.89214287268738,0.2418971744370962,0.094402172081055,8.021240026429622e-05,-0.3353943972241721,0.0099939925098648,0.1849852361478161,28.0,9.25,54343212
3990,2022 LD14,45.89577998197704,0.079439383225807,0.0669319703343153,1.4914289321025365,2.9807114314479075,45.89393428736379,0.0789076042559229,0.0667647861932099,45.89393428736378,0.0789192033308047,0.0665595112473614,-4.709983650429591,2.9215980158672057,5.554836315526321e-06,8.38092574091345e-05,0.0001020401055238,0.3228032987525732,-0.3263884284446675,0.0011800467099589,0.0006735347302779,297.0,8.33,54343213
3991,2022 LD15,47.713849530430366,0.0948907594139724,0.0221167551915777,2.389287167789933,0.805436838554641,47.73456397140751,0.1197334062033652,0.0518706939133719,47.7345639714075,0.0816223963716908,0.051803278959117,1.7303087705394695,0.7309183280942531,7.297356928060785e-05,0.0053032410913189,0.010276965281941,-0.5239247130438981,-0.2182782053156357,0.2115883109815501,0.0021116250948442,28.0,9.31,54343214
3992,2022 LD16,43.3203755877656,0.0961168784865712,0.014241973596848,4.12904543636105,0.3988359760656607,43.31682160111984,0.1075041508463889,0.0359058890369542,43.31682160111984,0.1049222185786748,0.0319247103657612,-1.9034942326113264,0.5363351599560042,0.0003680480896638,9.5813922187328e-05,0.0003611328223992,0.5071932935276673,-0.4951835724984321,2.1641023654302065e-06,0.000435314240101,27.0,9.0,54343215
3993,2022 LE14,43.44480672204461,0.1091593450127052,0.0474171328494647,2.4598346493838577,3.0387521201352348,-41594.483078073055,0.6903676861234025,0.357825924702673,-41594.48307807307,0.6294632027528113,0.1034365044623062,0.2410493019426418,1.926655306211301,26001.06732457084,0.3427959600372505,0.1316344814789952,-0.0023595396478836,-0.3827320866920331,0.2529388573765572,0.3821929634633267,27.0,9.15,54343216
3994,2022 LE15,38.49949600335675,0.0993361299580622,0.4693794572796204,1.201606193196394,3.0929937869211974,38.58148907460792,0.1118090286473959,0.4688388626430924,38.58148907460792,0.0954851686165932,0.4511138375601083,1.2204471127599552,-3.0762139381411124,0.0085559385945466,0.0114299208858416,0.0017696365442071,0.203229264176354,-0.4062461236445255,0.0019089849401537,0.0011941757294356,28.0,10.82,54343217
3996,2022 LE17,47.62571213553533,0.0962424462055456,0.0426441800453595,0.0363257358263124,2.71540412864308,47.73099064816306,0.0915651235676636,0.0756786067587306,47.73099064816304,1.1544158479649596,0.07558145680989,0.6773721702510396,2.457315813963769,0.0115697262186269,0.9987148845404268,0.0061280278178945,0.6732626157414955,-0.2848176238383474,0.1715321505133285,0.0028568004070424,28.0,8.58,54344513
3998,2022 LF15,50.67951749114583,0.1292640406301417,0.0522280253719637,2.8176064102840463,0.2975169123200998,50.67455054973983,0.1281171790971539,0.05355592062129,50.67455054973983,0.1282941773033797,0.0535662062089583,2.7988378271427035,0.316076400811721,5.330613592797036e-06,0.0002116871099701,4.940497942680992e-05,0.2020674272622877,-0.2067596226085702,0.000122763864229,0.0001187393562135,28.0,10.3,54343220
3999,2022 LF16,46.35954663965176,0.103085290636915,0.4174503938752098,5.991551549974883,-0.0089571367605973,46.35915675459738,0.1066578510390158,0.4164426329993687,46.359156754597386,0.1067306673344581,0.4048120452697655,-0.2750604178143727,-0.0114408110010805,1.1040199466867502e-05,7.85437419804142e-05,0.0003194949509488,0.1150556469069602,-0.2113220487690696,0.0012940558629888,9.0648466761534e-06,28.0,6.87,54343221
4000,2022 LG14,83.87032678965822,0.5874778116193091,0.2038736532373189,0.0300854783218911,3.0943422845548523,83.96965784158746,0.5862541051745905,0.2115915607597789,83.96965784158749,0.5785142460849262,0.2112678459971854,-6.190469317601579,3.0682940074583342,1.911783670108872e-05,0.0093068862552288,0.0018943531715032,-0.0070525534209109,-0.0493256718116158,0.0016841633605424,0.0020817775726023,27.0,9.81,54343222
4002,2022 LG16,94.78787719158134,0.7334445873047433,0.4879428596804123,4.582153268468262,-0.0099393105092902,-88.47547273670716,0.6235573768340423,0.4828781917171397,-88.47547273670719,0.4863277285612306,0.3515992176315959,-1.832005082825077,0.4054557116241286,125.28402002071384,0.1750008913498037,0.0956981204997186,0.001805705056118,-0.1961908699979001,0.1694162321950826,0.0515742172143756,28.0,9.64,54343224
4003,2022 LH14,45.501249711793385,0.1030931721127718,0.0721812257360744,1.749113529499649,0.0529589563016902,45.48495775520613,0.0968195917027539,0.0701149166820276,45.48495775520611,0.0967868210960385,0.0699092634069695,1.6689962585270717,0.0851099050715666,4.061322372789893e-06,0.0003155260972689,0.0004076096658241,0.3429537805623732,-0.3521265666610968,0.0001224595183963,9.294193402009411e-05,28.0,8.93,54343225
4005,2022 LH16,48.8752239288742,0.1580096263629269,0.0248812813327597,0.2946923186748691,2.8379161036168283,48.86212648262226,0.1552473785183943,0.0271065495909413,48.862126482622266,0.1552154775420273,0.02700414195398,0.4066087154194577,2.7231974065190667,6.913292627013233e-05,0.0001480558776442,0.0001171014884204,0.2653373125361205,-0.2672965813312771,4.168889841186447e-05,0.0003732777488852,28.0,7.77,54343227
4008,2022 LJ16,60.15590152228273,0.6072442846777738,0.2236058180064313,5.089821896148052,3.09800589790334,-6666.307435284758,0.9421470525465656,0.3036611781987307,-6666.307435284759,0.9322474406681742,0.0424441772202162,-1.1377993256011023,2.988069287357144,958.5861812751168,0.8345008859512958,0.0410372124059473,-0.0551406560654772,-0.0996868516086219,0.0694423492487998,0.1910094409757207,28.0,10.6,54343230
4014,2022 LL16,38.39471561811581,0.1007678542720957,0.0341146480281727,0.977638983431401,2.835429466903156,-1513.089993519522,0.7428140740512134,0.1962701202998936,-1513.0899935195223,0.7161715558067909,0.0977160509001044,-1.0326919154774414,-1.662821536292488,605.7307904842924,0.3727664083041628,0.0880201182585241,5.74058954982542e-06,0.0022574751135437,0.0056111376625461,0.2313018630750828,28.0,9.52,54343236
4018,2022 LN14,50.72611915370828,0.3109869730549703,0.0105373020491006,0.6770473591436206,1.2772819624354237,52.90696675601955,0.3565164324325581,0.1870810748719035,52.90696675601953,0.2881013885943024,0.1597842992785103,0.3808863138745506,1.0653257496701978,1.2934105947404535,0.0162220944156966,0.0275436770665246,0.2453904308754819,-0.2706234145753091,0.0726522077695769,0.055888108210775,28.0,8.96,54343240
4019,2022 LN15,34.81073474906432,0.1028214296612666,0.1261682066843726,4.699502260210076,2.961118143328921,34.89631824197706,0.1134578869846856,0.1224201189933942,34.896318241977056,0.1131356516790077,0.1183837789465449,4.6283735104372585,-3.1132217575621643,4.643074200210117e-06,0.0001276706014122,0.0005720475714209,-2.689022795114431,-0.9038861524928709,0.001609963779978,0.0016487665838957,28.0,8.73,54343241
4020,2022 LN16,41.71009904977051,0.2080878548713174,0.1438016503756085,5.940516877362447,3.039712456954901,-943.111191983192,0.9691996679969276,0.0717817503373556,-943.1111919831924,0.155160130028082,0.0057509751518903,-0.0125246750258698,2.696515462904065,51.021244335646415,0.6453338102526489,0.0472297758011242,2.6472514902075235e-06,-6.436850058860801,0.1131440034963935,6.2941500555223655,28.0,10.5,54343242
4021,2022 LO14,58.90433169757435,0.589830172615058,0.022920376088268,2.185644523819516,2.632517817647808,-4231.265025610899,0.8360273718003246,0.1954391628944836,-4231.265025610898,0.7912366385982932,0.0688285016215685,1.845110991550896,-2.892966627923548,1980.371501684445,0.50861963537707,0.0496793421000159,-0.0025809106094828,-0.5125456995306216,0.027571788833792,0.3207252956217578,28.0,8.02,54343243
4022,2022 LO15,35.3664159431836,0.1049781712822085,0.1506332800438002,3.8226096705145256,2.997251496496131,-1034.34286916274,0.9983199205505484,0.0636303956409171,-1034.3428691627405,0.0372317700016443,0.0022691755430159,-5.927940589282758,3.030538385419478,11.984191825969912,0.6128401182673532,0.0382595798239615,-0.1581111587852241,-2.29386653931177,0.1685117592003553,2.01669727761691,28.0,8.7,54343244
4025,2022 LP14,43.15019102842104,0.0963624665139993,0.0333987863473079,1.6299771576709985,2.80919809294912,43.14688993657437,0.1008089803155635,0.0396304209222423,43.146889936574375,0.0982104137851511,0.0362180779649499,-4.035730080972762,2.292017846007096,5.427763768589205e-05,0.0001616931024536,0.0002872240747507,0.5092612434509214,-0.4978437549054409,0.0018868223025118,0.0004082841419573,28.0,9.51,54343246
4027,2022 LP16,43.16779386598818,0.1020809262650475,0.0228825033968111,1.0498263300736372,0.6433627363614047,43.1519337249652,0.0969141371252759,0.0460421741703464,43.15193372496518,0.0950387894282119,0.0435545404769939,0.9116695812654112,0.6210184072226095,0.0002790139346748,0.0001446744966202,0.0003979523072587,0.4977878815456567,-0.4908145464585877,1.4205331526950912e-05,0.0023836767776898,27.0,6.74,54343248
4028,2022 LP17,71.20226554562515,0.3888892049167354,0.0196147704577122,1.3823348187585962,1.7603770763497306,71.2117678714767,0.3887019688979381,0.0212244546660261,71.2117678714767,0.3889979585460328,0.0212818321662998,1.4066306016204986,1.73239626114519,0.0001351637208303,0.0020826559918159,9.517329116664238e-05,0.0774881583161711,-0.0797213972737891,0.0009344993263689,0.000109984594419,27.0,9.91,54344523
4029,2022 LQ14,37.03611680703336,0.1028602219366504,0.1223766284601752,5.559987730685449,0.0708669886614548,45.42681814387549,0.2460522164403007,0.1960027245338622,45.42681814387549,0.178234401595312,0.1369327536155429,-2.669988063811356,1.6934695591985092,3.1531847814654155,0.0359104230980698,0.0139445776869002,0.2686814827329435,-0.3874486338875446,0.045866630780196,0.0646645531456271,28.0,8.62,54343249
4030,2022 LQ15,40.36721144795355,0.1061646925902814,0.0246911157283644,0.3087693887006697,0.2879724557365569,40.75034334009794,0.1673186794005522,0.3639299286298689,40.75034334009794,0.1510528863231667,0.3316769631778593,1.141207383281536,-0.1977184024385485,0.0848327595222499,0.006987845568087,0.0334157236799957,0.246901361865124,-0.4033319559386412,0.003169815681752,0.0032134637954847,28.0,9.78,54343250
4031,2022 LQ16,70.05505396352117,0.1068812661409901,0.1072512280771608,0.2290268877656052,0.2034275580078395,70.05494783662361,0.1070206253209654,0.1071774296477851,70.0549478366236,0.1071512304839799,0.1076818135965425,0.2335871652390318,0.1987135878199681,5.784237374405364e-07,0.0001057613273512,0.0009096801460382,0.0469621974096608,-0.0493220460064982,3.463945286199817e-07,0.0021503734189223,28.0,7.79,54343251
4033,2022 LR15,64.96820387285943,0.1017568334181683,0.2786234837245489,5.639940347139485,0.0160476991139205,64.96861930868323,0.1021723689936712,0.2785306045302122,64.96861930868324,0.1026861012222624,0.2751919482053904,-0.6439536593527478,0.0179260033285914,7.832123484300507e-08,0.0004480777841282,0.0001856375448954,0.051662934366106,-0.0610511639924653,6.732780626695219e-06,1.933856777206689e-07,27.0,8.18,54343253
4036,2022 LS15,49.0727387356637,0.0906154838691593,0.0291009411377116,1.2335335689607296,2.708869066604632,49.06710296714399,0.0897320885486722,0.0305405770668581,49.067102967144,0.0897521006041591,0.0304911237505412,-4.968329109790076,2.6403024653738334,1.1144441354883129e-05,8.165616037510224e-05,5.501811871065115e-05,0.2324600665764905,-0.2335206374892602,0.0014114032974368,0.0012302620790145,28.0,9.36,54343256
4037,2022 LS16,66.67184400542439,0.2721546085442952,0.4000085130768118,3.882428847834518e-05,0.0145879455555343,66.66625601294135,0.2755688409592698,0.3982005501194464,66.66625601294136,0.2762830630693922,0.3882281301495452,-0.0012780176518806,0.0172428961393305,8.851497043355949e-06,0.0024625231146534,0.0006787582229115,0.0399166316812081,-0.0610512691193504,0.0023825137134086,1.1185888437510637e-07,28.0,6.17,54343257
4038,2022 LT14,68.47178678231599,0.0957649050626929,0.7453420871559681,6.180121228726754,3.123057991012393,68.47021299356057,0.0976472235434608,0.7451756228070999,68.47021299356058,0.0972753736681173,0.6780560159076302,-0.0266577892324204,3.101060586053626,5.893537395507962e-07,0.0006791977425801,0.0004167707043548,0.0020429767789894,-0.0328791115431463,0.0026532801102842,4.422283713753434e-06,27.0,8.7,54343258
4040,2022 LT16,75.39147514109065,0.0952821921507044,0.0597152185696907,3.640495074630649,0.2491459404114543,75.39089545969439,0.0952623768764877,0.0597574026900907,75.39089545969443,0.0951265329390083,0.0600651954082691,-2.6774053477410327,0.2479482553724493,1.4534282300360168e-08,0.0001090424096699,0.0003663714170544,0.0352102856601599,-0.035985736402323,0.002067423158089,0.0015942320601929,27.0,7.69,54343260
4041,2022 LU14,36.79722504876989,0.1021531758039136,0.0299607161267132,5.048135645533371,2.7063867577768,-1353167.6750993023,0.9532220198333884,0.0974070033695625,-1353167.675099303,0.1731419648601889,0.0402321218992839,-0.3235232896163293,-2.708411441839921,324637.1060092185,0.3591409979822557,0.0408363010560381,-0.00317788807342,-0.003220700803008,79.32214407381716,56.12459941274563,27.0,9.48,54343261
4042,2022 LU15,38.00070519045055,0.1000148013824705,0.1547218955174691,2.1515444455783523,3.037571505465152,70.20084967367156,0.4013493563577152,0.2204820566204982,70.20084967367156,0.3758332927008101,0.1729372968070491,0.7652117852126703,-2.8563290656426865,14.388441418878768,0.1297326805024887,0.0365351403966624,0.0576235168791512,-0.9745303473259788,0.0135642200233634,0.6732434506057073,27.0,9.65,54343262
4043,2022 LU16,70.22380115280566,0.0941993672524737,0.2076450237128373,1.1927976821936357,3.0327117133882977,70.22317697185855,0.0939625166002579,0.207768654128352,70.22317697185852,0.0939846733561496,0.2076441363620459,-5.084604975584706,3.0274411484088133,0.0001248069848108,2.092743735391884e-05,0.0011636568691979,0.0422661077301772,-0.0469725586295459,2.05480944850528e-07,7.6561123449029e-06,27.0,7.65,54343263
4044,2022 LV13,39.35782586734623,0.1014907727709906,0.0080488709518013,2.9228344503983923,2.653621591010003,39.40898516490085,0.0976228724815121,0.0295519749122411,39.408985164900855,0.097556305535686,0.0264547565962339,-2.23101966981231,1.4922839762346003,1.8252056821414416e-05,2.7488803016261645e-05,0.0001846108872408,-3.140026460252724,-0.5094371936045803,0.003873211375384,0.0014674743722718,28.0,8.33,54343264
4045,2022 LV14,85.71534277306424,0.49650116792545,0.0349334755878873,0.3598231203029494,2.775546852892833,85.72344851488548,0.4963773244718663,0.0345863019678593,85.72344851488545,0.4970617671534942,0.034665879114065,-5.894157587377829,2.754598864414872,0.0005540298260005,0.0042879267535323,8.400803080094129e-05,0.0493099371575607,-0.0540887703992548,0.0023897079612383,0.002428530740303,27.0,9.52,54343265
4047,2022 LV16,41.36928099860003,0.1055866437322831,0.0439789219801219,3.750873649606605,2.9241569644758965,-1448.7766174865,0.8121903175876168,0.0797727471710095,-1448.7766174865,0.7889872364606338,0.0548121948077318,-4.5165367152487885,2.890353902244953,528.2571668985527,0.1794548063393239,0.0372616126485198,4.26055317400793e-06,-0.6610092490033674,0.0046919963360997,0.5106327279986215,28.0,7.74,54343267
4050,2022 LW15,35.69722037717089,0.1037453281149438,0.2248117738127668,1.3703798682862356,0.057357673977845,-59.13518381749726,0.9592313318138652,0.2312706779683445,-59.13518381749725,0.9398412758393828,0.0768748250668091,1.0809109441318665,0.9306417429888572,16.883441651706836,0.7008652056077793,0.1217682675399472,0.2081210038412575,-0.0030313751106864,0.1951028145334859,2.2667813147062903,26.0,8.9,54343270
4052,2022 LX13,42.9222102848431,0.1048756378405849,0.0079823026249772,0.3608827999543731,0.577416772210748,-22409.89790084737,0.7398753866259572,0.1472773613738641,-22409.89790084737,0.6940192152263026,0.0419949299442297,-1.137215063958802,1.8176119065489584,11091.026589277164,0.436952834279878,0.0461271859353604,-0.0024085195592869,-0.5785452211170454,0.0746185325989299,0.4902347590014991,28.0,7.43,54343272
4053,2022 LX14,116.7744796230421,0.8157220175956766,0.05298452924437,1.992586965698797,2.8579357920697914,1026.4892360045123,0.8716981060990842,0.0816353836581898,1026.4892360045126,0.8311432797444382,0.0326643354785445,-4.05214573213707,2.65436436483142,640.7430257929929,0.1005340585242651,0.0239135631542769,0.0036587273403286,-1.2307270042292773,0.0058581595671803,0.9721489433652764,28.0,8.94,54343273
4054,2022 LX15,73.61739489889926,0.0973395625265061,0.3644595302626128,1.8767348649500004,3.075603857782842,73.61731572908074,0.0968557642130338,0.3646091086870099,73.61731572908076,0.0965052126471072,0.356818747842504,-4.455483342143547,3.076900852340867,1.0740513089428509e-07,8.870923591202941e-05,0.0028896776836935,0.0258086001675291,-0.0352220873885198,0.0021903466100312,0.0023915235279375,27.0,6.67,54343274
4058,2022 LY15,64.48156635350266,0.1301888160772726,0.2818783931125099,3.2633720283727623,3.064725606237433,64.48138310983865,0.1312657735476387,0.2817571827979716,64.48138310983863,0.1321777481992995,0.2789363781508014,-3.0163534167000585,3.06760529061783,2.2888343723075086e-07,0.001079299598762,0.0022347688902107,0.0536187789059666,-0.0634069984665511,0.0019733651671924,0.0015573939366838,26.0,6.81,54343278
4060,2022 LZ13,48.05436350236357,0.0961884575664884,0.0132546114252728,6.079714396539213,2.6496700088615643,48.068718477485206,0.0916662393984223,0.0169780772116961,48.06871847748522,0.0914662470502704,0.0167015415323007,1.6335310331072606e-05,2.3908862163865408,1.474920426641892e-06,0.0001260807562561,3.049840158455426e-06,0.3099456971276733,-0.2629980172838889,6.934158306581166e-06,7.166434181090493e-06,28.0,8.85,54343280
4061,2022 LZ14,31.555470178066155,0.0979948471474917,0.2002158969233722,4.5763374136941,0.0397134608105444,-212.71054435057863,0.9928513393460509,0.3117685311785318,-212.71054435057863,0.9916916201938896,0.0196934936979102,-3.1390795354660344,0.81669647135939,16.473965936336,0.628288125162243,0.0172019563783798,0.446119851002645,-1.2415263452805902,0.4434313882112375,1.103821930609494,28.0,10.17,54343281
4063,2022 LZ16,71.76055295132383,0.4453691101801749,0.025628693589051,2.427779967850938,0.6968714791251857,71.52917643972688,0.4426456822166649,0.0263995440278615,71.52917643972687,0.3752288661224516,0.0262286834378677,2.127014342374072,0.7629265071978649,0.025767322899493,0.0390920562607818,0.0011680836170983,0.1544615055518789,-0.1170748235739044,0.0030213582203913,0.0021170277223662,27.0,9.63,54343283
4064,2022 OC21,60.07955065040243,0.9444780490296016,1.6483138849967969,0.2558651409310153,-2.264205680561083,-1613.4059952928458,1.0015611779496822,1.6071204395642449,-1613.4059952928455,0.0008047453942067,2.403286750917374e-05,-3.2578090468603524,0.2721420500581208,1.1762904015559144,0.632949828887601,0.6320236057587758,-1.6706866449431952,-1.7455688245970409,1.5518040642511708,1.60026418838864,59.0,16.44,54297644
4069,2022 QU62,55.113351146594994,0.4269673834275316,0.3372002208947174,4.061894210134038,0.5552928770238096,83.02342587846158,0.5864288769659326,0.3829694754151974,83.0234258784616,0.5229784606398382,0.3536417960412052,-1.23417077428889,0.2991550661011447,2.641239696762052,0.0565190454371412,0.0328602180339829,0.0370704574441945,-0.0654131697129389,0.0024468827256014,0.0033799792407794,2.0,8.26,54302981
4070,2022 QV62,109.25007107084856,0.7013996149476,0.2565917033483473,4.559802259088055,0.0351419944439423,260.99626721904025,0.7815890491861104,0.2145956533114183,260.99626721904025,0.5692750482676175,0.1770141288002159,-1.6957409231402971,0.0238252555998417,127.1479450173604,0.0831843419754259,0.0316112744550191,0.0246881104960983,-0.0541186653080754,0.0164201937635904,0.0089544133406418,2.0,9.05,54302984
4071,2022 QY7,32.82394517237627,0.1058307176765568,0.2450442036057491,2.205220878364033,-0.1707396608978947,-1909.0216218729813,0.8373450680055389,0.3739557815361388,-1909.021621872981,0.7788859872544279,0.1807823498628886,2.74572394785654,-0.7523584807821896,774.2838781811154,0.1770283667458288,0.1496025550995002,-0.002930910154785,-0.0023817131717793,0.0043747002351081,0.1721737767237365,2.0,6.91,54299550
4073,2022 UD146,46.84438616946902,0.2484352988308113,0.1333691157368725,5.741613066231332,1.815925590601727,-535.7836884121022,0.752602077278164,0.1986290795986645,-535.783688412102,0.7192371220896375,0.0471798750830292,1.6055205823992085,0.6715859447560397,240.46769707989176,0.236358948415824,0.1460784641948916,-0.0025769577290394,-0.5160955721058188,0.0058173060841906,0.459028373318947,343.0,7.21,54392933
4077,2023 DP5,91.82866294246726,0.9477039420997988,2.0915911570716377,3.453060841868272,-2.82087624217448,-593.4946999824313,1.000972480317582,3.0220287788125435,-593.4946999824314,0.005964934499572,0.0012022635652138,3.4136017186852143,-3.00344088957085,1.1833768598419243,0.0057717178364973,0.00139105604875,-0.4702152657851638,2.522530959388715,0.4914382654255017,2.475444921447024,134.0,14.5,54367464
4078,2023 FA55,44.016656715396735,0.1305681828171405,0.0909060820317162,1.0377649295431386,0.6764631104810434,-274.4465757030228,0.701848321787357,0.1333888914122701,-274.4465757030228,0.6771397329177143,0.0607184552726226,2.696912641721526,0.1263152428297258,155.16907289406106,0.4426431303344572,0.0448997523637116,-0.0023925784636484,-0.4836903382685871,0.0879536790105789,1.2992938413030743,353.0,7.55,54432344
4079,2023 FB55,44.61406203736856,0.099464255665184,0.0538352932674887,1.52905482667805,-2.133441092446726,44.61989913259512,0.1098925674160023,0.0527403170061882,44.61989913259513,0.1095464318022607,0.052200775948305,1.6181993985250325,-2.169931492862977,3.740945193293224e-06,0.0001175497952536,0.0001012848765955,0.4062970872012172,-0.407220449727671,0.0019050994752885,0.0013149365710519,353.0,6.36,54433093
4080,2023 FC55,79.9129656084002,0.5654204861925088,0.391868440483973,1.673910912009548,1.1634022829289925,79.92177125447496,0.5766227691692087,0.3688947819164082,79.92177125447495,0.8296069000578591,0.356572587682061,2.033021146519684,1.0230266039418383,4.224446941831212e-05,0.3083528152090338,0.002639375292011,-0.0171571260589767,-0.0540133187926226,0.0050237371648317,0.0025268582305756,353.0,6.9,54433091
4081,2023 FD55,52.95558097336518,0.2347218458019521,0.1388023952067718,3.80328102798378,-0.4418247276261806,52.88548126906492,0.2381627021186846,0.1321539646688018,52.885481269064925,0.2366940138640904,0.1317888700150436,-2.4392636672685875,-0.451220630218619,0.0120149963343574,0.0018110625205039,0.0015101949953247,0.3404147664491229,-0.2229512138919668,0.0034580745313765,0.002170370662845,353.0,7.8,54433092
4087,2023 FR54,42.54175177829912,0.0337849936299041,0.1986409011611386,6.0099362911836165,-2.130584265496687,42.5363709653444,0.0359765365784296,0.1897664694153153,42.5363709653444,0.0355033684647567,0.1887820618227053,-0.2573406514433589,-2.1342624593980526,1.858101638044602e-07,0.0001977318215508,0.0001739020277468,0.3522621943623769,-0.4240624607717024,3.538782551384568e-05,0.0013307435243266,353.0,6.23,54432237
4088,2023 FS54,53.47291497767413,0.2856486202974848,0.0417260710143439,4.328783552240223,0.2588986389708251,53.441325573010126,0.2869975204303662,0.0494815038166906,53.441325573010126,0.2869216521193107,0.0494264710451728,-1.950491902128528,0.2755532441777686,0.0011684105612823,6.4391496788952e-05,0.0002446618718025,0.2442042469276595,-0.2492119240698245,1.118068970835879e-06,0.0002826376635918,353.0,5.37,54432238
4089,2023 FT54,44.935241870487744,0.2418716546752808,0.1948522088040093,3.482286146959202,-2.179778665885756,-142.07077254186646,0.5004677991275872,0.1908895511615285,-142.07077254186652,0.4540930385496833,0.1454204113275991,2.821418642745071,-2.1477838652350485,154.33157528769874,0.1955522243434138,0.055235994295362,0.3142483517570941,-0.3827054250579112,0.1962188369810198,0.0204645941781963,353.0,7.66,54432240
4090,2023 FU54,43.81000107395634,0.5007672346343162,0.6052595184636168,5.201396225467543,-2.196987943599935,-130.28873320472636,1.0128842548872252,0.3454877480670852,-130.28873320472636,1.0094611725207654,0.0543072030968686,-1.1257097944925012,-1.999506837490452,13.01845964455383,0.4544771336569034,0.1714059315936001,-0.5641792282482101,-0.544882499888722,0.5728239379899035,0.4822415364921186,353.0,6.25,54432241
4091,2023 FV47,51.85330017860899,0.106225413146957,0.039398398812437,3.089834830963266,-1.6807137846302087,51.85216481018391,0.1055961731081726,0.0369248043937688,51.852164810183936,0.1056183352377848,0.0368964373101256,3.054205408026,-1.6521604448057563,5.061800638795483e-07,2.964169613567539e-05,0.0001569374626807,0.1784566442510836,-0.1808031638803724,1.0990091697798862e-06,0.0012941434182752,6.0,7.2,54386889
4092,2023 FW54,44.95555879591136,0.1492545493939668,0.0444581483056068,4.043269316567805,-1.6147869865327098,44.95310456136088,0.1389814983823369,0.0271248801601547,44.95310456136088,0.1378594909121513,0.0254770939620681,3.831213229944778,-1.491830456504965,0.0023415248896906,0.0001563652597223,0.0004884130555939,0.4355099469608032,-0.4248905083138759,0.0011976925836556,0.0012958858638608,353.0,6.68,54432244
4093,2023 FX54,44.14488045958629,0.0483522249951589,0.0288802150575028,2.254601907257716,-2.0217203551969067,44.14741381662864,0.0554802811186701,0.0251493697770395,44.14741381662865,0.055240758858302,0.0240398309401286,2.250151003253137,-1.9824494282412883,2.872110316563144e-06,3.068626903454125e-05,3.922248335512087e-06,0.4036860291160534,-0.4023594243249527,0.0001829923803111,0.0014490005973911,353.0,6.63,54432243
4094,2023 FY54,70.57068418934877,0.5130821042837678,0.0666186173271214,4.157912174212324,1.1316114457313948,69.5630988196327,0.4967046532275253,0.1161903139468464,69.5630988196327,0.3586561876518528,0.0926380253887133,-2.662306783739433,1.515706206519413,1.6073763888106136,0.0387872659391792,0.0141673487178966,0.1592215110777483,-0.1140759056225484,0.0676324122139934,0.068478165988744,353.0,7.61,54432342
4095,2023 FZ54,41.58528898616117,0.1427545284301082,0.0816805929284264,4.317361597161549,1.4780841704906291,77.00860465450539,0.5317010357668832,0.1875122505101173,77.00860465450536,0.7233320232875566,0.1427271219551447,0.6070601514441644,0.9536572085243576,14.806303290805726,0.2701325366514581,0.0363513691925603,0.1026088180777952,-0.3224527399634023,0.0250657915644407,0.1213297090283357,353.0,7.33,54432343
4097,2023 HA36,42.93177205680679,0.1693441441890762,0.2457187986213782,0.7532161106900448,-2.3382945851665435,42.90595819594069,0.1662820842506993,0.240477491221812,42.90595819594069,0.1585216229475861,0.2379595194430443,0.9871783527659036,-2.389002019967988,0.0248135996331297,0.0041050008281666,0.0002479360597315,0.3708572703246737,-0.4463595760259498,0.0013619731941447,0.0015258012746802,321.0,6.57,54433090
4098,2023 QE7,67.658557454815,0.9540200393966024,1.78298447083289,3.4348735288210683,1.0722449453817433,-397.5693898025177,1.0036953227741057,1.8285439589642023,-397.5693898025178,0.0037442899350834,0.0018322311280308,-3.538594215306909,2.022088794757156,0.5803206186140659,0.0036228349324209,0.0017138363704246,-1.0973015087309232,0.8463362837431404,0.9490918984422104,0.7573450274942081,81.0,16.92,54378869
4101,2023 TD38,54.17740424673229,0.9455208319070896,2.805801945466876,3.548404839543627,2.7009262002266783,-32306.60540659027,0.999687422075346,2.5486789291117566,-32306.60540659027,0.0224777302769041,0.0084467207369108,2.8233008986311696,-3.0498293341328395,440.2547982763315,0.0209313483890701,0.0080413471830963,1.0909341488517204,1.14584303323588,0.918674937131423,1.012436665150409,360.0,15.89,54397473
4102,2023 UJ31,70.38138853852988,0.809530453671712,0.5395216422827374,0.2158158440820052,-1.112858075239617,-74.03296427757658,1.0219242682144132,0.4514706266470675,-74.0329642775766,0.1670562409609012,0.0769717403870083,-1.4400983610582585,-0.1762396018921305,12.334410409984516,0.8698974985901236,0.3042531167642921,3.679577568404111e-05,-0.2371704081447944,0.0056467368391415,0.2309863243982837,27.0,10.79,54406852
4105,2024 DJ4,39.709557706590346,0.9200599473306756,0.4273554942528814,5.579766897167811,1.3756817041258045,-31.33659470174373,1.1198841906211543,0.0866089909930374,-31.33659470174374,0.0021046557697397,0.0051831123840326,-0.4516948122110387,1.1633997397625422,0.0255319369665813,1.0008458474361723,0.0629543297788239,-8.918956420372252,-5.57971831534551,7.982041480215309,4.9849086560521885,70.0,15.9,54437370
4106,2024 EL7,43.06038999180063,0.0985224558777492,0.0433050165797563,3.0542612592612546,3.089894362917188,65.47828354935066,0.3656939044318516,0.1176098524215166,65.47828354935068,0.3204174304691867,0.098230720901254,1.93252725613557,-0.8887422627399613,15.418554503772514,0.1419620250787866,0.029224792113049,0.008328030751795,-0.5044509164233658,0.2041195360671673,0.0236169085054547,4.0,6.64,54433319
4109,2024 JD27,43.30900152313812,0.9293012894935244,0.9982508156420924,3.67043212128141,-0.8355544242728737,-16597.836885249137,1.0001255002928997,0.8429600751684524,-16597.83688524914,0.0005669663323463,0.0001231347178911,3.7077957451229215,-1.9166900234787896,18.43412103870364,0.0005255358646922,0.0006171327571082,-1.4093037174827376,-1.4094172622891847,1.2515197488827583,1.2760974286132551,41.0,16.21,54445396
4111,2024 JU3,73.89010934886863,0.9542034703330372,2.787191567183541,1.5323967771543217,-2.8011508327598005,-1130.4824103778342,1.0028229991488224,2.732420277905365,-1130.4824103778344,0.0014106271662551,0.0007134812153893,-2.912228972782641,2.3942890177128584,4.30827185772197,0.6333736021385763,0.2512609488883399,4.979018416179362,1.9920541543734136,4.448632747828791,1.8768086370939208,6.0,16.72,54440645
4115,2024 PP8,78.2327536279668,0.9629957713543744,2.365647235705402,3.600927369489856,1.039791766616178,-4657.66810677943,1.0004105769583769,2.294686145306569,-4657.668106779431,0.0175207575920399,0.0253100239387644,-4.023623967444527,2.083036885807183,184.1781436913692,0.7615123006345667,0.5622914084453676,-0.1583151865376632,-0.1065633677326671,0.2088412670440818,0.1443672648272434,132.0,15.68,54467487
4116,2024 QX1,175.27449869251134,0.982386163255268,2.498629018536329,2.8088498407137976,1.3358879935585106,-26505.42110181305,1.00006632673822,2.447882255307785,-26505.42110181305,0.001295762981328,0.0030702360112071,-3.204694732744324,2.488894504365708,405.8533165996303,0.001294943063844,0.0030293888803308,0.3131025244080172,0.3647450910550583,0.3893603049201081,0.3192522587961759,105.0,16.03,54467533
4118,2024 RQ11,53.51552191103613,0.9500550900893144,2.349883864960436,6.072483991108835,-2.777760008762646,-798.2863811246187,1.0002865080095733,2.6367335131031364,-798.2863811246186,0.0374325971599742,0.0128693818308221,0.2843990426926419,-2.3080342529372864,3418.8924522907632,0.8614426778043123,0.4203257624135167,1.1888264810374507e-05,3.4927095065425075e-05,0.0085992083892639,0.0084496279291389,8.0,17.07,54470423
